failed_login_attempts,cvss_score,malware_detected,severity_score,event_type_enc,protocol_enc,os_enc,department_enc,prediction,anomaly_score
-0.5644786802925077,0.4528493105390145,0,-0.408913599409285,9,1,3,3,Normal,0.15556051658861136
0.258736545451269,-0.629252917647513,0,-1.4417845249189716,16,6,1,2,Normal,0.09473555070143358
2.316774609810712,-0.3500007297284091,0,0.6239573261004014,19,0,4,2,Normal,0.045280215719860406
-0.5644786802925077,-1.1528507699958328,0,0.6239573261004014,3,4,4,1,Normal,0.10194363112731453
-0.5644786802925077,-0.7339724881171771,0,0.6239573261004014,3,0,4,4,Normal,0.10048765536187731
-0.5644786802925077,0.4877558340289027,1,0.6239573261004014,1,4,0,0,Suspicious,-0.00012950966324387636
-0.5644786802925077,-0.908505105566617,0,-0.408913599409285,4,2,2,7,Normal,0.1380021621147075
-0.5644786802925077,-0.524533347177849,0,-1.4417845249189716,4,6,4,2,Normal,0.09988172527895878
-0.5644786802925077,-0.9783181525463928,0,-0.408913599409285,4,6,0,6,Normal,0.11497584551559775
-0.5644786802925077,-1.222663816975609,1,-0.408913599409285,8,3,3,7,Normal,0.05029583150412098
-0.5644786802925077,-1.257570340465497,0,-0.408913599409285,5,0,1,3,Normal,0.12965491076329455
-0.5644786802925077,0.6273819279884545,0,0.6239573261004014,17,0,0,4,Normal,0.10484976877201657
2.7283822226826,-1.1528507699958328,0,0.6239573261004014,18,6,3,3,Normal,0.05018556320839451
-0.5644786802925077,1.0462602098671103,0,-0.408913599409285,10,6,3,5,Normal,0.15167512005082884
0.258736545451269,1.3604189212761024,0,0.6239573261004014,4,1,4,1,Normal,0.07638699096844914
2.7283822226826,-0.908505105566617,0,1.656828251610088,18,1,2,7,Normal,0.005731575815517975
-0.5644786802925077,0.2085036461097985,0,0.6239573261004014,9,0,2,5,Normal,0.1380856763120078
-0.5644786802925077,-0.8386920585868409,0,0.6239573261004014,7,5,0,1,Normal,0.11490463715234739
-0.5644786802925077,-1.6415420988542648,0,-0.408913599409285,23,5,4,6,Normal,0.06459753835171989
-0.5644786802925077,-0.3150942062385213,0,1.656828251610088,19,6,2,5,Normal,0.10823599997276862
-0.5644786802925077,1.1509797803367747,0,-0.408913599409285,18,1,4,4,Normal,0.12177659032022631
-0.5644786802925077,1.3604189212761024,1,-1.4417845249189716,14,6,4,1,Normal,0.0010325578542030867
-0.5644786802925077,0.4179427870491267,0,0.6239573261004014,22,4,3,4,Normal,0.13136756107981
-0.5644786802925077,1.5698580622154303,1,0.6239573261004014,13,0,3,6,Normal,0.021946378900509877
-0.5644786802925077,-0.7688790116070651,0,1.656828251610088,5,6,0,7,Normal,0.05206569781625381
-0.5644786802925077,1.2207928273165505,0,-0.408913599409285,1,1,2,7,Normal,0.10236226126127335
-0.5644786802925077,1.5698580622154303,1,0.6239573261004014,9,6,0,2,Normal,0.017576122361032787
-0.5644786802925077,1.639671109195206,0,-1.4417845249189716,13,4,2,6,Normal,0.09784537153967965
-0.5644786802925077,1.639671109195206,1,-0.408913599409285,7,7,1,6,Normal,0.021086308792993003
2.316774609810712,-0.664159441137401,0,0.6239573261004014,20,1,1,5,Normal,0.07044344451391071
-0.5644786802925077,-0.3849072532182971,0,0.6239573261004014,13,6,0,4,Normal,0.1286168877968002
-0.5644786802925077,-1.083037723016057,0,0.6239573261004014,20,7,1,6,Normal,0.09353352329462383
-0.5644786802925077,0.5924754044985666,0,1.656828251610088,17,2,3,7,Normal,0.08896585805184454
-0.5644786802925077,0.5924754044985666,0,0.6239573261004014,2,6,3,5,Normal,0.13444923317389956
-0.5644786802925077,0.3830362635592385,0,0.6239573261004014,23,3,3,5,Normal,0.12509050213733425
2.316774609810712,0.7670080219480067,1,0.6239573261004014,6,3,2,3,Normal,0.012949967756471836
-0.5644786802925077,-1.083037723016057,0,1.656828251610088,23,1,3,0,Normal,0.05927112565326875
1.081951771195046,0.7321014984581184,0,-0.408913599409285,2,3,3,3,Normal,0.11594598105509119
-0.5644786802925077,0.1037840756401346,0,-1.4417845249189716,6,3,2,2,Normal,0.13602132788762505
-0.5644786802925077,-1.1877572934857208,0,0.6239573261004014,11,7,1,5,Normal,0.13236415970369192
-0.5644786802925077,1.639671109195206,0,-0.408913599409285,11,0,3,4,Normal,0.12134975540437193
-0.5644786802925077,0.4528493105390145,0,0.6239573261004014,8,5,1,0,Normal,0.12393488643358791
-0.5644786802925077,-0.1405615887890813,0,-0.408913599409285,13,6,4,4,Normal,0.14143080335437153
-0.5644786802925077,-0.4547203001980731,0,-1.4417845249189716,1,4,3,6,Normal,0.11403855745371366
2.316774609810712,0.1037840756401346,0,0.6239573261004014,1,2,2,3,Normal,0.09116385965019047
-0.1528710674206193,-0.908505105566617,0,-1.4417845249189716,11,0,3,0,Normal,0.07028236364602913
-0.5644786802925077,0.7321014984581184,1,1.656828251610088,19,0,1,0,Suspicious,-0.019671878178434632
-0.5644786802925077,0.1735971226199107,1,1.656828251610088,21,3,3,2,Normal,0.02274598822229812
-0.5644786802925077,-0.0707485418093052,0,0.6239573261004014,16,5,0,6,Normal,0.1173209517317626
-0.5644786802925077,0.0339710286603586,0,-0.408913599409285,15,1,2,6,Normal,0.15335548939239957
-0.5644786802925077,-0.3849072532182971,1,0.6239573261004014,2,0,0,5,Suspicious,-0.0015260573769003694
2.316774609810712,0.5575688810086785,0,-0.408913599409285,4,0,3,0,Normal,0.04369198534393948
-0.5644786802925077,0.7321014984581184,0,-1.4417845249189716,0,7,4,4,Normal,0.06557174835699175
-0.5644786802925077,-0.664159441137401,0,-1.4417845249189716,14,6,0,2,Normal,0.1013846300738851
1.4935593840669343,-0.3500007297284091,0,1.656828251610088,12,6,3,4,Normal,0.07515956732607576
-0.5644786802925077,-0.1754681122789692,0,-1.4417845249189716,19,3,2,6,Normal,0.12030767861596087
-0.5644786802925077,0.2434101695996867,0,-0.408913599409285,17,2,3,3,Normal,0.15888330036958065
1.4935593840669343,1.6745776326850943,0,-0.408913599409285,21,5,2,6,Normal,0.054271764963050306
-0.5644786802925077,0.9415406393974466,0,-0.408913599409285,15,0,2,1,Normal,0.1361476968783054
-0.5644786802925077,0.8717275924176705,0,1.656828251610088,21,1,0,0,Normal,0.037597769122524216
-0.5644786802925077,0.0339710286603586,0,0.6239573261004014,4,0,1,6,Normal,0.12213168650684203
-0.5644786802925077,-0.1056550652991931,1,-1.4417845249189716,16,2,2,7,Normal,0.05000932217781895
2.7283822226826,-0.3849072532182971,1,-1.4417845249189716,3,6,4,2,Suspicious,-0.056927411613466594
2.316774609810712,-0.873598582076729,1,0.6239573261004014,5,4,3,3,Normal,0.0030230258552665923
-0.5644786802925077,1.639671109195206,0,0.6239573261004014,23,7,4,1,Normal,0.03888337283606169
-0.5644786802925077,-0.0009354948295292,1,0.6239573261004014,16,4,1,4,Normal,0.05464612302079064
-0.5644786802925077,-0.664159441137401,0,1.656828251610088,16,4,2,0,Normal,0.0950548667550214
-0.5644786802925077,0.7321014984581184,0,-0.408913599409285,13,5,4,4,Normal,0.14152101888366164
-0.5644786802925077,0.8368210689277826,0,-0.408913599409285,3,6,0,7,Normal,0.08993123467703512
1.081951771195046,1.6745776326850943,0,-1.4417845249189716,20,0,0,7,Suspicious,-0.02149863114610473
2.316774609810712,0.7670080219480067,0,1.656828251610088,8,0,4,7,Suspicious,-0.015297426358333421
-0.5644786802925077,1.4651384917457662,0,-1.4417845249189716,3,4,0,3,Normal,0.08239300325071874
-0.5644786802925077,-1.0132246760362809,0,0.6239573261004014,5,1,4,7,Normal,0.09515651913358847
-0.5644786802925077,-0.943411629056505,0,1.656828251610088,11,7,4,6,Normal,0.06908476685692466
-0.5644786802925077,-1.7462616693239288,1,0.6239573261004014,8,2,0,5,Normal,0.012189968635632709
-0.5644786802925077,1.3604189212761024,0,-1.4417845249189716,17,3,0,6,Normal,0.07795483455092111
-0.5644786802925077,-0.629252917647513,0,-1.4417845249189716,20,0,4,1,Normal,0.06690120347944262
2.7283822226826,0.9415406393974466,0,1.656828251610088,9,4,0,0,Normal,0.006627895026443675
-0.5644786802925077,0.3830362635592385,0,1.656828251610088,7,6,4,3,Normal,0.10438033153562609
-0.5644786802925077,1.1160732568468863,0,0.6239573261004014,0,5,3,3,Normal,0.1242663622354665
-0.5644786802925077,0.3132232165794628,0,0.6239573261004014,11,5,1,4,Normal,0.1688111199768294
-0.5644786802925077,-0.3500007297284091,0,0.6239573261004014,13,3,4,5,Normal,0.13221059089050868
-0.5644786802925077,-0.5943463941576251,0,0.6239573261004014,18,1,2,1,Normal,0.1394339218005617
-0.5644786802925077,-0.3150942062385213,0,-1.4417845249189716,0,2,3,3,Normal,0.10908828940072429
-0.5644786802925077,1.1160732568468863,0,-0.408913599409285,5,0,4,4,Normal,0.10664446242238018
-0.5644786802925077,1.5000450152356546,0,-0.408913599409285,15,4,3,4,Normal,0.14120498700879097
0.6703441583231574,0.4877558340289027,0,0.6239573261004014,16,3,1,3,Normal,0.1378493808571432
0.258736545451269,-0.6990659646272891,0,0.6239573261004014,19,3,0,5,Normal,0.08966264364661436
-0.5644786802925077,0.9764471628873344,0,-1.4417845249189716,9,6,0,2,Normal,0.09809515980731054
-0.5644786802925077,1.6745776326850943,0,0.6239573261004014,3,1,4,4,Normal,0.08572568033772665
1.4935593840669343,0.7670080219480067,0,1.656828251610088,2,5,4,3,Normal,0.04065551859254868
2.7283822226826,-1.292476863955385,0,-0.408913599409285,7,6,3,5,Normal,0.03549259763465529
-0.5644786802925077,-1.083037723016057,0,1.656828251610088,17,3,0,7,Normal,0.05269128543441881
-0.5644786802925077,-0.873598582076729,0,0.6239573261004014,11,7,2,5,Normal,0.13996725330429094
-0.5644786802925077,0.4528493105390145,0,-1.4417845249189716,19,1,2,1,Normal,0.10684301296995641
-0.5644786802925077,-0.0009354948295292,0,-0.408913599409285,22,7,3,2,Normal,0.11842857722867012
-0.5644786802925077,1.5349515387255426,0,-0.408913599409285,11,1,2,5,Normal,0.14081628346128577
-0.5644786802925077,-1.257570340465497,0,1.656828251610088,5,4,2,1,Normal,0.10881235189271343
-0.5644786802925077,1.1858863038266625,0,-0.408913599409285,13,5,1,1,Normal,0.1375030612582499
0.6703441583231574,-1.292476863955385,0,-0.408913599409285,2,3,1,1,Normal,0.0909356757228289
2.7283822226826,1.5349515387255426,0,-1.4417845249189716,16,6,4,6,Suspicious,-0.011926425104790916
-0.5644786802925077,-0.0358420183194171,0,0.6239573261004014,3,5,2,2,Normal,0.15296171793242108
-0.5644786802925077,-0.2801876827486331,0,-1.4417845249189716,10,5,1,1,Normal,0.13419524836359203
-0.5644786802925077,-0.0707485418093052,0,0.6239573261004014,10,1,1,1,Normal,0.14539425598510375
-0.5644786802925077,-1.5717290518744889,0,0.6239573261004014,22,7,2,6,Normal,0.07371741803832454
-0.5644786802925077,-1.6066355753643766,0,-0.408913599409285,16,5,0,1,Normal,0.09208445237194585
-0.5644786802925077,0.4877558340289027,0,0.6239573261004014,19,7,1,6,Normal,0.11433155600703426
1.9051669969388227,0.8717275924176705,0,-1.4417845249189716,13,3,1,7,Normal,0.05560898238630685
-0.5644786802925077,1.2207928273165505,1,-1.4417845249189716,23,5,3,1,Suspicious,-0.004406766880207802
-0.5644786802925077,-1.1877572934857208,0,0.6239573261004014,21,4,3,2,Normal,0.12345256384869469
-0.5644786802925077,0.3830362635592385,0,1.656828251610088,23,4,4,6,Normal,0.07018250303226203
-0.5644786802925077,1.0113536863772226,0,-1.4417845249189716,1,7,3,0,Normal,0.05740472870049529
-0.5644786802925077,0.0339710286603586,0,-0.408913599409285,5,2,2,4,Normal,0.17285149809394096
-0.5644786802925077,-0.0009354948295292,0,0.6239573261004014,22,6,1,3,Normal,0.12428258065691672
-0.5644786802925077,1.0462602098671103,0,-1.4417845249189716,9,2,0,5,Normal,0.09983399601199272
-0.1528710674206193,-0.9783181525463928,0,-0.408913599409285,21,6,2,6,Normal,0.1231961606262964
-0.5644786802925077,0.4528493105390145,0,-1.4417845249189716,19,1,0,7,Normal,0.059412619950357626
-0.5644786802925077,0.7670080219480067,0,1.656828251610088,4,6,0,5,Normal,0.08922175796452603
0.258736545451269,1.5349515387255426,1,1.656828251610088,10,0,0,6,Suspicious,-0.031197147041240658
0.258736545451269,1.639671109195206,0,1.656828251610088,20,6,3,7,Normal,0.022311803481945836
-0.5644786802925077,0.3830362635592385,0,-0.408913599409285,20,2,1,0,Normal,0.11783166583706156
-0.5644786802925077,0.0688775521502468,0,1.656828251610088,18,0,2,5,Normal,0.09483879695803821
1.9051669969388227,-1.5019160048947129,0,0.6239573261004014,7,1,4,6,Normal,0.04444639628518732
-0.1528710674206193,-1.467009481404825,0,-0.408913599409285,9,6,4,5,Normal,0.08941428626386527
-0.5644786802925077,1.1160732568468863,0,0.6239573261004014,8,3,1,3,Normal,0.14996814674432885
0.258736545451269,-1.397196434425049,0,0.6239573261004014,12,2,4,2,Normal,0.10443624205690905
-0.5644786802925077,-1.7462616693239288,1,0.6239573261004014,15,5,3,4,Normal,0.04058902021424404
-0.5644786802925077,-1.397196434425049,0,1.656828251610088,9,0,0,6,Normal,0.03748084222816139
1.4935593840669343,0.6273819279884545,0,1.656828251610088,6,1,3,1,Normal,0.06925443164875467
-0.5644786802925077,-0.2452811592587452,0,0.6239573261004014,1,0,0,4,Normal,0.0966712314526349
2.316774609810712,0.3132232165794628,0,0.6239573261004014,3,3,0,0,Normal,0.0401514983205391
2.316774609810712,0.6971949749682306,0,-1.4417845249189716,12,1,4,1,Normal,0.025726636332363384
1.9051669969388227,-1.4321029579149367,0,1.656828251610088,17,3,0,2,Normal,0.025180763790932592
1.9051669969388227,-0.8037855350969529,0,0.6239573261004014,22,5,0,7,Normal,0.02905946851285146
-0.5644786802925077,1.0811667333569983,1,0.6239573261004014,6,1,3,6,Normal,0.03735836963224659
0.6703441583231574,1.0811667333569983,0,-0.408913599409285,17,4,3,0,Normal,0.09464195319899027
-0.5644786802925077,0.1735971226199107,0,0.6239573261004014,2,7,3,7,Normal,0.08630806019004911
-0.5644786802925077,0.9764471628873344,0,1.656828251610088,12,3,3,4,Normal,0.13224653484143306
-0.5644786802925077,0.1735971226199107,0,0.6239573261004014,22,1,3,2,Normal,0.1233021325701611
2.7283822226826,1.2906058742963262,0,1.656828251610088,18,6,0,5,Suspicious,-0.0065566271962065326
-0.5644786802925077,-0.2801876827486331,0,0.6239573261004014,13,1,4,7,Normal,0.10101314196990008
-0.5644786802925077,0.5924754044985666,0,0.6239573261004014,22,2,1,3,Normal,0.1285192838995216
-0.5644786802925077,1.3604189212761024,0,0.6239573261004014,11,5,4,2,Normal,0.1136019365969238
-0.5644786802925077,-0.7688790116070651,1,0.6239573261004014,16,7,0,1,Normal,0.008248539442749725
-0.5644786802925077,-0.0358420183194171,0,-0.408913599409285,20,0,0,6,Normal,0.09972493789934467
1.4935593840669343,0.6273819279884545,0,-1.4417845249189716,0,4,0,1,Normal,0.03898094644477068
-0.5644786802925077,0.4179427870491267,0,0.6239573261004014,17,3,4,1,Normal,0.11968994117159387
0.258736545451269,0.9415406393974466,0,-0.408913599409285,23,7,2,3,Normal,0.08103565238989152
-0.5644786802925077,-1.048131199526169,1,-0.408913599409285,16,1,4,7,Normal,0.014077710909484287
-0.5644786802925077,-0.4198137767081852,0,-0.408913599409285,8,5,0,3,Normal,0.13814433789022862
-0.5644786802925077,1.5000450152356546,0,1.656828251610088,3,7,0,5,Normal,0.051092408694918934
0.258736545451269,0.6622884514783427,0,-1.4417845249189716,8,0,2,0,Normal,0.07710882525319185
-0.5644786802925077,-0.3150942062385213,0,0.6239573261004014,1,6,4,5,Normal,0.10386855503611037
-0.5644786802925077,1.6745776326850943,0,-1.4417845249189716,19,6,2,4,Normal,0.10167451745321088
1.4935593840669343,0.3132232165794628,0,-1.4417845249189716,19,1,2,5,Normal,0.07518114931142583
-0.5644786802925077,1.4651384917457662,0,-1.4417845249189716,11,3,3,1,Normal,0.1069657750928385
2.7283822226826,0.3481297400693506,0,-0.408913599409285,10,6,1,7,Normal,0.045217101482154076
1.4935593840669343,-0.4198137767081852,0,0.6239573261004014,1,4,2,0,Normal,0.07373692373132412
-0.5644786802925077,-1.5368225283846009,0,1.656828251610088,16,0,0,7,Normal,0.007191353400063494
-0.5644786802925077,-0.3849072532182971,0,-0.408913599409285,2,2,3,2,Normal,0.15149802606586749
-0.5644786802925077,-1.6066355753643766,0,-1.4417845249189716,14,1,3,5,Normal,0.09072327591241669
-0.5644786802925077,-0.873598582076729,0,1.656828251610088,23,1,4,4,Normal,0.07562551330272538
-0.5644786802925077,0.4528493105390145,0,0.6239573261004014,22,0,3,5,Normal,0.11480337266071522
-0.5644786802925077,0.8368210689277826,0,-1.4417845249189716,5,3,3,4,Normal,0.12644429269467067
-0.5644786802925077,-0.0358420183194171,1,-1.4417845249189716,21,6,4,5,Normal,0.016311828797964778
1.9051669969388227,0.3481297400693506,1,-0.408913599409285,21,0,1,6,Suspicious,-0.004654042923832535
1.081951771195046,-0.873598582076729,0,1.656828251610088,9,5,3,7,Normal,0.057387091422220204
1.081951771195046,1.7443906796648705,0,0.6239573261004014,20,1,3,2,Normal,0.05025692013403571
-0.5644786802925077,0.3830362635592385,0,-1.4417845249189716,3,0,3,0,Normal,0.08653296872997263
1.9051669969388227,1.4302319682558782,0,-0.408913599409285,23,4,2,6,Normal,0.05564111539966865
1.9051669969388227,-1.1877572934857208,0,0.6239573261004014,4,6,4,2,Normal,0.038159472428950236
-0.5644786802925077,-0.5943463941576251,0,1.656828251610088,7,4,2,0,Normal,0.10650188052700432
2.7283822226826,-1.467009481404825,0,1.656828251610088,19,1,3,1,Normal,0.012536643242044065
1.081951771195046,-1.4321029579149367,0,0.6239573261004014,12,4,2,2,Normal,0.10447344453298402
-0.5644786802925077,0.3132232165794628,1,0.6239573261004014,1,7,0,3,Normal,0.009219706333166378
-0.5644786802925077,0.7321014984581184,0,-1.4417845249189716,23,1,4,2,Normal,0.0692478382046553
-0.5644786802925077,0.5924754044985666,0,1.656828251610088,19,3,3,2,Normal,0.11282748745891757
1.9051669969388227,-0.0358420183194171,0,-1.4417845249189716,7,4,2,6,Normal,0.08958279717039941
-0.5644786802925077,0.4877558340289027,1,0.6239573261004014,2,7,3,0,Normal,0.011368930826147983
1.9051669969388227,1.3255123977862149,0,1.656828251610088,13,4,2,0,Normal,0.033149205422335126
1.081951771195046,-1.117944246505945,0,-0.408913599409285,8,4,4,7,Normal,0.06808425572366061
-0.5644786802925077,1.1509797803367747,0,-1.4417845249189716,0,7,1,4,Normal,0.08081811603373301
-0.5644786802925077,0.1735971226199107,0,-1.4417845249189716,20,1,1,5,Normal,0.10932540055412066
-0.5644786802925077,-0.0358420183194171,0,0.6239573261004014,20,4,1,7,Normal,0.11055018733804828
-0.5644786802925077,0.1735971226199107,1,0.6239573261004014,23,6,4,0,Suspicious,-0.0034132871985208535
-0.5644786802925077,0.2085036461097985,0,0.6239573261004014,4,1,2,1,Normal,0.14610665140899187
1.4935593840669343,0.1386905991300228,0,-0.408913599409285,3,0,3,1,Normal,0.0907346856402883
-0.5644786802925077,0.6622884514783427,0,1.656828251610088,22,7,0,5,Normal,0.06385510489168511
-0.5644786802925077,-0.2801876827486331,0,1.656828251610088,16,5,0,2,Normal,0.10116024675002122
-0.5644786802925077,-0.664159441137401,0,-1.4417845249189716,11,1,2,3,Normal,0.13149928725477766
1.4935593840669343,0.7321014984581184,0,-0.408913599409285,16,6,1,0,Normal,0.07092350238941936
-0.5644786802925077,0.4528493105390145,0,-0.408913599409285,16,2,0,2,Normal,0.13244785617411237
-0.5644786802925077,-1.5019160048947129,0,-0.408913599409285,19,7,0,4,Normal,0.07899542735993514
-0.5644786802925077,-1.222663816975609,0,-1.4417845249189716,17,2,0,3,Normal,0.0922008459985687
-0.5644786802925077,1.1858863038266625,0,0.6239573261004014,3,0,1,5,Normal,0.11605871757586517
1.4935593840669343,-0.0009354948295292,0,0.6239573261004014,13,3,1,7,Normal,0.09717703576741099
-0.1528710674206193,1.0113536863772226,0,-0.408913599409285,14,7,1,5,Normal,0.11235220809498603
0.6703441583231574,0.4528493105390145,1,-0.408913599409285,9,5,1,1,Normal,0.030838624542514514
-0.5644786802925077,0.9764471628873344,1,-1.4417845249189716,23,0,4,4,Suspicious,-0.00887661244718585
-0.5644786802925077,0.8717275924176705,1,1.656828251610088,22,3,3,7,Normal,0.006370456003717662
2.7283822226826,0.4179427870491267,0,0.6239573261004014,23,5,2,5,Normal,0.041519600807898294
-0.5644786802925077,-0.873598582076729,1,1.656828251610088,1,7,0,5,Suspicious,-0.015427351817505985
-0.5644786802925077,1.4651384917457662,0,-0.408913599409285,2,0,3,6,Normal,0.09919541494011352
2.7283822226826,-1.3273833874452727,1,-1.4417845249189716,18,7,0,0,Suspicious,-0.06856317785409016
-0.5644786802925077,1.639671109195206,0,-1.4417845249189716,20,1,2,0,Normal,0.05706327316386628
-0.5644786802925077,0.3481297400693506,0,-0.408913599409285,11,7,2,7,Normal,0.11912032776851889
-0.5644786802925077,-0.1056550652991931,0,-0.408913599409285,1,2,0,5,Normal,0.12619735649677177
2.7283822226826,0.2434101695996867,0,0.6239573261004014,7,2,4,3,Normal,0.047148699064932686
-0.5644786802925077,-0.5943463941576251,0,1.656828251610088,7,1,2,5,Normal,0.1227259246080879
-0.5644786802925077,-0.908505105566617,1,0.6239573261004014,6,6,3,2,Normal,0.056920872169757164
-0.5644786802925077,-1.3273833874452727,0,-0.408913599409285,16,3,3,7,Normal,0.10351014017407045
1.4935593840669343,1.1160732568468863,0,0.6239573261004014,12,1,3,3,Normal,0.10857942177742791
-0.5644786802925077,-1.083037723016057,0,-0.408913599409285,19,2,4,2,Normal,0.12812985098610813
-0.5644786802925077,0.5575688810086785,0,1.656828251610088,10,2,2,0,Normal,0.09818975431436061
-0.5644786802925077,-0.9783181525463928,0,-0.408913599409285,23,6,3,6,Normal,0.11329356869320356
-0.5644786802925077,-0.0358420183194171,1,0.6239573261004014,9,0,0,2,Normal,0.02332242450873534
-0.5644786802925077,0.2085036461097985,0,1.656828251610088,4,6,1,6,Normal,0.10058889582561903
2.7283822226826,0.9764471628873344,0,-0.408913599409285,12,1,1,3,Normal,0.07135538931144103
-0.5644786802925077,-0.1405615887890813,0,-0.408913599409285,7,5,0,6,Normal,0.13480932113303007
1.4935593840669343,1.3953254447659904,0,-1.4417845249189716,21,4,1,7,Normal,0.0315684997848501
-0.1528710674206193,-0.5943463941576251,0,0.6239573261004014,10,2,2,3,Normal,0.1470391688631515
1.4935593840669343,-1.5368225283846009,0,1.656828251610088,0,6,2,2,Normal,0.040116318456382194
1.4935593840669343,-0.3849072532182971,0,-1.4417845249189716,8,3,2,7,Normal,0.08624503711444242
1.9051669969388227,-1.1877572934857208,0,-0.408913599409285,1,7,4,7,Normal,5.9961162464095e-06
-0.5644786802925077,-0.210374635768857,0,-1.4417845249189716,15,5,3,0,Normal,0.09880330245024516
-0.5644786802925077,-1.292476863955385,0,0.6239573261004014,19,7,1,2,Normal,0.10423349930898718
0.6703441583231574,-0.5594398706677371,1,1.656828251610088,6,6,0,7,Suspicious,-0.025928394288533774
0.258736545451269,0.1735971226199107,0,-0.408913599409285,3,0,2,1,Normal,0.12074381561290559
-0.5644786802925077,0.7670080219480067,0,1.656828251610088,4,3,2,2,Normal,0.1174793585188712
-0.5644786802925077,0.2085036461097985,0,1.656828251610088,9,6,2,1,Normal,0.11984411353623298
-0.5644786802925077,0.6971949749682306,0,-0.408913599409285,8,4,2,5,Normal,0.16394175127715022
-0.5644786802925077,-0.664159441137401,0,1.656828251610088,18,6,1,6,Normal,0.09727027642384323
-0.5644786802925077,-0.1754681122789692,0,-0.408913599409285,20,5,2,4,Normal,0.15216709603046474
-0.5644786802925077,-0.1754681122789692,0,-0.408913599409285,7,4,3,7,Normal,0.13867752583217646
-0.5644786802925077,-0.1754681122789692,0,0.6239573261004014,23,7,1,6,Normal,0.08033729640892417
2.7283822226826,1.0462602098671103,1,0.6239573261004014,14,1,3,7,Suspicious,-0.032752824282927584
2.316774609810712,-0.5594398706677371,0,-1.4417845249189716,20,0,1,1,Normal,0.01896149305135142
-0.5644786802925077,-0.5943463941576251,1,1.656828251610088,13,5,2,1,Normal,0.03950927660622472
-0.5644786802925077,0.5575688810086785,0,-0.408913599409285,0,4,1,3,Normal,0.1338893336836952
-0.5644786802925077,0.6971949749682306,0,-0.408913599409285,16,0,2,5,Normal,0.1433366565301158
-0.5644786802925077,-1.6764486223441528,0,-1.4417845249189716,17,4,4,5,Normal,0.06427732326555569
-0.5644786802925077,0.2085036461097985,0,-1.4417845249189716,17,2,0,5,Normal,0.10292342421886258
-0.5644786802925077,-0.2801876827486331,0,-0.408913599409285,15,7,4,7,Normal,0.09294195124290261
-0.1528710674206193,0.5924754044985666,0,-1.4417845249189716,13,4,1,5,Normal,0.12015302047105286
-0.5644786802925077,-1.5019160048947129,0,0.6239573261004014,4,6,0,0,Normal,0.062090575503283896
-0.5644786802925077,1.1509797803367747,0,-0.408913599409285,11,3,1,7,Normal,0.1299244049714618
-0.5644786802925077,-0.0707485418093052,1,-1.4417845249189716,12,5,4,4,Normal,0.03979696622627937
-0.5644786802925077,0.2085036461097985,0,0.6239573261004014,0,3,4,4,Normal,0.10315609558398553
-0.5644786802925077,0.4179427870491267,0,-0.408913599409285,8,4,1,3,Normal,0.1674657352118719
0.6703441583231574,0.5575688810086785,0,-1.4417845249189716,6,2,4,0,Normal,0.054073129956236476
-0.5644786802925077,0.3132232165794628,0,0.6239573261004014,1,1,2,1,Normal,0.13205409868299062
-0.5644786802925077,-1.3273833874452727,0,0.6239573261004014,5,7,1,3,Normal,0.11004238997820392
1.9051669969388227,0.4179427870491267,0,1.656828251610088,12,5,3,1,Normal,0.07104047026700422
-0.5644786802925077,1.1509797803367747,0,-1.4417845249189716,9,1,1,3,Normal,0.11477185665388334
0.6703441583231574,1.3604189212761024,1,0.6239573261004014,3,3,3,5,Normal,0.014028030461839536
-0.5644786802925077,1.4302319682558782,0,-0.408913599409285,7,0,1,7,Normal,0.09227167969547845
-0.5644786802925077,-0.9783181525463928,0,1.656828251610088,22,6,2,7,Normal,0.05343552912745353
1.4935593840669343,0.0339710286603586,0,0.6239573261004014,9,0,2,6,Normal,0.0924553990001643
0.6703441583231574,-1.5019160048947129,0,1.656828251610088,12,5,4,2,Normal,0.061503436804704714
-0.5644786802925077,1.0811667333569983,0,-1.4417845249189716,21,6,0,3,Normal,0.08229035253286343
-0.5644786802925077,0.3481297400693506,0,-1.4417845249189716,1,3,0,2,Normal,0.08521261616137987
-0.5644786802925077,-1.4321029579149367,1,0.6239573261004014,23,6,4,7,Suspicious,-0.017691365589701635
2.7283822226826,-0.6990659646272891,0,1.656828251610088,18,1,0,3,Normal,0.022643689676706713
0.258736545451269,0.2085036461097985,0,-1.4417845249189716,16,4,1,5,Normal,0.11083962469484282
-0.5644786802925077,-0.0707485418093052,0,-0.408913599409285,15,6,2,6,Normal,0.1572674343700085
-0.5644786802925077,0.2085036461097985,0,-1.4417845249189716,17,3,0,7,Normal,0.08402331143642383
-0.5644786802925077,0.2434101695996867,0,1.656828251610088,19,5,1,0,Normal,0.07482089590783447
-0.5644786802925077,1.2556993508064382,0,0.6239573261004014,18,2,4,5,Normal,0.11311240101794945
1.9051669969388227,-0.8037855350969529,0,-1.4417845249189716,13,6,1,6,Normal,0.05731493535091281
-0.5644786802925077,1.2207928273165505,0,-0.408913599409285,14,7,2,2,Normal,0.12036056589424965
1.081951771195046,1.3953254447659904,0,-1.4417845249189716,20,2,4,7,Normal,0.029528687287435407
-0.5644786802925077,0.4179427870491267,0,-1.4417845249189716,1,3,1,3,Normal,0.11665991955143196
2.7283822226826,0.8717275924176705,0,-1.4417845249189716,13,3,0,2,Normal,0.029153285949673813
-0.5644786802925077,-0.1405615887890813,0,-0.408913599409285,21,0,0,7,Normal,0.07646840237160946
-0.5644786802925077,-0.873598582076729,0,-0.408913599409285,4,2,3,7,Normal,0.12874198998253406
-0.5644786802925077,-1.5717290518744889,0,1.656828251610088,7,2,3,6,Normal,0.08582623121438082
2.316774609810712,0.2085036461097985,0,-1.4417845249189716,6,0,2,6,Normal,0.03840322438393018
-0.5644786802925077,0.4528493105390145,1,-0.408913599409285,16,5,1,4,Normal,0.06771620155787406
1.081951771195046,1.7443906796648705,0,0.6239573261004014,18,6,2,2,Normal,0.06094581236753649
-0.5644786802925077,-0.4198137767081852,1,0.6239573261004014,1,3,4,2,Normal,0.01649139764132157
-0.5644786802925077,-0.489626823687961,0,1.656828251610088,6,6,3,7,Normal,0.09181452163450388
-0.5644786802925077,-1.5019160048947129,0,0.6239573261004014,10,3,1,7,Normal,0.10873304464092248
2.316774609810712,-1.5019160048947129,0,-0.408913599409285,7,0,1,6,Normal,0.03410107275199359
-0.5644786802925077,-1.1528507699958328,0,-0.408913599409285,23,2,4,7,Normal,0.07506735290340516
2.7283822226826,0.7321014984581184,0,-1.4417845249189716,17,2,4,0,Normal,0.0027340697756289556
-0.5644786802925077,0.4877558340289027,1,0.6239573261004014,14,6,2,7,Normal,0.057581067834903354
-0.5644786802925077,-1.292476863955385,0,-0.408913599409285,12,6,2,0,Normal,0.1242513688110427
-0.5644786802925077,0.5226623575187906,1,1.656828251610088,11,3,1,1,Normal,0.026398167230311076
-0.1528710674206193,1.0811667333569983,0,0.6239573261004014,8,1,1,5,Normal,0.11269537764978338
-0.5644786802925077,-0.8386920585868409,1,-1.4417845249189716,15,5,0,6,Normal,0.010723101092605325
2.7283822226826,0.5226623575187906,0,-0.408913599409285,20,2,3,1,Normal,0.06745733718619573
-0.5644786802925077,0.5575688810086785,0,0.6239573261004014,7,7,0,0,Normal,0.07741257637270793
0.258736545451269,-0.4198137767081852,0,-1.4417845249189716,19,2,2,4,Normal,0.10471823419002202
-0.5644786802925077,-0.5594398706677371,0,0.6239573261004014,6,5,3,0,Normal,0.1220469491956313
-0.5644786802925077,-0.2801876827486331,0,-0.408913599409285,1,5,4,5,Normal,0.12039120909461465
-0.5644786802925077,-1.4321029579149367,0,1.656828251610088,2,5,0,0,Normal,0.036216031031385265
-0.5644786802925077,-0.3150942062385213,0,1.656828251610088,4,0,2,3,Normal,0.10228776457732291
-0.5644786802925077,-0.5594398706677371,1,-1.4417845249189716,7,7,3,2,Normal,0.02274734484533525
-0.5644786802925077,-1.1877572934857208,0,-0.408913599409285,10,4,2,1,Normal,0.1559438326474999
-0.5644786802925077,-1.083037723016057,0,-0.408913599409285,17,2,2,7,Normal,0.11807518115861415
-0.5644786802925077,-0.1405615887890813,0,-0.408913599409285,18,4,1,6,Normal,0.14930181404690557
-0.5644786802925077,-0.873598582076729,0,1.656828251610088,11,6,4,1,Normal,0.09869947361332676
-0.5644786802925077,-0.210374635768857,0,-0.408913599409285,5,4,1,5,Normal,0.1659386749197485
-0.5644786802925077,0.4179427870491267,1,1.656828251610088,20,4,3,4,Normal,0.03409424157197838
-0.5644786802925077,0.6622884514783427,0,0.6239573261004014,17,7,0,2,Normal,0.10696432896656044
-0.5644786802925077,-1.6764486223441528,0,-0.408913599409285,18,1,4,3,Normal,0.10426031393997226
0.258736545451269,1.4302319682558782,1,1.656828251610088,1,7,2,7,Suspicious,-0.03842475822320468
-0.5644786802925077,0.9764471628873344,0,-0.408913599409285,2,5,4,1,Normal,0.10798646046869143
2.316774609810712,-0.4547203001980731,0,-1.4417845249189716,3,6,2,2,Normal,0.04112252888791168
-0.5644786802925077,1.1160732568468863,0,-0.408913599409285,17,3,3,4,Normal,0.15530709889691674
-0.5644786802925077,-1.6764486223441528,1,-1.4417845249189716,0,3,2,1,Suspicious,-0.01358073740039234
-0.5644786802925077,-1.048131199526169,1,-0.408913599409285,17,1,1,0,Normal,0.03380711513403967
-0.5644786802925077,-1.397196434425049,1,0.6239573261004014,4,6,0,7,Suspicious,-0.0003060543409854066
-0.5644786802925077,0.5226623575187906,0,0.6239573261004014,0,4,3,0,Normal,0.10348929727313005
-0.5644786802925077,-1.117944246505945,0,-0.408913599409285,20,6,3,2,Normal,0.12551553856623154
-0.5644786802925077,-1.0132246760362809,0,-1.4417845249189716,10,6,1,0,Normal,0.10096115678052064
-0.5644786802925077,-0.8386920585868409,0,0.6239573261004014,1,6,1,3,Normal,0.12453467840691318
-0.5644786802925077,0.8717275924176705,0,0.6239573261004014,19,2,4,2,Normal,0.11251277056108205
2.316774609810712,1.639671109195206,0,1.656828251610088,2,6,2,6,Normal,0.006073474365957177
-0.5644786802925077,0.2783166930895746,0,-0.408913599409285,18,3,0,2,Normal,0.13003783050611128
-0.5644786802925077,0.3132232165794628,0,-0.408913599409285,8,7,3,2,Normal,0.13728469570548796
-0.5644786802925077,-1.6066355753643766,0,-0.408913599409285,8,5,2,0,Normal,0.12263965495742335
0.258736545451269,-1.5368225283846009,0,-0.408913599409285,0,1,4,7,Normal,0.03779128129872
-0.5644786802925077,-1.083037723016057,1,0.6239573261004014,11,1,2,4,Normal,0.05388752058204982
-0.5644786802925077,0.3481297400693506,0,0.6239573261004014,8,5,1,6,Normal,0.14730328567819112
-0.5644786802925077,0.5575688810086785,1,-0.408913599409285,0,4,0,4,Normal,0.028313701021168147
-0.5644786802925077,-0.210374635768857,0,-1.4417845249189716,8,2,0,4,Normal,0.11697639436326263
-0.5644786802925077,-1.292476863955385,0,0.6239573261004014,17,3,4,7,Normal,0.08779036615657565
-0.5644786802925077,1.3953254447659904,1,1.656828251610088,15,7,2,2,Suspicious,-0.00022725213248109277
-0.5644786802925077,-1.4321029579149367,0,-0.408913599409285,7,5,3,4,Normal,0.13723067157045027
1.081951771195046,-1.0132246760362809,1,-0.408913599409285,15,1,0,6,Normal,0.011070604803736672
-0.5644786802925077,0.5226623575187906,0,-0.408913599409285,9,3,0,2,Normal,0.13959225118545393
-0.5644786802925077,0.4179427870491267,0,-1.4417845249189716,15,3,2,0,Normal,0.10498043707150162
-0.5644786802925077,1.7094841561749825,0,-1.4417845249189716,17,0,1,1,Normal,0.053952085326151034
-0.5644786802925077,-1.292476863955385,0,0.6239573261004014,23,0,4,7,Normal,0.03376609205411096
2.7283822226826,1.2556993508064382,0,-0.408913599409285,4,4,4,0,Normal,0.003519700932780534
-0.5644786802925077,-0.4547203001980731,0,-0.408913599409285,7,4,1,3,Normal,0.16904900469145895
-0.5644786802925077,0.2085036461097985,0,-0.408913599409285,7,1,1,3,Normal,0.15946506027005308
1.081951771195046,-1.048131199526169,0,0.6239573261004014,8,1,0,3,Normal,0.09294449447467179
-0.5644786802925077,-1.257570340465497,0,0.6239573261004014,3,2,4,5,Normal,0.10732339906016869
1.9051669969388227,-0.9783181525463928,0,-0.408913599409285,8,6,2,5,Normal,0.0978598336837031
-0.5644786802925077,-0.1754681122789692,1,-0.408913599409285,3,1,1,6,Normal,0.051192978765734476
-0.5644786802925077,-1.1528507699958328,0,-0.408913599409285,13,4,3,4,Normal,0.1534767385689737
1.9051669969388227,-0.3500007297284091,0,-1.4417845249189716,13,0,1,6,Normal,0.04843662517447744
2.7283822226826,0.3830362635592385,0,0.6239573261004014,17,0,4,5,Normal,0.02006271367832424
2.316774609810712,-0.3500007297284091,0,1.656828251610088,8,3,0,0,Normal,0.012069136470277742
-0.5644786802925077,-1.3273833874452727,0,-0.408913599409285,21,2,3,5,Normal,0.12574444821399028
-0.5644786802925077,-0.7688790116070651,0,-0.408913599409285,1,5,1,6,Normal,0.12972933877235987
-0.5644786802925077,0.8368210689277826,0,-0.408913599409285,23,5,2,5,Normal,0.1252685966819584
0.6703441583231574,-0.3849072532182971,0,-0.408913599409285,21,5,0,7,Normal,0.0692321877258536
2.7283822226826,-0.8386920585868409,0,-0.408913599409285,8,7,3,0,Normal,0.02798403608712452
-0.5644786802925077,-0.8386920585868409,1,-0.408913599409285,9,5,4,6,Normal,0.044497960830896965
1.081951771195046,-0.7339724881171771,1,-0.408913599409285,2,4,0,5,Normal,0.00690678891195895
-0.5644786802925077,-1.6764486223441528,0,1.656828251610088,13,3,2,1,Normal,0.0989606990083739
-0.5644786802925077,0.7670080219480067,0,1.656828251610088,23,4,2,5,Normal,0.09660842888224952
0.258736545451269,-1.083037723016057,0,1.656828251610088,6,2,0,7,Normal,0.033669910466650244
-0.5644786802925077,-0.1405615887890813,0,0.6239573261004014,15,1,0,5,Normal,0.12478047693408634
-0.5644786802925077,-1.6415420988542648,0,1.656828251610088,22,6,3,4,Normal,0.06017827573643264
-0.5644786802925077,-1.292476863955385,0,-1.4417845249189716,17,5,4,7,Normal,0.0653261684719102
-0.5644786802925077,-0.3849072532182971,0,-1.4417845249189716,14,7,0,1,Normal,0.0784484144921862
-0.5644786802925077,0.1386905991300228,0,-1.4417845249189716,17,3,3,7,Normal,0.10322134927087889
-0.5644786802925077,-0.3500007297284091,0,1.656828251610088,18,3,0,3,Normal,0.09548725246775369
-0.5644786802925077,-1.5019160048947129,0,-1.4417845249189716,15,7,1,4,Normal,0.09145707668410963
-0.5644786802925077,-1.1877572934857208,0,1.656828251610088,15,2,3,4,Normal,0.1229530079985856
-0.5644786802925077,-0.8037855350969529,1,0.6239573261004014,15,0,2,2,Normal,0.04301763265569003
-0.5644786802925077,-0.489626823687961,0,-0.408913599409285,12,0,4,1,Normal,0.12164155094236845
1.4935593840669343,1.2207928273165505,0,1.656828251610088,13,1,2,7,Normal,0.0407282200245116
-0.5644786802925077,-0.1056550652991931,0,-0.408913599409285,5,1,2,4,Normal,0.1686818326973279
-0.5644786802925077,0.5575688810086785,0,-1.4417845249189716,10,1,3,1,Normal,0.11728598854812133
-0.5644786802925077,1.4302319682558782,0,-0.408913599409285,12,2,3,4,Normal,0.15092607239249145
2.7283822226826,1.3604189212761024,0,0.6239573261004014,16,0,4,4,Normal,0.018908842810149262
0.258736545451269,-0.210374635768857,0,-0.408913599409285,15,6,4,4,Normal,0.11242052583022272
-0.5644786802925077,-0.4547203001980731,0,-0.408913599409285,9,6,2,3,Normal,0.16462526878534883
-0.5644786802925077,-1.7113551458340408,0,-1.4417845249189716,23,5,1,2,Normal,0.06828591964194863
1.4935593840669343,-0.2801876827486331,0,-0.408913599409285,2,2,2,2,Normal,0.11360503798904154
2.7283822226826,1.639671109195206,0,-0.408913599409285,19,0,3,6,Normal,0.0024604867381078366
-0.5644786802925077,-0.8037855350969529,0,-1.4417845249189716,23,4,1,4,Normal,0.09903365380337092
0.258736545451269,-0.629252917647513,0,-1.4417845249189716,21,5,4,5,Normal,0.07012796734672888
-0.5644786802925077,0.9415406393974466,0,-1.4417845249189716,6,5,4,7,Normal,0.07936381789846791
-0.5644786802925077,1.639671109195206,0,-1.4417845249189716,21,2,4,3,Normal,0.06787821080659118
-0.5644786802925077,-0.210374635768857,1,0.6239573261004014,13,5,4,5,Normal,0.047800607274369966
-0.5644786802925077,-0.524533347177849,0,-0.408913599409285,0,6,4,1,Normal,0.10405065731496788
-0.5644786802925077,1.3604189212761024,0,1.656828251610088,12,5,0,0,Normal,0.06550568070809348
0.258736545451269,-1.6764486223441528,0,-1.4417845249189716,15,1,3,5,Normal,0.05561592519332714
-0.5644786802925077,1.3255123977862149,1,0.6239573261004014,19,0,2,7,Suspicious,-0.003401108219325044
1.081951771195046,1.4302319682558782,0,1.656828251610088,19,5,0,0,Normal,0.017520095133705338
-0.5644786802925077,0.6622884514783427,0,-0.408913599409285,12,7,3,5,Normal,0.14565168341354018
-0.5644786802925077,1.0811667333569983,0,-1.4417845249189716,22,6,3,5,Normal,0.10181467178266457
-0.1528710674206193,-0.6990659646272891,1,0.6239573261004014,1,6,4,6,Normal,0.008756825223455
-0.5644786802925077,-0.5943463941576251,1,-1.4417845249189716,23,7,0,7,Suspicious,-0.027482896572314397
-0.5644786802925077,-0.7339724881171771,1,-0.408913599409285,2,4,2,2,Normal,0.052559371022613766
-0.5644786802925077,-0.3500007297284091,0,-1.4417845249189716,1,1,4,7,Normal,0.07028485151536568
2.316774609810712,-0.8386920585868409,0,0.6239573261004014,17,4,3,4,Normal,0.08556159650262929
-0.1528710674206193,0.6971949749682306,1,0.6239573261004014,19,5,2,4,Normal,0.05008931028239605
0.258736545451269,-0.524533347177849,0,-1.4417845249189716,19,4,0,1,Normal,0.06316231901722458
0.6703441583231574,-1.5717290518744889,0,-0.408913599409285,2,6,3,4,Normal,0.08038730256556681
-0.5644786802925077,-0.908505105566617,0,0.6239573261004014,9,6,4,2,Normal,0.1234839713584363
2.316774609810712,0.2434101695996867,0,1.656828251610088,14,0,3,1,Normal,0.041179045577317996
0.6703441583231574,-0.1056550652991931,0,0.6239573261004014,9,6,1,3,Normal,0.12506565114568102
-0.5644786802925077,-0.1405615887890813,0,-0.408913599409285,17,0,4,0,Normal,0.10187627543742328
2.316774609810712,0.3132232165794628,0,0.6239573261004014,12,0,1,7,Normal,0.047580021265440475
0.258736545451269,0.1386905991300228,0,0.6239573261004014,0,5,2,4,Normal,0.1256323401509742
-0.5644786802925077,0.6622884514783427,0,1.656828251610088,3,7,3,1,Normal,0.08231228848054695
-0.5644786802925077,-0.1754681122789692,0,0.6239573261004014,17,7,1,7,Normal,0.09709056865790733
-0.5644786802925077,-1.1877572934857208,0,1.656828251610088,2,7,2,5,Normal,0.08093348584649107
-0.5644786802925077,-0.0009354948295292,0,-0.408913599409285,14,3,0,7,Normal,0.11746560497745684
-0.5644786802925077,-0.7339724881171771,0,-1.4417845249189716,2,2,1,2,Normal,0.10994431449241698
-0.5644786802925077,-0.2801876827486331,0,1.656828251610088,1,3,4,0,Normal,0.06905320447826002
0.6703441583231574,0.3830362635592385,1,0.6239573261004014,23,4,1,1,Suspicious,-0.004740606288332061
1.081951771195046,-1.7113551458340408,1,-0.408913599409285,4,6,0,7,Suspicious,-0.03507662677415779
-0.5644786802925077,-0.629252917647513,1,-0.408913599409285,23,3,0,6,Normal,0.013117359183978716
-0.5644786802925077,-0.664159441137401,0,0.6239573261004014,22,6,2,6,Normal,0.11742368259181701
-0.5644786802925077,1.0811667333569983,0,-0.408913599409285,0,2,2,2,Normal,0.12494343701353933
-0.5644786802925077,0.4877558340289027,0,0.6239573261004014,4,1,3,0,Normal,0.1144662606400148
-0.5644786802925077,-0.5943463941576251,0,-1.4417845249189716,15,0,0,1,Normal,0.0804515107310928
-0.5644786802925077,-1.5717290518744889,0,-1.4417845249189716,4,0,2,2,Normal,0.08140743096726555
-0.5644786802925077,-1.6066355753643766,0,0.6239573261004014,5,7,3,6,Normal,0.06718972948261637
-0.5644786802925077,0.9415406393974466,0,1.656828251610088,2,5,1,3,Normal,0.10798160286398262
-0.5644786802925077,0.9066341159075584,0,-0.408913599409285,19,3,4,6,Normal,0.1220250202796499
2.7283822226826,-0.0009354948295292,0,-1.4417845249189716,22,6,4,3,Suspicious,-0.007740800432061934
-0.5644786802925077,0.8368210689277826,0,1.656828251610088,17,4,3,7,Normal,0.08380908422128708
-0.5644786802925077,0.6971949749682306,0,-0.408913599409285,20,3,2,7,Normal,0.1257888505094364
-0.5644786802925077,-1.5019160048947129,0,0.6239573261004014,13,6,3,5,Normal,0.1132229508381209
-0.5644786802925077,-0.8386920585868409,0,0.6239573261004014,17,2,1,2,Normal,0.14502928712758562
-0.5644786802925077,-0.908505105566617,0,-0.408913599409285,5,7,2,5,Normal,0.1371557010442473
1.4935593840669343,-0.524533347177849,0,-0.408913599409285,0,4,1,4,Normal,0.09915138801042955
2.7283822226826,-0.6990659646272891,0,-0.408913599409285,9,0,1,7,Normal,0.028829154262822954
-0.5644786802925077,1.2207928273165505,0,-0.408913599409285,8,4,3,7,Normal,0.12469462641658918
-0.5644786802925077,1.5698580622154303,0,-0.408913599409285,0,2,0,4,Normal,0.082987215208427
-0.5644786802925077,1.0113536863772226,1,0.6239573261004014,15,7,0,2,Normal,0.011500267822460719
-0.5644786802925077,-0.8386920585868409,0,1.656828251610088,16,5,0,0,Normal,0.06548130852950207
-0.5644786802925077,0.6971949749682306,0,1.656828251610088,21,0,1,6,Normal,0.0767743848525998
-0.5644786802925077,-0.4198137767081852,0,0.6239573261004014,22,1,4,0,Normal,0.08411217132522686
-0.5644786802925077,1.2556993508064382,0,0.6239573261004014,5,0,2,6,Normal,0.11557252201043072
-0.5644786802925077,0.8019145454378945,0,1.656828251610088,12,1,0,4,Normal,0.09301441929635046
1.4935593840669343,1.3604189212761024,1,-0.408913599409285,23,1,2,2,Suspicious,-0.025929795450725823
0.6703441583231574,0.5575688810086785,0,0.6239573261004014,14,2,4,0,Normal,0.08208270258973116
-0.5644786802925077,0.0339710286603586,0,-0.408913599409285,3,2,2,7,Normal,0.13940409895770778
-0.5644786802925077,1.4651384917457662,0,-0.408913599409285,15,5,2,5,Normal,0.146834361031628
-0.5644786802925077,-0.2452811592587452,0,0.6239573261004014,4,3,0,4,Normal,0.13210234012678634
-0.5644786802925077,0.8368210689277826,0,-0.408913599409285,12,2,1,1,Normal,0.15672822969856248
2.316774609810712,-1.7113551458340408,0,0.6239573261004014,8,6,0,2,Normal,0.02999930057010991
-0.1528710674206193,1.3604189212761024,0,0.6239573261004014,15,3,0,2,Normal,0.09282383638661673
0.258736545451269,0.7670080219480067,0,-1.4417845249189716,7,7,4,3,Normal,0.06960997295178462
-0.5644786802925077,0.0339710286603586,0,0.6239573261004014,15,6,4,2,Normal,0.135083935525582
-0.5644786802925077,-0.629252917647513,1,0.6239573261004014,3,5,2,1,Normal,0.05468273756503661
-0.5644786802925077,0.5575688810086785,0,-1.4417845249189716,4,1,0,7,Normal,0.07123957408456527
-0.5644786802925077,-1.5019160048947129,0,-0.408913599409285,10,5,0,0,Normal,0.08871420591765478
-0.5644786802925077,-1.6764486223441528,0,-0.408913599409285,6,7,3,5,Normal,0.09183618899693902
-0.5644786802925077,-1.1528507699958328,0,-0.408913599409285,10,4,1,6,Normal,0.1451671916989674
-0.5644786802925077,1.4651384917457662,0,0.6239573261004014,10,7,4,7,Normal,0.05321775700385123
2.316774609810712,0.2434101695996867,0,-0.408913599409285,0,2,4,2,Normal,0.04921557369414786
-0.5644786802925077,-0.8037855350969529,0,1.656828251610088,12,7,4,7,Normal,0.05509396462014049
-0.5644786802925077,-0.4198137767081852,0,-1.4417845249189716,17,4,3,7,Normal,0.10766118044654227
-0.5644786802925077,0.1386905991300228,0,-1.4417845249189716,21,4,4,6,Normal,0.09446964232834687
-0.5644786802925077,-0.8037855350969529,0,-0.408913599409285,1,5,2,5,Normal,0.14487090105712352
-0.5644786802925077,-0.873598582076729,0,1.656828251610088,8,1,2,5,Normal,0.11956533459990154
-0.5644786802925077,1.2906058742963262,0,0.6239573261004014,7,7,4,4,Normal,0.091780276050482
-0.5644786802925077,0.1735971226199107,0,0.6239573261004014,16,1,1,7,Normal,0.11953795563976888
-0.5644786802925077,-1.083037723016057,0,0.6239573261004014,22,3,2,2,Normal,0.1310724303066796
1.4935593840669343,-1.5717290518744889,0,0.6239573261004014,10,1,4,0,Normal,0.04358681465849823
-0.5644786802925077,-1.6764486223441528,0,1.656828251610088,1,3,2,3,Normal,0.09008983964104522
-0.5644786802925077,1.639671109195206,0,-0.408913599409285,1,6,0,1,Normal,0.06967812086056857
-0.5644786802925077,-1.048131199526169,1,0.6239573261004014,9,1,1,6,Normal,0.04381626559638807
-0.5644786802925077,0.6971949749682306,0,-0.408913599409285,15,1,0,0,Normal,0.09277655334500612
-0.5644786802925077,-0.3500007297284091,0,0.6239573261004014,19,5,1,4,Normal,0.13874445104697203
-0.5644786802925077,-0.664159441137401,0,-1.4417845249189716,13,5,1,0,Normal,0.10521078619720092
-0.5644786802925077,0.2434101695996867,0,0.6239573261004014,20,2,4,7,Normal,0.09957983505093237
-0.5644786802925077,-1.1528507699958328,0,1.656828251610088,0,0,4,5,Normal,0.04834135831751174
0.258736545451269,1.2207928273165505,0,-0.408913599409285,11,6,2,6,Normal,0.11431402744033686
-0.5644786802925077,-1.048131199526169,0,-1.4417845249189716,13,1,0,7,Normal,0.06831342826664322
-0.5644786802925077,-1.397196434425049,0,1.656828251610088,0,0,4,1,Normal,0.04440471541761304
2.316774609810712,0.1735971226199107,0,0.6239573261004014,11,2,4,0,Normal,0.05007775088841515
-0.5644786802925077,1.639671109195206,0,-0.408913599409285,16,0,0,0,Normal,0.05742612735585628
1.9051669969388227,-0.1405615887890813,0,-0.408913599409285,0,5,0,6,Normal,0.06476092473338158
-0.5644786802925077,-0.0009354948295292,1,-0.408913599409285,7,7,2,4,Normal,0.06595146086670689
0.258736545451269,0.1735971226199107,0,-0.408913599409285,8,5,2,2,Normal,0.14593387395342877
0.6703441583231574,-1.0132246760362809,0,0.6239573261004014,17,5,3,1,Normal,0.1054510421270996
0.258736545451269,0.9764471628873344,0,-1.4417845249189716,13,4,4,7,Normal,0.06416532692115973
1.081951771195046,1.1160732568468863,1,-0.408913599409285,7,1,1,6,Normal,0.01438831275296204
-0.5644786802925077,-1.6764486223441528,0,0.6239573261004014,1,1,3,3,Normal,0.11072819904432318
-0.1528710674206193,0.6622884514783427,0,1.656828251610088,9,3,0,0,Normal,0.05513548695616555
1.9051669969388227,1.4651384917457662,0,-0.408913599409285,13,6,4,0,Normal,0.02260751070605771
-0.5644786802925077,0.2434101695996867,0,0.6239573261004014,1,1,4,0,Normal,0.08444998779350366
-0.5644786802925077,-0.524533347177849,1,-1.4417845249189716,18,5,1,7,Normal,0.029465194325951405
-0.5644786802925077,1.3953254447659904,0,-0.408913599409285,3,6,1,1,Normal,0.11321597046634657
-0.5644786802925077,1.3604189212761024,0,0.6239573261004014,3,1,3,4,Normal,0.134086124182541
0.6703441583231574,1.2207928273165505,0,-0.408913599409285,12,0,1,5,Normal,0.09739662841270513
-0.1528710674206193,0.2783166930895746,0,-0.408913599409285,0,3,0,1,Normal,0.08398640774662902
0.258736545451269,0.8717275924176705,0,-0.408913599409285,8,2,0,6,Normal,0.10109091922077496
-0.5644786802925077,1.4302319682558782,1,-0.408913599409285,14,2,2,0,Normal,0.03155874771031242
1.081951771195046,0.5575688810086785,0,-0.408913599409285,0,6,3,4,Normal,0.09801626635813032
-0.5644786802925077,0.5226623575187906,1,0.6239573261004014,14,1,4,6,Normal,0.026095888999688732
-0.5644786802925077,1.0462602098671103,0,-0.408913599409285,9,7,2,2,Normal,0.1213084107212577
1.9051669969388227,-1.7462616693239288,0,-0.408913599409285,6,4,0,6,Normal,0.03615476072351853
-0.5644786802925077,1.1160732568468863,1,-0.408913599409285,10,3,4,4,Normal,0.04112260470764839
-0.5644786802925077,-0.2452811592587452,0,-0.408913599409285,10,6,3,1,Normal,0.15572096909984012
0.258736545451269,-1.6415420988542648,0,0.6239573261004014,16,5,3,0,Normal,0.06654705779060122
-0.5644786802925077,-1.1528507699958328,0,-0.408913599409285,22,1,3,6,Normal,0.11780987874851251
-0.5644786802925077,1.4302319682558782,0,-0.408913599409285,4,4,2,4,Normal,0.14669323129674844
-0.5644786802925077,1.5000450152356546,0,0.6239573261004014,11,4,3,4,Normal,0.1388848450930859
-0.5644786802925077,-0.629252917647513,0,0.6239573261004014,21,4,2,5,Normal,0.1372553351613378
-0.5644786802925077,0.5575688810086785,1,-0.408913599409285,4,7,3,5,Normal,0.05593590807803839
-0.5644786802925077,0.3481297400693506,1,-1.4417845249189716,0,5,3,7,Normal,0.018542182934303875
-0.5644786802925077,-1.362289910935161,0,-0.408913599409285,18,0,0,0,Normal,0.06706151836397356
-0.5644786802925077,0.5226623575187906,0,0.6239573261004014,5,3,1,2,Normal,0.1498877085859735
-0.5644786802925077,1.0811667333569983,0,-1.4417845249189716,20,0,3,5,Normal,0.09052917008342243
-0.1528710674206193,-0.9783181525463928,0,0.6239573261004014,11,5,0,1,Normal,0.10443468749639429
-0.5644786802925077,0.8019145454378945,0,-0.408913599409285,8,7,4,7,Normal,0.07756522747275507
-0.5644786802925077,1.1509797803367747,0,-0.408913599409285,16,4,4,1,Normal,0.1210469125584589
-0.1528710674206193,0.3481297400693506,0,0.6239573261004014,5,0,2,7,Normal,0.09181613983093861
-0.5644786802925077,-1.048131199526169,0,1.656828251610088,21,1,3,1,Normal,0.08621243353575114
-0.5644786802925077,-0.873598582076729,0,-1.4417845249189716,8,1,0,2,Normal,0.09640244621114513
0.6703441583231574,-0.908505105566617,1,-1.4417845249189716,20,1,2,2,Suspicious,-0.0008621803685338048
-0.5644786802925077,-0.1405615887890813,0,0.6239573261004014,14,6,4,4,Normal,0.12686217404903544
-0.5644786802925077,0.5575688810086785,0,1.656828251610088,8,6,2,7,Normal,0.09810473511676188
-0.5644786802925077,1.7094841561749825,0,-0.408913599409285,22,3,1,4,Normal,0.0993321534868018
0.6703441583231574,-1.5368225283846009,0,0.6239573261004014,9,1,2,5,Normal,0.0960591774605506
-0.5644786802925077,-0.489626823687961,0,0.6239573261004014,10,7,4,7,Normal,0.08693970050780908
-0.5644786802925077,-0.1056550652991931,0,-0.408913599409285,2,3,2,2,Normal,0.1586418283661563
-0.5644786802925077,0.9764471628873344,0,-1.4417845249189716,22,0,4,2,Normal,0.05684664399733208
-0.5644786802925077,0.6273819279884545,0,-1.4417845249189716,1,3,0,6,Normal,0.08546503783138382
-0.5644786802925077,1.2556993508064382,0,-1.4417845249189716,18,4,4,1,Normal,0.08413850014118907
-0.5644786802925077,0.9764471628873344,0,-1.4417845249189716,18,7,2,4,Normal,0.10564229204895664
-0.5644786802925077,-1.048131199526169,1,-0.408913599409285,0,2,4,0,Normal,0.0034278434074304087
-0.5644786802925077,-0.7688790116070651,0,-1.4417845249189716,18,7,2,5,Normal,0.0986840592473367
1.081951771195046,-1.362289910935161,1,1.656828251610088,4,5,3,6,Suspicious,-0.0020909422035250147
-0.5644786802925077,0.5226623575187906,1,-0.408913599409285,17,2,0,0,Normal,0.028918925652519523
2.7283822226826,-0.2801876827486331,0,-0.408913599409285,5,5,1,0,Normal,0.03653231969172965
-0.5644786802925077,1.3255123977862149,0,-0.408913599409285,6,1,0,5,Normal,0.12201202430558344
-0.5644786802925077,1.0113536863772226,0,-0.408913599409285,0,3,1,7,Normal,0.09028234084187536
0.258736545451269,-1.5717290518744889,0,1.656828251610088,1,3,3,2,Normal,0.06455690089822996
-0.5644786802925077,-0.5594398706677371,0,-1.4417845249189716,0,1,3,6,Normal,0.09029527501276624
2.316774609810712,-1.048131199526169,1,1.656828251610088,3,1,2,2,Suspicious,-0.03604698065245959
-0.5644786802925077,-0.1405615887890813,0,0.6239573261004014,20,2,1,1,Normal,0.12827870486173198
-0.5644786802925077,-1.6415420988542648,0,-0.408913599409285,0,5,0,4,Normal,0.0725603821791263
1.4935593840669343,-1.7113551458340408,0,-0.408913599409285,0,6,0,7,Normal,0.002638363627386009
-0.5644786802925077,-0.2801876827486331,0,-0.408913599409285,10,4,4,1,Normal,0.13769062944450694
1.4935593840669343,-1.3273833874452727,0,-1.4417845249189716,18,2,1,1,Normal,0.05447306461771162
-0.5644786802925077,1.5000450152356546,0,-0.408913599409285,21,2,2,3,Normal,0.12691892241439334
-0.5644786802925077,1.7094841561749825,0,-0.408913599409285,20,7,2,0,Normal,0.05763132334280041
-0.5644786802925077,0.2085036461097985,0,0.6239573261004014,17,6,1,1,Normal,0.14075352292466403
2.316774609810712,-1.5368225283846009,0,0.6239573261004014,5,3,0,1,Normal,0.037033831392588534
-0.1528710674206193,-1.3273833874452727,0,-0.408913599409285,16,5,2,3,Normal,0.12763386090274464
-0.5644786802925077,-0.2452811592587452,0,0.6239573261004014,11,4,2,5,Normal,0.16319497799807875
-0.5644786802925077,-1.117944246505945,0,-0.408913599409285,20,3,0,3,Normal,0.11145761057959774
-0.5644786802925077,-1.4321029579149367,0,-0.408913599409285,22,5,3,2,Normal,0.10834605497488115
-0.5644786802925077,-1.6066355753643766,0,-1.4417845249189716,12,2,1,1,Normal,0.10137224331071037
-0.5644786802925077,0.4877558340289027,0,0.6239573261004014,16,2,3,1,Normal,0.14326270738289415
-0.5644786802925077,0.9066341159075584,0,-0.408913599409285,7,7,3,4,Normal,0.1324780010056827
-0.5644786802925077,-0.5594398706677371,0,-1.4417845249189716,5,1,0,5,Normal,0.09777196167020397
-0.5644786802925077,-1.4321029579149367,0,-0.408913599409285,5,3,0,6,Normal,0.09462069749077517
-0.5644786802925077,-1.083037723016057,1,1.656828251610088,4,2,0,0,Suspicious,-0.024760041746741512
-0.5644786802925077,0.2434101695996867,0,1.656828251610088,22,0,0,3,Normal,0.04735368251106542
-0.5644786802925077,0.2434101695996867,0,0.6239573261004014,20,2,1,1,Normal,0.12831919916311013
-0.5644786802925077,-1.257570340465497,0,-1.4417845249189716,8,1,4,2,Normal,0.09012967947663553
-0.5644786802925077,-1.1528507699958328,0,0.6239573261004014,5,5,3,5,Normal,0.13178566010856263
-0.5644786802925077,1.1509797803367747,0,-1.4417845249189716,7,6,0,2,Normal,0.09161648085828844
2.316774609810712,-1.4321029579149367,1,0.6239573261004014,7,2,4,7,Suspicious,-0.0421243673068894
-0.5644786802925077,-1.467009481404825,1,0.6239573261004014,1,7,1,6,Normal,0.011485017194113878
-0.5644786802925077,-0.6990659646272891,0,-0.408913599409285,7,1,4,7,Normal,0.10977290222181862
-0.5644786802925077,-0.629252917647513,0,0.6239573261004014,13,7,3,1,Normal,0.12973838942081944
2.7283822226826,0.1037840756401346,1,-0.408913599409285,9,2,2,0,Suspicious,-0.010798142535123234
-0.5644786802925077,0.8368210689277826,1,-1.4417845249189716,18,5,4,1,Normal,0.012509324401072663
-0.5644786802925077,-1.048131199526169,1,-1.4417845249189716,8,2,1,6,Normal,0.0393434684426619
2.316774609810712,0.5226623575187906,0,0.6239573261004014,17,0,3,4,Normal,0.06730911544058871
-0.5644786802925077,-1.222663816975609,0,-0.408913599409285,18,2,4,1,Normal,0.11751700445009389
-0.5644786802925077,-0.524533347177849,1,-0.408913599409285,4,4,0,0,Normal,0.013549337024919894
-0.5644786802925077,-1.083037723016057,0,-0.408913599409285,4,7,3,1,Normal,0.11180014404012467
-0.5644786802925077,-0.3500007297284091,0,0.6239573261004014,17,6,4,4,Normal,0.11773528236612524
-0.5644786802925077,0.0688775521502468,0,-0.408913599409285,17,2,4,5,Normal,0.13478131242757557
2.316774609810712,-1.5368225283846009,0,1.656828251610088,13,3,0,3,Normal,0.01668925266729182
-0.5644786802925077,-1.5368225283846009,0,0.6239573261004014,4,3,0,4,Normal,0.10180458141691451
0.6703441583231574,-1.362289910935161,0,0.6239573261004014,10,5,3,6,Normal,0.10108105991497929
-0.5644786802925077,-1.257570340465497,0,1.656828251610088,19,2,2,1,Normal,0.1040954731054089
-0.5644786802925077,-0.873598582076729,0,0.6239573261004014,15,0,3,5,Normal,0.12452787810849797
-0.5644786802925077,0.6273819279884545,0,-1.4417845249189716,10,7,4,4,Normal,0.10285223581124125
-0.5644786802925077,0.6622884514783427,0,-0.408913599409285,17,5,3,6,Normal,0.14364817949650133
-0.1528710674206193,-0.5943463941576251,0,-0.408913599409285,2,1,3,3,Normal,0.13392822644079538
0.6703441583231574,0.4528493105390145,0,-1.4417845249189716,7,6,1,6,Normal,0.1006545335206871
-0.5644786802925077,0.6971949749682306,0,0.6239573261004014,4,0,3,7,Normal,0.08781368411439106
-0.5644786802925077,0.9764471628873344,0,-1.4417845249189716,7,3,1,1,Normal,0.11454687778883388
-0.5644786802925077,-0.2452811592587452,0,-0.408913599409285,12,0,0,4,Normal,0.13260100057956747
-0.5644786802925077,1.3255123977862149,0,0.6239573261004014,12,0,1,7,Normal,0.08687178644949745
1.9051669969388227,-1.4321029579149367,1,1.656828251610088,16,7,2,5,Suspicious,-0.024971157854037696
-0.5644786802925077,1.3604189212761024,0,0.6239573261004014,9,7,0,3,Normal,0.09887860376486157
-0.5644786802925077,1.0462602098671103,1,-0.408913599409285,15,7,4,2,Normal,0.011577607904543652
1.9051669969388227,-0.524533347177849,0,0.6239573261004014,14,6,1,1,Normal,0.09856772336104569
-0.5644786802925077,-1.257570340465497,0,-0.408913599409285,11,2,3,1,Normal,0.14520223556981365
-0.5644786802925077,-1.117944246505945,1,-0.408913599409285,2,6,3,4,Normal,0.055670074420082316
-0.5644786802925077,1.0113536863772226,0,1.656828251610088,15,2,1,0,Normal,0.09847269405388304
-0.5644786802925077,0.1037840756401346,1,1.656828251610088,4,0,2,5,Normal,0.007022420279617192
-0.5644786802925077,-1.6066355753643766,0,0.6239573261004014,17,3,1,7,Normal,0.09310348482514319
-0.5644786802925077,1.1858863038266625,0,1.656828251610088,8,6,2,0,Normal,0.08482894471569535
-0.1528710674206193,0.5924754044985666,0,0.6239573261004014,17,0,1,5,Normal,0.10255723200044575
0.6703441583231574,-1.5368225283846009,0,1.656828251610088,15,7,0,6,Normal,0.014528943159871077
-0.5644786802925077,1.7443906796648705,1,0.6239573261004014,20,5,0,6,Suspicious,-0.0030182335388605486
-0.5644786802925077,0.0688775521502468,0,1.656828251610088,8,1,2,1,Normal,0.11266437543165547
-0.5644786802925077,-1.6415420988542648,0,-0.408913599409285,10,0,0,0,Normal,0.07444246798208765
-0.5644786802925077,1.2207928273165505,1,-1.4417845249189716,12,7,0,2,Suspicious,-0.0020259846295214157
-0.5644786802925077,0.9066341159075584,0,-0.408913599409285,18,0,1,1,Normal,0.12725089053237643
0.6703441583231574,-1.7113551458340408,0,-0.408913599409285,22,4,2,0,Normal,0.05401683039927163
-0.5644786802925077,1.3953254447659904,0,-1.4417845249189716,2,0,2,7,Normal,0.06322759005976553
2.7283822226826,-0.629252917647513,0,-0.408913599409285,16,0,3,1,Normal,0.03904027643007879
0.258736545451269,0.5226623575187906,0,-1.4417845249189716,20,2,0,6,Normal,0.05731176458343812
-0.5644786802925077,-0.9783181525463928,1,-1.4417845249189716,11,6,1,3,Normal,0.03916857518854744
-0.5644786802925077,-0.0707485418093052,0,-1.4417845249189716,0,4,4,6,Normal,0.07960188849316774
1.9051669969388227,0.9066341159075584,0,1.656828251610088,22,3,1,0,Normal,0.019655836435357843
-0.5644786802925077,0.3830362635592385,0,-0.408913599409285,13,6,3,6,Normal,0.14769875084135686
-0.5644786802925077,-1.7113551458340408,1,-0.408913599409285,12,4,2,6,Normal,0.04008511415989913
-0.5644786802925077,0.6622884514783427,1,1.656828251610088,10,0,3,3,Normal,0.013850396911733842
-0.5644786802925077,1.5698580622154303,1,-0.408913599409285,1,4,1,3,Normal,0.02797021750872064
-0.5644786802925077,-0.873598582076729,0,-0.408913599409285,9,0,4,0,Normal,0.10264176074475506
-0.5644786802925077,-0.3150942062385213,0,1.656828251610088,15,4,2,0,Normal,0.10483766386897642
-0.5644786802925077,1.1858863038266625,0,0.6239573261004014,15,7,0,6,Normal,0.09239083840304052
-0.5644786802925077,-0.9783181525463928,0,0.6239573261004014,21,6,4,0,Normal,0.07692123032319231
-0.5644786802925077,0.0688775521502468,0,-0.408913599409285,16,2,1,2,Normal,0.16431114739468916
-0.5644786802925077,-0.629252917647513,0,1.656828251610088,5,7,4,4,Normal,0.07972762877639528
1.081951771195046,-0.1056550652991931,0,-0.408913599409285,2,3,2,7,Normal,0.10206445923542817
1.081951771195046,-1.0132246760362809,1,-0.408913599409285,23,2,3,5,Normal,0.011942026683279705
-0.5644786802925077,-0.664159441137401,0,0.6239573261004014,17,3,1,1,Normal,0.1438674128680874
-0.5644786802925077,-0.629252917647513,0,-0.408913599409285,19,0,4,6,Normal,0.10178101108313631
-0.5644786802925077,-0.664159441137401,1,-1.4417845249189716,22,6,4,2,Suspicious,-0.0012946321466250632
0.6703441583231574,1.4651384917457662,0,-1.4417845249189716,7,3,2,3,Normal,0.09352770121715248
2.316774609810712,-0.5594398706677371,0,-0.408913599409285,4,5,2,4,Normal,0.08601444402221348
1.9051669969388227,-0.4547203001980731,0,0.6239573261004014,13,3,0,3,Normal,0.08988258716546438
-0.5644786802925077,1.2207928273165505,0,-1.4417845249189716,20,4,3,3,Normal,0.11118275703228148
1.9051669969388227,-0.489626823687961,0,-0.408913599409285,20,0,3,0,Normal,0.048335340958070905
-0.5644786802925077,-0.7688790116070651,0,0.6239573261004014,17,7,3,1,Normal,0.11456106167949032
-0.5644786802925077,-0.2452811592587452,0,0.6239573261004014,10,7,4,0,Normal,0.09127146817105225
-0.5644786802925077,-0.524533347177849,0,-0.408913599409285,17,3,0,1,Normal,0.13125202213873988
-0.5644786802925077,-0.4198137767081852,0,0.6239573261004014,13,4,2,7,Normal,0.13451589512262074
-0.5644786802925077,0.8368210689277826,0,-0.408913599409285,2,1,0,1,Normal,0.10177132018634538
-0.5644786802925077,-1.1877572934857208,0,1.656828251610088,10,7,2,0,Normal,0.0768901680011389
1.4935593840669343,0.4528493105390145,0,-1.4417845249189716,22,5,1,7,Normal,0.04834748799222799
0.258736545451269,-1.467009481404825,0,-0.408913599409285,7,2,3,1,Normal,0.11585442925380984
-0.5644786802925077,-1.5368225283846009,0,0.6239573261004014,8,2,3,1,Normal,0.12595333513240886
-0.5644786802925077,1.7094841561749825,0,-0.408913599409285,14,2,3,2,Normal,0.11635175125996489
2.316774609810712,1.1160732568468863,0,0.6239573261004014,2,0,4,1,Normal,0.024086780309581113
-0.5644786802925077,0.6971949749682306,0,0.6239573261004014,5,1,2,1,Normal,0.13451350241196164
0.6703441583231574,-1.048131199526169,1,-1.4417845249189716,12,1,4,1,Suspicious,-0.015270860687981336
-0.5644786802925077,0.3830362635592385,0,0.6239573261004014,14,4,3,2,Normal,0.15311024212590424
-0.5644786802925077,-0.8037855350969529,1,0.6239573261004014,16,3,4,3,Normal,0.04413532892062766
-0.5644786802925077,-1.048131199526169,0,1.656828251610088,14,5,0,3,Normal,0.09614328179125708
-0.5644786802925077,-1.5717290518744889,0,0.6239573261004014,22,6,0,2,Normal,0.06997561844398592
1.4935593840669343,-0.5943463941576251,1,1.656828251610088,8,7,4,5,Suspicious,-0.02572728741141861
-0.5644786802925077,0.9764471628873344,0,1.656828251610088,21,1,1,5,Normal,0.10276844986046052
0.258736545451269,-0.1754681122789692,1,-1.4417845249189716,10,7,3,1,Suspicious,-0.001036487384546536
0.258736545451269,-0.6990659646272891,1,0.6239573261004014,15,5,3,7,Normal,0.03279864052655246
-0.5644786802925077,0.7670080219480067,0,0.6239573261004014,14,2,1,4,Normal,0.15687171776909548
-0.5644786802925077,0.4179427870491267,0,1.656828251610088,12,2,0,7,Normal,0.07057410353851268
-0.5644786802925077,0.3830362635592385,1,-0.408913599409285,21,1,0,7,Normal,0.015510512884229666
-0.5644786802925077,-0.0707485418093052,0,-0.408913599409285,2,6,1,3,Normal,0.1451329142236195
-0.5644786802925077,-0.3500007297284091,0,-0.408913599409285,14,3,3,7,Normal,0.13511773573142322
-0.5644786802925077,0.1386905991300228,0,-1.4417845249189716,22,5,0,3,Normal,0.08455160170769649
2.7283822226826,1.4302319682558782,0,-0.408913599409285,17,3,1,4,Normal,0.05701714268122615
-0.5644786802925077,-1.5019160048947129,0,-0.408913599409285,5,6,2,7,Normal,0.09484727713291463
0.6703441583231574,-0.524533347177849,0,-0.408913599409285,9,3,1,4,Normal,0.1477353602200031
-0.5644786802925077,1.2556993508064382,0,-0.408913599409285,0,7,4,4,Normal,0.07307457600065748
-0.5644786802925077,0.6622884514783427,1,1.656828251610088,22,6,0,3,Suspicious,-0.0026446578168835
-0.5644786802925077,-1.397196434425049,0,-1.4417845249189716,6,5,3,6,Normal,0.09598597263781006
-0.5644786802925077,-1.6066355753643766,0,-0.408913599409285,17,1,2,2,Normal,0.12411910584620489
2.316774609810712,0.8368210689277826,0,0.6239573261004014,5,0,0,0,Normal,0.024918400303571064
-0.5644786802925077,-1.5717290518744889,0,-0.408913599409285,21,7,1,7,Normal,0.05735881097913875
-0.5644786802925077,-0.4198137767081852,0,-1.4417845249189716,14,5,3,0,Normal,0.09455730763507186
1.081951771195046,0.2434101695996867,0,-1.4417845249189716,20,2,1,6,Normal,0.07138590211565288
-0.5644786802925077,-0.7339724881171771,0,0.6239573261004014,17,5,0,5,Normal,0.12076938828073347
2.316774609810712,-0.3150942062385213,0,1.656828251610088,5,3,4,0,Normal,0.009432566862208391
2.7283822226826,-0.8386920585868409,0,0.6239573261004014,4,3,4,7,Normal,0.01927110802501486
-0.1528710674206193,-1.3273833874452727,0,0.6239573261004014,2,3,0,7,Normal,0.05991812922667161
-0.5644786802925077,1.5349515387255426,0,-0.408913599409285,7,1,4,4,Normal,0.102516973138844
-0.5644786802925077,0.9764471628873344,1,0.6239573261004014,15,2,3,1,Normal,0.0499159652944271
-0.1528710674206193,-1.083037723016057,0,0.6239573261004014,5,4,2,5,Normal,0.136199778264181
1.9051669969388227,-0.3849072532182971,0,-0.408913599409285,4,6,2,3,Normal,0.09826965048731062
1.081951771195046,-0.4198137767081852,0,0.6239573261004014,1,5,1,1,Normal,0.09429357262834925
-0.5644786802925077,-0.1405615887890813,0,-1.4417845249189716,0,0,0,4,Normal,0.06415795489863563
-0.5644786802925077,0.1037840756401346,0,-1.4417845249189716,13,4,2,7,Normal,0.11954585379362881
-0.5644786802925077,0.4528493105390145,0,1.656828251610088,16,6,4,3,Normal,0.11209215649758786
-0.5644786802925077,0.4179427870491267,0,0.6239573261004014,17,3,0,7,Normal,0.10086808196654751
-0.5644786802925077,1.2207928273165505,0,-0.408913599409285,17,4,4,3,Normal,0.13195922875562704
-0.5644786802925077,-0.943411629056505,0,-0.408913599409285,22,7,3,1,Normal,0.10441807367288825
1.081951771195046,1.0113536863772226,0,-0.408913599409285,15,1,0,5,Normal,0.08243861995695045
-0.5644786802925077,-0.489626823687961,0,-0.408913599409285,1,0,2,0,Normal,0.10504374075882528
-0.5644786802925077,1.1160732568468863,0,-0.408913599409285,20,3,0,2,Normal,0.11147218000718578
-0.5644786802925077,0.3830362635592385,0,1.656828251610088,21,0,4,7,Normal,0.034419624592938236
-0.5644786802925077,-0.0009354948295292,0,0.6239573261004014,2,3,1,7,Normal,0.11478663933754574
0.6703441583231574,0.9415406393974466,0,0.6239573261004014,2,3,4,6,Normal,0.0738076801113755
-0.1528710674206193,-0.943411629056505,0,-1.4417845249189716,2,0,0,6,Normal,0.04372723301635817
1.9051669969388227,0.4528493105390145,1,-0.408913599409285,9,7,4,6,Suspicious,-0.012591467621656305
-0.5644786802925077,-1.117944246505945,0,-0.408913599409285,0,0,4,1,Normal,0.08560962259073457
1.4935593840669343,-0.0009354948295292,0,-0.408913599409285,11,0,0,5,Normal,0.07452460730485111
-0.5644786802925077,-0.5594398706677371,1,0.6239573261004014,3,2,0,6,Normal,0.025938112977742733
2.7283822226826,0.9415406393974466,0,-1.4417845249189716,21,1,2,2,Normal,0.01445023236096199
-0.5644786802925077,0.6971949749682306,1,-0.408913599409285,3,1,3,1,Normal,0.04392748377301592
1.081951771195046,0.8019145454378945,0,0.6239573261004014,18,6,1,2,Normal,0.09963509166878215
-0.5644786802925077,0.5924754044985666,0,1.656828251610088,15,4,1,0,Normal,0.09777687267481627
-0.5644786802925077,0.9764471628873344,1,-1.4417845249189716,21,1,1,5,Normal,0.018898559456852815
-0.5644786802925077,1.3255123977862149,0,-1.4417845249189716,10,1,3,7,Normal,0.08571825683390033
-0.5644786802925077,-1.397196434425049,0,-0.408913599409285,20,2,0,7,Normal,0.07057774840511577
0.258736545451269,-1.4321029579149367,1,0.6239573261004014,10,7,1,6,Normal,0.012327048578099187
-0.5644786802925077,-1.7462616693239288,0,0.6239573261004014,12,4,2,0,Normal,0.10092541141055067
-0.5644786802925077,-0.6990659646272891,0,-0.408913599409285,1,0,0,6,Normal,0.09656414582180384
-0.5644786802925077,-0.664159441137401,0,0.6239573261004014,1,4,1,3,Normal,0.13700779746895797
0.6703441583231574,-1.6764486223441528,0,-1.4417845249189716,21,5,0,2,Normal,0.03022196690964729
1.081951771195046,0.9066341159075584,0,0.6239573261004014,12,5,3,4,Normal,0.10748948975060912
-0.5644786802925077,0.1735971226199107,0,-0.408913599409285,16,3,3,5,Normal,0.16177442373328588
-0.5644786802925077,-0.1754681122789692,1,-0.408913599409285,6,0,2,6,Normal,0.051404918697153024
-0.5644786802925077,-0.2801876827486331,0,-1.4417845249189716,8,5,0,4,Normal,0.11594597731504097
-0.5644786802925077,-0.8386920585868409,1,0.6239573261004014,22,1,0,7,Suspicious,-0.010402955842465977
-0.5644786802925077,-0.664159441137401,1,0.6239573261004014,7,1,4,0,Normal,0.017372223142158916
-0.5644786802925077,1.0113536863772226,0,0.6239573261004014,21,5,3,7,Normal,0.10397928101038045
1.9051669969388227,-0.7339724881171771,0,0.6239573261004014,22,7,1,6,Normal,0.04709424007663732
1.9051669969388227,-0.4198137767081852,0,-0.408913599409285,17,7,0,3,Normal,0.058540310444223476
-0.5644786802925077,1.7094841561749825,0,0.6239573261004014,22,1,3,2,Normal,0.07146036777872422
-0.5644786802925077,1.2906058742963262,0,-1.4417845249189716,7,4,4,7,Normal,0.07243319272635507
-0.5644786802925077,-0.6990659646272891,0,-0.408913599409285,6,6,0,1,Normal,0.11783055279486088
1.9051669969388227,1.0113536863772226,0,-1.4417845249189716,17,0,2,6,Normal,0.04035811114672394
0.6703441583231574,0.6971949749682306,0,0.6239573261004014,10,7,2,7,Normal,0.0727574458875263
-0.5644786802925077,-0.489626823687961,0,-1.4417845249189716,16,7,3,2,Normal,0.11272594545849052
-0.5644786802925077,0.5924754044985666,0,-1.4417845249189716,11,5,1,7,Normal,0.12161520923889285
-0.1528710674206193,-0.489626823687961,0,-0.408913599409285,12,7,3,0,Normal,0.0969055324281558
-0.5644786802925077,-0.7688790116070651,0,0.6239573261004014,0,7,3,0,Normal,0.07494345280848602
1.9051669969388227,0.4179427870491267,0,-0.408913599409285,10,4,3,0,Normal,0.0843462739776547
-0.5644786802925077,0.5575688810086785,1,-0.408913599409285,20,2,4,1,Normal,0.02671439437259593
-0.5644786802925077,0.8019145454378945,0,-0.408913599409285,12,7,4,0,Normal,0.09068512757124958
-0.5644786802925077,0.1735971226199107,0,0.6239573261004014,13,4,2,6,Normal,0.15391320966069866
-0.5644786802925077,0.6622884514783427,0,-0.408913599409285,10,4,1,6,Normal,0.15316107726726003
-0.1528710674206193,0.7670080219480067,0,0.6239573261004014,3,5,1,5,Normal,0.12133100262995189
-0.5644786802925077,0.2434101695996867,0,1.656828251610088,3,7,2,4,Normal,0.10694961776997969
-0.5644786802925077,-0.8037855350969529,0,0.6239573261004014,16,7,2,6,Normal,0.11809632318575142
1.081951771195046,0.0339710286603586,1,0.6239573261004014,0,5,1,5,Normal,0.016180001308702563
-0.5644786802925077,0.9415406393974466,0,-0.408913599409285,9,7,2,3,Normal,0.1336548568166258
-0.5644786802925077,1.639671109195206,1,-1.4417845249189716,8,6,3,6,Normal,0.025791175857312165
-0.5644786802925077,-0.1405615887890813,0,-0.408913599409285,9,5,1,4,Normal,0.1762650221719147
-0.5644786802925077,-1.4321029579149367,0,0.6239573261004014,3,3,3,2,Normal,0.12734948683732022
-0.5644786802925077,-1.5717290518744889,0,0.6239573261004014,3,7,0,5,Normal,0.06970513491481689
-0.5644786802925077,0.7321014984581184,0,-1.4417845249189716,7,6,4,3,Normal,0.10380091863091245
-0.5644786802925077,1.7094841561749825,0,1.656828251610088,13,6,4,1,Normal,0.05594769262601074
-0.1528710674206193,0.3132232165794628,0,0.6239573261004014,10,0,4,6,Normal,0.08722801859659857
-0.5644786802925077,1.2207928273165505,0,-1.4417845249189716,0,0,4,5,Normal,0.04767158410667349
-0.5644786802925077,1.7443906796648705,0,0.6239573261004014,17,6,1,0,Normal,0.07615549229500351
-0.5644786802925077,0.1037840756401346,0,-0.408913599409285,2,5,4,0,Normal,0.09970274542685353
0.6703441583231574,1.1509797803367747,0,-0.408913599409285,22,7,4,1,Normal,0.04232301096238422
-0.5644786802925077,-1.4321029579149367,0,-0.408913599409285,16,4,3,6,Normal,0.10958432167232934
-0.1528710674206193,1.2906058742963262,0,-0.408913599409285,22,4,2,4,Normal,0.11397731712985781
-0.5644786802925077,-1.3273833874452727,0,-0.408913599409285,10,3,3,7,Normal,0.1140872616104
-0.5644786802925077,-0.210374635768857,0,-1.4417845249189716,9,1,2,5,Normal,0.14373638978227582
-0.5644786802925077,1.6745776326850943,0,-0.408913599409285,17,2,1,4,Normal,0.1306522804282964
-0.1528710674206193,-0.524533347177849,0,0.6239573261004014,9,1,2,4,Normal,0.14312141302023929
0.258736545451269,0.2783166930895746,1,1.656828251610088,19,5,2,3,Normal,0.027196093210502092
-0.5644786802925077,-0.4198137767081852,0,0.6239573261004014,22,5,1,1,Normal,0.11702770622065589
1.4935593840669343,0.9066341159075584,0,0.6239573261004014,7,6,0,3,Normal,0.07208425703184629
-0.5644786802925077,0.1735971226199107,0,-0.408913599409285,9,4,0,4,Normal,0.14277494298161564
-0.5644786802925077,-0.3500007297284091,0,0.6239573261004014,8,7,1,5,Normal,0.14272504804702812
-0.5644786802925077,1.0462602098671103,0,-0.408913599409285,8,4,2,1,Normal,0.14734820689121814
1.081951771195046,-0.664159441137401,0,0.6239573261004014,0,7,0,3,Normal,0.05413394621188394
-0.5644786802925077,-1.292476863955385,0,-0.408913599409285,23,0,2,5,Normal,0.09870179385996414
-0.5644786802925077,0.4528493105390145,0,-0.408913599409285,5,1,0,6,Normal,0.1219702063247956
-0.5644786802925077,0.3132232165794628,1,-0.408913599409285,4,6,1,6,Normal,0.06095244930080557
-0.5644786802925077,0.2085036461097985,0,-0.408913599409285,22,6,3,0,Normal,0.09530736866670031
-0.5644786802925077,1.7443906796648705,0,1.656828251610088,14,7,1,2,Normal,0.06978788495829624
0.258736545451269,-0.8037855350969529,0,-0.408913599409285,1,4,2,6,Normal,0.1183371796718572
-0.5644786802925077,1.1858863038266625,1,0.6239573261004014,13,3,4,3,Normal,0.035384080394111006
2.316774609810712,-1.5019160048947129,0,0.6239573261004014,15,3,4,3,Normal,0.05639114485235441
-0.5644786802925077,-0.8386920585868409,1,0.6239573261004014,19,4,0,4,Normal,0.023388625565207266
-0.5644786802925077,1.0811667333569983,0,1.656828251610088,15,2,1,7,Normal,0.09161754087196083
-0.5644786802925077,0.5924754044985666,0,-1.4417845249189716,13,5,3,6,Normal,0.1249173328004558
-0.5644786802925077,-0.0358420183194171,0,0.6239573261004014,8,3,1,6,Normal,0.14958903964089704
-0.5644786802925077,-0.943411629056505,0,-0.408913599409285,23,3,2,2,Normal,0.13267928163803439
0.258736545451269,0.9415406393974466,0,0.6239573261004014,22,7,2,4,Normal,0.0737161819910036
2.7283822226826,-0.0009354948295292,0,0.6239573261004014,23,5,0,6,Normal,0.011631516672126474
-0.5644786802925077,0.1735971226199107,0,-0.408913599409285,4,2,1,1,Normal,0.15495801573294737
-0.5644786802925077,1.2906058742963262,0,-0.408913599409285,22,5,1,4,Normal,0.12103736258829378
-0.5644786802925077,0.7321014984581184,0,-0.408913599409285,11,3,2,3,Normal,0.17115119172949222
-0.5644786802925077,0.7670080219480067,0,-1.4417845249189716,7,0,4,4,Normal,0.07316947239651206
-0.5644786802925077,-1.3273833874452727,1,1.656828251610088,14,4,3,6,Normal,0.02642525261076023
-0.5644786802925077,-1.1877572934857208,0,-0.408913599409285,13,0,3,2,Normal,0.1372488976406418
-0.5644786802925077,0.5226623575187906,0,-0.408913599409285,13,7,3,4,Normal,0.1514458251316963
-0.5644786802925077,-0.0707485418093052,0,0.6239573261004014,5,6,3,1,Normal,0.14028510355097706
-0.5644786802925077,0.5924754044985666,1,0.6239573261004014,0,2,3,3,Normal,0.03583264788752627
-0.5644786802925077,-1.048131199526169,0,0.6239573261004014,20,0,3,5,Normal,0.11220356126180542
-0.5644786802925077,1.0462602098671103,1,1.656828251610088,3,6,2,1,Normal,0.020364726999372862
-0.5644786802925077,1.3604189212761024,0,1.656828251610088,21,1,2,6,Normal,0.08880036076547793
-0.5644786802925077,0.5226623575187906,0,-1.4417845249189716,9,1,0,1,Normal,0.09027402788050687
-0.5644786802925077,-0.524533347177849,0,0.6239573261004014,12,4,3,3,Normal,0.1609906981821541
0.6703441583231574,-0.908505105566617,0,-1.4417845249189716,22,7,0,4,Normal,0.02542342233521988
-0.5644786802925077,-1.3273833874452727,0,1.656828251610088,2,5,0,0,Normal,0.03972116168473672
-0.5644786802925077,-0.943411629056505,0,0.6239573261004014,14,2,2,3,Normal,0.1631279715047848
-0.5644786802925077,-0.7339724881171771,0,-0.408913599409285,17,4,1,6,Normal,0.14536416908044025
-0.5644786802925077,1.3604189212761024,0,-0.408913599409285,15,7,4,5,Normal,0.09539343333340822
0.6703441583231574,-1.6066355753643766,0,1.656828251610088,0,5,3,1,Normal,0.046581284512894894
-0.5644786802925077,-0.489626823687961,0,0.6239573261004014,1,4,1,4,Normal,0.13914424308729978
-0.5644786802925077,-1.117944246505945,0,-0.408913599409285,6,6,4,4,Normal,0.11770197639610097
-0.5644786802925077,-1.5368225283846009,0,-1.4417845249189716,17,0,1,2,Normal,0.0775568440842106
-0.5644786802925077,1.3953254447659904,0,0.6239573261004014,1,4,4,5,Normal,0.09035191064609005
-0.5644786802925077,-0.4198137767081852,0,1.656828251610088,18,7,2,4,Normal,0.09993737591307794
-0.5644786802925077,-1.083037723016057,0,0.6239573261004014,21,0,0,3,Normal,0.08689561084792041
-0.5644786802925077,-0.524533347177849,0,-1.4417845249189716,10,3,2,7,Normal,0.12427290413728631
1.9051669969388227,1.639671109195206,0,-1.4417845249189716,1,3,3,1,Normal,0.017039474318649495
1.4935593840669343,0.9764471628873344,0,0.6239573261004014,5,4,1,0,Normal,0.07125538234936046
-0.5644786802925077,-1.257570340465497,0,-1.4417845249189716,4,0,4,1,Normal,0.05711769043023118
-0.5644786802925077,-1.6764486223441528,0,-0.408913599409285,4,5,0,7,Normal,0.054749016838608666
-0.5644786802925077,1.0811667333569983,1,0.6239573261004014,11,1,4,5,Normal,0.021317718148663012
0.6703441583231574,1.2906058742963262,0,-0.408913599409285,11,0,4,1,Normal,0.06521841673065687
-0.5644786802925077,-0.5594398706677371,1,-0.408913599409285,1,0,4,0,Suspicious,-0.008397177097122288
-0.5644786802925077,1.4302319682558782,1,0.6239573261004014,3,2,2,6,Normal,0.03767310424792214
-0.5644786802925077,0.2783166930895746,0,1.656828251610088,20,7,4,6,Normal,0.06430681679939154
1.081951771195046,0.2783166930895746,0,0.6239573261004014,1,4,2,7,Normal,0.0847538163173841
2.316774609810712,1.3953254447659904,0,-0.408913599409285,6,4,1,7,Normal,0.04565408963177797
-0.5644786802925077,-1.1877572934857208,0,-0.408913599409285,4,0,2,1,Normal,0.13466265765154933
0.258736545451269,0.8019145454378945,0,0.6239573261004014,21,1,4,4,Normal,0.07558668051973583
1.9051669969388227,-0.1754681122789692,0,0.6239573261004014,14,1,0,5,Normal,0.07851718562116072
-0.5644786802925077,-1.0132246760362809,1,0.6239573261004014,2,0,3,4,Normal,0.024157354037887102
2.316774609810712,-0.3849072532182971,1,-0.408913599409285,10,4,0,0,Suspicious,-0.019031444223439165
1.9051669969388227,0.3132232165794628,0,-1.4417845249189716,12,6,4,2,Normal,0.03511820040044278
-0.5644786802925077,-1.6764486223441528,0,0.6239573261004014,10,3,2,3,Normal,0.14112181088189663
-0.5644786802925077,0.1037840756401346,1,0.6239573261004014,4,0,1,5,Normal,0.031130697468130797
-0.5644786802925077,0.5226623575187906,1,-0.408913599409285,21,3,4,5,Normal,0.03939628542012652
0.6703441583231574,0.8717275924176705,1,-0.408913599409285,17,7,2,2,Normal,0.0068328793671300625
-0.5644786802925077,0.0688775521502468,0,0.6239573261004014,3,6,4,7,Normal,0.09385283030816327
-0.5644786802925077,0.5924754044985666,0,-0.408913599409285,19,0,3,4,Normal,0.13841510455676148
0.6703441583231574,0.6971949749682306,0,-1.4417845249189716,11,4,3,5,Normal,0.10954095245936296
1.081951771195046,-0.3150942062385213,0,0.6239573261004014,9,5,4,0,Normal,0.07743866153634027
2.7283822226826,-1.1528507699958328,0,0.6239573261004014,20,3,3,5,Normal,0.04799219551041922
-0.5644786802925077,0.8368210689277826,0,1.656828251610088,21,6,0,5,Normal,0.08426771036110015
-0.5644786802925077,-1.083037723016057,1,-1.4417845249189716,20,5,0,0,Suspicious,-0.019180130643823623
0.258736545451269,-0.873598582076729,0,-1.4417845249189716,2,1,0,4,Normal,0.05698142734180078
-0.5644786802925077,1.1858863038266625,0,-0.408913599409285,0,1,3,1,Normal,0.11003765811401695
-0.5644786802925077,-0.1405615887890813,1,-0.408913599409285,0,3,2,5,Normal,0.05209093628068029
-0.5644786802925077,-1.117944246505945,0,-0.408913599409285,22,0,0,4,Normal,0.08946906291430456
-0.5644786802925077,-0.908505105566617,0,0.6239573261004014,15,2,4,2,Normal,0.13915184946797843
2.7283822226826,0.1386905991300228,0,-0.408913599409285,22,7,4,6,Normal,0.000951890424579549
-0.5644786802925077,1.2906058742963262,1,1.656828251610088,19,7,1,5,Normal,0.00027442275674727235
-0.5644786802925077,-0.2452811592587452,1,-0.408913599409285,7,0,0,1,Normal,0.0209458199953384
2.7283822226826,-1.6066355753643766,0,0.6239573261004014,18,5,1,3,Normal,0.051500943366830976
-0.5644786802925077,0.5924754044985666,0,-1.4417845249189716,23,3,2,3,Normal,0.10155922599386236
1.9051669969388227,0.3830362635592385,0,-1.4417845249189716,6,5,2,6,Normal,0.08261570582326305
-0.5644786802925077,0.1037840756401346,0,-1.4417845249189716,13,7,1,5,Normal,0.12732733442708305
-0.5644786802925077,-1.362289910935161,0,-0.408913599409285,0,5,2,1,Normal,0.11058911858070997
-0.5644786802925077,0.9415406393974466,0,-0.408913599409285,19,0,2,3,Normal,0.1348270851226564
-0.5644786802925077,1.2207928273165505,0,-0.408913599409285,12,2,2,0,Normal,0.13216848732470438
1.4935593840669343,1.4302319682558782,1,0.6239573261004014,6,1,1,5,Suspicious,-0.002238658184115505
-0.5644786802925077,0.8717275924176705,0,1.656828251610088,22,0,3,3,Normal,0.08146511377557186
2.316774609810712,0.9764471628873344,1,-0.408913599409285,4,3,4,1,Suspicious,-0.031189180686692963
1.4935593840669343,1.7094841561749825,0,0.6239573261004014,23,2,0,0,Suspicious,-0.005473827548683308
-0.5644786802925077,-0.5594398706677371,0,-0.408913599409285,18,7,3,1,Normal,0.1190511441964936
-0.5644786802925077,0.2783166930895746,1,0.6239573261004014,8,1,4,0,Normal,0.015023305690752942
-0.5644786802925077,-1.467009481404825,0,-0.408913599409285,17,4,2,2,Normal,0.1283684670746033
-0.5644786802925077,-1.048131199526169,0,-1.4417845249189716,14,1,4,1,Normal,0.088843944862529
-0.5644786802925077,-0.629252917647513,0,-1.4417845249189716,14,5,0,2,Normal,0.10723685474382372
1.4935593840669343,-0.4198137767081852,1,1.656828251610088,19,7,4,7,Suspicious,-0.05067508973537105
-0.5644786802925077,-1.117944246505945,0,-0.408913599409285,6,2,2,6,Normal,0.15081110478727344
1.081951771195046,-0.7339724881171771,0,1.656828251610088,15,1,2,6,Normal,0.06755572350145245
-0.5644786802925077,0.2085036461097985,0,-0.408913599409285,9,5,4,6,Normal,0.13112261784736928
-0.5644786802925077,0.6971949749682306,1,-1.4417845249189716,3,1,4,5,Normal,0.010126362835686575
-0.5644786802925077,-0.0009354948295292,1,0.6239573261004014,22,2,3,4,Normal,0.048825626574495073
-0.5644786802925077,0.3830362635592385,0,0.6239573261004014,19,7,4,0,Normal,0.0804909482848577
0.6703441583231574,0.5924754044985666,0,-1.4417845249189716,15,4,0,7,Normal,0.06288688679655197
0.6703441583231574,-1.1877572934857208,0,0.6239573261004014,8,7,3,3,Normal,0.09767015400184287
-0.5644786802925077,-0.5943463941576251,0,-0.408913599409285,17,6,4,2,Normal,0.13048070263489903
-0.1528710674206193,-1.083037723016057,0,0.6239573261004014,6,6,2,7,Normal,0.10262511439669753
1.4935593840669343,-0.664159441137401,0,-1.4417845249189716,11,6,2,5,Normal,0.0904733529483086
-0.5644786802925077,0.8019145454378945,0,0.6239573261004014,3,1,2,5,Normal,0.14266144070715853
-0.5644786802925077,-1.048131199526169,0,-0.408913599409285,18,5,4,3,Normal,0.12360893788725263
-0.5644786802925077,0.4528493105390145,0,-1.4417845249189716,18,1,0,2,Normal,0.0879724674206599
0.6703441583231574,-0.7339724881171771,0,1.656828251610088,6,0,3,4,Normal,0.07097416811605528
1.4935593840669343,1.639671109195206,0,0.6239573261004014,20,0,2,6,Normal,0.037389684928608724
-0.5644786802925077,0.5575688810086785,0,-0.408913599409285,13,6,4,1,Normal,0.13425221128570813
-0.5644786802925077,1.6745776326850943,0,1.656828251610088,23,0,4,5,Normal,0.03046706687829781
-0.5644786802925077,1.2556993508064382,1,0.6239573261004014,20,3,2,1,Normal,0.029469706457496248
-0.5644786802925077,0.6971949749682306,0,0.6239573261004014,2,4,2,7,Normal,0.1176268574164866
-0.5644786802925077,-0.2801876827486331,0,0.6239573261004014,22,7,0,0,Normal,0.061417468994400815
2.316774609810712,0.1037840756401346,1,-0.408913599409285,16,1,1,3,Normal,0.01823452021347538
-0.5644786802925077,1.3255123977862149,0,-0.408913599409285,18,3,0,6,Normal,0.11054469007868895
-0.5644786802925077,-0.0358420183194171,0,0.6239573261004014,19,0,0,3,Normal,0.09781887143141121
-0.5644786802925077,0.5226623575187906,1,-1.4417845249189716,11,5,0,5,Normal,0.038899138138542955
-0.5644786802925077,-0.7339724881171771,0,-1.4417845249189716,18,5,0,3,Normal,0.0945755077738979
-0.5644786802925077,-1.7113551458340408,0,-1.4417845249189716,3,0,3,6,Normal,0.0543951780938019
-0.5644786802925077,-0.4547203001980731,0,0.6239573261004014,23,3,2,4,Normal,0.12358026743805944
-0.5644786802925077,0.6971949749682306,0,1.656828251610088,14,5,1,0,Normal,0.09164375070791142
-0.5644786802925077,-1.7113551458340408,0,-0.408913599409285,20,3,4,6,Normal,0.08483010687879478
-0.5644786802925077,-0.629252917647513,1,-0.408913599409285,9,0,2,3,Normal,0.055020778645804236
-0.5644786802925077,-1.5368225283846009,0,-0.408913599409285,23,6,2,6,Normal,0.08937429587040158
-0.5644786802925077,-1.117944246505945,0,-0.408913599409285,6,6,3,7,Normal,0.11495345410284902
-0.5644786802925077,1.5698580622154303,0,-0.408913599409285,23,5,1,4,Normal,0.09586072924038436
0.6703441583231574,1.639671109195206,0,-0.408913599409285,15,2,4,4,Normal,0.08528678066600426
1.4935593840669343,0.2434101695996867,1,-0.408913599409285,5,3,2,2,Normal,0.03632874211318293
-0.5644786802925077,0.0339710286603586,0,1.656828251610088,5,0,2,1,Normal,0.10061152884053126
-0.5644786802925077,1.5698580622154303,0,1.656828251610088,9,6,3,2,Normal,0.09093646979089631
-0.5644786802925077,-0.664159441137401,0,-0.408913599409285,15,6,1,3,Normal,0.16624650374836686
-0.5644786802925077,1.3953254447659904,0,-0.408913599409285,6,5,4,3,Normal,0.1185755718572225
2.7283822226826,-1.397196434425049,0,1.656828251610088,11,5,4,1,Normal,0.008903634398059523
-0.5644786802925077,0.6273819279884545,0,0.6239573261004014,19,1,2,0,Normal,0.10827979643444219
-0.5644786802925077,0.4877558340289027,0,-1.4417845249189716,22,1,4,0,Normal,0.0592523430333447
-0.5644786802925077,0.8368210689277826,0,-1.4417845249189716,23,2,1,2,Normal,0.07907930812957609
-0.5644786802925077,0.9764471628873344,1,-0.408913599409285,1,2,4,2,Normal,0.024501259785776774
1.081951771195046,0.4877558340289027,1,0.6239573261004014,3,4,2,6,Normal,0.029711290183849104
-0.5644786802925077,0.7321014984581184,0,-0.408913599409285,1,0,4,5,Normal,0.09526521527220633
-0.5644786802925077,-0.3150942062385213,0,0.6239573261004014,6,7,4,0,Normal,0.08059867009269439
0.6703441583231574,-0.4547203001980731,0,-0.408913599409285,18,5,1,5,Normal,0.1236583164460553
1.081951771195046,1.2906058742963262,0,-1.4417845249189716,2,5,1,4,Normal,0.06997563004639085
-0.5644786802925077,-1.5019160048947129,1,-1.4417845249189716,0,3,4,0,Suspicious,-0.029661414104438344
0.6703441583231574,-0.5594398706677371,0,-0.408913599409285,22,0,2,6,Normal,0.08099371778317199
1.081951771195046,0.1037840756401346,1,0.6239573261004014,4,7,4,6,Normal,0.0003117269974273196
-0.5644786802925077,-0.4198137767081852,0,-1.4417845249189716,15,5,4,6,Normal,0.10283564129540057
1.4935593840669343,-1.292476863955385,0,-1.4417845249189716,15,1,3,4,Normal,0.0622844363472943
-0.5644786802925077,-0.0009354948295292,0,-1.4417845249189716,22,5,4,7,Normal,0.08285697285462001
-0.5644786802925077,-0.2452811592587452,0,-0.408913599409285,20,6,2,0,Normal,0.1149157464451101
-0.5644786802925077,1.1160732568468863,0,-0.408913599409285,21,0,4,5,Normal,0.09886734171425138
-0.5644786802925077,-0.664159441137401,0,-1.4417845249189716,16,7,3,1,Normal,0.09707003477789711
-0.5644786802925077,0.2783166930895746,0,-1.4417845249189716,22,4,0,1,Normal,0.0784829017876747
-0.5644786802925077,-1.5019160048947129,0,-0.408913599409285,1,1,2,0,Normal,0.10193194012149176
-0.5644786802925077,0.8368210689277826,0,0.6239573261004014,18,4,1,5,Normal,0.13835452503410223
-0.5644786802925077,-0.0009354948295292,0,1.656828251610088,9,7,3,6,Normal,0.0899781821880904
-0.5644786802925077,1.0811667333569983,0,-0.408913599409285,0,6,0,0,Normal,0.06913464623842791
-0.5644786802925077,0.8019145454378945,0,0.6239573261004014,23,7,1,0,Normal,0.060181140522671206
2.316774609810712,-0.489626823687961,1,-0.408913599409285,2,4,0,6,Suspicious,-0.009919541285990485
-0.5644786802925077,-1.362289910935161,0,0.6239573261004014,21,4,0,1,Normal,0.08793282930134616
-0.5644786802925077,-1.5717290518744889,0,1.656828251610088,6,5,2,0,Normal,0.07561627980083829
-0.5644786802925077,1.2556993508064382,0,-1.4417845249189716,12,6,0,3,Normal,0.09667966769976855
-0.5644786802925077,-0.5594398706677371,0,-0.408913599409285,9,5,1,3,Normal,0.17089397616301066
-0.5644786802925077,-0.1754681122789692,0,0.6239573261004014,17,6,1,1,Normal,0.14115826535336873
-0.5644786802925077,1.3604189212761024,0,-0.408913599409285,7,5,1,5,Normal,0.14783138337624357
1.4935593840669343,1.1858863038266625,1,-0.408913599409285,2,4,1,6,Normal,0.005939025363573491
-0.5644786802925077,-1.048131199526169,1,-0.408913599409285,1,7,1,4,Normal,0.0272442905377418
-0.5644786802925077,1.0462602098671103,0,0.6239573261004014,8,4,2,1,Normal,0.13917487437965337
-0.5644786802925077,-1.257570340465497,0,-0.408913599409285,18,3,2,6,Normal,0.13155242675906748
-0.5644786802925077,-0.4547203001980731,0,-1.4417845249189716,14,7,0,4,Normal,0.09044341285998236
-0.5644786802925077,0.7321014984581184,0,-0.408913599409285,16,4,1,4,Normal,0.1587285894348766
-0.5644786802925077,0.5924754044985666,0,1.656828251610088,17,6,0,1,Normal,0.09713577089905401
-0.5644786802925077,-1.6066355753643766,0,-0.408913599409285,14,1,2,1,Normal,0.13616744682565785
-0.5644786802925077,-1.7462616693239288,0,0.6239573261004014,15,7,3,1,Normal,0.09926256288297464
-0.1528710674206193,1.5698580622154303,0,-0.408913599409285,7,7,1,2,Normal,0.08154621531789508
-0.5644786802925077,-0.2801876827486331,0,0.6239573261004014,4,3,2,0,Normal,0.13140909301869746
0.6703441583231574,-0.2452811592587452,0,-1.4417845249189716,14,7,2,4,Normal,0.0955749843060354
-0.5644786802925077,0.3132232165794628,0,0.6239573261004014,0,5,1,5,Normal,0.12977851730510942
-0.5644786802925077,0.0339710286603586,1,-0.408913599409285,20,6,4,1,Normal,0.02731028924862422
1.9051669969388227,-1.117944246505945,0,0.6239573261004014,20,3,0,0,Normal,0.04151894640393872
-0.5644786802925077,1.3255123977862149,0,0.6239573261004014,16,5,1,5,Normal,0.13941719628016436
0.6703441583231574,0.9066341159075584,0,-0.408913599409285,16,6,4,5,Normal,0.08679710666330787
-0.5644786802925077,0.9415406393974466,0,-0.408913599409285,22,0,4,7,Normal,0.06746247349859613
-0.5644786802925077,-0.7339724881171771,1,0.6239573261004014,2,1,4,3,Normal,0.022559413859864708
-0.5644786802925077,-0.4198137767081852,0,0.6239573261004014,19,0,1,2,Normal,0.12372046875970932
-0.5644786802925077,0.9066341159075584,1,-0.408913599409285,14,6,4,4,Normal,0.04862008551771402
-0.5644786802925077,-1.5368225283846009,0,-1.4417845249189716,7,3,3,2,Normal,0.0994346850243466
-0.5644786802925077,-0.3150942062385213,0,1.656828251610088,21,2,1,7,Normal,0.07822348940884472
-0.5644786802925077,-0.2452811592587452,0,-1.4417845249189716,12,2,2,6,Normal,0.13299273400013684
-0.5644786802925077,0.5226623575187906,0,0.6239573261004014,11,3,2,3,Normal,0.1673061947672574
-0.5644786802925077,-0.0707485418093052,0,-1.4417845249189716,19,5,0,6,Normal,0.09380768774778048
-0.5644786802925077,-0.0707485418093052,0,1.656828251610088,0,4,1,2,Normal,0.10388140232913068
1.081951771195046,1.2906058742963262,0,-0.408913599409285,12,2,1,0,Normal,0.09035995563998456
-0.5644786802925077,-0.2801876827486331,0,-0.408913599409285,11,2,2,4,Normal,0.1790468435149018
1.081951771195046,1.4302319682558782,0,0.6239573261004014,14,0,3,6,Normal,0.07107427379016518
-0.5644786802925077,-0.5943463941576251,0,-1.4417845249189716,1,4,2,4,Normal,0.12711500761349892
-0.5644786802925077,1.604764585705318,0,-0.408913599409285,6,5,4,1,Normal,0.09617313433536334
-0.5644786802925077,0.7321014984581184,0,1.656828251610088,17,2,1,2,Normal,0.11443996728500921
2.7283822226826,0.9415406393974466,0,-1.4417845249189716,23,2,3,6,Suspicious,-0.004162468372484129
0.6703441583231574,-0.8037855350969529,0,-1.4417845249189716,22,5,0,7,Normal,0.029453286272910106
0.258736545451269,1.5349515387255426,0,-0.408913599409285,11,3,3,7,Normal,0.09480717818418771
0.258736545451269,0.4877558340289027,0,1.656828251610088,20,7,3,3,Normal,0.07905205352901334
-0.5644786802925077,0.9764471628873344,0,-0.408913599409285,21,1,3,3,Normal,0.13280372312723898
-0.1528710674206193,0.0688775521502468,1,-0.408913599409285,21,1,2,0,Normal,0.00726408480494134
-0.5644786802925077,0.1386905991300228,0,0.6239573261004014,10,2,4,1,Normal,0.12902845258625617
1.9051669969388227,-0.1405615887890813,0,-0.408913599409285,9,5,0,1,Normal,0.07147344195565364
-0.5644786802925077,-0.210374635768857,0,0.6239573261004014,17,0,3,6,Normal,0.1182694662639398
-0.5644786802925077,0.4528493105390145,0,-0.408913599409285,6,7,2,1,Normal,0.1293882876489395
-0.5644786802925077,-0.8386920585868409,1,0.6239573261004014,5,5,2,0,Normal,0.04696159568116376
-0.5644786802925077,-0.1754681122789692,0,-1.4417845249189716,22,2,2,7,Normal,0.09134192714557265
-0.5644786802925077,-0.210374635768857,0,-1.4417845249189716,16,4,1,6,Normal,0.12623537531200246
0.6703441583231574,-1.467009481404825,1,-1.4417845249189716,2,2,2,4,Normal,0.00604828276671876
1.4935593840669343,0.8368210689277826,0,1.656828251610088,18,7,2,7,Normal,0.019182396659361167
2.316774609810712,0.6971949749682306,0,-0.408913599409285,1,6,3,5,Normal,0.05730195154755191
-0.5644786802925077,-1.5019160048947129,0,-0.408913599409285,15,2,1,7,Normal,0.10682889099983056
0.258736545451269,-0.4547203001980731,0,-1.4417845249189716,1,2,1,2,Normal,0.08301874239564822
1.9051669969388227,1.639671109195206,0,1.656828251610088,7,7,1,7,Suspicious,-0.013231673057372051
1.081951771195046,-0.8386920585868409,0,-1.4417845249189716,9,7,4,0,Normal,0.03701901198389934
2.316774609810712,1.3255123977862149,0,1.656828251610088,12,3,4,4,Normal,0.02084058794360022
2.7283822226826,-0.1405615887890813,0,-0.408913599409285,21,7,1,5,Normal,0.02815524165493799
-0.5644786802925077,1.1160732568468863,0,-0.408913599409285,3,3,1,2,Normal,0.14759257249279617
1.4935593840669343,-0.1405615887890813,0,-1.4417845249189716,21,1,3,7,Normal,0.050718857471869105
-0.1528710674206193,1.1509797803367747,0,-0.408913599409285,3,7,1,6,Normal,0.08147795378990552
-0.5644786802925077,1.3953254447659904,1,0.6239573261004014,12,5,4,0,Normal,0.01034625056478966
-0.5644786802925077,-1.6764486223441528,0,-0.408913599409285,5,1,1,5,Normal,0.11747703949372856
-0.5644786802925077,0.3132232165794628,0,0.6239573261004014,1,0,1,7,Normal,0.0785072483453314
-0.5644786802925077,1.604764585705318,0,-0.408913599409285,8,6,3,2,Normal,0.11950141444603835
-0.5644786802925077,-0.8037855350969529,0,-1.4417845249189716,2,3,3,0,Normal,0.08855023388638594
-0.5644786802925077,1.7094841561749825,0,1.656828251610088,22,5,0,2,Normal,0.04789593952423521
1.4935593840669343,-1.467009481404825,0,-0.408913599409285,16,1,1,4,Normal,0.08540261196562426
-0.5644786802925077,0.0688775521502468,0,-0.408913599409285,23,2,0,5,Normal,0.10231267261225241
-0.5644786802925077,-0.3500007297284091,0,0.6239573261004014,2,6,2,2,Normal,0.1388510339610014
-0.5644786802925077,0.2085036461097985,0,-0.408913599409285,6,5,3,3,Normal,0.16050698488758203
-0.5644786802925077,1.7443906796648705,0,0.6239573261004014,15,7,3,3,Normal,0.09936618223581328
-0.5644786802925077,-1.7462616693239288,0,-1.4417845249189716,5,0,1,3,Normal,0.07412893146597832
-0.1528710674206193,1.1858863038266625,0,-0.408913599409285,18,5,1,1,Normal,0.10484114670767214
-0.5644786802925077,-1.7462616693239288,0,1.656828251610088,5,6,0,5,Normal,0.04444294377155866
-0.5644786802925077,1.4302319682558782,0,0.6239573261004014,21,1,1,6,Normal,0.10998861394703413
2.316774609810712,-0.524533347177849,0,-0.408913599409285,3,3,3,2,Normal,0.07308482827740503
-0.5644786802925077,-1.0132246760362809,0,0.6239573261004014,19,4,0,3,Normal,0.1160504902553045
-0.5644786802925077,0.3132232165794628,0,-0.408913599409285,1,0,4,6,Normal,0.09551322304325527
-0.5644786802925077,0.9764471628873344,0,0.6239573261004014,18,1,0,6,Normal,0.10567313518618876
-0.5644786802925077,-0.2452811592587452,0,-0.408913599409285,16,7,3,4,Normal,0.14674867186878604
-0.5644786802925077,-1.5019160048947129,0,0.6239573261004014,14,6,2,5,Normal,0.12473822489093905
0.258736545451269,0.8368210689277826,0,-0.408913599409285,4,3,1,6,Normal,0.1193356342146627
0.6703441583231574,-1.5368225283846009,1,0.6239573261004014,0,0,3,6,Suspicious,-0.024042748068686004
0.6703441583231574,-1.048131199526169,0,0.6239573261004014,7,5,2,6,Normal,0.11811268405748648
1.4935593840669343,-0.8037855350969529,1,0.6239573261004014,2,2,2,5,Normal,0.01948060477587521
2.7283822226826,0.4877558340289027,0,-0.408913599409285,4,6,3,2,Normal,0.03986755232982986
2.7283822226826,0.1037840756401346,1,1.656828251610088,21,0,3,7,Suspicious,-0.06182556580876086
-0.1528710674206193,-1.083037723016057,1,-0.408913599409285,2,7,2,1,Normal,0.012116117010927852
-0.5644786802925077,0.0688775521502468,0,0.6239573261004014,8,7,2,3,Normal,0.1416828538644498
1.9051669969388227,-0.1405615887890813,0,-0.408913599409285,20,6,0,0,Normal,0.03991459974323752
1.081951771195046,-0.5594398706677371,0,1.656828251610088,19,5,0,0,Normal,0.032424727770335116
-0.5644786802925077,-0.489626823687961,0,1.656828251610088,8,3,2,3,Normal,0.13583046992637682
0.6703441583231574,-1.222663816975609,0,-0.408913599409285,8,0,0,2,Normal,0.06422116171012915
-0.5644786802925077,0.9066341159075584,0,-0.408913599409285,12,2,3,2,Normal,0.16086762736371968
-0.5644786802925077,1.6745776326850943,0,-0.408913599409285,1,4,0,3,Normal,0.08876851311649436
-0.5644786802925077,-0.2801876827486331,1,-0.408913599409285,19,4,3,7,Normal,0.048646577491559095
-0.5644786802925077,-1.0132246760362809,0,1.656828251610088,3,0,3,1,Normal,0.0916898758150897
-0.5644786802925077,0.7670080219480067,0,0.6239573261004014,16,0,0,5,Normal,0.09894688581580646
1.081951771195046,-1.6415420988542648,0,1.656828251610088,21,4,0,5,Normal,0.01690187758698103
1.9051669969388227,-1.467009481404825,0,-1.4417845249189716,13,4,0,7,Normal,0.0064231873782638615
0.258736545451269,-1.7462616693239288,0,0.6239573261004014,15,7,3,6,Normal,0.06378933085093352
-0.5644786802925077,-0.2801876827486331,1,0.6239573261004014,9,1,4,5,Normal,0.028442533189325325
-0.5644786802925077,-1.362289910935161,0,0.6239573261004014,17,1,3,2,Normal,0.1220357036772835
-0.5644786802925077,-0.0009354948295292,0,-1.4417845249189716,21,6,4,4,Normal,0.09536814304940089
-0.5644786802925077,0.4179427870491267,1,-1.4417845249189716,3,3,2,4,Normal,0.05156625000571624
-0.5644786802925077,1.0462602098671103,0,-0.408913599409285,5,6,0,2,Normal,0.11628903493850662
-0.5644786802925077,1.1858863038266625,0,-0.408913599409285,0,0,0,6,Normal,0.07473200816759806
1.081951771195046,-1.362289910935161,0,-0.408913599409285,19,5,4,0,Normal,0.04469217750916887
0.258736545451269,-0.908505105566617,0,-1.4417845249189716,20,0,1,3,Normal,0.06635561641919807
2.7283822226826,1.2556993508064382,1,-0.408913599409285,7,1,1,7,Suspicious,-0.027558476709963253
-0.5644786802925077,-0.0009354948295292,0,-0.408913599409285,9,7,3,1,Normal,0.13540323744207539
-0.5644786802925077,-0.3849072532182971,0,-1.4417845249189716,19,6,4,3,Normal,0.10109075885690366
1.4935593840669343,0.6273819279884545,0,-0.408913599409285,9,1,3,6,Normal,0.098035677507044
1.9051669969388227,0.7670080219480067,1,0.6239573261004014,1,6,0,4,Suspicious,-0.02079028815977868
-0.5644786802925077,0.9066341159075584,0,-0.408913599409285,0,1,2,1,Normal,0.11555878802077324
-0.5644786802925077,-1.117944246505945,0,1.656828251610088,23,0,2,5,Normal,0.06824209710463025
1.9051669969388227,0.1735971226199107,0,0.6239573261004014,3,0,0,7,Normal,0.028903841436213162
-0.1528710674206193,0.3132232165794628,0,0.6239573261004014,9,7,2,2,Normal,0.11196104560760184
1.4935593840669343,1.3953254447659904,0,-1.4417845249189716,9,3,2,7,Normal,0.05498137173329165
-0.5644786802925077,-1.222663816975609,0,-0.408913599409285,17,2,2,3,Normal,0.14659611694530644
0.6703441583231574,1.2207928273165505,0,-0.408913599409285,14,1,0,5,Normal,0.08395565019545959
1.081951771195046,-0.8386920585868409,1,0.6239573261004014,18,4,4,1,Suspicious,-0.0017782436085056474
-0.5644786802925077,-1.362289910935161,1,1.656828251610088,22,5,1,0,Suspicious,-0.018671253502669627
-0.5644786802925077,-0.9783181525463928,0,0.6239573261004014,6,5,1,5,Normal,0.15451359810305193
1.081951771195046,-1.1877572934857208,1,0.6239573261004014,5,5,3,3,Normal,0.02659595508818713
-0.5644786802925077,-0.6990659646272891,0,-0.408913599409285,12,5,1,6,Normal,0.15829692093830428
-0.5644786802925077,-1.6066355753643766,0,0.6239573261004014,23,4,0,7,Normal,0.04099920701714732
-0.5644786802925077,-0.1405615887890813,0,-0.408913599409285,13,1,2,1,Normal,0.1598696787256383
-0.5644786802925077,0.4179427870491267,0,0.6239573261004014,12,4,3,3,Normal,0.1612302072849739
-0.5644786802925077,-1.117944246505945,0,0.6239573261004014,6,6,0,2,Normal,0.10771589628714728
-0.5644786802925077,1.639671109195206,0,0.6239573261004014,14,7,1,7,Normal,0.07262360023481906
-0.5644786802925077,-0.8386920585868409,0,0.6239573261004014,21,4,3,1,Normal,0.12185726113293421
-0.5644786802925077,0.7670080219480067,0,-0.408913599409285,7,2,0,0,Normal,0.10836355055240166
-0.5644786802925077,0.8717275924176705,0,-0.408913599409285,18,5,0,2,Normal,0.12225818530024246
1.4935593840669343,-0.1754681122789692,0,1.656828251610088,20,3,3,4,Normal,0.07818411628988797
-0.5644786802925077,-1.6764486223441528,0,-1.4417845249189716,7,1,4,1,Normal,0.05964832100893802
0.258736545451269,-0.3500007297284091,0,0.6239573261004014,21,3,0,4,Normal,0.0866892026582261
-0.5644786802925077,0.8717275924176705,0,0.6239573261004014,15,3,4,6,Normal,0.11598797924351789
0.258736545451269,0.0688775521502468,0,1.656828251610088,23,2,2,6,Normal,0.06972384312137692
-0.5644786802925077,0.7670080219480067,0,-0.408913599409285,20,2,3,4,Normal,0.15327869038380376
0.258736545451269,1.7443906796648705,0,-0.408913599409285,1,4,2,4,Normal,0.08634767593955428
2.316774609810712,1.5349515387255426,0,-1.4417845249189716,17,3,1,2,Normal,0.040794619753276806
-0.5644786802925077,0.6971949749682306,0,-0.408913599409285,19,2,1,5,Normal,0.15348574840775386
-0.5644786802925077,0.6971949749682306,0,0.6239573261004014,13,3,0,1,Normal,0.12077260131931872
-0.5644786802925077,0.9764471628873344,0,0.6239573261004014,21,1,4,3,Normal,0.10258252650725963
-0.5644786802925077,-1.5368225283846009,0,0.6239573261004014,10,4,0,6,Normal,0.09442910031771434
-0.5644786802925077,-0.5594398706677371,0,0.6239573261004014,8,4,4,2,Normal,0.12600115293266434
-0.5644786802925077,-1.0132246760362809,0,-0.408913599409285,22,4,1,3,Normal,0.13704911208039822
-0.5644786802925077,-0.8037855350969529,0,-1.4417845249189716,8,7,0,0,Normal,0.06519307885679193
-0.5644786802925077,0.5575688810086785,1,-0.408913599409285,21,5,1,2,Normal,0.031716529802195303
1.4935593840669343,1.1160732568468863,0,-1.4417845249189716,17,6,4,3,Normal,0.0465864812528195
-0.5644786802925077,-0.7688790116070651,1,1.656828251610088,4,1,0,5,Suspicious,-0.011566988823733304
-0.5644786802925077,-1.5019160048947129,0,-0.408913599409285,19,5,3,3,Normal,0.12414605321643168
-0.5644786802925077,1.0113536863772226,1,-0.408913599409285,18,3,1,6,Normal,0.055521702692719055
0.258736545451269,-0.4198137767081852,0,-0.408913599409285,17,5,4,6,Normal,0.10864041999179702
-0.5644786802925077,-0.908505105566617,0,-1.4417845249189716,1,5,1,2,Normal,0.1048736520350726
-0.5644786802925077,-1.6415420988542648,0,-1.4417845249189716,19,1,4,3,Normal,0.0758056767139409
-0.5644786802925077,-0.4198137767081852,0,1.656828251610088,21,1,3,7,Normal,0.07096069530254079
-0.5644786802925077,-0.9783181525463928,0,-0.408913599409285,21,3,4,3,Normal,0.12365217688828223
-0.5644786802925077,-0.629252917647513,0,-0.408913599409285,15,0,4,3,Normal,0.12801115464947727
-0.5644786802925077,-1.5019160048947129,1,0.6239573261004014,9,7,0,7,Suspicious,-0.01198699242849166
-0.5644786802925077,1.1858863038266625,0,0.6239573261004014,9,4,2,7,Normal,0.11728557570422554
1.081951771195046,-1.222663816975609,0,1.656828251610088,18,6,3,2,Normal,0.05814118298559423
0.258736545451269,-1.6764486223441528,0,-1.4417845249189716,17,7,1,2,Normal,0.04636237692392464
-0.5644786802925077,0.3830362635592385,0,-1.4417845249189716,5,0,3,3,Normal,0.10484322147476799
-0.5644786802925077,-0.7339724881171771,0,-1.4417845249189716,16,6,1,7,Normal,0.09726952487926432
-0.5644786802925077,-1.117944246505945,0,1.656828251610088,2,3,1,4,Normal,0.10773727097742974
1.9051669969388227,1.2207928273165505,0,-1.4417845249189716,11,5,3,6,Normal,0.0590709787378203
1.081951771195046,0.5575688810086785,1,-1.4417845249189716,14,4,1,4,Normal,0.024755136827283253
-0.5644786802925077,1.7094841561749825,0,-1.4417845249189716,16,3,3,2,Normal,0.08339457553313934
-0.5644786802925077,-1.1528507699958328,0,-0.408913599409285,7,4,2,5,Normal,0.15558155333927304
-0.5644786802925077,-1.3273833874452727,0,-0.408913599409285,0,4,1,3,Normal,0.11658430672789594
-0.5644786802925077,1.0113536863772226,0,-0.408913599409285,12,7,4,0,Normal,0.0845994729886499
-0.5644786802925077,-0.9783181525463928,0,0.6239573261004014,12,4,0,4,Normal,0.13209969304604485
-0.5644786802925077,-0.873598582076729,0,-0.408913599409285,4,0,3,1,Normal,0.1322201104574452
-0.5644786802925077,1.4651384917457662,0,0.6239573261004014,19,7,2,6,Normal,0.09577512963555312
-0.5644786802925077,-0.7339724881171771,0,1.656828251610088,14,7,1,4,Normal,0.11076313681637528
-0.5644786802925077,0.3132232165794628,0,0.6239573261004014,7,0,3,1,Normal,0.13261536928756784
1.4935593840669343,1.3953254447659904,0,1.656828251610088,6,0,0,6,Normal,0.005224286702216863
2.316774609810712,-0.0358420183194171,0,-0.408913599409285,1,3,4,7,Normal,0.036663190130804324
1.9051669969388227,-0.908505105566617,0,0.6239573261004014,0,3,3,6,Normal,0.08335929010517618
0.6703441583231574,0.9764471628873344,0,-1.4417845249189716,23,7,3,7,Normal,0.03701271910087767
-0.5644786802925077,0.5575688810086785,0,0.6239573261004014,11,5,2,3,Normal,0.16538220680757426
-0.5644786802925077,-1.1528507699958328,0,-0.408913599409285,20,2,1,4,Normal,0.14559325656464123
1.081951771195046,-1.7462616693239288,0,-1.4417845249189716,10,7,0,1,Normal,0.013732554956316423
2.316774609810712,-0.1754681122789692,1,-1.4417845249189716,16,5,3,6,Suspicious,-0.00443240699110603
-0.5644786802925077,0.1386905991300228,0,-0.408913599409285,8,5,1,6,Normal,0.1599971629349508
0.258736545451269,-1.0132246760362809,0,-1.4417845249189716,2,2,1,3,Normal,0.08447304129465028
1.4935593840669343,-0.664159441137401,1,1.656828251610088,20,2,2,7,Suspicious,-0.01661497510385279
-0.5644786802925077,0.9415406393974466,0,-0.408913599409285,6,4,1,6,Normal,0.1463259645990046
-0.5644786802925077,0.6622884514783427,0,0.6239573261004014,5,5,3,4,Normal,0.15046103753758555
-0.5644786802925077,0.7670080219480067,1,-1.4417845249189716,9,4,1,7,Normal,0.04299355881166944
-0.5644786802925077,0.2434101695996867,0,-0.408913599409285,22,6,1,6,Normal,0.12900759099297127
-0.5644786802925077,-0.8386920585868409,1,1.656828251610088,22,6,4,5,Suspicious,-0.0024560775204244267
-0.5644786802925077,-1.1877572934857208,0,-0.408913599409285,21,0,3,5,Normal,0.11589989423620611
2.7283822226826,-0.5943463941576251,0,0.6239573261004014,18,1,2,1,Normal,0.07242373416762105
-0.5644786802925077,-1.0132246760362809,0,1.656828251610088,11,4,2,1,Normal,0.1329052031741933
-0.5644786802925077,-1.5019160048947129,0,0.6239573261004014,15,3,0,1,Normal,0.1004140652199017
-0.5644786802925077,0.7670080219480067,0,-0.408913599409285,5,0,4,4,Normal,0.1074649043080651
-0.5644786802925077,0.2434101695996867,0,1.656828251610088,8,6,4,0,Normal,0.06958865955035876
-0.5644786802925077,-1.3273833874452727,0,-0.408913599409285,17,1,1,2,Normal,0.1291960120880289
-0.5644786802925077,0.9764471628873344,0,-0.408913599409285,14,7,3,6,Normal,0.11610112668762662
-0.5644786802925077,1.0462602098671103,0,0.6239573261004014,17,3,4,5,Normal,0.11710016903991066
-0.5644786802925077,1.2207928273165505,0,0.6239573261004014,11,7,1,7,Normal,0.09476668496972807
2.7283822226826,0.1386905991300228,0,0.6239573261004014,1,2,2,2,Normal,0.07205467767054385
-0.5644786802925077,0.3830362635592385,0,-1.4417845249189716,14,2,4,5,Normal,0.10817821444258746
-0.5644786802925077,-0.664159441137401,0,0.6239573261004014,8,4,3,5,Normal,0.15109772675928101
-0.1528710674206193,0.6273819279884545,0,0.6239573261004014,5,7,0,1,Normal,0.06925254582045992
-0.5644786802925077,0.7670080219480067,0,-0.408913599409285,16,1,0,5,Normal,0.12352759449835699
-0.5644786802925077,-0.1754681122789692,1,0.6239573261004014,23,0,4,5,Suspicious,-0.001367905534584657
1.9051669969388227,-0.5943463941576251,0,0.6239573261004014,21,0,4,6,Normal,0.04554467995618139
-0.1528710674206193,0.5924754044985666,0,-0.408913599409285,13,5,1,4,Normal,0.14494543927799103
-0.5644786802925077,1.3953254447659904,0,-1.4417845249189716,17,6,4,3,Normal,0.08646434339553843
-0.5644786802925077,-1.3273833874452727,0,-0.408913599409285,11,2,2,3,Normal,0.15814585137441844
-0.5644786802925077,0.4179427870491267,0,-1.4417845249189716,19,6,2,2,Normal,0.11705732492770782
-0.5644786802925077,-0.1754681122789692,1,0.6239573261004014,9,4,0,6,Normal,0.037323073216699254
-0.5644786802925077,-0.664159441137401,0,0.6239573261004014,15,3,0,5,Normal,0.1301279731081088
1.4935593840669343,-1.3273833874452727,0,1.656828251610088,13,4,1,0,Normal,0.03773655347266447
2.7283822226826,0.8368210689277826,0,0.6239573261004014,14,6,1,7,Normal,0.03528025050586747
1.4935593840669343,-1.222663816975609,0,0.6239573261004014,15,1,4,4,Normal,0.08217028348863487
-0.5644786802925077,-0.5594398706677371,0,-0.408913599409285,6,2,3,4,Normal,0.16660604824092778
-0.5644786802925077,-1.6764486223441528,1,-0.408913599409285,6,2,3,1,Normal,0.035393027678663036
-0.5644786802925077,0.2783166930895746,0,-1.4417845249189716,6,4,3,7,Normal,0.11406814125473497
-0.5644786802925077,-0.0009354948295292,0,-0.408913599409285,22,2,4,0,Normal,0.09226532525358211
0.6703441583231574,-1.397196434425049,0,1.656828251610088,10,7,3,1,Normal,0.05952453235779109
-0.5644786802925077,1.3604189212761024,0,-0.408913599409285,5,7,1,7,Normal,0.077168074163251
1.081951771195046,0.2434101695996867,0,1.656828251610088,0,7,4,7,Normal,0.015592193206613869
-0.5644786802925077,1.4302319682558782,0,0.6239573261004014,19,6,2,6,Normal,0.1137178995297618
0.258736545451269,-0.2801876827486331,0,-0.408913599409285,23,4,0,2,Normal,0.08295528486188342
-0.5644786802925077,-0.3849072532182971,0,0.6239573261004014,14,2,3,4,Normal,0.157292073732058
-0.5644786802925077,-0.7688790116070651,0,-1.4417845249189716,17,0,4,3,Normal,0.08231386318345701
-0.5644786802925077,-0.943411629056505,0,-1.4417845249189716,3,2,0,6,Normal,0.08198541818559857
-0.5644786802925077,0.6971949749682306,0,0.6239573261004014,0,6,2,0,Normal,0.09286937928487171
-0.5644786802925077,-0.2452811592587452,0,-0.408913599409285,9,3,1,6,Normal,0.16514509933164678
-0.5644786802925077,-0.5594398706677371,0,-0.408913599409285,3,6,2,7,Normal,0.1297079474542301
0.6703441583231574,0.6622884514783427,0,0.6239573261004014,4,1,3,5,Normal,0.10531646762733526
-0.5644786802925077,1.3953254447659904,0,-0.408913599409285,16,1,1,7,Normal,0.10413248917284301
-0.5644786802925077,0.9415406393974466,0,-1.4417845249189716,7,3,3,4,Normal,0.13226065567894435
-0.5644786802925077,1.7094841561749825,0,-1.4417845249189716,8,7,4,4,Normal,0.05899243539725696
-0.5644786802925077,-0.8037855350969529,0,0.6239573261004014,1,4,2,1,Normal,0.13468573719996674
-0.5644786802925077,0.0688775521502468,0,-1.4417845249189716,19,7,2,1,Normal,0.09419094610804613
1.4935593840669343,-1.7113551458340408,0,-0.408913599409285,2,0,1,6,Normal,0.036798126727039526
1.4935593840669343,0.5924754044985666,0,-1.4417845249189716,23,3,1,1,Normal,0.04564586037346163
-0.5644786802925077,1.7094841561749825,0,1.656828251610088,22,7,1,4,Normal,0.05891508460670303
-0.5644786802925077,1.2556993508064382,0,-0.408913599409285,13,6,0,2,Normal,0.11612444931923527
-0.5644786802925077,-1.7113551458340408,0,-0.408913599409285,2,3,4,4,Normal,0.08836323838167837
-0.5644786802925077,-1.257570340465497,1,-1.4417845249189716,14,5,2,4,Normal,0.04159003616031065
0.258736545451269,-0.943411629056505,0,1.656828251610088,8,0,3,7,Normal,0.045678184763272345
-0.5644786802925077,0.5575688810086785,0,-1.4417845249189716,14,6,4,3,Normal,0.11021051935245735
-0.5644786802925077,-0.3849072532182971,0,0.6239573261004014,1,3,1,7,Normal,0.10982701158533986
-0.5644786802925077,0.8717275924176705,0,0.6239573261004014,12,6,2,1,Normal,0.13790696268846386
1.9051669969388227,0.0688775521502468,0,-0.408913599409285,15,6,0,3,Normal,0.08110952512877623
-0.5644786802925077,-0.2452811592587452,0,0.6239573261004014,1,4,1,4,Normal,0.1388383774034756
-0.5644786802925077,-0.664159441137401,1,-0.408913599409285,0,1,0,3,Normal,0.01867978371441681
-0.5644786802925077,1.3604189212761024,0,0.6239573261004014,1,3,3,1,Normal,0.12051256328626525
-0.5644786802925077,-1.4321029579149367,0,-1.4417845249189716,14,2,1,3,Normal,0.11590047851033547
1.9051669969388227,-1.5717290518744889,0,-0.408913599409285,0,3,4,7,Normal,0.014172932780654346
1.9051669969388227,-1.3273833874452727,0,-0.408913599409285,7,0,3,3,Normal,0.0700845896263611
-0.5644786802925077,0.1735971226199107,0,0.6239573261004014,9,7,2,1,Normal,0.13427074108189108
-0.5644786802925077,-0.1056550652991931,0,-1.4417845249189716,11,4,1,5,Normal,0.14813419627784713
-0.1528710674206193,1.5349515387255426,0,-1.4417845249189716,19,2,3,4,Normal,0.08654176734558172
-0.5644786802925077,0.6622884514783427,0,-1.4417845249189716,18,4,0,4,Normal,0.10555820164744822
-0.5644786802925077,1.3255123977862149,1,1.656828251610088,13,5,2,7,Normal,0.025178315019164677
-0.5644786802925077,-1.048131199526169,0,-0.408913599409285,0,3,2,7,Normal,0.10118492604151186
-0.5644786802925077,0.7321014984581184,0,1.656828251610088,9,2,0,1,Normal,0.09097126764927022
-0.5644786802925077,-1.6066355753643766,0,-0.408913599409285,22,7,1,1,Normal,0.08778024971090637
-0.5644786802925077,1.1509797803367747,0,0.6239573261004014,5,5,3,5,Normal,0.13909494158537716
-0.5644786802925077,1.4651384917457662,0,0.6239573261004014,21,4,2,6,Normal,0.11290291101568362
-0.5644786802925077,1.1858863038266625,1,0.6239573261004014,15,2,2,3,Normal,0.056034114513316635
-0.5644786802925077,-1.292476863955385,0,0.6239573261004014,6,3,4,6,Normal,0.11024257893339712
-0.5644786802925077,1.2207928273165505,1,-0.408913599409285,15,6,2,3,Normal,0.05484365593910834
-0.5644786802925077,0.4877558340289027,0,-0.408913599409285,7,4,4,6,Normal,0.1290362917544336
-0.5644786802925077,0.0688775521502468,0,0.6239573261004014,15,1,1,5,Normal,0.15132342830439627
1.4935593840669343,0.2783166930895746,0,0.6239573261004014,8,7,2,7,Normal,0.06261816586260782
-0.5644786802925077,-1.4321029579149367,0,-0.408913599409285,15,4,3,3,Normal,0.14287041761177066
1.9051669969388227,1.0462602098671103,0,1.656828251610088,2,7,0,5,Normal,0.0062790837389528065
-0.5644786802925077,-0.1405615887890813,0,1.656828251610088,15,2,3,2,Normal,0.12697197558088352
0.258736545451269,-0.4547203001980731,0,0.6239573261004014,11,5,2,4,Normal,0.14713903375330517
-0.5644786802925077,-1.5717290518744889,0,-1.4417845249189716,9,1,3,5,Normal,0.09763679914951506
-0.5644786802925077,0.4528493105390145,0,-1.4417845249189716,19,1,1,6,Normal,0.1041572554440191
-0.5644786802925077,-0.943411629056505,0,0.6239573261004014,20,7,3,3,Normal,0.11699462970913715
-0.5644786802925077,-0.4547203001980731,0,-1.4417845249189716,11,0,4,7,Normal,0.058378833245868345
-0.5644786802925077,-0.3500007297284091,0,-0.408913599409285,14,7,4,4,Normal,0.1258878492424666
-0.5644786802925077,0.2434101695996867,0,0.6239573261004014,14,2,3,7,Normal,0.12051229366528754
-0.5644786802925077,-0.7339724881171771,1,0.6239573261004014,20,5,3,7,Normal,0.027864618192778523
-0.1528710674206193,1.7094841561749825,0,-1.4417845249189716,10,4,2,1,Normal,0.07856951676533375
-0.5644786802925077,1.639671109195206,0,-0.408913599409285,13,2,3,1,Normal,0.12747209736372284
-0.5644786802925077,-1.222663816975609,0,-1.4417845249189716,22,3,2,4,Normal,0.09949172404684525
-0.5644786802925077,-0.2452811592587452,0,-1.4417845249189716,3,7,2,2,Normal,0.11200442866702193
-0.5644786802925077,-1.1877572934857208,0,1.656828251610088,7,7,4,3,Normal,0.07598857601479037
-0.5644786802925077,1.2906058742963262,0,-0.408913599409285,14,0,2,5,Normal,0.13441354827409785
-0.5644786802925077,-1.048131199526169,0,-1.4417845249189716,14,7,2,7,Normal,0.08180963022853505
-0.5644786802925077,-1.5019160048947129,0,-0.408913599409285,13,0,1,0,Normal,0.10767737212660922
-0.5644786802925077,1.5349515387255426,0,-1.4417845249189716,22,5,0,0,Normal,0.027854253024055975
-0.5644786802925077,1.4302319682558782,1,-0.408913599409285,15,6,4,7,Normal,0.011587987571311631
-0.5644786802925077,-0.943411629056505,0,1.656828251610088,10,4,4,2,Normal,0.1104395913537633
-0.5644786802925077,-0.2801876827486331,0,-0.408913599409285,15,2,1,0,Normal,0.14841840806935058
-0.5644786802925077,-0.0707485418093052,1,0.6239573261004014,23,3,0,0,Suspicious,-0.008597720424494582
-0.5644786802925077,-1.0132246760362809,0,0.6239573261004014,5,3,1,0,Normal,0.1199526800821683
1.9051669969388227,0.9066341159075584,0,-0.408913599409285,9,7,2,7,Normal,0.054954333661279775
0.258736545451269,-0.873598582076729,0,1.656828251610088,6,5,3,4,Normal,0.10007373425209432
1.4935593840669343,-0.210374635768857,0,-0.408913599409285,20,3,3,4,Normal,0.11171179098881673
-0.5644786802925077,-0.873598582076729,1,0.6239573261004014,1,1,2,2,Normal,0.03393907021654963
2.316774609810712,-0.908505105566617,0,1.656828251610088,1,2,1,6,Normal,0.034542776468264313
-0.5644786802925077,0.2783166930895746,0,1.656828251610088,1,2,0,4,Normal,0.08306154699728263
-0.5644786802925077,-1.083037723016057,0,0.6239573261004014,9,6,3,2,Normal,0.13244937710983568
1.4935593840669343,0.1037840756401346,0,-0.408913599409285,13,2,4,2,Normal,0.11235118922517406
-0.5644786802925077,-0.6990659646272891,0,-0.408913599409285,17,0,4,1,Normal,0.10758873124818796
-0.5644786802925077,-0.0009354948295292,0,1.656828251610088,7,2,4,1,Normal,0.10665308213681968
-0.5644786802925077,0.4528493105390145,1,-1.4417845249189716,20,5,3,7,Normal,0.032618479956630586
2.7283822226826,-0.2801876827486331,0,0.6239573261004014,14,3,0,2,Normal,0.0640761135713539
-0.5644786802925077,-1.222663816975609,0,0.6239573261004014,23,4,2,3,Normal,0.11455887886141003
-0.5644786802925077,-0.3500007297284091,0,-0.408913599409285,14,7,0,7,Normal,0.08849370971166326
-0.5644786802925077,-0.3150942062385213,0,-1.4417845249189716,17,3,2,0,Normal,0.10632774704509251
-0.5644786802925077,-0.4547203001980731,0,-0.408913599409285,13,3,0,0,Normal,0.11870102127335608
-0.5644786802925077,-0.6990659646272891,0,0.6239573261004014,5,7,2,0,Normal,0.10072932411665514
0.258736545451269,1.4302319682558782,0,-1.4417845249189716,7,1,0,0,Normal,0.042047258137859256
0.6703441583231574,-0.210374635768857,0,-0.408913599409285,6,1,4,6,Normal,0.0907814831755599
-0.5644786802925077,0.8717275924176705,0,0.6239573261004014,9,2,2,0,Normal,0.12357944292782064
0.6703441583231574,0.2085036461097985,0,0.6239573261004014,14,4,0,7,Normal,0.08461388858760543
-0.5644786802925077,0.1735971226199107,0,-1.4417845249189716,11,2,4,6,Normal,0.10295982427878592
-0.5644786802925077,1.604764585705318,0,0.6239573261004014,6,2,2,2,Normal,0.12202556396389697
1.081951771195046,-0.2452811592587452,1,0.6239573261004014,15,1,4,1,Normal,0.005272104000658473
-0.5644786802925077,0.1735971226199107,1,-1.4417845249189716,18,7,1,4,Normal,0.023820946764124495
2.316774609810712,-0.6990659646272891,0,-0.408913599409285,10,6,1,5,Normal,0.08566295960121373
2.316774609810712,1.0462602098671103,0,0.6239573261004014,16,5,3,3,Normal,0.08491532108237188
-0.5644786802925077,0.1386905991300228,0,-0.408913599409285,7,4,1,0,Normal,0.13912963113146992
-0.5644786802925077,0.4179427870491267,0,-0.408913599409285,2,4,1,2,Normal,0.1468780890929664
2.7283822226826,-0.873598582076729,0,1.656828251610088,7,3,1,7,Normal,0.021732337459543727
1.081951771195046,1.7094841561749825,0,-1.4417845249189716,2,5,0,7,Normal,0.009661455797147833
-0.5644786802925077,-0.3500007297284091,0,1.656828251610088,18,0,0,1,Normal,0.05969291460944426
1.4935593840669343,-0.0358420183194171,0,-0.408913599409285,19,3,0,2,Normal,0.08600078949869328
1.9051669969388227,1.2556993508064382,0,0.6239573261004014,14,5,4,6,Normal,0.051227172710964886
2.7283822226826,0.1386905991300228,0,1.656828251610088,16,2,3,4,Normal,0.053119837740264075
-0.5644786802925077,-0.2801876827486331,0,1.656828251610088,20,6,0,5,Normal,0.0868947212227591
2.316774609810712,-0.210374635768857,0,-0.408913599409285,14,5,0,0,Normal,0.05106189357069868
-0.5644786802925077,0.3830362635592385,0,-1.4417845249189716,9,6,1,1,Normal,0.12765878020989796
-0.5644786802925077,-1.362289910935161,0,1.656828251610088,21,5,0,6,Normal,0.05667663618372354
2.7283822226826,0.0339710286603586,0,-1.4417845249189716,21,1,1,4,Normal,0.02596372001776326
-0.5644786802925077,0.8019145454378945,0,-0.408913599409285,15,5,3,2,Normal,0.15143872588312352
-0.5644786802925077,0.5226623575187906,1,0.6239573261004014,1,4,3,5,Normal,0.03422811289680294
-0.5644786802925077,-0.5594398706677371,1,1.656828251610088,23,1,4,7,Suspicious,-0.022900342227976656
-0.5644786802925077,-1.7462616693239288,0,-0.408913599409285,12,1,2,3,Normal,0.13831794250991508
0.6703441583231574,0.2085036461097985,0,0.6239573261004014,3,4,0,0,Normal,0.061479323779121575
-0.5644786802925077,-1.6764486223441528,0,1.656828251610088,23,7,3,4,Normal,0.039036222102120544
-0.5644786802925077,1.1160732568468863,0,-0.408913599409285,7,0,1,7,Normal,0.10248461270962572
0.258736545451269,1.5000450152356546,0,0.6239573261004014,9,5,3,2,Normal,0.10438650423204099
0.258736545451269,-0.210374635768857,0,1.656828251610088,6,4,3,6,Normal,0.09531155661604795
-0.5644786802925077,0.8019145454378945,1,-1.4417845249189716,13,3,3,5,Normal,0.05354735813294398
0.258736545451269,1.5349515387255426,0,-0.408913599409285,10,3,4,0,Normal,0.07618685603594422
-0.5644786802925077,-0.489626823687961,0,-1.4417845249189716,10,1,3,3,Normal,0.12850990918891658
-0.5644786802925077,0.1037840756401346,0,-0.408913599409285,8,3,3,2,Normal,0.1696306474100474
-0.5644786802925077,-1.6764486223441528,0,0.6239573261004014,1,4,3,3,Normal,0.10986214595963012
-0.5644786802925077,1.7443906796648705,0,-0.408913599409285,5,4,0,7,Normal,0.06752047202022382
0.6703441583231574,-0.1405615887890813,0,1.656828251610088,1,6,0,7,Normal,0.025615887851148766
-0.5644786802925077,1.3604189212761024,0,-1.4417845249189716,23,2,4,6,Normal,0.05239015392960933
-0.5644786802925077,-0.8386920585868409,0,-1.4417845249189716,21,4,3,4,Normal,0.11817583419771838
-0.5644786802925077,0.4528493105390145,0,-0.408913599409285,13,7,3,3,Normal,0.1491843981126898
-0.5644786802925077,1.3255123977862149,0,-0.408913599409285,9,1,4,4,Normal,0.12004628226495612
-0.5644786802925077,-1.397196434425049,1,1.656828251610088,11,0,4,6,Suspicious,-0.018936922771092823
-0.5644786802925077,1.639671109195206,0,-1.4417845249189716,15,2,1,5,Normal,0.10540862422459951
1.081951771195046,1.5349515387255426,0,0.6239573261004014,3,1,3,0,Normal,0.05062440433309712
-0.5644786802925077,-0.0009354948295292,1,0.6239573261004014,21,2,0,7,Normal,0.00542303257216914
-0.5644786802925077,1.7094841561749825,0,-1.4417845249189716,21,1,2,4,Normal,0.08200487733578932
-0.5644786802925077,0.2085036461097985,0,-0.408913599409285,6,1,1,5,Normal,0.16203896143089003
-0.5644786802925077,-0.1405615887890813,0,-0.408913599409285,16,0,2,4,Normal,0.1568032735283355
-0.5644786802925077,-0.1754681122789692,0,-0.408913599409285,10,5,3,3,Normal,0.16704327157914062
0.6703441583231574,0.3481297400693506,0,0.6239573261004014,1,4,4,4,Normal,0.08123037674203537
-0.5644786802925077,-0.489626823687961,0,1.656828251610088,18,0,3,2,Normal,0.08795948600288839
-0.5644786802925077,-1.5368225283846009,0,1.656828251610088,14,4,3,6,Normal,0.07585575985083337
-0.5644786802925077,0.2085036461097985,0,-0.408913599409285,10,3,0,4,Normal,0.1473593623610041
-0.5644786802925077,-0.7339724881171771,0,-0.408913599409285,17,6,3,2,Normal,0.14147762748928372
1.081951771195046,1.3604189212761024,0,1.656828251610088,3,6,3,6,Normal,0.04663365260163066
-0.5644786802925077,-0.5594398706677371,0,-0.408913599409285,13,7,2,1,Normal,0.14169473093372015
1.4935593840669343,0.1386905991300228,1,-1.4417845249189716,19,0,4,7,Suspicious,-0.045145854827288834
-0.5644786802925077,-1.4321029579149367,0,-0.408913599409285,15,7,1,1,Normal,0.11263057389770209
-0.5644786802925077,-0.0358420183194171,0,-0.408913599409285,13,4,1,7,Normal,0.14135165865005506
-0.5644786802925077,0.8368210689277826,0,0.6239573261004014,6,0,0,3,Normal,0.10598040178591472
-0.5644786802925077,1.639671109195206,0,-1.4417845249189716,19,2,4,3,Normal,0.07589634563769454
-0.5644786802925077,-0.8037855350969529,0,1.656828251610088,6,1,0,6,Normal,0.07292097224541938
-0.5644786802925077,-0.1056550652991931,1,-1.4417845249189716,15,4,2,6,Normal,0.05051085426859481
-0.1528710674206193,-0.3150942062385213,1,1.656828251610088,1,3,1,1,Suspicious,-0.007461744475917298
-0.1528710674206193,-0.629252917647513,0,-1.4417845249189716,13,1,2,0,Normal,0.09415742082193701
-0.5644786802925077,-1.083037723016057,1,0.6239573261004014,20,0,1,3,Normal,0.026359470403039986
-0.5644786802925077,0.5226623575187906,0,-1.4417845249189716,3,2,1,3,Normal,0.12265243094276906
-0.5644786802925077,1.6745776326850943,0,-0.408913599409285,14,3,1,2,Normal,0.13721792625955098
-0.5644786802925077,-0.489626823687961,1,-1.4417845249189716,14,2,1,4,Normal,0.05399080825015268
-0.5644786802925077,-0.5594398706677371,0,-1.4417845249189716,12,3,4,1,Normal,0.10669336491061077
2.316774609810712,-0.2452811592587452,1,-0.408913599409285,18,5,0,0,Suspicious,-0.025055159253275505
0.258736545451269,-1.6764486223441528,0,1.656828251610088,0,7,0,0,Suspicious,-0.02006595982073356
1.9051669969388227,-0.0707485418093052,0,0.6239573261004014,12,5,0,6,Normal,0.07388350576397529
-0.5644786802925077,-0.9783181525463928,0,-0.408913599409285,3,3,3,3,Normal,0.15262631001181892
-0.5644786802925077,1.1509797803367747,0,-0.408913599409285,10,4,0,2,Normal,0.1273194360186099
-0.5644786802925077,1.2207928273165505,0,-1.4417845249189716,21,7,0,3,Normal,0.058523261093293866
-0.5644786802925077,-0.3150942062385213,0,-0.408913599409285,21,7,3,4,Normal,0.12401046271311639
-0.5644786802925077,1.0811667333569983,0,1.656828251610088,0,2,0,7,Normal,0.03786774082145972
-0.5644786802925077,1.1858863038266625,0,0.6239573261004014,5,4,1,1,Normal,0.12743679263723218
2.316774609810712,-0.210374635768857,1,0.6239573261004014,5,7,1,6,Suspicious,-0.0032337703608861235
-0.5644786802925077,0.7321014984581184,0,0.6239573261004014,0,2,0,6,Normal,0.08793347093676385
-0.5644786802925077,-0.1405615887890813,0,0.6239573261004014,7,3,3,7,Normal,0.13453662000365119
-0.5644786802925077,0.8368210689277826,0,-0.408913599409285,13,4,0,1,Normal,0.1230700678423916
-0.5644786802925077,-0.3849072532182971,0,0.6239573261004014,2,2,1,1,Normal,0.13505133819439935
1.9051669969388227,1.1509797803367747,0,-0.408913599409285,17,1,1,5,Normal,0.08043929273140638
1.4935593840669343,0.7670080219480067,0,-0.408913599409285,9,1,3,7,Normal,0.07569425704254606
-0.5644786802925077,-0.3849072532182971,0,-1.4417845249189716,14,4,0,5,Normal,0.10728381151607874
-0.1528710674206193,1.1858863038266625,0,-0.408913599409285,5,3,3,6,Normal,0.12570531564761028
-0.5644786802925077,0.8368210689277826,0,-0.408913599409285,13,0,4,1,Normal,0.11633968364146896
-0.5644786802925077,-1.6764486223441528,0,-0.408913599409285,2,2,0,6,Normal,0.08264840508654825
1.9051669969388227,-0.629252917647513,0,-1.4417845249189716,12,1,0,4,Normal,0.057958706088334644
-0.5644786802925077,-0.4547203001980731,0,-0.408913599409285,3,7,3,5,Normal,0.13302977269746707
-0.5644786802925077,-0.1056550652991931,0,1.656828251610088,23,0,1,6,Normal,0.06135086343113272
-0.5644786802925077,-1.0132246760362809,0,-1.4417845249189716,1,7,0,5,Normal,0.06671089325263846
-0.5644786802925077,0.9066341159075584,0,0.6239573261004014,12,3,4,6,Normal,0.11918905343559172
-0.5644786802925077,0.2783166930895746,0,0.6239573261004014,3,0,2,1,Normal,0.13476103531134564
1.081951771195046,0.4877558340289027,1,0.6239573261004014,16,1,4,0,Suspicious,-0.013095073362085041
-0.5644786802925077,1.7094841561749825,0,-1.4417845249189716,2,5,0,2,Normal,0.05591148659237688
-0.5644786802925077,-0.7688790116070651,0,0.6239573261004014,13,5,3,6,Normal,0.139516284087005
-0.5644786802925077,-0.664159441137401,0,0.6239573261004014,12,5,1,6,Normal,0.15124242682443922
1.9051669969388227,-0.943411629056505,0,-0.408913599409285,6,1,1,3,Normal,0.10707315296407338
-0.5644786802925077,1.5349515387255426,0,-1.4417845249189716,2,6,4,4,Normal,0.06886548888426125
0.258736545451269,-0.0707485418093052,0,-1.4417845249189716,9,0,2,0,Normal,0.08335712906576664
-0.5644786802925077,0.5575688810086785,0,-0.408913599409285,14,1,2,2,Normal,0.15474068179470513
-0.5644786802925077,-1.222663816975609,0,-0.408913599409285,18,3,2,5,Normal,0.13748449126841522
-0.5644786802925077,0.9415406393974466,0,-1.4417845249189716,23,5,3,5,Normal,0.10039753194473744
1.4935593840669343,-0.8386920585868409,0,-0.408913599409285,10,7,2,1,Normal,0.09699971219097892
1.4935593840669343,0.0688775521502468,0,-0.408913599409285,16,6,3,5,Normal,0.10578563552277104
-0.5644786802925077,-0.4547203001980731,1,1.656828251610088,5,1,1,2,Normal,0.012133158503404018
-0.5644786802925077,-0.4198137767081852,0,1.656828251610088,22,5,1,4,Normal,0.09456018087791163
0.6703441583231574,-0.1405615887890813,0,0.6239573261004014,12,0,1,1,Normal,0.10956800055668647
0.258736545451269,0.1386905991300228,0,0.6239573261004014,20,3,2,1,Normal,0.11821667592435309
-0.1528710674206193,0.8717275924176705,0,0.6239573261004014,2,5,2,1,Normal,0.10801054931776372
1.081951771195046,0.5575688810086785,0,0.6239573261004014,15,4,4,5,Normal,0.0937002053188789
1.4935593840669343,1.7443906796648705,0,-0.408913599409285,4,5,2,5,Normal,0.06791765813853123
-0.5644786802925077,-1.6764486223441528,0,-1.4417845249189716,14,5,2,6,Normal,0.08440694211028332
-0.5644786802925077,0.9415406393974466,0,-1.4417845249189716,7,3,3,3,Normal,0.12557120444411551
1.4935593840669343,-1.4321029579149367,0,0.6239573261004014,10,2,4,7,Normal,0.053960886446761225
-0.5644786802925077,1.3255123977862149,0,0.6239573261004014,19,4,2,3,Normal,0.14107524553094114
-0.5644786802925077,1.7443906796648705,0,-0.408913599409285,5,6,1,6,Normal,0.10359365933835973
-0.5644786802925077,1.5349515387255426,1,-0.408913599409285,13,4,2,6,Normal,0.05082712329332628
-0.5644786802925077,-0.1754681122789692,0,1.656828251610088,9,7,4,1,Normal,0.08445788045625857
-0.5644786802925077,0.2783166930895746,0,-0.408913599409285,16,1,0,0,Normal,0.09869152769600775
-0.5644786802925077,-0.3500007297284091,0,1.656828251610088,20,1,4,2,Normal,0.08044742268118454
1.4935593840669343,-0.943411629056505,0,-0.408913599409285,18,7,0,2,Normal,0.04964401057600454
-0.5644786802925077,-0.2452811592587452,0,-0.408913599409285,18,5,4,3,Normal,0.13929750141020503
-0.5644786802925077,-1.5717290518744889,0,0.6239573261004014,2,1,2,3,Normal,0.1291997070405967
-0.5644786802925077,-0.1056550652991931,0,-0.408913599409285,19,2,4,3,Normal,0.14647837501190558
0.6703441583231574,-1.6764486223441528,0,-0.408913599409285,13,7,3,0,Normal,0.0545732295228879
-0.5644786802925077,0.8717275924176705,0,-0.408913599409285,19,7,0,1,Normal,0.08732117039445153
2.7283822226826,0.1735971226199107,0,0.6239573261004014,11,5,3,4,Normal,0.07631389657931187
-0.5644786802925077,0.4179427870491267,0,1.656828251610088,22,5,2,0,Normal,0.06606748498967441
-0.5644786802925077,1.604764585705318,0,-0.408913599409285,22,0,3,7,Normal,0.0636469318125511
-0.5644786802925077,-0.1754681122789692,0,1.656828251610088,19,5,4,2,Normal,0.09342203356925216
-0.5644786802925077,0.6971949749682306,0,1.656828251610088,17,5,1,6,Normal,0.11469027246042168
-0.1528710674206193,-1.5368225283846009,0,-0.408913599409285,0,0,2,4,Normal,0.08591379741123395
0.6703441583231574,1.7443906796648705,0,-0.408913599409285,17,7,0,0,Normal,0.02580262481452744
-0.5644786802925077,-1.0132246760362809,0,0.6239573261004014,19,7,3,5,Normal,0.1115950133388598
-0.5644786802925077,0.6273819279884545,0,-0.408913599409285,15,5,1,2,Normal,0.16081677562416513
-0.5644786802925077,-0.7688790116070651,0,-0.408913599409285,11,3,1,1,Normal,0.16364416919701086
-0.1528710674206193,-0.4547203001980731,1,-0.408913599409285,19,7,3,0,Normal,0.004235184647583989
-0.5644786802925077,-0.1056550652991931,1,0.6239573261004014,4,2,4,7,Normal,0.013549391010302947
2.7283822226826,-0.1405615887890813,0,-0.408913599409285,9,5,1,6,Normal,0.06642149115170815
1.4935593840669343,-0.7688790116070651,0,0.6239573261004014,22,7,0,4,Normal,0.03690766610602969
2.316774609810712,0.6273819279884545,0,-0.408913599409285,15,2,4,4,Normal,0.068125153107218
2.7283822226826,1.4302319682558782,1,0.6239573261004014,15,1,2,1,Suspicious,-0.023174156988160832
-0.5644786802925077,1.5698580622154303,0,0.6239573261004014,2,5,2,0,Normal,0.09337877377067849
2.316774609810712,0.2783166930895746,0,1.656828251610088,11,2,4,7,Normal,0.0230721670644376
-0.5644786802925077,0.2783166930895746,1,1.656828251610088,18,4,4,4,Normal,0.021094663670669145
1.081951771195046,-1.467009481404825,0,-0.408913599409285,4,7,1,3,Normal,0.07475510628971549
-0.5644786802925077,-0.629252917647513,0,-0.408913599409285,23,0,0,3,Normal,0.08040308180944888
-0.5644786802925077,0.9415406393974466,0,1.656828251610088,12,4,4,0,Normal,0.08108117715580931
-0.5644786802925077,-0.3500007297284091,0,1.656828251610088,19,0,3,0,Normal,0.062155318203010124
-0.5644786802925077,0.8019145454378945,0,0.6239573261004014,0,5,1,6,Normal,0.10826472257014064
-0.5644786802925077,0.1735971226199107,0,1.656828251610088,10,3,2,2,Normal,0.137941601814848
0.6703441583231574,-1.6764486223441528,0,-1.4417845249189716,13,2,3,0,Normal,0.04246735837431348
-0.5644786802925077,-1.083037723016057,0,-0.408913599409285,5,3,0,6,Normal,0.12051317697636549
2.316774609810712,-1.1877572934857208,0,0.6239573261004014,3,7,3,6,Normal,0.035934610919827525
1.4935593840669343,1.639671109195206,0,-1.4417845249189716,19,5,3,6,Normal,0.0350304951673448
2.7283822226826,-0.1056550652991931,0,-0.408913599409285,18,1,4,5,Normal,0.04037912931311127
-0.5644786802925077,1.4651384917457662,0,1.656828251610088,22,3,1,5,Normal,0.08392106101117602
-0.5644786802925077,-1.5019160048947129,0,1.656828251610088,5,4,4,3,Normal,0.0825410383966505
-0.5644786802925077,-1.362289910935161,0,-1.4417845249189716,13,4,0,3,Normal,0.08869664155375934
-0.5644786802925077,-0.0009354948295292,0,1.656828251610088,3,2,2,0,Normal,0.09083138136320468
-0.5644786802925077,-0.908505105566617,1,1.656828251610088,22,4,2,4,Normal,0.021199766248898078
-0.5644786802925077,1.2556993508064382,1,-0.408913599409285,16,5,0,3,Normal,0.028708187794497908
-0.5644786802925077,1.3604189212761024,0,-0.408913599409285,3,4,1,0,Normal,0.10967673363920077
-0.5644786802925077,1.3953254447659904,0,-0.408913599409285,15,3,0,1,Normal,0.11257488536644622
-0.5644786802925077,-1.083037723016057,0,0.6239573261004014,10,7,2,0,Normal,0.10325325077251357
0.258736545451269,-0.7339724881171771,0,-0.408913599409285,1,7,2,2,Normal,0.09765012731082123
-0.5644786802925077,-1.5368225283846009,0,-1.4417845249189716,21,5,4,7,Normal,0.05133369515185593
-0.5644786802925077,-1.6066355753643766,0,-0.408913599409285,22,5,3,1,Normal,0.09929478312322337
-0.5644786802925077,1.3255123977862149,0,0.6239573261004014,17,6,4,2,Normal,0.10376603491870406
-0.5644786802925077,1.604764585705318,0,0.6239573261004014,18,2,0,1,Normal,0.0813956567481533
1.4935593840669343,1.2906058742963262,1,0.6239573261004014,23,3,1,5,Suspicious,-0.008843009303190263
1.4935593840669343,1.3953254447659904,0,-0.408913599409285,3,1,0,1,Normal,0.04903930485545538
-0.5644786802925077,1.604764585705318,1,-0.408913599409285,17,5,1,6,Normal,0.030956872164103366
-0.5644786802925077,1.639671109195206,0,-1.4417845249189716,8,0,1,5,Normal,0.09108214214905119
-0.5644786802925077,0.0339710286603586,0,0.6239573261004014,10,2,3,4,Normal,0.15955481343283
-0.5644786802925077,1.4651384917457662,0,-1.4417845249189716,16,0,1,2,Normal,0.0839490243250004
-0.5644786802925077,-1.7113551458340408,0,-0.408913599409285,17,3,3,4,Normal,0.12001131200180853
-0.5644786802925077,-0.0707485418093052,0,0.6239573261004014,0,5,4,2,Normal,0.10611920004409797
-0.5644786802925077,0.5226623575187906,0,-0.408913599409285,20,6,2,1,Normal,0.13418573229588765
2.316774609810712,1.2207928273165505,0,0.6239573261004014,17,0,2,6,Normal,0.047404601725076656
0.6703441583231574,-1.7113551458340408,0,-1.4417845249189716,23,3,1,2,Normal,0.043229367106811134
-0.5644786802925077,0.4179427870491267,0,0.6239573261004014,17,5,3,1,Normal,0.138083435556769
-0.5644786802925077,0.0688775521502468,0,1.656828251610088,8,2,3,3,Normal,0.12686934233328995
-0.5644786802925077,-1.4321029579149367,0,-1.4417845249189716,0,1,2,0,Normal,0.06500612853698595
1.081951771195046,-0.6990659646272891,0,-1.4417845249189716,22,0,4,2,Normal,0.03224819386643751
-0.5644786802925077,1.7094841561749825,0,-0.408913599409285,0,2,1,5,Normal,0.08934118813718939
-0.5644786802925077,-0.5594398706677371,1,-0.408913599409285,10,7,4,7,Normal,0.02298157022053693
1.081951771195046,1.604764585705318,0,1.656828251610088,18,4,0,3,Normal,0.04365749774671235
-0.5644786802925077,1.7094841561749825,0,-1.4417845249189716,22,5,2,4,Normal,0.08797512671456453
-0.5644786802925077,-0.5943463941576251,0,0.6239573261004014,18,7,2,3,Normal,0.12411891708448125
-0.1528710674206193,-1.467009481404825,0,-0.408913599409285,6,2,4,7,Normal,0.07291034417596132
-0.5644786802925077,0.0688775521502468,0,-1.4417845249189716,14,7,2,1,Normal,0.11015229110601699
-0.5644786802925077,0.3830362635592385,0,-0.408913599409285,17,0,1,7,Normal,0.10592279091417112
1.9051669969388227,0.1037840756401346,0,0.6239573261004014,15,1,0,2,Normal,0.079914446294445
-0.5644786802925077,1.7094841561749825,0,-0.408913599409285,12,1,4,2,Normal,0.09552144618079417
-0.5644786802925077,-1.4321029579149367,1,0.6239573261004014,18,0,4,7,Suspicious,-0.025616907178443338
-0.5644786802925077,-0.3849072532182971,0,-1.4417845249189716,12,7,3,0,Normal,0.08927265784456784
0.6703441583231574,1.3953254447659904,0,-1.4417845249189716,18,7,0,6,Normal,0.027781282809455465
1.081951771195046,-0.0707485418093052,1,0.6239573261004014,0,4,1,1,Normal,0.0033234450121739645
-0.5644786802925077,0.8717275924176705,0,0.6239573261004014,10,3,0,2,Normal,0.1287462261586811
-0.5644786802925077,-0.7688790116070651,0,0.6239573261004014,21,7,3,7,Normal,0.07501392683103603
-0.5644786802925077,-1.117944246505945,0,0.6239573261004014,16,4,2,2,Normal,0.14497948360545837
2.7283822226826,-0.3849072532182971,1,-0.408913599409285,4,1,1,1,Suspicious,-0.015207853742565391
2.316774609810712,0.4528493105390145,0,0.6239573261004014,10,7,3,2,Normal,0.07647414507188688
-0.5644786802925077,0.8019145454378945,0,0.6239573261004014,16,5,2,6,Normal,0.14307762940906632
-0.5644786802925077,0.6622884514783427,1,0.6239573261004014,15,6,2,7,Normal,0.050994480440886836
-0.5644786802925077,-1.257570340465497,0,0.6239573261004014,2,1,3,1,Normal,0.11617358101534309
2.316774609810712,0.5226623575187906,0,-1.4417845249189716,11,7,0,3,Normal,0.037047372976793946
1.4935593840669343,-0.1754681122789692,0,0.6239573261004014,1,6,3,2,Normal,0.08981199185335786
1.081951771195046,1.5000450152356546,0,-1.4417845249189716,3,3,0,5,Normal,0.049508661087393824
-0.5644786802925077,0.4877558340289027,0,-0.408913599409285,15,5,3,3,Normal,0.16465593796568323
2.316774609810712,1.2906058742963262,0,1.656828251610088,11,2,2,0,Normal,0.022358933990898167
0.258736545451269,0.8717275924176705,1,0.6239573261004014,13,4,4,6,Normal,0.027026345522892514
2.7283822226826,0.8717275924176705,0,-0.408913599409285,20,2,4,6,Normal,0.0320292785045484
-0.5644786802925077,0.1037840756401346,0,-0.408913599409285,0,4,3,6,Normal,0.1233718838349922
-0.5644786802925077,-0.908505105566617,1,-0.408913599409285,3,0,4,7,Suspicious,-0.005940326727786549
-0.5644786802925077,-1.292476863955385,0,-0.408913599409285,11,6,3,2,Normal,0.13827870572537637
-0.5644786802925077,1.2906058742963262,1,0.6239573261004014,20,3,1,1,Normal,0.022313638920017365
-0.5644786802925077,-0.489626823687961,0,0.6239573261004014,21,0,4,1,Normal,0.08484817382713028
-0.1528710674206193,0.5226623575187906,0,-0.408913599409285,1,2,1,5,Normal,0.12474935513313734
2.7283822226826,-1.4321029579149367,0,0.6239573261004014,17,0,2,3,Normal,0.039335597195856775
-0.5644786802925077,-0.7339724881171771,0,0.6239573261004014,11,2,4,1,Normal,0.13207064496034748
1.9051669969388227,-0.943411629056505,0,0.6239573261004014,4,2,2,7,Normal,0.08525440173378485
-0.5644786802925077,-1.7113551458340408,0,0.6239573261004014,9,3,4,1,Normal,0.09406906660997383
-0.5644786802925077,-1.1877572934857208,0,-1.4417845249189716,20,4,4,6,Normal,0.08341774467770402
-0.5644786802925077,1.5000450152356546,0,1.656828251610088,21,1,0,6,Normal,0.0582136737528699
-0.5644786802925077,-1.1528507699958328,0,-1.4417845249189716,13,5,1,4,Normal,0.12708906416230964
-0.5644786802925077,0.0339710286603586,1,-0.408913599409285,7,0,0,2,Normal,0.03388247243501563
2.316774609810712,0.3481297400693506,0,-1.4417845249189716,21,5,4,3,Normal,0.026346268984437815
-0.5644786802925077,0.2085036461097985,0,1.656828251610088,22,4,2,0,Normal,0.06416762518744512
2.7283822226826,-0.0707485418093052,0,0.6239573261004014,1,0,3,1,Normal,0.03885931068235715
-0.5644786802925077,0.7670080219480067,0,1.656828251610088,16,6,2,1,Normal,0.11041675953584756
-0.5644786802925077,0.4179427870491267,1,0.6239573261004014,8,0,2,7,Normal,0.025319543620240692
-0.5644786802925077,1.2906058742963262,0,0.6239573261004014,5,4,2,7,Normal,0.11340391468150118
-0.5644786802925077,1.5698580622154303,0,1.656828251610088,5,0,4,7,Normal,0.02975897397247662
-0.5644786802925077,-0.5943463941576251,1,-0.408913599409285,18,2,3,4,Normal,0.06739447432096046
-0.5644786802925077,0.0339710286603586,0,0.6239573261004014,16,2,2,4,Normal,0.16306074148298988
-0.5644786802925077,-1.1528507699958328,0,0.6239573261004014,14,3,3,5,Normal,0.14384134058345965
-0.5644786802925077,0.9415406393974466,0,-0.408913599409285,20,1,2,1,Normal,0.1288714656520844
-0.5644786802925077,-0.489626823687961,0,-1.4417845249189716,5,3,4,0,Normal,0.0811144524634907
-0.5644786802925077,0.1037840756401346,0,0.6239573261004014,15,0,0,4,Normal,0.11412988602658525
1.081951771195046,0.0339710286603586,0,-0.408913599409285,11,6,4,3,Normal,0.1105910393643183
-0.5644786802925077,-0.5943463941576251,0,-0.408913599409285,21,6,4,3,Normal,0.11547352606879963
2.7283822226826,-0.6990659646272891,0,-0.408913599409285,6,7,4,4,Normal,0.018326009750367023
-0.5644786802925077,0.6971949749682306,0,-0.408913599409285,8,6,1,2,Normal,0.15341607811779362
-0.5644786802925077,1.4651384917457662,0,-0.408913599409285,18,6,0,6,Normal,0.09640217663239092
-0.5644786802925077,-0.873598582076729,0,0.6239573261004014,4,0,1,0,Normal,0.10432881201984545
-0.5644786802925077,1.4651384917457662,0,-0.408913599409285,1,7,3,3,Normal,0.09811192275218583
-0.5644786802925077,-0.3849072532182971,0,-1.4417845249189716,18,0,4,0,Normal,0.06395757997521367
1.081951771195046,-1.257570340465497,0,-1.4417845249189716,17,7,4,6,Normal,0.03596504345736706
-0.5644786802925077,-0.4198137767081852,1,-0.408913599409285,4,0,4,4,Normal,0.026358419407891742
-0.5644786802925077,0.8368210689277826,0,0.6239573261004014,0,1,1,5,Normal,0.11225237381548703
-0.5644786802925077,-1.7113551458340408,0,-1.4417845249189716,21,7,3,0,Normal,0.03929145769667142
-0.5644786802925077,-1.0132246760362809,0,1.656828251610088,17,3,1,6,Normal,0.10152024877573174
-0.1528710674206193,-0.8037855350969529,0,-1.4417845249189716,2,7,2,4,Normal,0.09562081991421034
-0.5644786802925077,0.1386905991300228,0,0.6239573261004014,22,0,0,5,Normal,0.08584359429829025
-0.5644786802925077,0.5575688810086785,0,-0.408913599409285,14,1,0,1,Normal,0.11317163554298104
1.4935593840669343,0.8019145454378945,0,-0.408913599409285,12,3,1,1,Normal,0.1133066307722772
-0.5644786802925077,0.6971949749682306,0,0.6239573261004014,8,1,4,4,Normal,0.11689131068421266
-0.5644786802925077,1.2906058742963262,0,1.656828251610088,3,6,3,0,Normal,0.0680428744563979
-0.5644786802925077,0.3132232165794628,0,0.6239573261004014,11,7,1,5,Normal,0.15116013057911104
0.258736545451269,0.3830362635592385,0,1.656828251610088,1,7,4,3,Normal,0.049523423723374704
-0.5644786802925077,1.639671109195206,1,0.6239573261004014,20,0,0,4,Suspicious,-0.006242913793255367
-0.5644786802925077,0.4179427870491267,0,0.6239573261004014,8,1,2,5,Normal,0.14942873971810966
-0.5644786802925077,-0.9783181525463928,0,-1.4417845249189716,5,4,3,5,Normal,0.12383900961706179
0.258736545451269,1.3255123977862149,0,-1.4417845249189716,1,5,1,6,Normal,0.07940720482347208
2.7283822226826,-1.257570340465497,0,0.6239573261004014,17,3,4,7,Normal,0.01600896667611562
1.4935593840669343,0.5226623575187906,0,-1.4417845249189716,12,7,2,7,Normal,0.061460276397208746
-0.5644786802925077,0.7321014984581184,0,0.6239573261004014,8,3,4,5,Normal,0.12931506218864464
-0.5644786802925077,-0.2452811592587452,0,-0.408913599409285,3,2,3,1,Normal,0.14932531747449074
2.7283822226826,-0.664159441137401,0,-0.408913599409285,2,1,2,2,Normal,0.056830426914010745
-0.5644786802925077,-1.292476863955385,0,-0.408913599409285,8,4,1,0,Normal,0.12701186013788218
-0.5644786802925077,-1.048131199526169,0,0.6239573261004014,2,1,4,4,Normal,0.10619730519229881
2.7283822226826,-0.3150942062385213,0,-0.408913599409285,16,1,3,7,Normal,0.04080531833540113
-0.5644786802925077,-1.6066355753643766,1,1.656828251610088,18,5,3,5,Normal,0.011232265743966852
1.081951771195046,-1.6415420988542648,0,-1.4417845249189716,7,4,4,4,Normal,0.03288288090484848
2.316774609810712,-0.524533347177849,0,-1.4417845249189716,12,5,1,4,Normal,0.06322710441157753
-0.5644786802925077,-0.0707485418093052,0,-1.4417845249189716,7,6,4,0,Normal,0.07680016246020938
-0.5644786802925077,-1.5019160048947129,0,-1.4417845249189716,13,0,1,2,Normal,0.08551337221992616
-0.5644786802925077,-1.6764486223441528,0,-1.4417845249189716,8,0,1,7,Normal,0.05693052942297305
2.7283822226826,0.0688775521502468,1,-0.408913599409285,3,6,3,4,Normal,0.00478766987585777
-0.5644786802925077,1.3255123977862149,0,-0.408913599409285,0,2,3,4,Normal,0.11651990051591377
1.9051669969388227,-0.629252917647513,0,-0.408913599409285,17,0,4,3,Normal,0.06504446686872489
1.4935593840669343,0.8717275924176705,0,0.6239573261004014,6,3,3,1,Normal,0.10191881188807439
-0.5644786802925077,-0.1056550652991931,1,-0.408913599409285,15,6,4,0,Normal,0.026657421429597372
-0.5644786802925077,0.7670080219480067,1,1.656828251610088,0,4,1,6,Normal,0.006564230883806088
-0.5644786802925077,-0.2452811592587452,1,-1.4417845249189716,11,3,2,3,Normal,0.05782213211017062
0.6703441583231574,-1.5019160048947129,0,-1.4417845249189716,20,2,1,0,Normal,0.041767498441381945
-0.5644786802925077,-0.0707485418093052,0,-0.408913599409285,13,6,0,1,Normal,0.1268229560668186
2.7283822226826,-0.1754681122789692,0,-1.4417845249189716,8,7,1,4,Normal,0.03089882141636846
0.6703441583231574,1.5000450152356546,0,-1.4417845249189716,8,3,4,2,Normal,0.05916595440243677
-0.5644786802925077,1.5349515387255426,1,1.656828251610088,14,3,4,3,Normal,0.012895378693470683
-0.5644786802925077,-1.4321029579149367,0,-0.408913599409285,0,1,0,2,Normal,0.07749646931292031
-0.5644786802925077,-0.7339724881171771,0,-0.408913599409285,21,4,3,5,Normal,0.13965733501049338
-0.5644786802925077,-0.1754681122789692,0,0.6239573261004014,5,4,0,4,Normal,0.12881885472106241
-0.5644786802925077,0.0688775521502468,0,1.656828251610088,0,5,2,2,Normal,0.11377712821185587
-0.5644786802925077,0.8717275924176705,0,0.6239573261004014,6,7,3,3,Normal,0.1188418563247231
-0.5644786802925077,-1.222663816975609,1,0.6239573261004014,16,6,3,7,Normal,0.030738751229901884
-0.5644786802925077,1.7443906796648705,0,-0.408913599409285,5,5,4,4,Normal,0.09619628618869991
-0.5644786802925077,1.2906058742963262,0,1.656828251610088,2,7,1,6,Normal,0.056747274854985985
-0.5644786802925077,1.3953254447659904,0,1.656828251610088,0,0,3,2,Normal,0.0622542862735086
-0.5644786802925077,-0.3150942062385213,0,-1.4417845249189716,9,4,1,6,Normal,0.13781180316271718
-0.5644786802925077,0.1386905991300228,0,-0.408913599409285,7,0,0,1,Normal,0.11625338967215892
2.316774609810712,1.3255123977862149,0,-1.4417845249189716,18,6,2,3,Normal,0.038685056028476605
-0.5644786802925077,-0.0009354948295292,0,0.6239573261004014,21,7,2,6,Normal,0.11217378468120393
2.316774609810712,-1.1528507699958328,0,-1.4417845249189716,7,4,0,3,Normal,0.03175689146133276
0.6703441583231574,0.3481297400693506,0,1.656828251610088,6,3,3,5,Normal,0.09398797880383547
-0.5644786802925077,0.2085036461097985,0,-1.4417845249189716,8,4,1,0,Normal,0.10968701414989696
-0.5644786802925077,1.0811667333569983,0,-0.408913599409285,4,3,2,0,Normal,0.13044294240850934
-0.5644786802925077,0.1386905991300228,0,0.6239573261004014,22,0,3,7,Normal,0.08308172237908873
1.081951771195046,-0.9783181525463928,0,-1.4417845249189716,23,2,3,7,Normal,0.03754377799660191
2.316774609810712,-0.1056550652991931,0,0.6239573261004014,20,4,2,6,Normal,0.0731583827443022
-0.1528710674206193,0.5575688810086785,0,0.6239573261004014,8,2,2,6,Normal,0.13231868840676797
-0.5644786802925077,1.1509797803367747,0,0.6239573261004014,8,1,3,3,Normal,0.13567975751189937
1.4935593840669343,0.6622884514783427,1,1.656828251610088,19,4,0,4,Suspicious,-0.01832579120229061
-0.5644786802925077,-0.7688790116070651,0,-1.4417845249189716,4,1,0,0,Normal,0.06740230546820902
1.9051669969388227,-1.5019160048947129,0,-1.4417845249189716,18,5,1,3,Normal,0.0469963939567104
-0.5644786802925077,0.8368210689277826,0,0.6239573261004014,9,4,2,4,Normal,0.15763432796872273
2.7283822226826,1.5349515387255426,0,0.6239573261004014,8,3,1,6,Normal,0.04246147159532998
-0.1528710674206193,-0.210374635768857,0,-0.408913599409285,6,0,1,3,Normal,0.13621969659652788
-0.5644786802925077,1.5698580622154303,0,-0.408913599409285,3,3,1,4,Normal,0.13172527118060773
-0.5644786802925077,0.6273819279884545,0,0.6239573261004014,7,2,0,3,Normal,0.12989818278875176
0.258736545451269,0.8368210689277826,1,0.6239573261004014,4,7,4,1,Suspicious,-0.0067286150253584864
-0.5644786802925077,-1.467009481404825,0,0.6239573261004014,22,2,4,0,Normal,0.06574463841664724
1.4935593840669343,-0.6990659646272891,0,0.6239573261004014,16,6,4,3,Normal,0.08337909477536709
-0.5644786802925077,-0.8386920585868409,0,0.6239573261004014,12,3,1,7,Normal,0.1307380389994663
1.9051669969388227,0.3132232165794628,0,-1.4417845249189716,3,1,2,4,Normal,0.07556772559165914
-0.5644786802925077,0.7321014984581184,1,0.6239573261004014,11,6,1,2,Normal,0.058246067851984384
-0.5644786802925077,0.1386905991300228,0,0.6239573261004014,12,2,2,5,Normal,0.16416729791869394
-0.5644786802925077,-0.908505105566617,0,0.6239573261004014,16,3,1,0,Normal,0.1297026394992939
-0.1528710674206193,0.1037840756401346,0,0.6239573261004014,22,4,0,6,Normal,0.084628963173212
-0.5644786802925077,0.9066341159075584,0,-0.408913599409285,1,0,3,3,Normal,0.12127564100823124
1.9051669969388227,-1.048131199526169,0,-1.4417845249189716,0,1,0,0,Normal,0.0037911057639067325
-0.5644786802925077,0.6622884514783427,0,-0.408913599409285,20,1,0,2,Normal,0.10164108844062925
2.316774609810712,0.3481297400693506,1,-0.408913599409285,3,6,0,0,Suspicious,-0.029025195220576117
-0.5644786802925077,-1.362289910935161,0,-0.408913599409285,23,4,2,1,Normal,0.11534802023125762
-0.5644786802925077,-0.210374635768857,0,0.6239573261004014,15,1,4,0,Normal,0.10767019265572231
-0.5644786802925077,0.8368210689277826,0,0.6239573261004014,10,5,0,7,Normal,0.0992734928429776
1.9051669969388227,0.6971949749682306,0,0.6239573261004014,23,1,0,1,Normal,0.04256768145406975
-0.5644786802925077,0.8717275924176705,0,-0.408913599409285,4,7,1,4,Normal,0.13547025414135583
-0.5644786802925077,1.3255123977862149,0,-0.408913599409285,20,6,0,3,Normal,0.10323358702492402
-0.5644786802925077,-1.6066355753643766,0,-0.408913599409285,14,3,4,1,Normal,0.11066740492568261
-0.5644786802925077,-0.3150942062385213,0,-1.4417845249189716,6,3,1,1,Normal,0.12417667487651646
0.258736545451269,1.4651384917457662,0,0.6239573261004014,17,5,2,4,Normal,0.10397034938272853
0.6703441583231574,1.0462602098671103,0,-0.408913599409285,22,1,0,4,Normal,0.06712591670920998
-0.5644786802925077,0.1386905991300228,0,-0.408913599409285,21,5,0,0,Normal,0.08775962936455117
-0.5644786802925077,0.0339710286603586,0,-0.408913599409285,3,1,1,3,Normal,0.1565316429291485
-0.5644786802925077,0.0339710286603586,0,0.6239573261004014,4,0,3,2,Normal,0.13341168197208048
-0.5644786802925077,-0.7339724881171771,0,-1.4417845249189716,22,4,3,4,Normal,0.11749278689941772
0.258736545451269,-0.7688790116070651,0,-0.408913599409285,22,2,2,3,Normal,0.11931484597527298
0.6703441583231574,1.6745776326850943,0,-1.4417845249189716,15,0,1,5,Normal,0.05145779719664023
1.4935593840669343,1.6745776326850943,0,-0.408913599409285,5,6,1,2,Normal,0.06712668107280939
-0.5644786802925077,-0.5943463941576251,1,0.6239573261004014,9,5,4,3,Normal,0.05008614763672037
-0.5644786802925077,-0.664159441137401,0,0.6239573261004014,4,7,1,1,Normal,0.11692399587483904
-0.5644786802925077,1.604764585705318,0,1.656828251610088,2,0,3,7,Normal,0.04612683066673262
-0.5644786802925077,1.3604189212761024,0,-1.4417845249189716,4,1,0,3,Normal,0.08236252063863003
-0.5644786802925077,0.3132232165794628,1,-1.4417845249189716,0,2,2,4,Normal,0.030727427601013213
-0.5644786802925077,-0.489626823687961,0,-0.408913599409285,2,7,2,7,Normal,0.09866835630785309
-0.5644786802925077,-0.3500007297284091,0,0.6239573261004014,0,3,2,6,Normal,0.12365460294832892
-0.5644786802925077,0.2783166930895746,0,0.6239573261004014,5,3,3,2,Normal,0.15085995268336305
2.7283822226826,0.3132232165794628,0,1.656828251610088,9,1,2,4,Normal,0.05044318361643163
-0.5644786802925077,-0.2452811592587452,0,0.6239573261004014,7,1,2,0,Normal,0.1251316694605421
-0.5644786802925077,0.7321014984581184,0,0.6239573261004014,17,7,0,2,Normal,0.10470389022627835
-0.5644786802925077,-0.629252917647513,0,1.656828251610088,21,3,1,0,Normal,0.0719753046929339
-0.5644786802925077,0.1735971226199107,0,-0.408913599409285,19,6,0,5,Normal,0.12645489851639558
1.4935593840669343,0.0339710286603586,0,0.6239573261004014,18,2,2,5,Normal,0.11530388573974881
-0.5644786802925077,-1.083037723016057,0,1.656828251610088,19,6,2,4,Normal,0.10393123536473126
0.6703441583231574,-0.3849072532182971,0,0.6239573261004014,12,5,1,6,Normal,0.12759965847432447
-0.5644786802925077,0.6971949749682306,0,0.6239573261004014,15,3,2,3,Normal,0.16081264597673356
-0.5644786802925077,0.7321014984581184,0,-0.408913599409285,7,2,1,1,Normal,0.15054203281110767
-0.5644786802925077,-1.048131199526169,0,-0.408913599409285,11,6,4,6,Normal,0.11655540140698911
-0.5644786802925077,0.8717275924176705,0,-0.408913599409285,16,2,2,3,Normal,0.15762975742378477
-0.5644786802925077,-0.1405615887890813,0,-0.408913599409285,4,1,1,4,Normal,0.16651935891439318
-0.5644786802925077,0.4179427870491267,1,-1.4417845249189716,3,1,4,3,Normal,0.015672115920889795
-0.5644786802925077,-1.222663816975609,0,1.656828251610088,2,1,1,4,Normal,0.09979527560563095
2.316774609810712,0.1386905991300228,0,0.6239573261004014,9,5,2,6,Normal,0.09562704028932667
-0.5644786802925077,-0.7688790116070651,0,0.6239573261004014,21,2,3,4,Normal,0.1441255512523732
-0.5644786802925077,0.7321014984581184,0,-0.408913599409285,2,5,4,2,Normal,0.12115196609347895
1.9051669969388227,0.8368210689277826,1,0.6239573261004014,17,3,0,3,Suspicious,-0.003768059366899612
1.4935593840669343,1.3604189212761024,0,0.6239573261004014,15,5,2,7,Normal,0.06563638489616008
-0.5644786802925077,-1.292476863955385,0,0.6239573261004014,17,6,2,6,Normal,0.11200278516839002
-0.5644786802925077,-1.3273833874452727,0,-0.408913599409285,8,3,4,2,Normal,0.13039986047751784
-0.5644786802925077,0.7670080219480067,0,-0.408913599409285,3,4,3,0,Normal,0.12024740240512333
-0.1528710674206193,-0.7688790116070651,0,1.656828251610088,14,5,0,0,Normal,0.04868075109232339
-0.1528710674206193,-1.5019160048947129,1,0.6239573261004014,19,4,2,6,Normal,0.02664913946606884
-0.5644786802925077,-0.629252917647513,0,-0.408913599409285,19,4,1,0,Normal,0.12148858431086673
-0.5644786802925077,-0.4547203001980731,1,-0.408913599409285,11,3,1,7,Normal,0.05510629920991894
-0.5644786802925077,-0.3150942062385213,0,0.6239573261004014,8,2,3,3,Normal,0.15150670833355284
-0.5644786802925077,-0.0009354948295292,0,0.6239573261004014,23,4,2,0,Normal,0.09339676482335968
2.7283822226826,1.5698580622154303,0,-0.408913599409285,18,4,2,1,Normal,0.03250707132905839
-0.5644786802925077,0.1386905991300228,0,-0.408913599409285,18,0,1,7,Normal,0.10390021588612763
1.9051669969388227,-0.1754681122789692,0,0.6239573261004014,16,7,1,5,Normal,0.08671398603243097
-0.5644786802925077,0.6273819279884545,0,0.6239573261004014,22,4,1,3,Normal,0.1263890774916226
0.6703441583231574,1.5000450152356546,0,-1.4417845249189716,6,6,3,3,Normal,0.08088754693791822
0.6703441583231574,1.2207928273165505,0,0.6239573261004014,13,7,1,5,Normal,0.08751455782896445
-0.5644786802925077,1.4651384917457662,0,-0.408913599409285,20,2,0,7,Normal,0.07562574631833396
0.6703441583231574,-0.8037855350969529,0,-0.408913599409285,23,5,3,6,Normal,0.09158223544402455
-0.5644786802925077,-0.1056550652991931,0,-1.4417845249189716,5,4,2,1,Normal,0.12609740706694283
-0.5644786802925077,-0.5594398706677371,0,-0.408913599409285,17,6,0,3,Normal,0.12809374247581584
-0.5644786802925077,-0.7688790116070651,0,-0.408913599409285,5,3,1,1,Normal,0.14944684348451792
-0.5644786802925077,-0.6990659646272891,0,-1.4417845249189716,6,6,2,5,Normal,0.1415856075209035
0.258736545451269,1.7094841561749825,0,-0.408913599409285,11,3,4,7,Normal,0.05658365202106064
2.316774609810712,0.9066341159075584,1,-0.408913599409285,17,1,4,0,Suspicious,-0.04290131796327423
0.258736545451269,-0.7339724881171771,0,-1.4417845249189716,17,4,0,3,Normal,0.07826473812856205
-0.5644786802925077,-1.5019160048947129,0,-0.408913599409285,5,6,1,5,Normal,0.12326840325799032
-0.5644786802925077,0.5924754044985666,0,0.6239573261004014,1,0,2,2,Normal,0.11770416609919226
2.7283822226826,0.4528493105390145,0,1.656828251610088,16,2,3,4,Normal,0.05430184043392694
0.258736545451269,0.8368210689277826,1,-1.4417845249189716,21,7,1,5,Suspicious,-0.0014160779308972637
1.081951771195046,0.5924754044985666,1,0.6239573261004014,22,2,1,1,Suspicious,-0.0035880963419182565
-0.5644786802925077,1.1858863038266625,0,-1.4417845249189716,16,7,0,6,Normal,0.06642136670985554
1.081951771195046,-1.048131199526169,0,-0.408913599409285,23,7,4,5,Normal,0.049710034175976636
-0.5644786802925077,-0.7688790116070651,0,-1.4417845249189716,20,1,3,4,Normal,0.12300511205117082
-0.1528710674206193,0.8717275924176705,0,0.6239573261004014,19,7,2,0,Normal,0.07284311651269038
-0.5644786802925077,0.4528493105390145,0,-0.408913599409285,12,5,0,6,Normal,0.13129628920858172
1.081951771195046,1.0462602098671103,0,0.6239573261004014,1,4,2,7,Normal,0.06955459952792187
-0.5644786802925077,-0.1754681122789692,0,-0.408913599409285,11,6,4,5,Normal,0.13738335884954783
0.258736545451269,-1.117944246505945,0,0.6239573261004014,19,4,4,4,Normal,0.09226555754416021
0.258736545451269,0.8368210689277826,0,-0.408913599409285,5,7,2,6,Normal,0.09208592768701374
-0.5644786802925077,-0.873598582076729,0,0.6239573261004014,12,1,2,2,Normal,0.16128944268358764
1.4935593840669343,-0.0707485418093052,1,0.6239573261004014,18,1,1,0,Suspicious,-0.003428800152727618
-0.5644786802925077,-0.629252917647513,0,-0.408913599409285,6,7,4,5,Normal,0.11242748781944256
-0.5644786802925077,0.8368210689277826,0,-1.4417845249189716,4,6,0,6,Normal,0.09301249422440594
-0.5644786802925077,-0.1056550652991931,0,1.656828251610088,23,7,3,7,Normal,0.03545700677021457
1.4935593840669343,0.4877558340289027,1,-0.408913599409285,0,7,1,0,Suspicious,-0.018524142193788395
-0.5644786802925077,-1.117944246505945,0,0.6239573261004014,11,5,4,1,Normal,0.1142308656860978
-0.5644786802925077,-1.1528507699958328,0,1.656828251610088,2,7,0,4,Normal,0.05586475526304435
-0.5644786802925077,0.2434101695996867,0,-0.408913599409285,3,6,3,5,Normal,0.14607073426016648
2.7283822226826,0.6971949749682306,0,-1.4417845249189716,6,5,2,5,Normal,0.047094619126919035
-0.5644786802925077,-0.6990659646272891,0,0.6239573261004014,15,3,3,0,Normal,0.13420953141519815
-0.5644786802925077,1.1160732568468863,0,-0.408913599409285,18,4,2,4,Normal,0.15317606285455876
-0.5644786802925077,0.6273819279884545,0,-0.408913599409285,10,1,3,2,Normal,0.14983569562775562
-0.5644786802925077,1.2906058742963262,0,0.6239573261004014,6,7,4,7,Normal,0.05359280173293224
1.9051669969388227,0.1037840756401346,0,-0.408913599409285,5,5,3,1,Normal,0.09502733379252204
-0.5644786802925077,0.6273819279884545,0,-0.408913599409285,4,0,1,6,Normal,0.12552790631146887
0.6703441583231574,-1.257570340465497,0,-0.408913599409285,18,3,0,6,Normal,0.07960376961601079
2.7283822226826,-0.9783181525463928,0,0.6239573261004014,5,1,0,5,Normal,0.04620354080359668
-0.5644786802925077,0.3132232165794628,0,1.656828251610088,19,1,3,3,Normal,0.11250582386950886
-0.5644786802925077,1.0113536863772226,0,-0.408913599409285,15,1,1,5,Normal,0.1525244470138909
-0.5644786802925077,-0.1405615887890813,0,-0.408913599409285,23,0,4,4,Normal,0.09910458850903747
-0.5644786802925077,0.5226623575187906,0,-0.408913599409285,6,7,3,4,Normal,0.14385092969403185
2.316774609810712,0.6273819279884545,0,0.6239573261004014,3,0,2,1,Normal,0.06312664191393214
-0.5644786802925077,0.5924754044985666,0,0.6239573261004014,2,3,4,5,Normal,0.11642617927917492
-0.1528710674206193,-0.1405615887890813,0,1.656828251610088,21,5,3,7,Normal,0.06511570565195468
-0.5644786802925077,0.8717275924176705,0,-0.408913599409285,2,6,2,2,Normal,0.13778610527767365
-0.5644786802925077,1.3604189212761024,0,1.656828251610088,15,7,0,1,Normal,0.07390474514898149
-0.1528710674206193,0.8717275924176705,1,0.6239573261004014,14,6,2,7,Normal,0.038210062588357574
0.258736545451269,-0.210374635768857,0,-1.4417845249189716,6,4,0,1,Normal,0.0718972300366989
1.9051669969388227,-1.6764486223441528,0,-1.4417845249189716,0,6,2,5,Normal,0.03223195893438069
-0.5644786802925077,-1.1528507699958328,0,0.6239573261004014,20,5,2,0,Normal,0.10097795177816293
-0.5644786802925077,-1.292476863955385,0,-0.408913599409285,9,6,0,1,Normal,0.10811000200595111
-0.5644786802925077,-0.524533347177849,0,0.6239573261004014,15,3,3,2,Normal,0.1620495788071099
1.4935593840669343,1.4302319682558782,0,-1.4417845249189716,12,5,4,7,Normal,0.033305556543680614
-0.5644786802925077,0.8717275924176705,0,-0.408913599409285,6,3,4,2,Normal,0.13691710028375947
-0.5644786802925077,1.2556993508064382,0,0.6239573261004014,6,4,3,1,Normal,0.13277544385570234
-0.5644786802925077,-0.1405615887890813,0,-1.4417845249189716,1,2,4,0,Normal,0.07303466605932218
-0.5644786802925077,-1.3273833874452727,0,-0.408913599409285,16,4,2,1,Normal,0.1306169861094152
1.4935593840669343,-1.292476863955385,0,0.6239573261004014,16,2,2,3,Normal,0.10218901901053656
-0.5644786802925077,0.5575688810086785,0,-0.408913599409285,23,6,1,4,Normal,0.12182368278795569
-0.5644786802925077,0.6273819279884545,0,-1.4417845249189716,13,6,1,5,Normal,0.13250553144070887
2.7283822226826,0.9066341159075584,1,0.6239573261004014,2,3,0,3,Suspicious,-0.021605978581003105
0.258736545451269,-0.5594398706677371,0,0.6239573261004014,23,5,4,2,Normal,0.0772075427884239
-0.5644786802925077,-1.048131199526169,1,-0.408913599409285,17,6,4,2,Normal,0.027696393372398043
-0.1528710674206193,0.9764471628873344,1,0.6239573261004014,20,5,1,5,Normal,0.033228272905871825
-0.5644786802925077,0.7670080219480067,1,0.6239573261004014,17,7,1,3,Normal,0.040667686401568814
-0.5644786802925077,-0.3500007297284091,0,-1.4417845249189716,0,4,3,6,Normal,0.10498415549906653
-0.5644786802925077,-0.5943463941576251,0,1.656828251610088,15,1,2,0,Normal,0.09857523940803392
-0.5644786802925077,1.639671109195206,0,-0.408913599409285,14,3,2,5,Normal,0.1351510679056495
0.6703441583231574,-1.117944246505945,0,-1.4417845249189716,3,7,3,5,Normal,0.06695370728971639
-0.5644786802925077,-1.7113551458340408,1,0.6239573261004014,13,3,0,6,Normal,0.009922267924795225
-0.5644786802925077,-0.4198137767081852,1,0.6239573261004014,10,5,2,7,Normal,0.06147783515919303
-0.5644786802925077,0.5924754044985666,0,1.656828251610088,14,1,2,6,Normal,0.11292193110865856
-0.5644786802925077,-1.222663816975609,0,-1.4417845249189716,18,7,0,3,Normal,0.056866076634771834
-0.5644786802925077,0.5924754044985666,0,0.6239573261004014,1,4,3,3,Normal,0.13514906817696604
-0.5644786802925077,-0.3500007297284091,0,-0.408913599409285,20,1,4,2,Normal,0.12840809379678836
-0.5644786802925077,0.9066341159075584,0,-1.4417845249189716,12,3,1,7,Normal,0.11554961839782224
-0.5644786802925077,-0.5594398706677371,0,-0.408913599409285,9,0,3,4,Normal,0.14976656698617596
-0.5644786802925077,0.0339710286603586,0,0.6239573261004014,14,1,3,3,Normal,0.15178849829871482
-0.5644786802925077,1.4651384917457662,0,-0.408913599409285,6,5,3,6,Normal,0.13048726854438397
-0.5644786802925077,-0.489626823687961,0,1.656828251610088,23,3,3,3,Normal,0.10079520115776597
-0.5644786802925077,-1.467009481404825,0,-1.4417845249189716,7,4,4,5,Normal,0.07866501007075444
-0.5644786802925077,-0.2801876827486331,1,-0.408913599409285,18,3,1,4,Normal,0.062465507156884814
1.081951771195046,-1.4321029579149367,0,1.656828251610088,1,5,4,3,Normal,0.04085054608696426
-0.5644786802925077,1.6745776326850943,0,-1.4417845249189716,0,4,2,3,Normal,0.09039286066841068
-0.5644786802925077,-1.4321029579149367,0,-0.408913599409285,11,4,1,6,Normal,0.1271432619063777
0.258736545451269,-1.5717290518744889,0,-0.408913599409285,14,2,2,7,Normal,0.08934852867296905
1.9051669969388227,0.9415406393974466,0,0.6239573261004014,10,7,1,0,Normal,0.06055106827837542
-0.5644786802925077,1.1509797803367747,0,-1.4417845249189716,16,0,0,0,Normal,0.04688690456369682
-0.1528710674206193,1.639671109195206,0,-0.408913599409285,13,6,0,0,Normal,0.051873741536152096
2.316774609810712,-0.7339724881171771,0,0.6239573261004014,3,4,4,0,Normal,0.023844067349152342
-0.5644786802925077,-0.7339724881171771,0,0.6239573261004014,19,7,2,1,Normal,0.11958622389637802
-0.5644786802925077,0.1037840756401346,0,-1.4417845249189716,5,3,4,1,Normal,0.10022217879906159
-0.5644786802925077,-1.7113551458340408,0,0.6239573261004014,7,5,4,6,Normal,0.08115046313916241
-0.1528710674206193,-1.6066355753643766,0,0.6239573261004014,4,7,3,3,Normal,0.0810829405549266
1.081951771195046,-0.1405615887890813,0,-1.4417845249189716,8,2,1,7,Normal,0.0809222406483393
-0.5644786802925077,1.1858863038266625,1,1.656828251610088,5,1,3,0,Suspicious,-0.002054609215313974
1.081951771195046,0.7670080219480067,1,-0.408913599409285,0,5,3,6,Normal,0.012717646641879687
-0.5644786802925077,1.2207928273165505,0,-0.408913599409285,4,4,0,3,Normal,0.12247849166983121
-0.5644786802925077,-1.6764486223441528,0,1.656828251610088,21,5,0,3,Normal,0.057267363513516245
-0.5644786802925077,-0.210374635768857,0,0.6239573261004014,1,6,2,5,Normal,0.13841241940732102
-0.5644786802925077,1.4651384917457662,0,-0.408913599409285,11,6,4,1,Normal,0.10334991112012226
-0.5644786802925077,-1.1528507699958328,0,-1.4417845249189716,10,7,2,1,Normal,0.09990964511277733
-0.5644786802925077,-1.6764486223441528,0,0.6239573261004014,6,2,1,6,Normal,0.11222255119652164
-0.5644786802925077,-0.8037855350969529,0,-0.408913599409285,17,1,1,0,Normal,0.1278402175440046
0.6703441583231574,-0.0707485418093052,0,1.656828251610088,9,1,0,1,Normal,0.047588140939108015
-0.5644786802925077,0.3830362635592385,0,1.656828251610088,14,1,1,5,Normal,0.11690779241562355
-0.5644786802925077,-0.3849072532182971,0,-1.4417845249189716,20,6,0,0,Normal,0.06588571494387085
-0.5644786802925077,0.9415406393974466,1,-0.408913599409285,0,1,1,5,Normal,0.031195392635892327
-0.5644786802925077,0.3481297400693506,0,0.6239573261004014,19,4,0,7,Normal,0.08990707251139662
-0.5644786802925077,0.6971949749682306,1,-0.408913599409285,9,0,4,0,Normal,0.010181709906086356
-0.5644786802925077,-1.222663816975609,0,0.6239573261004014,9,3,2,7,Normal,0.12652625086624308
-0.5644786802925077,0.5575688810086785,1,-1.4417845249189716,5,2,1,0,Normal,0.02524452530380783
-0.5644786802925077,1.3604189212761024,0,0.6239573261004014,9,4,3,1,Normal,0.13241741189339223
-0.5644786802925077,-0.943411629056505,0,-0.408913599409285,1,1,3,0,Normal,0.10948049262203063
-0.5644786802925077,1.1858863038266625,1,-1.4417845249189716,3,2,2,5,Normal,0.031175759781367995
2.316774609810712,1.5000450152356546,0,1.656828251610088,10,1,4,1,Normal,0.015548897346938095
-0.5644786802925077,1.0811667333569983,0,0.6239573261004014,6,5,2,7,Normal,0.1205110731741445
-0.5644786802925077,1.1858863038266625,0,0.6239573261004014,9,7,4,5,Normal,0.09703038950189613
-0.5644786802925077,0.9415406393974466,0,-0.408913599409285,14,7,2,7,Normal,0.1032030956597837
1.9051669969388227,0.0688775521502468,0,-1.4417845249189716,3,1,3,3,Normal,0.06710301376872596
-0.5644786802925077,1.5698580622154303,0,0.6239573261004014,2,3,0,7,Normal,0.06538442538778855
1.9051669969388227,0.4528493105390145,0,-0.408913599409285,4,4,3,2,Normal,0.09513694467822753
-0.5644786802925077,-1.0132246760362809,1,-1.4417845249189716,21,4,3,1,Normal,0.01563924004952799
1.4935593840669343,0.6273819279884545,0,-0.408913599409285,17,4,3,2,Normal,0.11102840632553479
-0.5644786802925077,1.3255123977862149,0,-0.408913599409285,14,5,4,1,Normal,0.11611795784628487
-0.5644786802925077,0.7670080219480067,0,1.656828251610088,8,3,3,7,Normal,0.09759679675254906
-0.5644786802925077,1.6745776326850943,0,-0.408913599409285,4,7,1,6,Normal,0.07785181520097584
1.9051669969388227,-0.1405615887890813,0,1.656828251610088,10,1,1,4,Normal,0.07431109580385331
-0.5644786802925077,-0.664159441137401,0,-1.4417845249189716,14,7,2,5,Normal,0.12116787354309888
-0.5644786802925077,-1.5368225283846009,1,-0.408913599409285,12,0,2,3,Normal,0.04161829282451679
-0.1528710674206193,-1.3273833874452727,0,0.6239573261004014,21,5,2,3,Normal,0.11161031245780417
-0.5644786802925077,1.1160732568468863,1,0.6239573261004014,11,3,4,0,Normal,0.011703827319288429
-0.5644786802925077,-1.6415420988542648,0,1.656828251610088,6,6,4,5,Normal,0.05828143118765616
-0.1528710674206193,-1.0132246760362809,1,1.656828251610088,1,3,3,0,Suspicious,-0.0175215067308373
-0.5644786802925077,0.6971949749682306,0,0.6239573261004014,14,2,2,6,Normal,0.15136653673521333
-0.1528710674206193,1.1858863038266625,0,0.6239573261004014,14,6,4,6,Normal,0.07848637827412897
1.9051669969388227,-1.083037723016057,0,0.6239573261004014,22,6,0,7,Normal,0.01821781022250457
-0.5644786802925077,1.1509797803367747,0,-0.408913599409285,23,7,1,5,Normal,0.09079699893045212
-0.5644786802925077,1.1160732568468863,0,0.6239573261004014,10,7,0,1,Normal,0.09623375416873226
-0.5644786802925077,1.5000450152356546,0,-0.408913599409285,22,4,4,0,Normal,0.0531760200623389
-0.5644786802925077,0.3481297400693506,0,-1.4417845249189716,18,4,4,2,Normal,0.1084306263384946
-0.5644786802925077,-0.9783181525463928,0,-0.408913599409285,0,2,0,0,Normal,0.07692660647528438
-0.5644786802925077,-0.4198137767081852,1,-0.408913599409285,13,6,0,3,Normal,0.03749746121285291
-0.5644786802925077,0.4528493105390145,0,0.6239573261004014,15,4,4,3,Normal,0.13715062780981546
-0.5644786802925077,0.4528493105390145,0,-0.408913599409285,9,6,1,3,Normal,0.16455297955599657
-0.1528710674206193,0.8368210689277826,0,0.6239573261004014,14,7,3,1,Normal,0.09643837258160604
-0.5644786802925077,-1.1877572934857208,0,-0.408913599409285,12,6,3,7,Normal,0.11312897059410415
-0.5644786802925077,-0.1754681122789692,0,1.656828251610088,12,6,2,3,Normal,0.12801172491616253
-0.5644786802925077,-0.629252917647513,0,-0.408913599409285,18,2,3,7,Normal,0.12403784494758852
1.081951771195046,0.7670080219480067,0,-0.408913599409285,6,7,4,7,Normal,0.049283884321352
-0.5644786802925077,0.3481297400693506,1,-0.408913599409285,11,3,4,6,Normal,0.05465171609694752
-0.5644786802925077,-0.908505105566617,0,-0.408913599409285,14,3,2,3,Normal,0.17094310718940314
0.258736545451269,-1.6415420988542648,0,-0.408913599409285,16,6,2,3,Normal,0.0980824674132803
-0.5644786802925077,-0.3500007297284091,0,-1.4417845249189716,11,6,1,2,Normal,0.13317393607250977
0.258736545451269,1.1509797803367747,0,-1.4417845249189716,15,4,2,5,Normal,0.10447175245462292
1.4935593840669343,-0.2801876827486331,0,1.656828251610088,21,4,0,7,Normal,0.021790558554083073
-0.1528710674206193,0.9066341159075584,0,-1.4417845249189716,9,4,2,2,Normal,0.11382067276525232
-0.5644786802925077,-0.8386920585868409,0,-1.4417845249189716,4,6,4,7,Normal,0.0781822001002449
-0.5644786802925077,1.639671109195206,0,-0.408913599409285,20,2,4,2,Normal,0.09444634753153058
-0.5644786802925077,1.0462602098671103,0,-0.408913599409285,17,3,1,2,Normal,0.15222909781431843
-0.5644786802925077,-0.629252917647513,1,0.6239573261004014,13,2,2,6,Normal,0.05592952712417476
0.6703441583231574,0.3481297400693506,0,-0.408913599409285,20,3,3,3,Normal,0.13071442192661242
-0.5644786802925077,-1.397196434425049,0,0.6239573261004014,9,6,3,2,Normal,0.1202730092403449
-0.5644786802925077,0.5575688810086785,0,-1.4417845249189716,9,7,3,4,Normal,0.13047712397374261
-0.5644786802925077,0.7670080219480067,0,1.656828251610088,19,6,1,7,Normal,0.07765032901023194
1.081951771195046,0.3132232165794628,1,0.6239573261004014,17,7,0,0,Suspicious,-0.01964868628143801
-0.5644786802925077,-0.524533347177849,0,-0.408913599409285,14,6,0,7,Normal,0.11021262053007869
1.4935593840669343,1.1858863038266625,0,-0.408913599409285,1,2,0,1,Normal,0.05595989938180479
-0.5644786802925077,-0.0358420183194171,0,-1.4417845249189716,9,3,1,6,Normal,0.13608966201654937
-0.5644786802925077,-0.7339724881171771,0,1.656828251610088,2,0,0,5,Normal,0.048782236622009756
-0.5644786802925077,1.0811667333569983,0,0.6239573261004014,16,6,4,6,Normal,0.0974041218391496
-0.5644786802925077,0.2085036461097985,0,-0.408913599409285,12,5,1,4,Normal,0.17373418741846336
-0.5644786802925077,0.8368210689277826,1,0.6239573261004014,6,1,2,2,Normal,0.053278314926585746
-0.5644786802925077,0.1037840756401346,0,-1.4417845249189716,22,0,3,7,Normal,0.06428309480944727
2.316774609810712,-1.1528507699958328,0,1.656828251610088,22,5,0,2,Normal,0.005254163143043944
-0.5644786802925077,0.8368210689277826,0,0.6239573261004014,17,2,1,0,Normal,0.12193375312203708
0.258736545451269,-1.397196434425049,0,0.6239573261004014,21,0,4,2,Normal,0.055692959890634386
-0.5644786802925077,0.6273819279884545,0,-1.4417845249189716,14,0,2,7,Normal,0.07746870224276692
-0.5644786802925077,-1.1877572934857208,0,0.6239573261004014,19,6,4,0,Normal,0.07472167660189055
-0.5644786802925077,-0.6990659646272891,0,0.6239573261004014,18,6,2,4,Normal,0.13936947884975814
1.9051669969388227,0.0339710286603586,0,0.6239573261004014,15,2,2,3,Normal,0.12287785824219988
-0.5644786802925077,0.9066341159075584,0,-0.408913599409285,22,6,4,0,Normal,0.07811097861156813
-0.5644786802925077,-1.0132246760362809,0,-1.4417845249189716,4,4,2,3,Normal,0.12409427051304439
1.081951771195046,-1.5368225283846009,0,1.656828251610088,14,4,2,0,Normal,0.037946824892036934
-0.5644786802925077,0.5575688810086785,0,-0.408913599409285,18,1,3,7,Normal,0.11828893336755192
-0.5644786802925077,-0.908505105566617,0,-1.4417845249189716,10,4,3,7,Normal,0.10328256976420003
-0.5644786802925077,-1.4321029579149367,0,1.656828251610088,12,7,2,1,Normal,0.09428658741262563
-0.5644786802925077,-1.292476863955385,1,-0.408913599409285,9,6,4,5,Normal,0.03311836160380088
-0.5644786802925077,1.4302319682558782,0,-0.408913599409285,14,4,0,1,Normal,0.1071383474378178
1.4935593840669343,1.0811667333569983,0,-1.4417845249189716,3,0,0,6,Normal,0.023779082374841165
-0.5644786802925077,-0.1056550652991931,0,-0.408913599409285,3,2,4,6,Normal,0.13182654349996553
-0.5644786802925077,1.2556993508064382,0,1.656828251610088,3,7,4,3,Normal,0.06373803973728343
1.9051669969388227,-0.3500007297284091,1,0.6239573261004014,11,7,4,7,Suspicious,-0.028497299303078538
0.258736545451269,1.604764585705318,1,1.656828251610088,2,4,0,7,Suspicious,-0.030385975404105925
0.6703441583231574,-1.7462616693239288,0,1.656828251610088,11,5,4,7,Normal,0.025339234547684164
-0.5644786802925077,-0.3500007297284091,0,0.6239573261004014,6,4,0,4,Normal,0.13108514697640616
-0.5644786802925077,-1.6066355753643766,0,0.6239573261004014,8,2,2,2,Normal,0.13724257115731597
2.316774609810712,1.4302319682558782,1,-1.4417845249189716,16,2,0,6,Suspicious,-0.03288445286751285
-0.5644786802925077,-1.1528507699958328,0,1.656828251610088,9,1,0,2,Normal,0.06857925264163112
-0.5644786802925077,-0.5594398706677371,0,-0.408913599409285,1,1,3,5,Normal,0.1344975698031899
-0.5644786802925077,-0.8386920585868409,0,-0.408913599409285,11,2,3,4,Normal,0.1711624584425096
-0.5644786802925077,0.2783166930895746,0,-0.408913599409285,9,6,1,3,Normal,0.16333230899342233
-0.5644786802925077,-0.2801876827486331,0,-0.408913599409285,5,2,4,3,Normal,0.14753082729220823
-0.5644786802925077,0.9764471628873344,0,-0.408913599409285,23,7,2,7,Normal,0.08057810312272451
-0.5644786802925077,-1.1528507699958328,1,-0.408913599409285,11,4,2,0,Normal,0.037735771656813744
-0.5644786802925077,1.2906058742963262,0,0.6239573261004014,5,7,0,2,Normal,0.08475919867623383
-0.1528710674206193,0.6622884514783427,1,-0.408913599409285,23,6,3,6,Normal,0.028375364942374803
-0.5644786802925077,0.1735971226199107,1,0.6239573261004014,8,2,0,3,Normal,0.04591692934830227
-0.5644786802925077,-0.8037855350969529,0,-1.4417845249189716,9,0,4,1,Normal,0.08131397163057053
-0.5644786802925077,-1.1877572934857208,0,-0.408913599409285,18,6,1,0,Normal,0.10695980177981623
-0.5644786802925077,0.2085036461097985,0,-1.4417845249189716,21,1,2,5,Normal,0.11767775345348913
-0.5644786802925077,-0.908505105566617,0,0.6239573261004014,18,2,4,2,Normal,0.1259493402813044
-0.5644786802925077,0.4528493105390145,0,-1.4417845249189716,7,6,0,5,Normal,0.113689207848853
2.7283822226826,1.3953254447659904,0,-0.408913599409285,2,7,4,1,Suspicious,-0.014805601010242642
-0.5644786802925077,0.8368210689277826,0,-0.408913599409285,0,2,4,2,Normal,0.11642756482129346
-0.5644786802925077,-1.3273833874452727,0,-1.4417845249189716,2,3,2,2,Normal,0.09446090360816606
0.6703441583231574,0.8368210689277826,0,1.656828251610088,13,4,1,5,Normal,0.08294770527343387
0.258736545451269,-0.5943463941576251,0,-1.4417845249189716,12,6,4,6,Normal,0.08146520782359834
-0.5644786802925077,-0.3150942062385213,0,-0.408913599409285,20,4,3,7,Normal,0.12114852216464744
2.7283822226826,-1.362289910935161,1,-0.408913599409285,9,7,0,5,Suspicious,-0.03787955129008225
-0.5644786802925077,0.5924754044985666,0,-1.4417845249189716,6,3,2,2,Normal,0.13113500804482797
-0.5644786802925077,0.8717275924176705,0,-0.408913599409285,12,2,2,2,Normal,0.16188644739817776
-0.5644786802925077,-1.6066355753643766,0,-0.408913599409285,6,3,3,7,Normal,0.098864424006329
-0.5644786802925077,-0.664159441137401,0,-0.408913599409285,21,7,1,0,Normal,0.08121752987081499
0.258736545451269,-0.0358420183194171,0,0.6239573261004014,17,1,0,3,Normal,0.09747763762709483
-0.1528710674206193,1.3953254447659904,0,0.6239573261004014,14,0,1,5,Normal,0.08918178365957341
2.7283822226826,1.5349515387255426,0,-0.408913599409285,6,4,2,1,Normal,0.036817193812350046
-0.5644786802925077,-0.1754681122789692,0,-0.408913599409285,21,1,2,1,Normal,0.13589767123397423
-0.1528710674206193,0.4528493105390145,1,-0.408913599409285,19,6,0,5,Normal,0.02816392298832704
2.7283822226826,1.639671109195206,0,0.6239573261004014,9,6,4,4,Normal,0.001650123650597357
-0.5644786802925077,-1.257570340465497,0,-1.4417845249189716,0,4,3,3,Normal,0.09535286429437162
-0.5644786802925077,-1.467009481404825,0,1.656828251610088,19,4,1,7,Normal,0.06007896165036242
-0.5644786802925077,-0.9783181525463928,0,0.6239573261004014,9,1,2,5,Normal,0.15456234836951122
-0.5644786802925077,-1.467009481404825,0,0.6239573261004014,22,4,0,0,Normal,0.05894055050264091
0.6703441583231574,-1.467009481404825,0,-1.4417845249189716,0,6,3,7,Normal,0.03779413947302168
-0.5644786802925077,-0.7688790116070651,0,0.6239573261004014,15,0,2,6,Normal,0.12800768997597078
0.6703441583231574,1.0462602098671103,0,-0.408913599409285,11,1,1,1,Normal,0.11532447642039861
-0.5644786802925077,0.3830362635592385,0,0.6239573261004014,23,4,4,1,Normal,0.09708733034156858
-0.5644786802925077,-1.117944246505945,0,-0.408913599409285,14,3,3,3,Normal,0.16202091120223266
-0.5644786802925077,-0.9783181525463928,0,-1.4417845249189716,11,4,3,1,Normal,0.11860579882166172
-0.5644786802925077,0.6622884514783427,0,-1.4417845249189716,2,1,1,4,Normal,0.11260047664173461
-0.5644786802925077,0.7670080219480067,0,-1.4417845249189716,3,6,4,5,Normal,0.09451015110541616
-0.5644786802925077,-1.3273833874452727,0,-0.408913599409285,6,6,2,2,Normal,0.14112235994636857
2.316774609810712,-0.629252917647513,0,-0.408913599409285,5,6,1,4,Normal,0.07488594677885307
1.9051669969388227,1.2207928273165505,0,-0.408913599409285,9,1,0,4,Normal,0.07376797131927859
-0.5644786802925077,-1.6066355753643766,0,1.656828251610088,13,6,1,4,Normal,0.09594955750571943
-0.5644786802925077,1.1858863038266625,0,-0.408913599409285,23,5,4,2,Normal,0.0864351409407178
-0.5644786802925077,1.0462602098671103,1,-0.408913599409285,21,4,3,7,Normal,0.04051010014974965
0.258736545451269,0.6622884514783427,1,-0.408913599409285,6,3,2,1,Normal,0.04820614623159891
-0.5644786802925077,-0.3500007297284091,1,-0.408913599409285,17,6,3,1,Normal,0.05378107505947127
-0.5644786802925077,0.9415406393974466,0,0.6239573261004014,5,5,4,6,Normal,0.10673500576743866
-0.5644786802925077,1.2556993508064382,0,-0.408913599409285,19,4,4,2,Normal,0.11842811222785848
-0.5644786802925077,1.2207928273165505,0,0.6239573261004014,23,7,3,2,Normal,0.08389644601156854
-0.5644786802925077,-1.222663816975609,0,0.6239573261004014,2,4,3,3,Normal,0.13112793112033133
-0.5644786802925077,-1.083037723016057,0,0.6239573261004014,18,6,4,7,Normal,0.08088656040902942
1.9051669969388227,0.5924754044985666,0,1.656828251610088,9,6,2,2,Normal,0.06131069650104248
1.4935593840669343,-1.7113551458340408,0,1.656828251610088,2,6,0,1,Normal,0.000524837058234362
-0.5644786802925077,-1.222663816975609,0,0.6239573261004014,13,2,3,1,Normal,0.13708758255205544
-0.5644786802925077,1.3953254447659904,0,-0.408913599409285,21,7,0,4,Normal,0.08383367413925347
-0.5644786802925077,-0.3150942062385213,0,-1.4417845249189716,16,5,0,6,Normal,0.0932783209824346
-0.5644786802925077,0.4179427870491267,0,-1.4417845249189716,19,4,2,2,Normal,0.12291391816122449
-0.5644786802925077,-1.5368225283846009,1,0.6239573261004014,17,4,3,6,Normal,0.027302730034472145
-0.5644786802925077,-0.2801876827486331,0,-1.4417845249189716,16,0,1,3,Normal,0.10932614170180177
-0.5644786802925077,0.7670080219480067,0,0.6239573261004014,15,4,4,0,Normal,0.1033455424348173
-0.5644786802925077,-0.4198137767081852,0,-0.408913599409285,0,0,0,4,Normal,0.09284629836722214
-0.1528710674206193,-1.292476863955385,0,-1.4417845249189716,14,5,4,1,Normal,0.06378937604633061
2.316774609810712,1.0462602098671103,0,0.6239573261004014,15,0,0,2,Normal,0.04002636978058749
-0.5644786802925077,0.4528493105390145,0,0.6239573261004014,2,4,1,4,Normal,0.14302121000019774
-0.5644786802925077,-0.3849072532182971,0,-0.408913599409285,3,2,0,7,Normal,0.10436367584590145
1.4935593840669343,-0.7339724881171771,0,1.656828251610088,8,0,0,7,Normal,0.006201567108310435
-0.5644786802925077,1.1858863038266625,0,-0.408913599409285,2,0,3,6,Normal,0.11323774913836054
0.258736545451269,-1.292476863955385,0,1.656828251610088,3,5,3,7,Normal,0.05201967099179616
2.7283822226826,-0.0707485418093052,0,-1.4417845249189716,14,5,3,1,Normal,0.03314561730559562
-0.5644786802925077,0.1037840756401346,0,0.6239573261004014,19,0,1,6,Normal,0.11526643796620473
-0.5644786802925077,-1.6764486223441528,0,0.6239573261004014,16,0,0,4,Normal,0.07455831531206425
-0.5644786802925077,-1.5019160048947129,0,0.6239573261004014,14,1,4,1,Normal,0.1029570062945091
-0.5644786802925077,0.7670080219480067,0,-1.4417845249189716,10,0,0,2,Normal,0.08061299555294643
-0.5644786802925077,-0.524533347177849,1,-1.4417845249189716,3,5,1,4,Normal,0.05141318682462981
0.6703441583231574,-0.8386920585868409,1,-0.408913599409285,5,5,4,4,Normal,0.03133405123997801
-0.5644786802925077,-1.222663816975609,0,-1.4417845249189716,23,6,2,4,Normal,0.08728004492277686
-0.5644786802925077,0.1735971226199107,0,-1.4417845249189716,15,7,2,4,Normal,0.1273227598859042
-0.5644786802925077,-1.362289910935161,1,-0.408913599409285,1,2,4,6,Normal,0.00817684104930605
1.081951771195046,-1.7462616693239288,1,1.656828251610088,11,5,3,4,Suspicious,-0.005574322810055099
0.6703441583231574,-1.222663816975609,0,0.6239573261004014,3,0,0,7,Normal,0.029782818774919617
-0.5644786802925077,0.2434101695996867,0,0.6239573261004014,19,5,2,2,Normal,0.1457921350214923
-0.5644786802925077,-0.1405615887890813,0,-0.408913599409285,14,6,0,5,Normal,0.14140302655719955
-0.5644786802925077,-1.6066355753643766,0,1.656828251610088,12,0,4,6,Normal,0.04928019246786175
-0.5644786802925077,-0.873598582076729,0,-1.4417845249189716,15,7,1,2,Normal,0.10951616578391804
-0.5644786802925077,-1.048131199526169,1,-0.408913599409285,11,5,1,1,Normal,0.051355328329583116
1.4935593840669343,1.3953254447659904,0,0.6239573261004014,4,3,4,4,Normal,0.05544801410239819
1.081951771195046,-0.7339724881171771,1,-0.408913599409285,21,3,4,2,Normal,0.012635939222851889
-0.5644786802925077,-0.9783181525463928,1,-0.408913599409285,10,0,4,4,Normal,0.02220968845820681
-0.5644786802925077,0.6971949749682306,1,-0.408913599409285,3,7,2,0,Normal,0.022155912461957694
-0.5644786802925077,-1.222663816975609,0,1.656828251610088,6,2,1,0,Normal,0.07974545318398818
-0.5644786802925077,-1.0132246760362809,0,-0.408913599409285,12,7,4,2,Normal,0.1233429361137609
-0.5644786802925077,1.0113536863772226,0,0.6239573261004014,12,6,3,5,Normal,0.13895989653932478
-0.5644786802925077,1.3255123977862149,1,-1.4417845249189716,18,6,0,3,Normal,0.007524312426023583
-0.5644786802925077,-0.5943463941576251,0,-0.408913599409285,3,3,3,0,Normal,0.12788285109307312
-0.5644786802925077,-0.5943463941576251,1,-0.408913599409285,9,6,2,7,Normal,0.0626428863787315
-0.5644786802925077,-0.8386920585868409,0,0.6239573261004014,19,3,2,0,Normal,0.12179384895603629
-0.1528710674206193,0.6971949749682306,0,0.6239573261004014,13,0,0,1,Normal,0.0719486491799689
1.081951771195046,1.3953254447659904,0,1.656828251610088,6,1,4,6,Normal,0.027106594110305693
-0.5644786802925077,1.2906058742963262,0,1.656828251610088,13,3,0,1,Normal,0.0856040538878089
1.081951771195046,0.1735971226199107,0,1.656828251610088,6,0,4,0,Normal,0.02373751177656136
-0.5644786802925077,-1.048131199526169,0,-1.4417845249189716,18,4,4,0,Normal,0.0718975347444607
-0.5644786802925077,-1.6066355753643766,0,-1.4417845249189716,10,3,3,4,Normal,0.10686497704625642
-0.5644786802925077,-1.5717290518744889,0,-0.408913599409285,11,4,2,7,Normal,0.11282649545225854
-0.5644786802925077,0.9066341159075584,0,-0.408913599409285,4,6,4,2,Normal,0.1180467145506337
-0.5644786802925077,-1.3273833874452727,0,-0.408913599409285,17,3,4,2,Normal,0.11980978257706154
-0.5644786802925077,-0.3849072532182971,0,-0.408913599409285,7,0,2,3,Normal,0.1516574484282659
-0.1528710674206193,-0.2452811592587452,0,-1.4417845249189716,3,3,3,2,Normal,0.10562441549316925
-0.5644786802925077,-1.362289910935161,0,-1.4417845249189716,16,0,4,2,Normal,0.0694601176150782
-0.5644786802925077,-0.7688790116070651,1,-1.4417845249189716,1,4,1,0,Normal,0.004454256467486317
-0.5644786802925077,0.4179427870491267,0,-1.4417845249189716,8,7,1,6,Normal,0.11885779970300159
-0.5644786802925077,0.7321014984581184,0,-0.408913599409285,18,3,0,1,Normal,0.12074277883786094
1.081951771195046,1.5698580622154303,0,0.6239573261004014,1,6,0,7,Normal,0.017456592544989324
-0.1528710674206193,0.8368210689277826,0,-0.408913599409285,4,4,2,4,Normal,0.14203498941851966
-0.5644786802925077,-1.1528507699958328,0,-1.4417845249189716,20,7,4,4,Normal,0.07157516191060453
-0.5644786802925077,0.4877558340289027,0,-0.408913599409285,15,0,0,0,Normal,0.0896837892601049
1.081951771195046,-1.5717290518744889,0,1.656828251610088,7,2,3,1,Normal,0.059130126188133514
-0.5644786802925077,0.7670080219480067,0,-0.408913599409285,17,2,3,6,Normal,0.14590799077955818
2.316774609810712,-1.5717290518744889,0,-0.408913599409285,16,0,3,6,Normal,0.025910516187363508
-0.5644786802925077,-0.629252917647513,0,1.656828251610088,16,6,0,6,Normal,0.07897277764246091
0.258736545451269,-0.5943463941576251,0,1.656828251610088,17,6,2,6,Normal,0.07695442820112819
2.7283822226826,-0.0009354948295292,0,1.656828251610088,7,6,1,7,Normal,0.014999801462361684
-0.5644786802925077,-1.1528507699958328,0,-0.408913599409285,18,3,0,3,Normal,0.11842250049323122
1.081951771195046,1.2556993508064382,0,1.656828251610088,12,7,4,7,Normal,0.01563263399691206
-0.5644786802925077,-1.117944246505945,0,-0.408913599409285,9,0,4,4,Normal,0.11163502867463104
-0.5644786802925077,-0.210374635768857,0,0.6239573261004014,23,1,3,2,Normal,0.11883046314871443
-0.5644786802925077,0.6273819279884545,1,0.6239573261004014,9,6,0,6,Normal,0.031343992580899815
-0.5644786802925077,-1.6415420988542648,0,0.6239573261004014,5,1,4,0,Normal,0.07241771932710472
-0.5644786802925077,-0.210374635768857,0,-0.408913599409285,1,5,4,5,Normal,0.12269877271201013
-0.5644786802925077,1.1509797803367747,0,-0.408913599409285,4,5,3,7,Normal,0.11710504902500174
-0.5644786802925077,1.4651384917457662,0,0.6239573261004014,21,7,1,5,Normal,0.09712265709711965
-0.5644786802925077,-0.0358420183194171,0,1.656828251610088,5,5,4,4,Normal,0.10537011059398738
2.316774609810712,1.0462602098671103,0,1.656828251610088,10,3,2,1,Normal,0.053763511162080335
1.4935593840669343,-0.524533347177849,0,0.6239573261004014,20,6,4,5,Normal,0.07219886518535845
-0.5644786802925077,0.6971949749682306,0,-0.408913599409285,21,1,3,3,Normal,0.13329502557768408
-0.5644786802925077,0.6273819279884545,0,-0.408913599409285,19,3,0,0,Normal,0.09466878481639784
-0.5644786802925077,-1.048131199526169,0,-1.4417845249189716,4,6,2,5,Normal,0.12732306769059076
-0.5644786802925077,-0.3500007297284091,1,1.656828251610088,6,1,4,5,Normal,0.008423112094175234
1.4935593840669343,1.5349515387255426,0,-0.408913599409285,5,6,1,5,Normal,0.07099214537413923
1.4935593840669343,0.6971949749682306,0,-0.408913599409285,13,2,2,6,Normal,0.11084261160029141
0.6703441583231574,-0.2801876827486331,0,-0.408913599409285,10,1,4,2,Normal,0.11255759019726125
-0.5644786802925077,-1.3273833874452727,0,-0.408913599409285,0,0,1,7,Normal,0.06158924029043533
1.9051669969388227,-1.7113551458340408,0,1.656828251610088,17,3,4,1,Normal,0.02400334560029016
1.9051669969388227,0.0339710286603586,0,0.6239573261004014,23,6,0,5,Normal,0.039517208414000526
0.258736545451269,-1.5368225283846009,0,1.656828251610088,0,3,0,5,Normal,0.021362124153513684
-0.5644786802925077,0.6971949749682306,1,1.656828251610088,5,4,0,1,Normal,0.006045487905038227
0.258736545451269,-0.489626823687961,0,1.656828251610088,17,0,4,1,Normal,0.05017202725237058
-0.5644786802925077,-0.8037855350969529,0,0.6239573261004014,13,4,3,4,Normal,0.15978172700234688
-0.5644786802925077,-0.3500007297284091,0,0.6239573261004014,19,7,1,6,Normal,0.10947389122272216
-0.5644786802925077,0.1037840756401346,0,-1.4417845249189716,10,0,1,2,Normal,0.11538382786238016
-0.5644786802925077,-1.397196434425049,0,0.6239573261004014,1,7,2,1,Normal,0.0928772157868567
2.316774609810712,0.7670080219480067,0,0.6239573261004014,8,5,0,1,Normal,0.06377869724136898
-0.5644786802925077,-0.3849072532182971,0,1.656828251610088,22,5,1,1,Normal,0.09245149901054772
-0.5644786802925077,0.2434101695996867,1,-0.408913599409285,10,2,4,1,Normal,0.043240926567963966
-0.5644786802925077,-0.6990659646272891,0,-0.408913599409285,5,4,1,5,Normal,0.16102406874707997
-0.5644786802925077,0.4528493105390145,0,0.6239573261004014,21,6,1,5,Normal,0.12960809175368554
1.4935593840669343,-1.467009481404825,0,0.6239573261004014,22,5,3,7,Normal,0.03992345712745127
-0.5644786802925077,-1.6066355753643766,1,0.6239573261004014,9,0,0,0,Suspicious,-0.01411955278458299
-0.5644786802925077,0.3481297400693506,0,-0.408913599409285,0,0,3,6,Normal,0.10219534829042742
1.081951771195046,-1.222663816975609,0,-1.4417845249189716,5,3,4,3,Normal,0.05984890281898769
-0.5644786802925077,-1.1528507699958328,0,0.6239573261004014,2,7,2,5,Normal,0.11100046493569643
-0.5644786802925077,-1.1528507699958328,1,0.6239573261004014,0,1,3,3,Normal,0.02756169602057168
-0.1528710674206193,0.6273819279884545,0,0.6239573261004014,23,0,4,2,Normal,0.06403579753355904
-0.5644786802925077,-0.908505105566617,0,-1.4417845249189716,20,1,3,2,Normal,0.10549150507729832
-0.5644786802925077,0.7321014984581184,0,-1.4417845249189716,21,5,3,1,Normal,0.0956890035407919
-0.5644786802925077,0.1037840756401346,0,-0.408913599409285,22,0,4,1,Normal,0.09517913177405568
-0.5644786802925077,0.2434101695996867,0,1.656828251610088,14,1,3,2,Normal,0.1160307777711021
-0.5644786802925077,1.0113536863772226,0,0.6239573261004014,19,3,1,3,Normal,0.14452367203411598
-0.5644786802925077,0.4528493105390145,0,0.6239573261004014,7,6,4,0,Normal,0.09697246308830232
-0.5644786802925077,1.3604189212761024,0,1.656828251610088,21,1,2,1,Normal,0.07749922663432196
-0.5644786802925077,0.2783166930895746,1,-1.4417845249189716,18,5,0,6,Normal,0.019890834496175347
-0.5644786802925077,-0.1754681122789692,0,0.6239573261004014,20,4,4,6,Normal,0.1162557501594727
-0.5644786802925077,-0.873598582076729,1,1.656828251610088,4,0,0,0,Suspicious,-0.03716568646458729
-0.5644786802925077,-0.8037855350969529,0,-1.4417845249189716,20,4,3,2,Normal,0.11840394806331983
-0.5644786802925077,1.6745776326850943,0,0.6239573261004014,3,4,2,6,Normal,0.10915056779729049
-0.5644786802925077,0.0339710286603586,0,1.656828251610088,4,5,4,4,Normal,0.1054732393690887
1.081951771195046,-0.8037855350969529,0,0.6239573261004014,5,6,4,5,Normal,0.08193932300205309
-0.5644786802925077,0.2783166930895746,0,0.6239573261004014,11,3,2,4,Normal,0.1700815419447464
-0.5644786802925077,-1.1528507699958328,0,-1.4417845249189716,19,3,2,5,Normal,0.10855113519492882
-0.5644786802925077,-1.5019160048947129,1,0.6239573261004014,8,0,0,5,Suspicious,-0.0018855014997913866
-0.5644786802925077,0.7670080219480067,0,-0.408913599409285,23,0,2,3,Normal,0.11381377622441918
-0.5644786802925077,0.4877558340289027,0,-0.408913599409285,1,5,2,5,Normal,0.15165708541728284
1.081951771195046,0.1735971226199107,0,-1.4417845249189716,11,6,0,2,Normal,0.0681152784211847
-0.5644786802925077,0.2434101695996867,0,0.6239573261004014,11,1,2,4,Normal,0.15879436508837935
-0.5644786802925077,-0.524533347177849,0,0.6239573261004014,17,6,4,6,Normal,0.1072827677839458
-0.5644786802925077,0.4877558340289027,0,1.656828251610088,9,2,0,5,Normal,0.09090507206040221
-0.5644786802925077,1.2906058742963262,0,-0.408913599409285,16,6,2,5,Normal,0.1380274465147699
-0.5644786802925077,-1.5368225283846009,1,1.656828251610088,13,1,0,0,Suspicious,-0.035974608520850104
-0.5644786802925077,1.5349515387255426,0,-1.4417845249189716,0,5,2,1,Normal,0.08463175758088093
0.6703441583231574,-0.629252917647513,0,0.6239573261004014,19,7,4,5,Normal,0.08245631531342523
-0.5644786802925077,-1.292476863955385,0,-1.4417845249189716,17,1,1,3,Normal,0.1062975628106429
-0.5644786802925077,-1.4321029579149367,1,-1.4417845249189716,1,6,0,5,Suspicious,-0.012903947735357746
-0.5644786802925077,0.3830362635592385,0,-0.408913599409285,20,7,4,4,Normal,0.11186754094396056
2.316774609810712,0.2434101695996867,0,-0.408913599409285,12,5,2,0,Normal,0.06886952296901128
-0.5644786802925077,-0.5943463941576251,0,-0.408913599409285,8,5,0,1,Normal,0.13022377114035827
-0.5644786802925077,-1.362289910935161,0,-0.408913599409285,18,2,0,5,Normal,0.10560117687923998
1.081951771195046,1.7094841561749825,0,1.656828251610088,2,0,1,5,Normal,0.01409904157054176
1.081951771195046,1.4302319682558782,0,1.656828251610088,6,7,3,4,Normal,0.046312207975817254
-0.5644786802925077,1.1509797803367747,0,1.656828251610088,5,5,1,0,Normal,0.08229926575787161
1.081951771195046,-0.873598582076729,0,-0.408913599409285,5,2,4,5,Normal,0.08797475001355726
-0.5644786802925077,0.5924754044985666,0,0.6239573261004014,18,3,0,0,Normal,0.09789990275824045
1.4935593840669343,-0.0707485418093052,0,0.6239573261004014,3,5,0,4,Normal,0.07629466679990027
-0.5644786802925077,-1.3273833874452727,0,-1.4417845249189716,2,2,2,1,Normal,0.08588629879089349
0.258736545451269,1.0811667333569983,0,-0.408913599409285,23,3,0,3,Normal,0.07530767877452105
-0.5644786802925077,1.3604189212761024,0,-1.4417845249189716,2,5,3,6,Normal,0.09984307876718856
-0.5644786802925077,-0.5943463941576251,1,-1.4417845249189716,21,4,2,6,Normal,0.03252389676983114
-0.5644786802925077,-0.0358420183194171,1,-1.4417845249189716,20,3,0,5,Normal,0.019067522275784565
1.081951771195046,-0.489626823687961,1,1.656828251610088,8,3,2,3,Normal,0.026610952734718363
0.6703441583231574,0.3830362635592385,0,-0.408913599409285,5,5,1,3,Normal,0.13078676786495091
-0.5644786802925077,-1.5019160048947129,0,-0.408913599409285,3,3,4,2,Normal,0.1074232520195394
1.9051669969388227,-0.3849072532182971,0,-0.408913599409285,17,1,4,7,Normal,0.06776767593040078
-0.5644786802925077,0.5924754044985666,1,1.656828251610088,1,7,2,5,Normal,0.011293885556700411
-0.5644786802925077,0.4877558340289027,0,1.656828251610088,12,4,4,4,Normal,0.11748996452928423
-0.5644786802925077,-0.2452811592587452,0,0.6239573261004014,17,6,4,7,Normal,0.09390239342549078
-0.5644786802925077,1.3604189212761024,0,-1.4417845249189716,12,4,3,3,Normal,0.12185677625799601
-0.5644786802925077,-1.257570340465497,0,0.6239573261004014,9,6,4,3,Normal,0.10795538610648925
1.9051669969388227,-0.908505105566617,1,1.656828251610088,5,7,1,5,Suspicious,-0.019653795527233675
-0.5644786802925077,1.0811667333569983,1,0.6239573261004014,19,3,1,4,Normal,0.0453010776221453
1.9051669969388227,-1.3273833874452727,0,-1.4417845249189716,3,0,2,6,Normal,0.020534130097437542
-0.5644786802925077,-1.117944246505945,0,-0.408913599409285,5,0,2,7,Normal,0.10474857168159757
-0.5644786802925077,-0.8037855350969529,0,-1.4417845249189716,11,5,4,7,Normal,0.08942515372314741
-0.5644786802925077,-1.362289910935161,0,0.6239573261004014,16,2,1,3,Normal,0.1393631097193494
-0.5644786802925077,-1.5019160048947129,0,0.6239573261004014,15,5,2,3,Normal,0.14002300763215808
-0.5644786802925077,1.4651384917457662,1,0.6239573261004014,4,4,4,2,Normal,0.014678702331881843
-0.5644786802925077,0.4528493105390145,0,-0.408913599409285,16,6,2,2,Normal,0.15534335360693835
-0.5644786802925077,0.5575688810086785,0,0.6239573261004014,22,3,1,0,Normal,0.0923633099939748
-0.5644786802925077,1.5698580622154303,0,-0.408913599409285,22,1,0,1,Normal,0.061422655125054515
-0.5644786802925077,-0.3500007297284091,0,-1.4417845249189716,10,2,1,1,Normal,0.12936087836339888
-0.1528710674206193,1.0811667333569983,0,-0.408913599409285,8,1,0,2,Normal,0.10190738049301828
2.316774609810712,1.2207928273165505,0,0.6239573261004014,12,7,1,6,Normal,0.04479248061504515
-0.5644786802925077,-1.4321029579149367,0,-1.4417845249189716,7,6,4,5,Normal,0.07860444092099361
-0.5644786802925077,-1.292476863955385,0,1.656828251610088,15,5,2,7,Normal,0.07579619919497083
1.9051669969388227,1.3604189212761024,0,0.6239573261004014,14,5,4,7,Normal,0.035726894060522874
-0.5644786802925077,0.7321014984581184,0,1.656828251610088,10,6,2,4,Normal,0.13442748273609223
2.7283822226826,-1.0132246760362809,0,-1.4417845249189716,13,5,2,3,Normal,0.04168605135480341
-0.5644786802925077,-0.8386920585868409,0,1.656828251610088,18,5,2,0,Normal,0.08582030311565014
-0.5644786802925077,0.4528493105390145,0,1.656828251610088,21,3,4,3,Normal,0.09684613892790772
-0.5644786802925077,0.9764471628873344,0,-0.408913599409285,17,6,0,4,Normal,0.13517646416655293
-0.5644786802925077,1.0462602098671103,0,-0.408913599409285,23,5,4,4,Normal,0.0914338932928438
-0.5644786802925077,0.7321014984581184,0,-0.408913599409285,7,4,2,6,Normal,0.15407373698086752
-0.5644786802925077,-0.4198137767081852,0,0.6239573261004014,16,7,2,5,Normal,0.1344746038951437
1.081951771195046,-1.362289910935161,0,-0.408913599409285,8,4,4,5,Normal,0.07930613792158525
-0.5644786802925077,-1.5019160048947129,0,0.6239573261004014,14,2,4,2,Normal,0.11615740322991436
1.081951771195046,-1.6066355753643766,0,-1.4417845249189716,16,0,0,0,Suspicious,-0.0030479784561353584
-0.5644786802925077,0.9415406393974466,0,-0.408913599409285,10,7,2,0,Normal,0.10789042155636919
0.6703441583231574,0.8717275924176705,0,0.6239573261004014,20,1,1,4,Normal,0.09685647863477753
-0.5644786802925077,-0.8386920585868409,0,0.6239573261004014,1,3,3,1,Normal,0.1312809604981786
-0.5644786802925077,0.0688775521502468,0,-0.408913599409285,19,6,3,6,Normal,0.14254277734486698
-0.5644786802925077,0.4179427870491267,0,-0.408913599409285,12,3,0,4,Normal,0.14682187061494512
-0.1528710674206193,1.6745776326850943,0,0.6239573261004014,18,7,4,3,Normal,0.06148509061699636
-0.5644786802925077,1.3604189212761024,0,-0.408913599409285,17,2,1,1,Normal,0.13675532335658358
-0.5644786802925077,1.0113536863772226,0,-0.408913599409285,20,6,3,2,Normal,0.1247226707453688
-0.5644786802925077,-0.3500007297284091,0,1.656828251610088,16,0,2,4,Normal,0.10563943357324795
-0.5644786802925077,-1.257570340465497,0,-1.4417845249189716,12,1,2,4,Normal,0.12064841971150814
2.316774609810712,0.2434101695996867,0,-1.4417845249189716,15,2,3,4,Normal,0.06719366403171523
-0.5644786802925077,-0.2801876827486331,0,-0.408913599409285,5,6,3,4,Normal,0.15924886791598986
-0.5644786802925077,0.7321014984581184,0,-0.408913599409285,22,6,1,4,Normal,0.13023357091696625
-0.5644786802925077,1.0462602098671103,0,-0.408913599409285,16,3,3,6,Normal,0.14620969801396555
-0.5644786802925077,-1.6415420988542648,0,1.656828251610088,0,7,4,1,Normal,0.02874683884306084
-0.5644786802925077,-0.6990659646272891,0,0.6239573261004014,4,3,0,7,Normal,0.09531404274282029
-0.5644786802925077,1.6745776326850943,0,-1.4417845249189716,15,5,4,7,Normal,0.0557954234698137
-0.5644786802925077,-0.0707485418093052,0,-1.4417845249189716,0,5,4,1,Normal,0.07841331117177863
-0.5644786802925077,1.4302319682558782,0,1.656828251610088,13,2,0,1,Normal,0.0840755703186371
-0.5644786802925077,-0.3150942062385213,1,0.6239573261004014,4,5,4,5,Normal,0.03588180089252968
1.4935593840669343,-0.3150942062385213,1,0.6239573261004014,0,7,1,5,Suspicious,-0.008822956848408503
1.4935593840669343,0.0688775521502468,0,-1.4417845249189716,9,5,4,2,Normal,0.062429366982949874
-0.5644786802925077,-1.257570340465497,0,0.6239573261004014,0,5,4,1,Normal,0.0752114612262148
-0.5644786802925077,-0.5594398706677371,0,-1.4417845249189716,16,0,1,4,Normal,0.10753964612064087
-0.5644786802925077,-1.048131199526169,0,-0.408913599409285,17,2,2,5,Normal,0.14812253758841515
1.4935593840669343,-1.222663816975609,0,-0.408913599409285,22,6,0,1,Normal,0.035612054413516
-0.5644786802925077,-0.5594398706677371,0,0.6239573261004014,4,5,0,0,Normal,0.09553669280761179
-0.5644786802925077,0.9415406393974466,0,-0.408913599409285,14,4,1,7,Normal,0.13005312282801168
-0.5644786802925077,0.7321014984581184,1,1.656828251610088,10,5,1,0,Normal,0.0201922052583271
1.4935593840669343,1.1858863038266625,0,0.6239573261004014,23,4,3,0,Normal,0.049925311877344725
-0.5644786802925077,-1.5019160048947129,0,-0.408913599409285,10,2,0,2,Normal,0.11131260032213441
-0.5644786802925077,-0.8037855350969529,0,0.6239573261004014,5,5,4,0,Normal,0.09433933480170764
2.316774609810712,1.604764585705318,0,-0.408913599409285,14,7,1,4,Normal,0.04159479963482848
-0.5644786802925077,-0.2452811592587452,0,-0.408913599409285,9,2,4,4,Normal,0.14919065621808747
-0.5644786802925077,0.2085036461097985,0,1.656828251610088,20,7,4,3,Normal,0.08102090701235254
-0.5644786802925077,-0.4198137767081852,0,1.656828251610088,22,1,1,0,Normal,0.06631897169032075
-0.5644786802925077,-0.0358420183194171,0,0.6239573261004014,0,4,3,1,Normal,0.12621205486102838
2.7283822226826,0.5575688810086785,0,-1.4417845249189716,9,1,0,3,Normal,0.028715212294803116
-0.5644786802925077,-0.6990659646272891,0,-0.408913599409285,21,2,0,5,Normal,0.12273454049301019
-0.5644786802925077,-1.362289910935161,0,-0.408913599409285,12,5,4,3,Normal,0.12587318240028672
-0.5644786802925077,-0.3500007297284091,1,-0.408913599409285,19,1,4,4,Normal,0.037802188346282795
-0.5644786802925077,1.2906058742963262,0,-1.4417845249189716,7,6,0,1,Normal,0.07033693798984586
-0.5644786802925077,-0.2452811592587452,0,-0.408913599409285,4,1,4,4,Normal,0.1369802692546589
-0.5644786802925077,-0.4547203001980731,0,0.6239573261004014,8,7,4,5,Normal,0.1060502832629831
0.6703441583231574,-0.3500007297284091,0,0.6239573261004014,7,0,4,7,Normal,0.05230662938327413
1.081951771195046,-0.0707485418093052,0,-1.4417845249189716,10,4,0,2,Normal,0.0795315204473459
-0.5644786802925077,-1.6066355753643766,0,-0.408913599409285,8,2,4,3,Normal,0.11614412361100585
-0.5644786802925077,1.3604189212761024,0,0.6239573261004014,19,2,0,2,Normal,0.10844870726198286
-0.5644786802925077,0.3481297400693506,0,-0.408913599409285,2,5,4,0,Normal,0.0978976523048738
-0.5644786802925077,-0.1056550652991931,0,0.6239573261004014,0,6,0,3,Normal,0.10238042649311274
-0.5644786802925077,1.7443906796648705,0,0.6239573261004014,8,0,0,2,Normal,0.0656119226133749
-0.1528710674206193,-1.1528507699958328,0,1.656828251610088,8,1,4,7,Normal,0.05398841202864135
-0.5644786802925077,-1.362289910935161,0,-1.4417845249189716,0,4,0,1,Normal,0.05033349854344993
2.7283822226826,1.4302319682558782,0,0.6239573261004014,11,5,1,3,Normal,0.05756240118179534
-0.5644786802925077,0.5924754044985666,0,-0.408913599409285,0,2,4,2,Normal,0.12475713676431005
-0.5644786802925077,-0.7688790116070651,0,-0.408913599409285,14,4,1,7,Normal,0.13590561476957114
-0.5644786802925077,-0.3500007297284091,0,-1.4417845249189716,6,2,3,3,Normal,0.13064968917428904
-0.5644786802925077,-0.210374635768857,1,-1.4417845249189716,10,5,4,1,Normal,0.021573409936172183
0.258736545451269,-0.7688790116070651,0,-0.408913599409285,12,4,4,2,Normal,0.12884161247166448
1.4935593840669343,-0.5943463941576251,0,0.6239573261004014,6,6,0,6,Normal,0.07005743788270569
-0.5644786802925077,-1.3273833874452727,0,-0.408913599409285,13,1,3,0,Normal,0.1216765344126241
-0.5644786802925077,-1.257570340465497,0,0.6239573261004014,6,3,3,6,Normal,0.13273029903256006
-0.5644786802925077,-0.2801876827486331,0,-0.408913599409285,6,2,2,1,Normal,0.16396713014048098
-0.5644786802925077,-0.943411629056505,0,1.656828251610088,15,1,2,0,Normal,0.09620685026891562
-0.5644786802925077,-0.6990659646272891,0,-0.408913599409285,4,1,1,1,Normal,0.1464275648517253
-0.5644786802925077,0.6622884514783427,0,-0.408913599409285,11,3,3,5,Normal,0.16867828734946083
-0.5644786802925077,-0.6990659646272891,0,-1.4417845249189716,10,7,3,2,Normal,0.11311668932498992
-0.5644786802925077,-0.6990659646272891,0,-1.4417845249189716,17,7,0,2,Normal,0.07392836036225381
-0.5644786802925077,1.1858863038266625,0,1.656828251610088,16,4,2,5,Normal,0.12194204440649542
1.9051669969388227,-0.3150942062385213,0,-0.408913599409285,1,6,1,7,Normal,0.06044233267687438
-0.5644786802925077,0.1735971226199107,0,-0.408913599409285,5,0,3,6,Normal,0.13001627150238027
-0.5644786802925077,0.7321014984581184,0,-0.408913599409285,18,2,4,6,Normal,0.1325439623083433
-0.1528710674206193,0.1037840756401346,0,-0.408913599409285,5,3,0,3,Normal,0.12224640927492891
-0.5644786802925077,1.0113536863772226,0,-1.4417845249189716,15,2,3,1,Normal,0.10423320603971342
0.6703441583231574,-0.5943463941576251,0,0.6239573261004014,10,5,0,7,Normal,0.07869627973291538
-0.5644786802925077,1.3953254447659904,0,-0.408913599409285,5,6,4,0,Normal,0.07324759178296303
-0.5644786802925077,-0.7339724881171771,0,0.6239573261004014,21,1,0,5,Normal,0.11043616120115118
0.6703441583231574,0.1386905991300228,0,-0.408913599409285,12,3,4,2,Normal,0.133606007501277
-0.5644786802925077,1.5698580622154303,0,-0.408913599409285,17,7,2,7,Normal,0.07222719291409818
-0.5644786802925077,1.0811667333569983,0,-0.408913599409285,18,1,2,4,Normal,0.14801550635057387
2.316774609810712,1.7443906796648705,0,-0.408913599409285,2,1,2,0,Normal,0.013367196038446383
-0.5644786802925077,-0.664159441137401,0,0.6239573261004014,8,6,2,2,Normal,0.14949819756581567
-0.5644786802925077,-0.8386920585868409,1,-1.4417845249189716,4,3,1,5,Normal,0.03559142003766591
-0.5644786802925077,0.5226623575187906,0,1.656828251610088,16,3,2,2,Normal,0.12684812056165962
-0.5644786802925077,0.8019145454378945,0,-1.4417845249189716,0,2,0,7,Normal,0.049517295886169266
-0.5644786802925077,-1.3273833874452727,0,0.6239573261004014,11,1,0,0,Normal,0.08388245406935213
-0.5644786802925077,-1.6066355753643766,0,-1.4417845249189716,13,7,2,2,Normal,0.08828722307024439
-0.5644786802925077,-0.1056550652991931,0,0.6239573261004014,0,5,0,4,Normal,0.10741756939974378
-0.5644786802925077,0.7321014984581184,0,0.6239573261004014,13,1,0,1,Normal,0.1066910281763151
-0.5644786802925077,-0.3150942062385213,0,-1.4417845249189716,11,1,0,5,Normal,0.10745453491677431
1.4935593840669343,-1.5717290518744889,0,0.6239573261004014,15,1,0,3,Normal,0.0709203666170728
-0.5644786802925077,-1.292476863955385,0,0.6239573261004014,19,0,4,0,Normal,0.0678403112644872
2.316774609810712,-0.3150942062385213,1,1.656828251610088,16,5,2,2,Suspicious,-0.0052277813144898655
-0.5644786802925077,-0.489626823687961,0,1.656828251610088,6,4,2,4,Normal,0.13714762489627796
-0.5644786802925077,0.4877558340289027,0,-1.4417845249189716,19,2,3,0,Normal,0.09725157283312968
-0.5644786802925077,1.3604189212761024,0,-0.408913599409285,6,5,0,1,Normal,0.1020046889124816
-0.5644786802925077,-0.9783181525463928,0,-1.4417845249189716,10,6,4,0,Normal,0.0684687560036712
-0.5644786802925077,-1.6066355753643766,0,-1.4417845249189716,10,3,0,5,Normal,0.0769241315135255
-0.5644786802925077,1.639671109195206,1,-0.408913599409285,4,6,0,6,Normal,0.021612198269880256
-0.5644786802925077,1.1160732568468863,0,-1.4417845249189716,14,1,2,2,Normal,0.10508648465450665
-0.5644786802925077,0.1386905991300228,0,-1.4417845249189716,11,6,0,3,Normal,0.11084735867703771
-0.5644786802925077,0.7321014984581184,0,1.656828251610088,11,7,1,4,Normal,0.1222592489437021
-0.5644786802925077,-1.3273833874452727,0,-1.4417845249189716,9,6,4,0,Normal,0.06064415647147947
2.7283822226826,-0.6990659646272891,0,-0.408913599409285,12,7,1,3,Normal,0.06363293627332789
-0.5644786802925077,0.1037840756401346,1,1.656828251610088,1,6,3,5,Normal,0.02368350432841082
-0.5644786802925077,-0.664159441137401,0,-0.408913599409285,1,0,4,1,Normal,0.1019010494590592
-0.5644786802925077,1.7443906796648705,0,1.656828251610088,23,0,4,0,Normal,0.00039876746122080586
-0.5644786802925077,-0.4198137767081852,0,0.6239573261004014,14,6,1,5,Normal,0.15795173125440942
-0.5644786802925077,1.7443906796648705,0,-0.408913599409285,14,6,2,0,Normal,0.07899833008038437
0.6703441583231574,-1.4321029579149367,0,0.6239573261004014,3,2,4,4,Normal,0.07309565945554475
-0.5644786802925077,0.4528493105390145,0,-1.4417845249189716,18,3,2,6,Normal,0.12815746377446974
-0.5644786802925077,-1.6764486223441528,0,0.6239573261004014,10,1,3,0,Normal,0.0986650691434795
1.081951771195046,-1.6764486223441528,0,-0.408913599409285,0,7,1,3,Normal,0.052649120956293594
-0.5644786802925077,1.7094841561749825,0,1.656828251610088,13,6,1,2,Normal,0.08296391479496812
-0.5644786802925077,0.3481297400693506,0,-0.408913599409285,22,5,1,2,Normal,0.13410896792055732
-0.5644786802925077,1.3255123977862149,1,-0.408913599409285,23,0,3,6,Normal,0.020905272187312085
-0.5644786802925077,1.0811667333569983,0,1.656828251610088,19,0,3,0,Normal,0.0605239503354853
-0.5644786802925077,0.1386905991300228,0,0.6239573261004014,19,0,3,3,Normal,0.1285144496317993
0.258736545451269,-1.222663816975609,0,1.656828251610088,11,5,1,6,Normal,0.08220705733609335
-0.5644786802925077,-0.4198137767081852,0,-0.408913599409285,20,5,3,6,Normal,0.13629729344396474
1.4935593840669343,-0.489626823687961,0,-0.408913599409285,2,2,1,5,Normal,0.1016644322655118
-0.5644786802925077,-1.5368225283846009,1,-0.408913599409285,22,0,4,5,Suspicious,-0.010391256777641855
-0.5644786802925077,0.6273819279884545,0,-0.408913599409285,7,4,3,7,Normal,0.13285522576694292
1.4935593840669343,1.3953254447659904,0,-1.4417845249189716,2,2,2,6,Normal,0.04914404717058085
-0.5644786802925077,-1.4321029579149367,0,0.6239573261004014,19,6,1,3,Normal,0.11830051014120624
2.316774609810712,0.6622884514783427,0,1.656828251610088,3,0,1,4,Normal,0.03206091512450082
-0.5644786802925077,-0.5943463941576251,0,0.6239573261004014,10,3,2,5,Normal,0.16910367024015205
2.7283822226826,1.5000450152356546,0,-1.4417845249189716,21,7,1,6,Suspicious,-0.011626681737944011
1.081951771195046,-0.210374635768857,0,1.656828251610088,9,2,3,1,Normal,0.08788098147547496
1.081951771195046,-1.5019160048947129,0,-1.4417845249189716,19,1,0,7,Normal,0.0005727096057347447
-0.5644786802925077,1.639671109195206,0,-0.408913599409285,22,7,4,7,Normal,0.04010954738154393
-0.5644786802925077,1.3953254447659904,0,-0.408913599409285,0,1,3,0,Normal,0.08934832796634462
-0.5644786802925077,1.3604189212761024,1,-1.4417845249189716,9,6,0,1,Suspicious,-0.0014489616753502466
1.9051669969388227,-0.7339724881171771,1,0.6239573261004014,16,5,0,3,Suspicious,-0.008990578008560401
-0.5644786802925077,-0.8037855350969529,0,0.6239573261004014,1,7,1,5,Normal,0.115547386573784
-0.5644786802925077,-0.1056550652991931,0,-0.408913599409285,14,6,1,2,Normal,0.1663107183323826
1.4935593840669343,-1.6764486223441528,0,-0.408913599409285,22,1,1,3,Normal,0.07393526299342801
-0.5644786802925077,-0.6990659646272891,0,-0.408913599409285,11,7,4,7,Normal,0.09047797746287733
-0.5644786802925077,-1.6415420988542648,0,-1.4417845249189716,16,5,3,2,Normal,0.0927757618909163
-0.5644786802925077,-1.7462616693239288,0,-1.4417845249189716,19,7,0,3,Normal,0.04121321752781337
-0.5644786802925077,0.4179427870491267,0,-0.408913599409285,21,5,0,0,Normal,0.08106019402728037
2.7283822226826,-0.1056550652991931,0,0.6239573261004014,20,4,1,4,Normal,0.04902734006428833
-0.5644786802925077,-1.0132246760362809,0,0.6239573261004014,0,1,1,6,Normal,0.10385733479129755
2.7283822226826,0.2783166930895746,0,-1.4417845249189716,11,4,0,4,Normal,0.033516013483582796
0.6703441583231574,-0.629252917647513,0,-1.4417845249189716,1,1,1,1,Normal,0.0681187088856775
-0.5644786802925077,-1.4321029579149367,0,-1.4417845249189716,21,6,4,6,Normal,0.061548153725299204
-0.5644786802925077,-1.4321029579149367,0,-1.4417845249189716,21,3,2,0,Normal,0.06950044933962263
0.258736545451269,1.5698580622154303,0,-1.4417845249189716,14,3,4,6,Normal,0.0511432822439446
-0.5644786802925077,-0.2452811592587452,0,1.656828251610088,3,1,0,0,Normal,0.04690448644717915
-0.5644786802925077,-1.292476863955385,0,-0.408913599409285,7,5,4,5,Normal,0.10922107191299757
-0.5644786802925077,-0.2801876827486331,0,-0.408913599409285,6,6,2,5,Normal,0.16737258025679957
-0.5644786802925077,-0.9783181525463928,0,0.6239573261004014,21,7,1,2,Normal,0.10524376129898377
-0.5644786802925077,-0.1754681122789692,0,-0.408913599409285,1,5,3,6,Normal,0.1380927129622691
2.7283822226826,0.4528493105390145,0,0.6239573261004014,21,2,3,4,Normal,0.06465535387742405
0.258736545451269,0.8717275924176705,0,-0.408913599409285,17,4,1,6,Normal,0.11937021869891523
-0.5644786802925077,-0.3150942062385213,0,-0.408913599409285,10,0,4,3,Normal,0.12365882274642614
-0.5644786802925077,-1.7113551458340408,1,-0.408913599409285,17,3,4,0,Suspicious,-0.001491722230494874
1.9051669969388227,-0.7688790116070651,0,0.6239573261004014,8,4,2,3,Normal,0.11556109879233906
1.4935593840669343,-0.5594398706677371,0,-0.408913599409285,7,3,0,6,Normal,0.0903059122310742
-0.5644786802925077,-0.908505105566617,0,0.6239573261004014,18,1,2,2,Normal,0.14513428518587862
-0.5644786802925077,0.1386905991300228,0,-0.408913599409285,15,7,4,5,Normal,0.12486984799719947
-0.5644786802925077,0.0339710286603586,0,-0.408913599409285,12,7,4,1,Normal,0.11931419929635628
-0.5644786802925077,-1.117944246505945,0,0.6239573261004014,0,5,4,4,Normal,0.09010307879874002
-0.5644786802925077,0.1735971226199107,0,-1.4417845249189716,5,6,3,5,Normal,0.13550642273061225
-0.5644786802925077,0.2085036461097985,0,-0.408913599409285,7,7,1,2,Normal,0.13985231154638028
-0.5644786802925077,0.2085036461097985,0,-1.4417845249189716,0,3,1,4,Normal,0.10217388054556276
-0.5644786802925077,-1.397196434425049,0,-0.408913599409285,3,1,1,0,Normal,0.10945380258725773
0.6703441583231574,0.5924754044985666,0,-1.4417845249189716,14,7,3,1,Normal,0.07283350448885462
0.6703441583231574,-1.362289910935161,0,-0.408913599409285,6,5,3,4,Normal,0.10770217727914566
2.316774609810712,-1.117944246505945,0,-0.408913599409285,3,0,3,0,Normal,0.0286400780802909
1.9051669969388227,-0.4547203001980731,0,-0.408913599409285,10,5,2,2,Normal,0.11666180197293669
-0.5644786802925077,1.639671109195206,0,0.6239573261004014,14,4,2,6,Normal,0.11406981813039191
-0.5644786802925077,-0.0707485418093052,0,0.6239573261004014,20,7,1,5,Normal,0.11631936822489752
1.9051669969388227,0.8019145454378945,1,-0.408913599409285,15,5,2,0,Suspicious,-0.005475435247858429
-0.5644786802925077,-0.9783181525463928,0,-0.408913599409285,5,1,2,0,Normal,0.1297220234910808
-0.5644786802925077,-0.7339724881171771,0,0.6239573261004014,20,5,3,6,Normal,0.12315730994762603
-0.5644786802925077,0.1386905991300228,1,-0.408913599409285,19,1,2,3,Normal,0.058946298663502206
-0.5644786802925077,0.1735971226199107,0,1.656828251610088,0,1,3,3,Normal,0.10133757769536678
-0.5644786802925077,1.6745776326850943,0,0.6239573261004014,12,2,2,4,Normal,0.12588537843740527
-0.5644786802925077,-0.943411629056505,0,-1.4417845249189716,21,2,4,3,Normal,0.09241971641939484
-0.5644786802925077,1.3604189212761024,0,0.6239573261004014,9,3,4,5,Normal,0.11935562691632157
-0.5644786802925077,-0.1754681122789692,0,0.6239573261004014,7,6,3,2,Normal,0.14166069559460098
-0.5644786802925077,0.3132232165794628,0,-0.408913599409285,7,2,0,0,Normal,0.10946198724357475
-0.5644786802925077,0.7321014984581184,0,1.656828251610088,5,2,4,6,Normal,0.0944637756902662
-0.5644786802925077,-1.1877572934857208,0,-0.408913599409285,14,6,3,4,Normal,0.1458292755627732
-0.5644786802925077,1.5349515387255426,0,1.656828251610088,14,4,3,7,Normal,0.06840771541361046
-0.5644786802925077,1.3604189212761024,0,0.6239573261004014,13,2,1,5,Normal,0.13963041762230016
-0.5644786802925077,-0.2801876827486331,1,1.656828251610088,6,7,0,7,Suspicious,-0.010253328789391558
1.4935593840669343,1.0113536863772226,0,0.6239573261004014,23,2,2,5,Normal,0.07836603743320136
-0.5644786802925077,1.2556993508064382,1,1.656828251610088,21,7,3,0,Suspicious,-0.03354460648860402
1.9051669969388227,-0.3849072532182971,0,1.656828251610088,0,5,2,0,Normal,0.029251317970934054
-0.5644786802925077,-1.5717290518744889,0,-0.408913599409285,12,6,2,0,Normal,0.12007561440201175
0.258736545451269,-0.2452811592587452,0,0.6239573261004014,10,0,3,6,Normal,0.11059423700014465
-0.5644786802925077,-1.5019160048947129,1,0.6239573261004014,18,7,4,6,Suspicious,-0.008899438965144113
-0.5644786802925077,-1.397196434425049,0,-0.408913599409285,13,1,1,2,Normal,0.14288934668230396
2.7283822226826,1.639671109195206,0,-1.4417845249189716,6,1,0,6,Suspicious,-0.0014318462571615287
-0.5644786802925077,-0.5943463941576251,0,0.6239573261004014,8,0,0,6,Normal,0.09691643619720725
-0.5644786802925077,1.4302319682558782,0,-0.408913599409285,10,6,1,5,Normal,0.14627531414582617
-0.5644786802925077,0.2434101695996867,0,0.6239573261004014,14,1,1,7,Normal,0.11929380029570424
-0.5644786802925077,-1.3273833874452727,0,1.656828251610088,22,3,1,1,Normal,0.08358199723812143
-0.5644786802925077,0.3132232165794628,0,0.6239573261004014,13,7,0,4,Normal,0.11613501264158166
-0.5644786802925077,-1.362289910935161,1,-0.408913599409285,7,2,4,6,Normal,0.029449325197691167
-0.5644786802925077,1.0462602098671103,1,-1.4417845249189716,2,1,0,4,Normal,0.006751122282625421
1.4935593840669343,1.2906058742963262,0,0.6239573261004014,16,6,0,4,Normal,0.06233406356027593
-0.5644786802925077,-0.0707485418093052,0,0.6239573261004014,13,7,0,1,Normal,0.1057305629797366
-0.5644786802925077,-0.524533347177849,0,0.6239573261004014,20,6,2,1,Normal,0.1288984421507849
2.7283822226826,1.0113536863772226,1,-0.408913599409285,9,7,3,7,Suspicious,-0.03411822121706587
1.9051669969388227,-0.1405615887890813,0,1.656828251610088,14,6,4,1,Normal,0.039851786299515246
-0.5644786802925077,0.7670080219480067,0,-1.4417845249189716,23,3,0,5,Normal,0.06945256056149796
-0.5644786802925077,0.8717275924176705,0,0.6239573261004014,6,3,1,0,Normal,0.12378830565596094
-0.5644786802925077,0.6273819279884545,0,-0.408913599409285,17,0,4,0,Normal,0.09646590418407619
0.6703441583231574,0.8368210689277826,0,0.6239573261004014,19,3,4,6,Normal,0.08624622848789987
-0.5644786802925077,-0.8386920585868409,0,-1.4417845249189716,21,4,1,7,Normal,0.09120272152046971
-0.5644786802925077,-1.467009481404825,1,-0.408913599409285,5,4,0,3,Normal,0.030166482653871673
-0.5644786802925077,-0.1056550652991931,1,-0.408913599409285,5,3,0,6,Normal,0.050212792130182926
-0.5644786802925077,0.0688775521502468,0,0.6239573261004014,6,5,2,4,Normal,0.16852897822738772
-0.5644786802925077,-0.873598582076729,1,-1.4417845249189716,11,2,3,3,Normal,0.047335980402590905
-0.5644786802925077,0.0339710286603586,0,-0.408913599409285,14,3,4,0,Normal,0.12356680591190139
-0.5644786802925077,1.0811667333569983,0,-1.4417845249189716,2,0,3,7,Normal,0.06421592162591461
-0.5644786802925077,-0.210374635768857,0,1.656828251610088,22,4,0,4,Normal,0.07192657929220203
-0.5644786802925077,-1.0132246760362809,0,-1.4417845249189716,23,6,2,7,Normal,0.07551401501750432
-0.5644786802925077,1.639671109195206,0,-1.4417845249189716,17,3,0,2,Normal,0.07156762052703924
-0.5644786802925077,-0.664159441137401,0,-0.408913599409285,16,1,4,5,Normal,0.1312774005495303
-0.5644786802925077,-1.3273833874452727,0,0.6239573261004014,14,6,2,4,Normal,0.13975335059254063
-0.5644786802925077,1.3255123977862149,0,-1.4417845249189716,0,1,2,4,Normal,0.09205351535317308
-0.5644786802925077,-0.8386920585868409,0,0.6239573261004014,6,3,1,1,Normal,0.1441228286595605
-0.5644786802925077,0.3830362635592385,1,0.6239573261004014,0,0,0,3,Normal,0.0030568325189974654
0.258736545451269,1.3604189212761024,1,0.6239573261004014,18,6,3,4,Normal,0.01875128241138002
-0.5644786802925077,-1.1528507699958328,0,0.6239573261004014,15,4,0,2,Normal,0.1185922327241326
-0.1528710674206193,-0.1056550652991931,0,-0.408913599409285,18,0,4,7,Normal,0.07981322985062234
1.4935593840669343,1.0113536863772226,1,0.6239573261004014,5,6,2,1,Normal,0.003302591472699401
-0.5644786802925077,-1.1528507699958328,0,-0.408913599409285,22,4,0,6,Normal,0.09993193717105708
-0.5644786802925077,0.8368210689277826,0,1.656828251610088,20,7,4,5,Normal,0.07568433022262844
-0.1528710674206193,-0.9783181525463928,0,-1.4417845249189716,10,3,4,5,Normal,0.08440296294808192
-0.5644786802925077,-0.2452811592587452,0,0.6239573261004014,3,4,4,2,Normal,0.1199466296524368
2.316774609810712,-0.629252917647513,0,-1.4417845249189716,14,5,1,1,Normal,0.05259903531287491
-0.1528710674206193,0.0339710286603586,1,-0.408913599409285,5,1,3,5,Normal,0.05016493851618398
1.9051669969388227,0.6622884514783427,0,0.6239573261004014,2,0,3,1,Normal,0.0708767532262885
-0.5644786802925077,-1.467009481404825,0,-0.408913599409285,16,1,2,3,Normal,0.13742540547710247
-0.5644786802925077,-1.222663816975609,0,-1.4417845249189716,15,1,3,6,Normal,0.08936916203879774
-0.5644786802925077,0.6971949749682306,0,-1.4417845249189716,7,4,1,0,Normal,0.09992179745197138
0.258736545451269,1.1509797803367747,1,0.6239573261004014,3,6,2,6,Normal,0.022893377149889038
-0.5644786802925077,-0.1754681122789692,0,-1.4417845249189716,4,1,4,0,Normal,0.07845674632556221
-0.5644786802925077,1.3604189212761024,0,-0.408913599409285,18,7,3,3,Normal,0.11830800050489099
-0.5644786802925077,-0.664159441137401,0,-1.4417845249189716,7,3,4,3,Normal,0.11497437652495518
-0.5644786802925077,-0.943411629056505,0,1.656828251610088,5,2,2,1,Normal,0.11623828989050689
2.316774609810712,1.4651384917457662,0,0.6239573261004014,17,2,0,7,Normal,0.026452030687961425
1.4935593840669343,1.4651384917457662,0,-1.4417845249189716,2,4,4,3,Normal,0.03982780094617999
-0.5644786802925077,1.3604189212761024,0,-1.4417845249189716,19,1,1,0,Normal,0.07248011444425861
2.316774609810712,1.0113536863772226,0,-1.4417845249189716,4,5,3,0,Normal,0.015011888685486419
-0.5644786802925077,-1.292476863955385,0,-0.408913599409285,6,6,4,2,Normal,0.11036156014347115
-0.5644786802925077,-0.873598582076729,0,-0.408913599409285,10,0,1,2,Normal,0.14826051299138143
1.9051669969388227,0.1735971226199107,0,0.6239573261004014,3,6,3,4,Normal,0.08401759905443607
-0.5644786802925077,-1.292476863955385,1,-1.4417845249189716,18,7,0,0,Suspicious,-0.026511879306432617
-0.5644786802925077,0.4877558340289027,0,-1.4417845249189716,18,5,4,2,Normal,0.10237247383379422
-0.5644786802925077,0.6273819279884545,0,1.656828251610088,12,3,3,6,Normal,0.12043617390438671
-0.5644786802925077,-0.908505105566617,0,0.6239573261004014,1,7,3,0,Normal,0.07881014808779241
-0.5644786802925077,-1.467009481404825,0,-1.4417845249189716,15,7,1,0,Normal,0.06907408882655652
1.4935593840669343,-0.8037855350969529,0,-0.408913599409285,22,3,4,4,Normal,0.07700365918475427
-0.5644786802925077,0.2085036461097985,0,-0.408913599409285,22,5,3,6,Normal,0.13516977889834403
-0.5644786802925077,0.1037840756401346,0,1.656828251610088,10,0,2,5,Normal,0.10463285013433432
-0.5644786802925077,-0.0358420183194171,0,0.6239573261004014,11,0,1,4,Normal,0.1456783580330483
0.6703441583231574,-1.4321029579149367,0,-0.408913599409285,10,0,0,0,Normal,0.04776071304010787
-0.5644786802925077,-0.0358420183194171,0,0.6239573261004014,13,7,1,0,Normal,0.11405234276334353
1.081951771195046,-1.3273833874452727,0,-0.408913599409285,18,6,4,7,Normal,0.05364661239962065
-0.5644786802925077,-0.2801876827486331,0,-0.408913599409285,11,2,2,3,Normal,0.17467388083177066
-0.5644786802925077,0.8019145454378945,0,0.6239573261004014,19,6,1,7,Normal,0.10575564335465237
1.9051669969388227,-1.292476863955385,0,-0.408913599409285,7,4,0,0,Normal,0.03362573734453389
2.316774609810712,0.9764471628873344,0,0.6239573261004014,1,6,0,0,Normal,0.02799814248950805
-0.5644786802925077,1.5000450152356546,0,-0.408913599409285,10,3,2,4,Normal,0.15154769745599384
-0.5644786802925077,-1.6764486223441528,0,0.6239573261004014,18,5,1,1,Normal,0.1046328384598092
1.081951771195046,-1.4321029579149367,0,1.656828251610088,18,1,1,3,Normal,0.05963358223034565
1.9051669969388227,1.3953254447659904,0,-0.408913599409285,16,1,0,0,Normal,0.04003350508205128
-0.5644786802925077,1.1858863038266625,0,0.6239573261004014,1,2,4,7,Normal,0.07997095880395877
-0.1528710674206193,-1.6764486223441528,0,-0.408913599409285,1,3,1,5,Normal,0.09162332439385301
-0.5644786802925077,1.5349515387255426,0,-0.408913599409285,16,7,3,1,Normal,0.09671014309611614
-0.5644786802925077,0.4179427870491267,0,0.6239573261004014,14,0,0,3,Normal,0.0981345066209558
0.258736545451269,-1.117944246505945,0,-0.408913599409285,6,1,1,0,Normal,0.09915756003384923
-0.5644786802925077,-0.943411629056505,0,0.6239573261004014,20,6,2,7,Normal,0.09876313829508576
-0.5644786802925077,0.1386905991300228,0,-0.408913599409285,2,7,4,7,Normal,0.0797500840698675
-0.5644786802925077,-0.3150942062385213,0,0.6239573261004014,14,5,2,7,Normal,0.1292512299918958
0.6703441583231574,-0.2452811592587452,1,1.656828251610088,22,7,1,3,Suspicious,-0.020058980849074093
-0.5644786802925077,-1.048131199526169,0,-0.408913599409285,22,0,0,4,Normal,0.09256381937375702
-0.5644786802925077,-0.210374635768857,0,-0.408913599409285,1,3,4,2,Normal,0.13762602760486653
-0.1528710674206193,0.9066341159075584,0,-1.4417845249189716,10,4,2,6,Normal,0.1192892061723218
-0.5644786802925077,-0.664159441137401,0,-1.4417845249189716,23,7,0,7,Normal,0.027903884046978855
-0.5644786802925077,0.4528493105390145,0,1.656828251610088,20,4,1,5,Normal,0.10719300285237965
-0.5644786802925077,-1.1877572934857208,0,1.656828251610088,13,2,0,2,Normal,0.0827803402279822
-0.5644786802925077,1.1160732568468863,0,-0.408913599409285,0,1,0,1,Normal,0.08278144560251999
-0.5644786802925077,1.2207928273165505,0,-0.408913599409285,3,4,1,6,Normal,0.12510873208668644
1.4935593840669343,-0.7339724881171771,0,0.6239573261004014,19,5,4,5,Normal,0.08172629848036095
-0.1528710674206193,-0.4547203001980731,0,-1.4417845249189716,13,0,0,7,Normal,0.04872266970893446
-0.5644786802925077,-1.1877572934857208,0,-1.4417845249189716,1,4,4,3,Normal,0.0894704216780644
-0.5644786802925077,0.5924754044985666,0,1.656828251610088,23,3,3,1,Normal,0.08685861046735377
1.9051669969388227,-1.1877572934857208,0,1.656828251610088,3,1,3,3,Normal,0.05593710202309932
0.6703441583231574,1.604764585705318,0,0.6239573261004014,2,5,3,0,Normal,0.050082780967834584
-0.1528710674206193,-1.257570340465497,1,-1.4417845249189716,12,1,0,6,Suspicious,-0.0112541814829622
-0.5644786802925077,1.2906058742963262,0,-1.4417845249189716,12,7,4,4,Normal,0.08235509914222172
-0.5644786802925077,0.1386905991300228,0,-1.4417845249189716,23,7,2,6,Normal,0.08265329518592324
-0.5644786802925077,-0.943411629056505,0,-0.408913599409285,15,1,3,5,Normal,0.14854070028449595
-0.5644786802925077,-0.2452811592587452,0,1.656828251610088,11,3,1,6,Normal,0.11884794217642608
-0.5644786802925077,-0.1056550652991931,0,0.6239573261004014,22,2,0,6,Normal,0.0931588317461941
-0.5644786802925077,-0.489626823687961,0,-0.408913599409285,19,5,4,7,Normal,0.10158744983186507
-0.5644786802925077,-0.664159441137401,0,-0.408913599409285,1,0,3,1,Normal,0.11710583553526832
0.6703441583231574,1.2556993508064382,0,1.656828251610088,11,2,4,0,Normal,0.03869391192397542
1.9051669969388227,-1.292476863955385,0,0.6239573261004014,22,7,1,5,Normal,0.04484834291633455
-0.5644786802925077,-0.4198137767081852,1,-0.408913599409285,17,2,3,6,Normal,0.06812261855169999
-0.5644786802925077,-0.1405615887890813,0,0.6239573261004014,6,5,4,7,Normal,0.10647181101130015
-0.5644786802925077,1.3604189212761024,0,-0.408913599409285,8,3,3,0,Normal,0.12755115013575458
-0.5644786802925077,1.3604189212761024,0,-0.408913599409285,21,2,2,3,Normal,0.13544523931350672
-0.5644786802925077,-0.1405615887890813,0,0.6239573261004014,0,0,0,0,Normal,0.06672420207409357
-0.5644786802925077,0.2085036461097985,0,-1.4417845249189716,0,2,4,2,Normal,0.08602282280759699
1.4935593840669343,1.5698580622154303,1,0.6239573261004014,23,1,0,0,Suspicious,-0.05694204571750339
-0.5644786802925077,1.6745776326850943,0,-0.408913599409285,7,0,3,0,Normal,0.09096532901451038
-0.5644786802925077,-0.1056550652991931,0,1.656828251610088,12,3,3,3,Normal,0.14071640463606494
-0.5644786802925077,1.4651384917457662,0,-1.4417845249189716,18,4,4,1,Normal,0.07860312595589569
-0.5644786802925077,0.5575688810086785,0,-0.408913599409285,11,7,2,1,Normal,0.13684275722142497
-0.5644786802925077,-0.943411629056505,1,-1.4417845249189716,22,1,2,7,Normal,0.0031947909013103626
-0.5644786802925077,-0.210374635768857,1,0.6239573261004014,21,0,2,2,Normal,0.0264041325925346
-0.5644786802925077,-0.3500007297284091,1,-0.408913599409285,12,3,1,0,Normal,0.048230811240958515
-0.5644786802925077,1.0462602098671103,0,-1.4417845249189716,6,1,3,2,Normal,0.11031341872464717
-0.5644786802925077,-1.397196434425049,1,-0.408913599409285,9,1,3,7,Normal,0.034116076148002716
-0.5644786802925077,0.4179427870491267,0,1.656828251610088,0,1,2,6,Normal,0.09188461779099755
-0.5644786802925077,-1.4321029579149367,0,0.6239573261004014,18,1,4,2,Normal,0.1042981395386191
0.6703441583231574,-0.1405615887890813,0,0.6239573261004014,18,5,0,7,Normal,0.06714809338047156
-0.1528710674206193,-0.4547203001980731,0,-0.408913599409285,9,7,1,1,Normal,0.12176853016673528
-0.5644786802925077,0.8368210689277826,1,-1.4417845249189716,1,6,1,4,Normal,0.03157492109603621
0.6703441583231574,1.4302319682558782,0,-0.408913599409285,8,6,3,2,Normal,0.09640690451812484
-0.5644786802925077,0.1386905991300228,0,0.6239573261004014,4,4,1,3,Normal,0.1502128500875397
-0.5644786802925077,-0.9783181525463928,1,-0.408913599409285,22,4,0,0,Suspicious,-0.012541563654189014
-0.5644786802925077,1.6745776326850943,0,0.6239573261004014,12,0,2,1,Normal,0.09405378889939764
-0.5644786802925077,-0.1405615887890813,1,0.6239573261004014,23,6,3,2,Normal,0.034694427632987135
-0.5644786802925077,-1.362289910935161,0,-0.408913599409285,1,0,0,2,Normal,0.07895482615989602
2.7283822226826,-0.5943463941576251,0,-1.4417845249189716,0,6,1,0,Normal,0.0036736798143448546
-0.5644786802925077,1.0113536863772226,0,-0.408913599409285,1,7,4,7,Normal,0.05158604919678744
-0.5644786802925077,0.2434101695996867,0,-0.408913599409285,8,2,4,4,Normal,0.14559269744606718
-0.5644786802925077,1.3953254447659904,0,-1.4417845249189716,4,7,0,7,Normal,0.044837872609140295
-0.5644786802925077,-0.1056550652991931,1,-0.408913599409285,4,0,4,4,Normal,0.02840211504567547
-0.5644786802925077,-1.6066355753643766,0,1.656828251610088,10,2,0,7,Normal,0.0446850775570532
0.6703441583231574,-1.117944246505945,0,0.6239573261004014,18,1,3,3,Normal,0.11028854022328138
-0.5644786802925077,1.5349515387255426,0,-0.408913599409285,16,4,0,1,Normal,0.10156678761885907
0.258736545451269,0.2434101695996867,1,-0.408913599409285,18,5,0,0,Normal,0.0011320456957079061
-0.5644786802925077,-1.6415420988542648,0,1.656828251610088,4,7,3,2,Normal,0.06103333565669111
2.7283822226826,-1.5717290518744889,0,-1.4417845249189716,16,1,3,3,Normal,0.014966228050287245
1.4935593840669343,-1.3273833874452727,0,0.6239573261004014,9,0,3,1,Normal,0.07075167056675802
-0.5644786802925077,-0.3849072532182971,0,1.656828251610088,1,1,4,3,Normal,0.09359460287888
-0.5644786802925077,-0.0707485418093052,0,0.6239573261004014,11,0,4,0,Normal,0.09391458715172019
-0.5644786802925077,0.8019145454378945,0,1.656828251610088,18,0,0,4,Normal,0.07106825589615762
-0.5644786802925077,0.1037840756401346,0,-1.4417845249189716,1,3,3,0,Normal,0.08690985136848295
-0.5644786802925077,-1.3273833874452727,0,-0.408913599409285,1,3,2,0,Normal,0.1040932917981845
2.316774609810712,-0.629252917647513,0,1.656828251610088,1,7,1,5,Normal,0.021696427346804437
-0.5644786802925077,0.2783166930895746,0,-0.408913599409285,20,1,2,0,Normal,0.11674021380939587
1.081951771195046,-1.6066355753643766,0,1.656828251610088,9,4,1,5,Normal,0.044297010351198485
1.081951771195046,0.1386905991300228,0,1.656828251610088,0,6,1,2,Normal,0.059169881627372356
-0.5644786802925077,0.3132232165794628,0,-0.408913599409285,7,7,4,6,Normal,0.106012429519664
-0.5644786802925077,-1.083037723016057,0,0.6239573261004014,12,0,3,5,Normal,0.12646337814716707
-0.5644786802925077,0.9415406393974466,1,-0.408913599409285,19,0,1,5,Normal,0.044049102699548315
-0.5644786802925077,1.3255123977862149,0,1.656828251610088,10,0,3,5,Normal,0.09327295404915503
-0.5644786802925077,-0.4547203001980731,0,0.6239573261004014,9,4,2,6,Normal,0.15496178740280703
1.9051669969388227,-0.5594398706677371,0,0.6239573261004014,9,4,1,5,Normal,0.1084452867149
-0.5644786802925077,-1.467009481404825,0,-0.408913599409285,6,3,4,0,Normal,0.09753448569638135
-0.5644786802925077,-1.1877572934857208,0,1.656828251610088,0,7,3,6,Normal,0.04469561649231368
-0.5644786802925077,-0.2452811592587452,0,-1.4417845249189716,6,3,1,1,Normal,0.12375495631394767
1.4935593840669343,0.7670080219480067,0,0.6239573261004014,2,1,0,1,Normal,0.0625779184328017
0.6703441583231574,1.7094841561749825,0,0.6239573261004014,15,7,1,7,Normal,0.0388219594217889
-0.5644786802925077,-1.362289910935161,0,-0.408913599409285,10,7,4,2,Normal,0.10655924670802158
-0.5644786802925077,0.2783166930895746,0,0.6239573261004014,4,0,2,0,Normal,0.11472207148555502
0.6703441583231574,-1.1877572934857208,1,-0.408913599409285,15,3,2,0,Normal,0.024844575489990306
2.7283822226826,1.639671109195206,0,-0.408913599409285,11,1,1,7,Normal,0.014940706288594674
-0.5644786802925077,0.4179427870491267,0,-0.408913599409285,16,3,1,5,Normal,0.16262625327043578
-0.5644786802925077,-1.467009481404825,0,-0.408913599409285,12,0,2,7,Normal,0.09754452812578396
-0.5644786802925077,0.6622884514783427,0,0.6239573261004014,23,2,3,3,Normal,0.13061359100393172
-0.5644786802925077,1.1858863038266625,0,-1.4417845249189716,9,4,3,2,Normal,0.1174653126307249
-0.5644786802925077,0.5575688810086785,0,-0.408913599409285,11,5,1,1,Normal,0.15667078864410072
2.316774609810712,0.9764471628873344,1,-1.4417845249189716,4,6,0,5,Suspicious,-0.021979153061422396
-0.5644786802925077,0.9066341159075584,0,0.6239573261004014,6,3,2,4,Normal,0.15986282539026536
-0.5644786802925077,-1.083037723016057,0,0.6239573261004014,20,0,4,1,Normal,0.08202155950782286
-0.5644786802925077,0.9415406393974466,0,0.6239573261004014,0,0,0,4,Normal,0.07655442825161363
-0.5644786802925077,1.3255123977862149,0,1.656828251610088,17,2,2,1,Normal,0.1040692376723169
0.258736545451269,-0.9783181525463928,0,1.656828251610088,15,4,1,0,Normal,0.07344530106594793
-0.5644786802925077,-0.873598582076729,0,-1.4417845249189716,2,3,3,3,Normal,0.11818001950982615
-0.5644786802925077,0.1386905991300228,0,-0.408913599409285,1,0,1,1,Normal,0.1228938654368868
-0.5644786802925077,0.1037840756401346,0,0.6239573261004014,4,6,0,1,Normal,0.11052027573064155
-0.5644786802925077,-1.467009481404825,0,0.6239573261004014,21,7,3,1,Normal,0.085569970446434
-0.5644786802925077,-0.0358420183194171,0,1.656828251610088,21,4,3,5,Normal,0.10944151716332934
2.7283822226826,-0.0707485418093052,0,-0.408913599409285,23,5,0,0,Normal,0.008647339446273272
-0.5644786802925077,-0.210374635768857,0,-1.4417845249189716,6,4,2,0,Normal,0.11141777803442043
-0.5644786802925077,1.5000450152356546,0,-0.408913599409285,17,3,4,7,Normal,0.0868530949174946
1.9051669969388227,1.7443906796648705,0,-0.408913599409285,16,2,0,0,Normal,0.02107961496788724
-0.5644786802925077,-0.7339724881171771,0,-0.408913599409285,0,7,2,0,Normal,0.08653503998102774
-0.5644786802925077,-0.7688790116070651,0,0.6239573261004014,7,6,1,6,Normal,0.13894615221095324
1.9051669969388227,-0.5943463941576251,0,-1.4417845249189716,6,5,2,0,Normal,0.05539766144339364
-0.5644786802925077,0.5924754044985666,0,-0.408913599409285,13,2,2,1,Normal,0.15828142265608663
-0.5644786802925077,-1.117944246505945,1,-1.4417845249189716,1,7,4,2,Suspicious,-0.016763071385757833
2.316774609810712,1.5000450152356546,0,-0.408913599409285,0,2,4,3,Normal,0.028001832385858294
1.9051669969388227,-0.943411629056505,0,0.6239573261004014,15,4,4,6,Normal,0.07117812917129462
-0.5644786802925077,0.0688775521502468,0,0.6239573261004014,3,5,2,3,Normal,0.1589908800689338
-0.5644786802925077,1.604764585705318,0,-0.408913599409285,10,4,1,3,Normal,0.14267738205184816
-0.5644786802925077,0.4179427870491267,0,0.6239573261004014,20,7,3,0,Normal,0.08707205594365452
-0.5644786802925077,0.8717275924176705,0,-1.4417845249189716,9,5,0,7,Normal,0.08318510490258857
0.6703441583231574,-1.117944246505945,0,-0.408913599409285,4,2,4,4,Normal,0.09091930161529715
-0.1528710674206193,0.2783166930895746,0,0.6239573261004014,11,0,0,5,Normal,0.09648437276804267
1.081951771195046,0.3481297400693506,0,-1.4417845249189716,8,7,3,1,Normal,0.07155501730789404
-0.5644786802925077,-0.0358420183194171,0,-0.408913599409285,15,1,2,2,Normal,0.16351087596388136
-0.5644786802925077,1.5349515387255426,0,-1.4417845249189716,10,1,1,7,Normal,0.08472615281828555
-0.5644786802925077,-0.0009354948295292,0,0.6239573261004014,16,0,4,0,Normal,0.09376824341608014
-0.5644786802925077,-0.4547203001980731,0,-1.4417845249189716,0,3,0,3,Normal,0.08317101964758478
-0.5644786802925077,1.1509797803367747,0,-0.408913599409285,15,4,2,0,Normal,0.12357482946132697
-0.5644786802925077,0.4528493105390145,1,-1.4417845249189716,6,2,2,6,Normal,0.05373573965509226
-0.5644786802925077,0.9764471628873344,0,-0.408913599409285,4,0,0,2,Normal,0.10985832482906271
1.081951771195046,-0.6990659646272891,1,1.656828251610088,18,0,3,1,Suspicious,-0.03491791892069207
-0.5644786802925077,-1.5019160048947129,0,-0.408913599409285,23,1,0,5,Normal,0.06921085082338763
2.7283822226826,0.4179427870491267,0,-0.408913599409285,11,7,2,2,Normal,0.049689173432528766
-0.5644786802925077,-1.117944246505945,0,1.656828251610088,11,7,1,5,Normal,0.09855990961289718
-0.5644786802925077,1.1858863038266625,0,-1.4417845249189716,5,1,4,6,Normal,0.0740511404272367
-0.5644786802925077,-0.7688790116070651,0,-0.408913599409285,3,6,3,5,Normal,0.1412062309169449
-0.5644786802925077,1.3604189212761024,0,0.6239573261004014,16,7,3,2,Normal,0.11257721614191668
-0.5644786802925077,0.7321014984581184,0,0.6239573261004014,12,6,2,4,Normal,0.1535731642130962
-0.5644786802925077,-1.1528507699958328,0,-1.4417845249189716,19,5,1,6,Normal,0.09824899040518698
1.4935593840669343,1.4651384917457662,0,-0.408913599409285,19,2,0,7,Normal,0.03657164995525497
-0.5644786802925077,0.6971949749682306,0,-0.408913599409285,21,5,0,1,Normal,0.1046256059536601
-0.5644786802925077,-0.3150942062385213,0,1.656828251610088,22,1,3,4,Normal,0.10233807086285662
-0.5644786802925077,0.1735971226199107,0,0.6239573261004014,18,1,0,1,Normal,0.10910138363760924
2.316774609810712,-1.1877572934857208,1,0.6239573261004014,23,4,0,4,Suspicious,-0.029955702654780536
-0.5644786802925077,1.3255123977862149,0,-1.4417845249189716,9,1,3,2,Normal,0.10129269104110838
-0.5644786802925077,-0.0358420183194171,0,-1.4417845249189716,3,0,4,7,Normal,0.05237424140330882
-0.5644786802925077,0.2085036461097985,0,0.6239573261004014,0,3,0,1,Normal,0.09667981237436962
1.4935593840669343,-0.943411629056505,0,-1.4417845249189716,1,6,3,3,Normal,0.06065487884052567
-0.5644786802925077,1.0113536863772226,0,-0.408913599409285,8,1,3,3,Normal,0.14612774094033343
-0.1528710674206193,0.1386905991300228,0,-1.4417845249189716,4,4,4,6,Normal,0.0875157107028921
1.081951771195046,-1.257570340465497,1,0.6239573261004014,8,4,0,5,Normal,0.0018256122602613445
0.6703441583231574,-0.1056550652991931,0,-1.4417845249189716,22,6,3,5,Normal,0.08081468777395251
-0.5644786802925077,-0.629252917647513,0,-1.4417845249189716,18,1,2,5,Normal,0.12215786632442682
-0.5644786802925077,-1.362289910935161,0,1.656828251610088,10,1,2,7,Normal,0.08023421334206693
2.316774609810712,0.6622884514783427,0,-0.408913599409285,18,1,3,4,Normal,0.07705418616371096
-0.5644786802925077,-0.8386920585868409,0,-0.408913599409285,9,6,0,2,Normal,0.12673065674046302
-0.5644786802925077,0.8019145454378945,0,0.6239573261004014,0,0,4,1,Normal,0.06958366572160302
-0.5644786802925077,-0.1056550652991931,0,-1.4417845249189716,10,3,4,4,Normal,0.11844216934059276
0.258736545451269,0.0339710286603586,1,1.656828251610088,21,2,4,1,Suspicious,-0.008686953892930949
-0.5644786802925077,1.5698580622154303,0,1.656828251610088,10,3,3,5,Normal,0.10667645142750959
-0.1528710674206193,-0.3849072532182971,0,0.6239573261004014,12,3,1,7,Normal,0.12353800391891351
-0.5644786802925077,-0.0707485418093052,1,-0.408913599409285,11,0,2,6,Normal,0.0579857657445102
-0.5644786802925077,0.4179427870491267,0,-0.408913599409285,0,5,1,7,Normal,0.09914325787543288
-0.5644786802925077,1.3953254447659904,0,1.656828251610088,13,5,1,3,Normal,0.11965495017651934
-0.5644786802925077,1.5698580622154303,0,-1.4417845249189716,4,0,2,3,Normal,0.09537567991684082
2.316774609810712,-0.3150942062385213,0,-0.408913599409285,0,7,3,2,Normal,0.050014462394466164
-0.5644786802925077,1.1160732568468863,0,-0.408913599409285,1,0,0,4,Normal,0.09779673588135829
-0.5644786802925077,-1.7113551458340408,0,0.6239573261004014,18,3,2,2,Normal,0.1197884367522013
-0.5644786802925077,0.2434101695996867,0,-0.408913599409285,7,0,3,7,Normal,0.10991460913894852
-0.5644786802925077,-1.6066355753643766,1,-0.408913599409285,11,3,0,2,Normal,0.018070468541913076
1.081951771195046,0.3481297400693506,0,0.6239573261004014,3,1,2,0,Normal,0.07573540190616412
-0.5644786802925077,-0.908505105566617,0,-0.408913599409285,0,4,2,7,Normal,0.10175032264803452
-0.5644786802925077,-1.397196434425049,0,-1.4417845249189716,19,3,4,4,Normal,0.08723728157992194
-0.5644786802925077,0.1735971226199107,0,0.6239573261004014,10,5,2,3,Normal,0.16755812567903028
-0.5644786802925077,1.2207928273165505,1,-0.408913599409285,3,0,4,4,Normal,0.012227928151976375
-0.5644786802925077,-1.5717290518744889,0,-0.408913599409285,21,3,0,7,Normal,0.06059199138365645
-0.5644786802925077,-1.048131199526169,0,-0.408913599409285,15,3,1,3,Normal,0.16861537964846918
1.4935593840669343,1.0113536863772226,0,-0.408913599409285,11,0,0,2,Normal,0.061898923685533846
0.6703441583231574,0.4877558340289027,0,-0.408913599409285,2,5,0,2,Normal,0.082622064526642
-0.5644786802925077,1.0113536863772226,1,-0.408913599409285,19,3,4,5,Normal,0.03155398177104418
-0.5644786802925077,-0.2452811592587452,0,-0.408913599409285,14,5,4,7,Normal,0.11818976650832119
-0.5644786802925077,-0.943411629056505,0,-0.408913599409285,4,1,4,1,Normal,0.121880782930675
-0.5644786802925077,-0.489626823687961,0,-0.408913599409285,21,7,1,3,Normal,0.11874077185673254
-0.5644786802925077,-0.4198137767081852,0,0.6239573261004014,18,5,0,7,Normal,0.08664594003626891
-0.5644786802925077,-0.0358420183194171,0,-1.4417845249189716,0,2,0,4,Normal,0.07523478053683219
-0.5644786802925077,-1.4321029579149367,0,-0.408913599409285,11,7,0,7,Normal,0.052800918613632564
-0.5644786802925077,0.3481297400693506,0,-0.408913599409285,9,0,2,1,Normal,0.14596681267661027
-0.5644786802925077,-0.5594398706677371,0,-1.4417845249189716,20,1,3,7,Normal,0.08672776058631604
-0.5644786802925077,1.639671109195206,0,-0.408913599409285,2,7,3,5,Normal,0.08691930252921476
-0.5644786802925077,0.5575688810086785,0,0.6239573261004014,7,6,0,4,Normal,0.1306426574706745
-0.5644786802925077,-1.1528507699958328,0,-1.4417845249189716,7,5,0,4,Normal,0.09777943709839731
-0.5644786802925077,-0.7688790116070651,0,-1.4417845249189716,21,5,0,7,Normal,0.0644011136688134
-0.5644786802925077,1.2906058742963262,0,-0.408913599409285,12,1,2,2,Normal,0.14505216078297395
2.7283822226826,1.2207928273165505,0,0.6239573261004014,10,7,4,5,Normal,0.010574323348404024
2.316774609810712,-1.5368225283846009,1,1.656828251610088,17,0,1,4,Suspicious,-0.0406231242744276
0.6703441583231574,1.2906058742963262,0,0.6239573261004014,5,5,1,1,Normal,0.091778035963624
1.9051669969388227,1.604764585705318,0,-0.408913599409285,8,0,2,3,Normal,0.06176742319695505
1.9051669969388227,-0.4198137767081852,0,-1.4417845249189716,8,4,3,0,Normal,0.05528038397843926
-0.5644786802925077,0.6971949749682306,0,-0.408913599409285,21,4,2,2,Normal,0.1381445416950866
-0.5644786802925077,0.7670080219480067,0,-1.4417845249189716,9,7,1,5,Normal,0.12571453350122663
-0.5644786802925077,1.2556993508064382,0,0.6239573261004014,19,1,4,7,Normal,0.0777417339830434
-0.5644786802925077,0.6622884514783427,0,-1.4417845249189716,3,3,4,3,Normal,0.10070072922581996
-0.5644786802925077,0.3132232165794628,0,-0.408913599409285,20,2,4,7,Normal,0.1083873154001907
0.258736545451269,-1.083037723016057,1,0.6239573261004014,4,3,4,1,Normal,0.008174456454499213
-0.5644786802925077,-0.0358420183194171,0,-0.408913599409285,10,3,4,7,Normal,0.12078934180659195
-0.5644786802925077,1.0462602098671103,0,0.6239573261004014,8,7,0,7,Normal,0.07315742705820927
1.4935593840669343,0.0339710286603586,1,0.6239573261004014,11,5,4,7,Suspicious,-0.011807902126226955
-0.5644786802925077,1.1160732568468863,0,0.6239573261004014,23,7,4,1,Normal,0.059708718179968034
-0.5644786802925077,0.3830362635592385,0,0.6239573261004014,14,0,3,0,Normal,0.1111435350878407
0.258736545451269,1.3255123977862149,0,-0.408913599409285,16,1,1,5,Normal,0.10699000466869318
-0.5644786802925077,-0.1056550652991931,0,-0.408913599409285,5,6,3,0,Normal,0.12190490339433108
-0.5644786802925077,1.0811667333569983,0,0.6239573261004014,4,4,4,5,Normal,0.1130623561647191
-0.5644786802925077,-0.3500007297284091,0,0.6239573261004014,0,6,2,2,Normal,0.12930144525549736
2.7283822226826,0.4877558340289027,0,-0.408913599409285,10,2,0,3,Normal,0.07052956192210802
0.6703441583231574,1.4302319682558782,0,-0.408913599409285,16,1,1,1,Normal,0.1010060529609299
0.6703441583231574,0.3132232165794628,0,1.656828251610088,9,5,0,4,Normal,0.06713423136068897
-0.5644786802925077,-1.257570340465497,0,-0.408913599409285,22,2,1,6,Normal,0.11525161440076115
-0.5644786802925077,1.2906058742963262,0,-0.408913599409285,20,1,0,7,Normal,0.07276223090019796
1.4935593840669343,-0.7688790116070651,0,-0.408913599409285,0,4,2,5,Normal,0.10238128367692156
-0.5644786802925077,1.6745776326850943,0,0.6239573261004014,7,5,4,5,Normal,0.09386294139150786
-0.5644786802925077,-1.6764486223441528,1,0.6239573261004014,8,6,4,6,Normal,0.010869639066482528
-0.5644786802925077,0.9764471628873344,0,-0.408913599409285,21,4,3,4,Normal,0.1417258764006577
1.4935593840669343,-0.8037855350969529,0,-0.408913599409285,8,0,2,0,Normal,0.07484406280963762
-0.1528710674206193,-1.5368225283846009,0,-0.408913599409285,15,7,3,6,Normal,0.08134338747080927
-0.5644786802925077,-0.873598582076729,0,-1.4417845249189716,17,0,1,0,Normal,0.07989023736749101
-0.5644786802925077,1.2207928273165505,0,1.656828251610088,17,6,0,1,Normal,0.0905499997680872
2.316774609810712,-0.908505105566617,0,0.6239573261004014,8,3,2,2,Normal,0.10091631149280234
-0.5644786802925077,-0.1754681122789692,0,-0.408913599409285,8,1,4,0,Normal,0.11559217407022843
-0.5644786802925077,0.6273819279884545,0,0.6239573261004014,9,2,0,6,Normal,0.12214142638001996
2.316774609810712,0.1386905991300228,0,-1.4417845249189716,13,6,0,0,Normal,0.023505403024385974
1.9051669969388227,-1.4321029579149367,1,-0.408913599409285,14,4,2,5,Normal,0.015404084341104185
-0.5644786802925077,0.9764471628873344,0,-1.4417845249189716,5,3,2,7,Normal,0.11267464852372733
-0.5644786802925077,0.9415406393974466,0,0.6239573261004014,13,3,0,0,Normal,0.1043627979025552
2.316774609810712,0.1037840756401346,0,0.6239573261004014,8,5,3,0,Normal,0.0713520690608479
0.6703441583231574,-0.489626823687961,0,-1.4417845249189716,1,7,0,6,Normal,0.04246785594462299
-0.5644786802925077,1.3953254447659904,1,0.6239573261004014,15,5,4,0,Normal,0.004334246206581294
0.6703441583231574,1.0113536863772226,0,0.6239573261004014,13,2,2,4,Normal,0.1164630487174631
-0.5644786802925077,-0.8386920585868409,0,0.6239573261004014,1,1,0,4,Normal,0.10390019019414143
-0.5644786802925077,-1.6066355753643766,0,1.656828251610088,20,6,0,1,Normal,0.05380249068085341
-0.5644786802925077,-1.3273833874452727,0,-0.408913599409285,17,4,3,5,Normal,0.1238135043639716
-0.5644786802925077,0.5575688810086785,0,-0.408913599409285,5,3,2,2,Normal,0.16471648889806306
-0.5644786802925077,-0.4198137767081852,0,-0.408913599409285,13,5,2,4,Normal,0.1719928058561614
-0.5644786802925077,-0.664159441137401,0,1.656828251610088,18,6,2,7,Normal,0.07404123568425058
-0.5644786802925077,-0.9783181525463928,0,0.6239573261004014,18,2,0,1,Normal,0.11274998231043559
-0.5644786802925077,0.1037840756401346,1,-0.408913599409285,4,0,1,2,Normal,0.046896496583390124
1.4935593840669343,1.4651384917457662,1,0.6239573261004014,17,5,2,0,Suspicious,-0.010394185659200916
2.7283822226826,-0.210374635768857,0,-0.408913599409285,20,1,1,3,Normal,0.06486338164981997
-0.5644786802925077,-1.7113551458340408,0,0.6239573261004014,4,7,1,5,Normal,0.08753165606356605
-0.5644786802925077,1.0113536863772226,0,1.656828251610088,21,7,3,0,Normal,0.049268789259889534
-0.5644786802925077,0.4528493105390145,0,-0.408913599409285,23,7,1,7,Normal,0.07886017669759127
-0.5644786802925077,1.0113536863772226,0,-0.408913599409285,10,1,1,0,Normal,0.13335644705998678
1.4935593840669343,-0.2801876827486331,0,-1.4417845249189716,11,5,2,6,Normal,0.09128614481058073
2.7283822226826,-0.7339724881171771,0,0.6239573261004014,2,1,0,6,Normal,0.03781722438156698
0.6703441583231574,0.7670080219480067,1,0.6239573261004014,23,7,3,5,Suspicious,-0.003030579275488665
0.258736545451269,0.0688775521502468,1,0.6239573261004014,9,2,2,7,Normal,0.041054861874193826
0.258736545451269,-0.1405615887890813,0,-0.408913599409285,1,4,2,7,Normal,0.10750855781416108
0.6703441583231574,1.3953254447659904,0,0.6239573261004014,10,7,0,7,Normal,0.0384583143078312
-0.5644786802925077,0.8019145454378945,0,-0.408913599409285,1,7,4,7,Normal,0.05838518920001956
-0.5644786802925077,0.4179427870491267,0,0.6239573261004014,23,1,0,6,Normal,0.07917565777019842
-0.5644786802925077,0.9415406393974466,0,0.6239573261004014,5,7,3,6,Normal,0.09853118636454239
1.081951771195046,0.3481297400693506,0,-1.4417845249189716,21,7,3,5,Normal,0.0633820127683451
-0.1528710674206193,1.0462602098671103,0,-1.4417845249189716,9,3,3,3,Normal,0.10656282252067056
0.258736545451269,0.7670080219480067,0,0.6239573261004014,18,1,4,2,Normal,0.08215912757657307
0.6703441583231574,0.8019145454378945,0,0.6239573261004014,7,6,2,0,Normal,0.08310840081801374
0.6703441583231574,-1.6066355753643766,0,-0.408913599409285,22,1,3,1,Normal,0.0823072063841116
-0.5644786802925077,1.1509797803367747,0,1.656828251610088,19,1,2,2,Normal,0.09551644630770462
2.7283822226826,-1.362289910935161,0,0.6239573261004014,8,4,4,7,Normal,0.00878466631456487
-0.5644786802925077,-0.5594398706677371,0,-1.4417845249189716,5,3,4,0,Normal,0.08191566901425429
-0.5644786802925077,0.1386905991300228,0,-0.408913599409285,14,3,0,0,Normal,0.1106155964424212
-0.5644786802925077,0.6971949749682306,0,-1.4417845249189716,3,6,3,0,Normal,0.08356048195028509
-0.5644786802925077,0.4179427870491267,0,-0.408913599409285,7,2,4,4,Normal,0.14097223931008412
-0.5644786802925077,-1.5717290518744889,0,1.656828251610088,18,1,2,4,Normal,0.09306768935232757
1.9051669969388227,0.7670080219480067,0,-0.408913599409285,4,7,1,1,Normal,0.058071169623330254
-0.5644786802925077,1.7094841561749825,1,0.6239573261004014,14,0,3,2,Normal,0.01752575977491344
-0.5644786802925077,1.5698580622154303,0,0.6239573261004014,5,2,2,4,Normal,0.1332481529510952
-0.5644786802925077,-0.7339724881171771,0,-0.408913599409285,19,4,0,0,Normal,0.09896806695899674
-0.1528710674206193,1.639671109195206,0,-0.408913599409285,7,1,2,6,Normal,0.10062293206063011
-0.5644786802925077,0.4179427870491267,0,-0.408913599409285,9,6,1,0,Normal,0.1347183989224347
1.4935593840669343,1.4651384917457662,0,-0.408913599409285,20,3,4,4,Normal,0.06432942005596931
-0.5644786802925077,-0.3849072532182971,0,-1.4417845249189716,4,4,0,3,Normal,0.10511005615857955
-0.5644786802925077,-1.1877572934857208,0,-0.408913599409285,19,6,4,7,Normal,0.08285535148116774
-0.5644786802925077,1.5000450152356546,0,0.6239573261004014,9,0,1,3,Normal,0.11619892249033587
0.6703441583231574,-1.4321029579149367,0,0.6239573261004014,4,0,4,4,Normal,0.05302601606236368
-0.5644786802925077,-1.048131199526169,0,0.6239573261004014,5,2,2,1,Normal,0.14720519220519768
-0.5644786802925077,0.2434101695996867,0,0.6239573261004014,6,6,3,3,Normal,0.14407065309370742
-0.5644786802925077,1.1509797803367747,0,0.6239573261004014,12,7,3,2,Normal,0.12132105530099785
-0.5644786802925077,1.1509797803367747,0,-0.408913599409285,16,3,1,6,Normal,0.14160642023815878
-0.5644786802925077,-1.397196434425049,0,1.656828251610088,17,3,4,0,Normal,0.06401220093308702
-0.5644786802925077,1.2556993508064382,0,-0.408913599409285,20,0,1,7,Normal,0.08685666356346033
-0.5644786802925077,0.5226623575187906,0,-0.408913599409285,9,4,2,6,Normal,0.16066354066750732
-0.1528710674206193,-1.5368225283846009,0,0.6239573261004014,9,2,2,7,Normal,0.09489787506334568
-0.5644786802925077,-1.5368225283846009,0,-1.4417845249189716,12,5,3,3,Normal,0.11024455542742145
1.9051669969388227,-0.1754681122789692,1,0.6239573261004014,17,0,3,6,Suspicious,-0.0021168333530221517
0.258736545451269,1.4651384917457662,0,-1.4417845249189716,3,5,4,6,Normal,0.05393805175109878
1.081951771195046,-1.257570340465497,0,-0.408913599409285,21,6,1,2,Normal,0.08537126267794548
-0.5644786802925077,-0.3150942062385213,0,0.6239573261004014,17,4,4,7,Normal,0.09907994831807021
-0.5644786802925077,-0.3150942062385213,0,-0.408913599409285,17,3,1,5,Normal,0.15973615157475674
-0.5644786802925077,0.0688775521502468,0,0.6239573261004014,19,3,3,3,Normal,0.15224994670102965
-0.5644786802925077,0.0339710286603586,0,0.6239573261004014,13,1,1,0,Normal,0.12240334682519283
-0.5644786802925077,0.2434101695996867,0,-0.408913599409285,4,4,3,1,Normal,0.14640351341978186
-0.5644786802925077,0.1037840756401346,0,1.656828251610088,11,4,2,2,Normal,0.13961700787725406
-0.5644786802925077,-1.6764486223441528,0,-1.4417845249189716,15,5,4,1,Normal,0.061327160851890494
-0.5644786802925077,0.6971949749682306,1,-1.4417845249189716,5,4,4,5,Normal,0.02948052064678186
-0.5644786802925077,-0.0009354948295292,0,1.656828251610088,1,4,3,5,Normal,0.10470934882867855
-0.5644786802925077,-0.2801876827486331,0,-0.408913599409285,14,6,0,6,Normal,0.1284103281830274
1.4935593840669343,-1.1528507699958328,0,-0.408913599409285,12,3,2,4,Normal,0.11652370116399347
2.7283822226826,0.9415406393974466,0,-1.4417845249189716,17,1,1,7,Normal,0.007660083069886525
-0.5644786802925077,0.9764471628873344,0,0.6239573261004014,8,7,0,6,Normal,0.09617680042448562
-0.5644786802925077,0.5226623575187906,0,0.6239573261004014,15,7,2,3,Normal,0.14431432543040895
-0.5644786802925077,-1.7462616693239288,0,1.656828251610088,6,4,3,4,Normal,0.0860392440281309
-0.5644786802925077,-0.873598582076729,0,0.6239573261004014,14,4,2,5,Normal,0.15841332390485252
-0.5644786802925077,-0.2801876827486331,0,1.656828251610088,15,7,1,2,Normal,0.10989882225100739
-0.5644786802925077,1.0462602098671103,0,0.6239573261004014,16,1,3,3,Normal,0.14290906067780895
-0.5644786802925077,1.604764585705318,0,-0.408913599409285,8,3,4,6,Normal,0.09996930127824455
2.7283822226826,1.3604189212761024,0,-1.4417845249189716,16,4,4,1,Normal,0.008816468865345817
-0.5644786802925077,-1.6415420988542648,0,-1.4417845249189716,12,5,2,0,Normal,0.08309325065570206
-0.5644786802925077,-0.0707485418093052,0,0.6239573261004014,7,0,4,6,Normal,0.09584262340669769
-0.5644786802925077,-0.9783181525463928,0,-0.408913599409285,8,6,2,7,Normal,0.13238797198170194
-0.1528710674206193,0.2783166930895746,0,0.6239573261004014,13,1,4,0,Normal,0.0808326172606102
-0.5644786802925077,-0.0358420183194171,0,-1.4417845249189716,13,7,2,6,Normal,0.11833015994066975
-0.5644786802925077,0.1735971226199107,0,-1.4417845249189716,8,3,4,2,Normal,0.11368915450553824
-0.5644786802925077,1.2906058742963262,0,1.656828251610088,6,4,4,4,Normal,0.09833534164336466
-0.5644786802925077,1.3604189212761024,0,-1.4417845249189716,8,4,2,3,Normal,0.1231678135075141
-0.5644786802925077,-1.0132246760362809,0,-1.4417845249189716,14,4,0,1,Normal,0.08953713915517669
-0.5644786802925077,-1.6066355753643766,0,1.656828251610088,0,5,4,5,Normal,0.048619365687974536
0.6703441583231574,-1.117944246505945,0,1.656828251610088,4,1,3,2,Normal,0.0791306240154036
-0.5644786802925077,-1.7113551458340408,0,-0.408913599409285,18,1,4,2,Normal,0.09971422379497463
-0.5644786802925077,0.0688775521502468,0,-0.408913599409285,13,3,1,3,Normal,0.17434923218271553
1.081951771195046,-0.943411629056505,0,0.6239573261004014,19,7,4,5,Normal,0.07594671878021608
-0.1528710674206193,0.7321014984581184,0,0.6239573261004014,13,4,2,7,Normal,0.11449530893773846
-0.5644786802925077,1.5349515387255426,0,1.656828251610088,23,3,0,6,Normal,0.045716653765655924
-0.5644786802925077,0.5575688810086785,0,-1.4417845249189716,23,7,0,3,Normal,0.060030377258379564
-0.5644786802925077,0.5226623575187906,0,0.6239573261004014,15,1,3,1,Normal,0.13863702601416988
2.7283822226826,-0.489626823687961,0,-0.408913599409285,16,5,2,0,Normal,0.04953690946514944
2.7283822226826,1.5698580622154303,0,1.656828251610088,19,7,3,2,Suspicious,-0.010838671465948635
-0.5644786802925077,0.6622884514783427,0,-1.4417845249189716,5,3,4,5,Normal,0.09965688692663588
-0.5644786802925077,0.4528493105390145,0,-0.408913599409285,10,5,4,0,Normal,0.10817466489462974
2.316774609810712,-1.292476863955385,0,-0.408913599409285,3,0,4,1,Normal,0.01620420802283229
2.316774609810712,0.8019145454378945,0,-0.408913599409285,0,3,0,4,Normal,0.04583939615801225
-0.5644786802925077,0.9764471628873344,0,0.6239573261004014,21,5,0,0,Normal,0.08689459488153739
-0.5644786802925077,-0.908505105566617,0,0.6239573261004014,10,4,1,6,Normal,0.1538873030847548
-0.5644786802925077,0.5924754044985666,0,0.6239573261004014,17,0,2,3,Normal,0.13268114201265058
-0.1528710674206193,0.6622884514783427,0,1.656828251610088,16,2,2,3,Normal,0.11946925248474544
0.258736545451269,1.3953254447659904,1,0.6239573261004014,19,5,0,2,Suspicious,-0.004905407839272846
1.9051669969388227,-1.5717290518744889,0,-0.408913599409285,20,2,4,7,Normal,0.03347518365128399
-0.5644786802925077,-1.5368225283846009,0,0.6239573261004014,1,0,4,2,Normal,0.07448822264925037
2.316774609810712,0.8368210689277826,1,1.656828251610088,12,1,2,7,Suspicious,-0.03144622652423856
-0.5644786802925077,-1.1877572934857208,0,-1.4417845249189716,12,2,3,7,Normal,0.09072325924957736
-0.5644786802925077,-1.257570340465497,0,-0.408913599409285,19,3,2,0,Normal,0.11245328929695142
-0.5644786802925077,-0.5943463941576251,0,0.6239573261004014,3,3,1,2,Normal,0.14630643210937289
1.081951771195046,-0.3500007297284091,0,1.656828251610088,19,4,1,0,Normal,0.04953763987252835
1.9051669969388227,-1.0132246760362809,0,-0.408913599409285,1,1,3,1,Normal,0.07468694815467725
-0.5644786802925077,1.1160732568468863,1,-0.408913599409285,6,5,4,6,Normal,0.028822215165474674
-0.5644786802925077,0.7321014984581184,0,-1.4417845249189716,19,4,4,5,Normal,0.10286083730148199
1.9051669969388227,-1.117944246505945,0,-0.408913599409285,2,2,2,3,Normal,0.09280986670634184
-0.5644786802925077,1.1160732568468863,0,-0.408913599409285,6,1,0,5,Normal,0.12987132277684993
0.258736545451269,-0.943411629056505,0,-1.4417845249189716,15,5,0,2,Normal,0.069373192005863
-0.5644786802925077,0.8717275924176705,0,0.6239573261004014,16,2,2,5,Normal,0.1498321091046621
-0.1528710674206193,-1.6415420988542648,0,-0.408913599409285,9,5,4,2,Normal,0.09376463910388377
-0.5644786802925077,0.7670080219480067,1,-0.408913599409285,5,6,4,1,Normal,0.042778567380452825
-0.5644786802925077,-1.1877572934857208,1,-0.408913599409285,2,2,3,0,Normal,0.018664134059195314
-0.5644786802925077,0.4528493105390145,0,0.6239573261004014,3,1,4,2,Normal,0.11402667055264498
-0.5644786802925077,-0.664159441137401,1,1.656828251610088,19,7,1,4,Normal,0.006515934990667938
-0.5644786802925077,-0.1754681122789692,0,-0.408913599409285,1,0,1,6,Normal,0.11795730930480736
2.316774609810712,-1.083037723016057,0,1.656828251610088,5,1,4,5,Normal,0.01887245827387707
-0.5644786802925077,-1.6764486223441528,0,1.656828251610088,6,0,0,2,Normal,0.026937137853401794
-0.5644786802925077,-0.0707485418093052,1,0.6239573261004014,6,7,4,7,Normal,0.012268548584284167
2.7283822226826,0.9764471628873344,0,1.656828251610088,10,3,0,7,Normal,0.006247758178690499
1.4935593840669343,-0.4547203001980731,0,-0.408913599409285,6,3,4,2,Normal,0.10102035304663737
-0.5644786802925077,-0.7688790116070651,0,1.656828251610088,14,7,4,0,Normal,0.06042511644094761
-0.5644786802925077,-0.489626823687961,0,0.6239573261004014,0,6,1,3,Normal,0.12735346127021613
0.258736545451269,-1.362289910935161,0,-1.4417845249189716,3,1,0,3,Normal,0.04479656187621439
-0.5644786802925077,-0.943411629056505,1,0.6239573261004014,10,1,3,4,Normal,0.05444306708067581
-0.5644786802925077,1.0113536863772226,1,-0.408913599409285,19,3,4,1,Normal,0.023284677474238458
-0.5644786802925077,-0.908505105566617,0,-1.4417845249189716,0,0,2,0,Normal,0.06319051130082409
0.258736545451269,1.0811667333569983,0,-0.408913599409285,22,4,0,3,Normal,0.08286359928984155
-0.5644786802925077,1.3604189212761024,1,-0.408913599409285,14,1,1,1,Normal,0.04310599695073292
2.7283822226826,-0.873598582076729,0,-0.408913599409285,17,3,1,7,Normal,0.037761220239907356
-0.5644786802925077,0.0688775521502468,0,0.6239573261004014,6,4,0,5,Normal,0.13009239908597459
0.258736545451269,1.3953254447659904,0,-0.408913599409285,21,6,1,1,Normal,0.07504199433531167
-0.5644786802925077,0.6273819279884545,0,1.656828251610088,9,3,3,5,Normal,0.1305811835600842
2.316774609810712,1.4651384917457662,0,-1.4417845249189716,9,0,3,6,Normal,0.014906495168218292
-0.5644786802925077,-0.2452811592587452,0,0.6239573261004014,5,1,3,6,Normal,0.1364181896807029
-0.5644786802925077,-1.257570340465497,0,0.6239573261004014,14,5,3,7,Normal,0.10148052574048172
0.6703441583231574,-0.0358420183194171,0,-0.408913599409285,7,5,4,6,Normal,0.10607838572682349
-0.5644786802925077,1.2906058742963262,0,-0.408913599409285,19,5,3,3,Normal,0.1418690615352895
-0.5644786802925077,-0.9783181525463928,0,-0.408913599409285,22,1,2,2,Normal,0.13579523958459166
-0.5644786802925077,1.0462602098671103,0,-0.408913599409285,12,6,3,6,Normal,0.14182104740086143
0.6703441583231574,-0.3500007297284091,0,1.656828251610088,16,1,3,7,Normal,0.058367260873958715
-0.5644786802925077,-0.629252917647513,1,0.6239573261004014,21,6,0,1,Normal,0.003225835422978496
0.6703441583231574,1.1509797803367747,1,-0.408913599409285,6,4,3,6,Normal,0.02563411526239945
-0.5644786802925077,-1.048131199526169,0,-0.408913599409285,5,2,4,4,Normal,0.13207683525966418
-0.5644786802925077,0.9066341159075584,0,-0.408913599409285,1,4,2,6,Normal,0.13193669752018633
0.6703441583231574,1.604764585705318,0,-1.4417845249189716,20,7,1,1,Normal,0.03277026482637524
1.9051669969388227,-1.7113551458340408,1,-0.408913599409285,0,2,1,2,Suspicious,-0.012950191587723925
-0.5644786802925077,-1.083037723016057,0,-0.408913599409285,12,2,3,6,Normal,0.14622565685639088
-0.5644786802925077,1.4651384917457662,0,1.656828251610088,3,6,0,7,Normal,0.04700851770213599
-0.5644786802925077,0.9066341159075584,0,0.6239573261004014,6,2,2,0,Normal,0.12426331599474716
-0.5644786802925077,-0.873598582076729,0,0.6239573261004014,16,5,2,1,Normal,0.14570241789783328
-0.5644786802925077,-0.489626823687961,0,0.6239573261004014,11,4,3,2,Normal,0.15953144172709582
-0.5644786802925077,1.3953254447659904,0,-0.408913599409285,4,3,2,7,Normal,0.1158574972107222
-0.5644786802925077,-0.7339724881171771,0,1.656828251610088,16,1,1,3,Normal,0.11667105118365362
-0.5644786802925077,1.0462602098671103,1,-1.4417845249189716,4,1,1,6,Normal,0.020120400433826457
-0.5644786802925077,-0.8037855350969529,0,-1.4417845249189716,10,4,1,7,Normal,0.11915309600864676
-0.5644786802925077,1.604764585705318,0,-0.408913599409285,21,0,2,1,Normal,0.08473031132309106
-0.5644786802925077,-1.292476863955385,1,-1.4417845249189716,8,5,2,3,Normal,0.041778191613946136
-0.5644786802925077,1.0811667333569983,0,-1.4417845249189716,13,4,3,2,Normal,0.116668511578499
-0.5644786802925077,1.1858863038266625,0,-1.4417845249189716,7,6,1,0,Normal,0.08698840067139102
2.7283822226826,0.3830362635592385,1,-0.408913599409285,22,5,0,0,Suspicious,-0.04752148725914729
-0.5644786802925077,1.639671109195206,0,1.656828251610088,10,7,0,5,Normal,0.06270433147936605
-0.5644786802925077,0.4877558340289027,0,-0.408913599409285,0,2,1,3,Normal,0.13191391998878527
-0.5644786802925077,0.1386905991300228,1,0.6239573261004014,9,4,1,5,Normal,0.0650805515618812
-0.5644786802925077,1.0811667333569983,0,0.6239573261004014,21,2,4,4,Normal,0.11035400085428382
1.9051669969388227,0.6622884514783427,0,-0.408913599409285,23,0,1,1,Normal,0.04647676205383433
-0.5644786802925077,-1.4321029579149367,1,1.656828251610088,14,4,0,1,Suspicious,-0.013838036530394504
-0.5644786802925077,-0.524533347177849,0,-0.408913599409285,13,1,3,2,Normal,0.16292153690951378
0.6703441583231574,0.8717275924176705,0,-0.408913599409285,20,0,3,5,Normal,0.08774152357154352
-0.5644786802925077,0.5924754044985666,0,1.656828251610088,22,5,0,7,Normal,0.05082922575501658
2.316774609810712,1.7094841561749825,0,-1.4417845249189716,5,4,0,3,Normal,0.010862364911638056
-0.5644786802925077,1.7094841561749825,0,1.656828251610088,21,3,4,3,Normal,0.059931781242889004
0.258736545451269,-0.1056550652991931,1,0.6239573261004014,11,1,4,1,Normal,0.012381835541748765
-0.5644786802925077,1.3953254447659904,0,-0.408913599409285,10,3,4,3,Normal,0.12633017567660954
-0.1528710674206193,0.5924754044985666,1,-1.4417845249189716,9,5,0,3,Normal,0.014149003325141019
-0.5644786802925077,0.2434101695996867,0,1.656828251610088,13,6,1,7,Normal,0.09259087044955083
0.258736545451269,-0.8386920585868409,1,-0.408913599409285,5,0,2,5,Normal,0.030610158118537956
2.316774609810712,1.1858863038266625,0,-1.4417845249189716,15,5,2,5,Normal,0.04812372559379152
2.7283822226826,0.4877558340289027,1,-1.4417845249189716,15,4,3,5,Suspicious,-0.020017687593889444
-0.5644786802925077,-0.489626823687961,0,1.656828251610088,11,2,2,0,Normal,0.10701065622597078
-0.5644786802925077,1.1509797803367747,0,0.6239573261004014,15,2,3,7,Normal,0.11152321563857193
2.7283822226826,-1.467009481404825,0,-0.408913599409285,2,6,2,0,Normal,0.010611389185863351
0.6703441583231574,-0.489626823687961,0,-0.408913599409285,19,6,0,1,Normal,0.08025991014882505
-0.5644786802925077,-0.2452811592587452,0,0.6239573261004014,16,3,1,7,Normal,0.12689188961985398
2.316774609810712,0.6622884514783427,1,-1.4417845249189716,0,5,2,4,Normal,0.0015773135554819628
-0.5644786802925077,-0.3500007297284091,0,-0.408913599409285,15,5,2,3,Normal,0.17065924878705846
-0.5644786802925077,0.0688775521502468,1,-0.408913599409285,7,0,1,5,Normal,0.05993256253559298
-0.1528710674206193,-0.943411629056505,0,-0.408913599409285,15,6,4,1,Normal,0.11048639667038979
-0.5644786802925077,1.3255123977862149,0,-1.4417845249189716,2,5,1,7,Normal,0.08405022261924677
1.081951771195046,0.3830362635592385,0,-0.408913599409285,14,7,0,7,Normal,0.05644090518306821
-0.5644786802925077,-1.6415420988542648,1,0.6239573261004014,4,1,0,4,Normal,0.007278267283149398
1.081951771195046,-1.292476863955385,0,0.6239573261004014,4,1,1,6,Normal,0.07414912948053998
-0.5644786802925077,1.1858863038266625,0,1.656828251610088,2,3,0,0,Normal,0.05149006236807796
0.258736545451269,-0.2452811592587452,0,-0.408913599409285,19,2,2,2,Normal,0.13337889791072582
2.316774609810712,-0.524533347177849,0,-0.408913599409285,23,7,1,3,Normal,0.03961277228165416
-0.5644786802925077,1.1509797803367747,0,0.6239573261004014,18,1,1,0,Normal,0.10352686582254045
-0.5644786802925077,-0.9783181525463928,0,-1.4417845249189716,7,0,2,3,Normal,0.10942648161842472
-0.5644786802925077,-1.6764486223441528,1,-1.4417845249189716,23,7,3,0,Suspicious,-0.02822280204130545
-0.5644786802925077,-1.117944246505945,0,-0.408913599409285,19,4,4,7,Normal,0.09306956098199615
-0.5644786802925077,-0.8037855350969529,0,-0.408913599409285,13,3,0,0,Normal,0.1150396462431118
-0.5644786802925077,0.0688775521502468,0,-0.408913599409285,22,7,3,4,Normal,0.12338076860867458
-0.5644786802925077,-1.083037723016057,0,0.6239573261004014,16,4,3,5,Normal,0.13706914567226425
-0.5644786802925077,0.1037840756401346,0,-1.4417845249189716,8,1,2,7,Normal,0.11528748162638741
-0.5644786802925077,-1.397196434425049,0,-1.4417845249189716,14,0,0,3,Normal,0.06886531729410161
-0.5644786802925077,-1.1877572934857208,0,-1.4417845249189716,23,1,1,7,Normal,0.06263251835596328
-0.5644786802925077,1.639671109195206,0,-1.4417845249189716,14,1,2,4,Normal,0.10394117664015134
-0.5644786802925077,0.2783166930895746,0,0.6239573261004014,22,6,0,5,Normal,0.10122165924928972
-0.5644786802925077,0.3481297400693506,1,0.6239573261004014,16,7,1,6,Normal,0.04083696335972864
-0.1528710674206193,-0.524533347177849,0,0.6239573261004014,5,0,0,1,Normal,0.08094433447686744
-0.5644786802925077,0.6273819279884545,0,-0.408913599409285,19,5,1,7,Normal,0.11987037222847641
-0.5644786802925077,1.0113536863772226,0,1.656828251610088,5,4,1,5,Normal,0.1045561675180825
1.9051669969388227,1.5349515387255426,0,1.656828251610088,12,0,4,4,Normal,0.013982055174883712
2.316774609810712,-0.2801876827486331,0,0.6239573261004014,2,5,0,6,Normal,0.05357592730405503
1.4935593840669343,1.2556993508064382,0,-0.408913599409285,15,1,3,0,Normal,0.07301012105942906
1.9051669969388227,-1.6415420988542648,0,-0.408913599409285,2,2,2,7,Normal,0.04810813382861234
-0.5644786802925077,0.7321014984581184,0,-0.408913599409285,16,5,3,3,Normal,0.1571093490271797
-0.5644786802925077,-1.4321029579149367,0,1.656828251610088,1,7,0,0,Normal,0.01840853064545711
-0.5644786802925077,0.8368210689277826,0,-1.4417845249189716,23,4,0,4,Normal,0.07028535637316202
-0.5644786802925077,-0.2452811592587452,0,0.6239573261004014,14,5,3,0,Normal,0.1200771600177159
0.6703441583231574,-1.397196434425049,0,0.6239573261004014,14,6,2,3,Normal,0.11025658130954913
-0.5644786802925077,0.7321014984581184,0,-0.408913599409285,19,3,4,2,Normal,0.13425191480705062
0.258736545451269,1.0113536863772226,0,1.656828251610088,11,1,1,4,Normal,0.0981374330712359
-0.1528710674206193,-1.5717290518744889,1,-0.408913599409285,7,1,2,4,Normal,0.04297542650110364
2.7283822226826,-1.5019160048947129,0,-1.4417845249189716,11,5,3,2,Normal,0.022011837094781606
-0.5644786802925077,-0.0009354948295292,1,-1.4417845249189716,19,1,3,6,Normal,0.03928769229557705
-0.5644786802925077,0.9415406393974466,0,-1.4417845249189716,7,3,0,6,Normal,0.09733153667846661
-0.5644786802925077,1.3255123977862149,1,-0.408913599409285,22,0,1,6,Normal,0.024231170539074864
1.081951771195046,0.1037840756401346,0,-1.4417845249189716,10,1,2,7,Normal,0.0743919580590734
-0.5644786802925077,-1.048131199526169,1,-0.408913599409285,8,1,3,6,Normal,0.053729789484416535
-0.5644786802925077,-0.3849072532182971,0,-0.408913599409285,13,4,0,4,Normal,0.14613853946887762
-0.5644786802925077,-0.873598582076729,0,1.656828251610088,19,3,2,4,Normal,0.12177105450194442
1.4935593840669343,0.4179427870491267,0,0.6239573261004014,2,5,0,7,Normal,0.048620514666728454
-0.5644786802925077,0.5924754044985666,0,-0.408913599409285,22,1,0,5,Normal,0.10647088687577838
-0.5644786802925077,-0.873598582076729,0,-1.4417845249189716,21,0,1,4,Normal,0.09049881611026933
1.4935593840669343,-0.210374635768857,0,-1.4417845249189716,17,3,4,1,Normal,0.0573085372068064
-0.5644786802925077,-0.3849072532182971,0,-1.4417845249189716,16,4,1,3,Normal,0.13453034220333954
-0.5644786802925077,-1.3273833874452727,0,-0.408913599409285,18,0,0,4,Normal,0.09110685097539883
-0.5644786802925077,-0.873598582076729,0,0.6239573261004014,11,7,1,2,Normal,0.13597296733794695
-0.5644786802925077,0.3481297400693506,0,-0.408913599409285,14,2,3,0,Normal,0.1380484207586179
2.7283822226826,-0.1754681122789692,0,-1.4417845249189716,10,7,4,3,Normal,0.014542708538998972
0.6703441583231574,0.9066341159075584,1,0.6239573261004014,20,2,2,7,Normal,0.010751621959900315
0.258736545451269,1.1858863038266625,0,1.656828251610088,7,1,1,6,Normal,0.06637684763387819
-0.5644786802925077,1.0462602098671103,0,-0.408913599409285,5,2,2,7,Normal,0.13016014389375796
-0.5644786802925077,1.0113536863772226,0,-1.4417845249189716,11,5,1,5,Normal,0.1411697331254957
1.4935593840669343,-1.6415420988542648,0,-0.408913599409285,15,4,0,4,Normal,0.05895827755053562
-0.5644786802925077,0.3481297400693506,0,-0.408913599409285,2,2,4,2,Normal,0.13796525295898227
0.258736545451269,-1.292476863955385,1,-0.408913599409285,5,1,4,1,Normal,0.0008330278754481446
-0.5644786802925077,0.4179427870491267,0,-0.408913599409285,1,1,2,2,Normal,0.1429508128996561
-0.5644786802925077,-1.5368225283846009,0,0.6239573261004014,17,3,1,2,Normal,0.1257141364895878
1.9051669969388227,1.0113536863772226,0,-1.4417845249189716,23,4,1,2,Normal,0.03749018483097588
-0.5644786802925077,1.1509797803367747,0,0.6239573261004014,6,2,1,0,Normal,0.11746338191421407
-0.5644786802925077,1.0462602098671103,1,-1.4417845249189716,5,5,4,2,Normal,0.017835396948584936
2.7283822226826,-0.5943463941576251,0,-1.4417845249189716,4,2,4,0,Suspicious,-0.010977284082448024
0.6703441583231574,1.4651384917457662,0,-0.408913599409285,9,0,3,1,Normal,0.08838732371702285
1.081951771195046,-0.873598582076729,0,-0.408913599409285,7,6,3,7,Normal,0.09274556804883638
-0.5644786802925077,0.6622884514783427,0,1.656828251610088,0,0,2,1,Normal,0.0714863071971803
1.9051669969388227,-0.4198137767081852,0,-0.408913599409285,15,7,2,0,Normal,0.06241200450620832
-0.5644786802925077,-0.1405615887890813,0,0.6239573261004014,6,3,4,1,Normal,0.1283608509773821
1.081951771195046,1.3604189212761024,0,-0.408913599409285,7,5,2,7,Normal,0.0820449856021378
-0.5644786802925077,-1.4321029579149367,1,1.656828251610088,21,7,3,3,Suspicious,-0.007228803634548142
-0.5644786802925077,-1.083037723016057,0,1.656828251610088,14,0,2,1,Normal,0.0957442720387266
1.9051669969388227,0.5226623575187906,0,0.6239573261004014,10,1,0,3,Normal,0.08765581941526424
-0.5644786802925077,1.5349515387255426,0,0.6239573261004014,0,1,1,1,Normal,0.08930809069053158
-0.5644786802925077,-0.2452811592587452,0,0.6239573261004014,7,7,4,6,Normal,0.09500697356324961
-0.5644786802925077,-1.0132246760362809,0,0.6239573261004014,17,4,0,7,Normal,0.09121082280986725
1.4935593840669343,1.2207928273165505,0,-0.408913599409285,12,4,0,5,Normal,0.07542793626107103
-0.5644786802925077,1.0462602098671103,1,-0.408913599409285,16,4,1,6,Normal,0.05183987987651828
-0.1528710674206193,-0.8386920585868409,0,0.6239573261004014,13,7,2,0,Normal,0.09407111117817013
2.316774609810712,-0.7339724881171771,0,-1.4417845249189716,15,6,2,5,Normal,0.04930202247773796
-0.1528710674206193,0.7321014984581184,0,-0.408913599409285,16,1,4,1,Normal,0.10847627341683308
0.6703441583231574,0.2783166930895746,0,-0.408913599409285,17,2,3,0,Normal,0.11049459174090115
-0.1528710674206193,-0.3150942062385213,0,1.656828251610088,17,3,3,6,Normal,0.10211080508077741
-0.5644786802925077,0.9415406393974466,0,-1.4417845249189716,23,3,0,7,Normal,0.05283760277761895
2.7283822226826,0.2085036461097985,0,1.656828251610088,17,0,4,5,Normal,0.006886262735384396
-0.5644786802925077,0.1037840756401346,0,0.6239573261004014,16,7,4,1,Normal,0.1156860266750247
-0.5644786802925077,0.4528493105390145,0,-1.4417845249189716,8,6,3,5,Normal,0.14146794780243527
-0.5644786802925077,0.6622884514783427,1,-0.408913599409285,10,4,4,5,Normal,0.04776146162178885
-0.5644786802925077,-1.3273833874452727,0,-0.408913599409285,20,4,2,1,Normal,0.12764366168324653
0.6703441583231574,1.1160732568468863,0,-0.408913599409285,3,1,0,6,Normal,0.0759325726752973
-0.5644786802925077,0.0339710286603586,0,-1.4417845249189716,21,5,2,4,Normal,0.12294254357800405
2.7283822226826,-0.3500007297284091,0,-0.408913599409285,12,7,3,3,Normal,0.06329929432862924
-0.5644786802925077,-0.1754681122789692,0,-0.408913599409285,3,7,1,2,Normal,0.12974246923044364
-0.5644786802925077,0.1386905991300228,0,-1.4417845249189716,17,7,0,5,Normal,0.08502437789963369
-0.5644786802925077,-1.7113551458340408,0,0.6239573261004014,3,6,1,6,Normal,0.08619646544584514
-0.5644786802925077,-1.397196434425049,0,-1.4417845249189716,14,6,0,3,Normal,0.0813651006116145
-0.5644786802925077,0.2434101695996867,0,1.656828251610088,22,4,1,1,Normal,0.08918203071483333
1.9051669969388227,1.6745776326850943,0,-1.4417845249189716,6,5,1,2,Normal,0.03969373633972917
2.7283822226826,-0.3849072532182971,0,0.6239573261004014,22,0,4,1,Normal,0.004442638018121836
-0.5644786802925077,0.0688775521502468,0,-1.4417845249189716,18,2,2,0,Normal,0.10381025988743486
-0.5644786802925077,1.3604189212761024,0,-0.408913599409285,6,4,2,0,Normal,0.12058093693257116
-0.5644786802925077,0.6273819279884545,0,-0.408913599409285,7,2,3,7,Normal,0.13115785927811735
-0.5644786802925077,1.2556993508064382,1,1.656828251610088,8,0,3,1,Normal,0.0035070073199151564
-0.5644786802925077,1.1858863038266625,1,0.6239573261004014,2,2,0,4,Normal,0.020960355484206716
1.081951771195046,1.7443906796648705,0,-0.408913599409285,7,1,3,5,Normal,0.06900373756664313
1.081951771195046,-0.943411629056505,0,0.6239573261004014,1,2,2,5,Normal,0.10028825543792763
1.081951771195046,-0.9783181525463928,0,-0.408913599409285,7,2,2,6,Normal,0.11614726821769589
-0.5644786802925077,0.4179427870491267,0,-0.408913599409285,15,2,1,7,Normal,0.14256977912400237
-0.5644786802925077,-1.0132246760362809,0,0.6239573261004014,22,6,4,2,Normal,0.08746324158356567
1.9051669969388227,-0.1056550652991931,0,-0.408913599409285,17,0,2,3,Normal,0.09250782130371293
-0.5644786802925077,1.2207928273165505,0,-1.4417845249189716,0,5,4,1,Normal,0.06553358818794919
-0.5644786802925077,-0.1056550652991931,0,-0.408913599409285,20,0,2,2,Normal,0.13735126937947967
0.258736545451269,0.4179427870491267,0,-1.4417845249189716,1,5,1,0,Normal,0.07265906391693688
-0.5644786802925077,1.604764585705318,0,-1.4417845249189716,22,5,4,7,Normal,0.051259445838020334
1.081951771195046,-0.5594398706677371,0,-1.4417845249189716,7,4,4,3,Normal,0.07850214208892992
1.9051669969388227,-1.4321029579149367,0,-0.408913599409285,15,3,2,4,Normal,0.08760151206720113
-0.5644786802925077,0.4179427870491267,0,-0.408913599409285,20,6,3,3,Normal,0.14671369557615505
-0.5644786802925077,1.639671109195206,0,1.656828251610088,5,7,4,4,Normal,0.047733083240078966
-0.5644786802925077,1.6745776326850943,0,0.6239573261004014,20,2,2,5,Normal,0.11021302400310384
0.6703441583231574,0.4877558340289027,0,-1.4417845249189716,9,0,1,3,Normal,0.07977634897499963
0.6703441583231574,-1.1528507699958328,0,0.6239573261004014,23,7,1,5,Normal,0.06379967832010236
-0.5644786802925077,0.3481297400693506,0,0.6239573261004014,13,0,3,1,Normal,0.12871313464829776
0.6703441583231574,-0.664159441137401,0,-1.4417845249189716,23,4,4,2,Normal,0.05330314954079096
-0.5644786802925077,-0.210374635768857,1,0.6239573261004014,13,3,0,3,Normal,0.04619224373633435
-0.1528710674206193,0.3830362635592385,1,-1.4417845249189716,3,1,3,4,Normal,0.017863695899954957
-0.5644786802925077,-1.292476863955385,0,1.656828251610088,3,7,2,5,Normal,0.08380620363697067
0.6703441583231574,0.4877558340289027,0,-1.4417845249189716,23,4,1,6,Normal,0.0706402339974117
-0.5644786802925077,1.7094841561749825,0,1.656828251610088,2,7,4,6,Normal,0.023538794589774037
-0.5644786802925077,1.2906058742963262,0,1.656828251610088,19,3,1,5,Normal,0.10753525291143462
2.316774609810712,-1.5019160048947129,0,-0.408913599409285,17,1,4,4,Normal,0.03901335999039146
-0.5644786802925077,-0.8386920585868409,0,-1.4417845249189716,6,2,4,7,Normal,0.08164389065640243
-0.5644786802925077,1.1160732568468863,0,-1.4417845249189716,5,5,3,3,Normal,0.12137469630369008
-0.5644786802925077,1.0811667333569983,0,0.6239573261004014,14,0,2,2,Normal,0.12476989091426066
-0.5644786802925077,-1.5368225283846009,1,0.6239573261004014,9,4,0,0,Suspicious,-0.0027104243423152763
-0.5644786802925077,0.6622884514783427,1,-1.4417845249189716,20,1,0,5,Normal,0.01330047021523073
-0.5644786802925077,0.4877558340289027,0,-0.408913599409285,2,1,2,7,Normal,0.1254963870543841
-0.5644786802925077,-1.222663816975609,0,0.6239573261004014,1,4,4,2,Normal,0.09617702504516279
-0.5644786802925077,0.1386905991300228,1,-0.408913599409285,3,3,4,5,Normal,0.048133713960344715
-0.5644786802925077,-0.0707485418093052,0,-0.408913599409285,16,6,2,5,Normal,0.16231556457932705
-0.5644786802925077,-0.908505105566617,0,1.656828251610088,3,6,3,7,Normal,0.07795139059264367
-0.5644786802925077,-0.873598582076729,0,0.6239573261004014,3,3,2,5,Normal,0.1586265215902919
1.081951771195046,0.3830362635592385,0,-0.408913599409285,10,1,0,4,Normal,0.10262447848656697
-0.5644786802925077,0.2085036461097985,0,-0.408913599409285,16,1,4,6,Normal,0.1260099477606929
-0.5644786802925077,-0.9783181525463928,1,-1.4417845249189716,7,0,3,5,Normal,0.018458242184214768
-0.5644786802925077,-0.8037855350969529,0,0.6239573261004014,8,1,1,7,Normal,0.12170137135121195
-0.5644786802925077,0.5575688810086785,0,-0.408913599409285,20,4,3,4,Normal,0.15249822013012587
-0.5644786802925077,1.0811667333569983,0,-0.408913599409285,9,5,2,6,Normal,0.153693857521632
-0.5644786802925077,-0.1754681122789692,0,-0.408913599409285,7,2,1,5,Normal,0.17252578302708782
-0.5644786802925077,1.7443906796648705,0,0.6239573261004014,16,5,4,0,Normal,0.06097581690204046
-0.5644786802925077,-0.1056550652991931,0,-1.4417845249189716,16,2,0,1,Normal,0.09910858999060057
-0.5644786802925077,-1.257570340465497,0,1.656828251610088,17,3,1,7,Normal,0.07258217559499636
-0.5644786802925077,0.5226623575187906,0,-0.408913599409285,8,4,0,3,Normal,0.13839579820682701
2.316774609810712,-0.873598582076729,0,0.6239573261004014,21,0,2,1,Normal,0.05274933145210481
-0.5644786802925077,0.4179427870491267,0,-0.408913599409285,21,4,4,2,Normal,0.1191386118978065
2.7283822226826,-1.3273833874452727,1,1.656828251610088,17,6,3,2,Suspicious,-0.031285839524778924
1.081951771195046,-0.6990659646272891,0,-0.408913599409285,11,7,3,6,Normal,0.10081674052024192
0.258736545451269,-1.6764486223441528,1,-1.4417845249189716,5,6,2,5,Normal,0.006113845209682389
-0.5644786802925077,1.5000450152356546,0,0.6239573261004014,8,0,1,7,Normal,0.0763964855140522
-0.5644786802925077,0.6622884514783427,0,0.6239573261004014,9,5,1,1,Normal,0.14064792725247083
-0.5644786802925077,-0.8386920585868409,0,0.6239573261004014,0,7,4,1,Normal,0.07266106640533188
-0.5644786802925077,-0.4198137767081852,0,-1.4417845249189716,22,5,2,0,Normal,0.077214567927673
-0.5644786802925077,-0.0009354948295292,0,-1.4417845249189716,9,3,0,7,Normal,0.09229142350475306
-0.5644786802925077,-0.7339724881171771,0,-0.408913599409285,2,3,0,6,Normal,0.11706150819672562
-0.5644786802925077,-1.5019160048947129,0,1.656828251610088,23,6,1,4,Normal,0.05734628890961302
-0.5644786802925077,-1.397196434425049,0,-0.408913599409285,3,2,2,7,Normal,0.11374722679199406
-0.5644786802925077,-0.5943463941576251,0,0.6239573261004014,2,3,3,4,Normal,0.15095271969975027
0.258736545451269,1.5000450152356546,0,1.656828251610088,14,5,3,7,Normal,0.052698825015441764
-0.5644786802925077,-1.397196434425049,0,0.6239573261004014,19,7,1,5,Normal,0.10509157938232272
-0.5644786802925077,0.3481297400693506,0,-0.408913599409285,18,4,3,7,Normal,0.1241739471360257
-0.5644786802925077,-0.0009354948295292,0,1.656828251610088,21,2,1,2,Normal,0.10238401025976751
-0.5644786802925077,-0.8386920585868409,1,-0.408913599409285,2,1,0,2,Normal,0.017092670617440353
-0.1528710674206193,0.6273819279884545,1,-0.408913599409285,2,0,2,3,Normal,0.019258037972695097
-0.5644786802925077,1.3255123977862149,0,-0.408913599409285,22,0,2,6,Normal,0.1087611198611858
-0.5644786802925077,0.9415406393974466,1,1.656828251610088,2,4,4,5,Normal,0.008179323664644689
-0.5644786802925077,-1.0132246760362809,0,0.6239573261004014,15,4,3,5,Normal,0.14537035270672538
-0.5644786802925077,-0.0358420183194171,0,-1.4417845249189716,2,7,4,3,Normal,0.09010636843602216
1.081951771195046,1.6745776326850943,1,1.656828251610088,7,0,0,2,Suspicious,-0.04657887751802048
-0.5644786802925077,0.8019145454378945,0,-0.408913599409285,2,0,4,5,Normal,0.10141763755074995
-0.5644786802925077,0.1386905991300228,0,-1.4417845249189716,4,1,2,3,Normal,0.12708417523145799
1.9051669969388227,-1.7113551458340408,0,-1.4417845249189716,9,2,2,2,Normal,0.052441187531115374
-0.5644786802925077,1.6745776326850943,1,-0.408913599409285,5,2,1,7,Normal,0.02368912026938963
-0.5644786802925077,0.9066341159075584,0,0.6239573261004014,11,1,3,3,Normal,0.14775623939379245
-0.5644786802925077,0.2434101695996867,0,0.6239573261004014,6,4,0,3,Normal,0.13050351814776456
-0.5644786802925077,-1.048131199526169,0,0.6239573261004014,6,7,2,5,Normal,0.12670681844859383
-0.5644786802925077,1.5000450152356546,0,-1.4417845249189716,10,0,0,2,Normal,0.06307701210726746
0.6703441583231574,-0.524533347177849,0,-0.408913599409285,21,0,1,5,Normal,0.09849041402182679
-0.5644786802925077,0.9764471628873344,0,-0.408913599409285,22,1,0,3,Normal,0.09890494374325154
-0.5644786802925077,0.1037840756401346,0,-0.408913599409285,5,3,1,6,Normal,0.15375269369668
-0.5644786802925077,-1.6066355753643766,0,1.656828251610088,22,7,3,5,Normal,0.04879873779165045
-0.5644786802925077,1.1858863038266625,0,0.6239573261004014,5,2,1,1,Normal,0.13158065523155682
-0.5644786802925077,0.9764471628873344,0,-1.4417845249189716,5,2,4,1,Normal,0.08245856220198489
0.6703441583231574,0.7321014984581184,0,-0.408913599409285,6,4,3,1,Normal,0.12058613320397332
-0.5644786802925077,0.1386905991300228,0,-0.408913599409285,14,7,1,0,Normal,0.11807312466423636
-0.5644786802925077,1.3255123977862149,0,-0.408913599409285,6,4,2,7,Normal,0.12679676607951923
-0.5644786802925077,1.3604189212761024,0,-0.408913599409285,0,2,4,3,Normal,0.10744357276782163
-0.5644786802925077,-1.397196434425049,0,0.6239573261004014,0,0,3,5,Normal,0.08550240159221867
2.7283822226826,-0.7688790116070651,0,0.6239573261004014,6,7,2,6,Normal,0.0450815436935087
-0.5644786802925077,-1.397196434425049,0,0.6239573261004014,23,2,4,6,Normal,0.07736032983524566
-0.5644786802925077,-0.524533347177849,0,1.656828251610088,5,5,3,5,Normal,0.11702301399862591
-0.5644786802925077,1.604764585705318,0,-0.408913599409285,13,1,3,6,Normal,0.11076639002686989
0.6703441583231574,1.1509797803367747,0,-1.4417845249189716,7,2,0,0,Normal,0.03745598005158868
-0.5644786802925077,1.4651384917457662,0,1.656828251610088,1,2,4,7,Normal,0.058701986231710634
2.7283822226826,1.1160732568468863,1,0.6239573261004014,0,7,3,3,Suspicious,-0.03288720350819008
1.081951771195046,0.5226623575187906,0,-0.408913599409285,21,4,0,5,Normal,0.07851127079218856
-0.5644786802925077,-1.3273833874452727,0,-1.4417845249189716,5,6,1,2,Normal,0.09623814944261944
-0.5644786802925077,-1.7113551458340408,0,-1.4417845249189716,20,4,0,0,Normal,0.03983636233187293
-0.5644786802925077,0.9066341159075584,0,0.6239573261004014,16,6,0,3,Normal,0.1252633466791468
-0.5644786802925077,-0.8386920585868409,0,0.6239573261004014,10,6,4,4,Normal,0.12901552644850933
-0.5644786802925077,-0.489626823687961,0,1.656828251610088,15,6,0,5,Normal,0.0956566408202264
-0.5644786802925077,1.4651384917457662,0,0.6239573261004014,20,5,0,2,Normal,0.10076917947606845
-0.5644786802925077,-1.257570340465497,1,-0.408913599409285,2,4,1,6,Normal,0.03917432444902336
-0.5644786802925077,0.7670080219480067,0,1.656828251610088,14,6,4,1,Normal,0.097806668099091
-0.5644786802925077,0.5924754044985666,0,-0.408913599409285,7,3,0,7,Normal,0.10847387427723798
-0.5644786802925077,1.4302319682558782,0,-0.408913599409285,6,3,3,7,Normal,0.11507103816270159
0.258736545451269,-0.8037855350969529,0,-0.408913599409285,17,5,3,1,Normal,0.12029126115103456
-0.5644786802925077,0.2783166930895746,0,-1.4417845249189716,6,2,2,6,Normal,0.13129515931654384
-0.5644786802925077,0.6622884514783427,0,1.656828251610088,3,5,1,2,Normal,0.1074029378898288
-0.5644786802925077,-0.4547203001980731,0,-0.408913599409285,2,6,2,4,Normal,0.15860654617386755
2.7283822226826,0.4528493105390145,0,0.6239573261004014,7,3,3,2,Normal,0.07390474225635346
-0.5644786802925077,1.0462602098671103,0,-1.4417845249189716,3,3,4,0,Normal,0.06610565607897201
-0.5644786802925077,0.2085036461097985,0,0.6239573261004014,7,5,1,6,Normal,0.1468893726144883
-0.5644786802925077,-1.7113551458340408,0,0.6239573261004014,20,3,4,6,Normal,0.08180076954656557
-0.5644786802925077,-1.1877572934857208,0,1.656828251610088,15,0,1,5,Normal,0.08564822513447912
-0.5644786802925077,-1.292476863955385,0,-0.408913599409285,7,6,1,4,Normal,0.14596612163172334
-0.5644786802925077,-0.908505105566617,1,-0.408913599409285,16,2,4,6,Normal,0.0401941046226697
-0.5644786802925077,1.1160732568468863,0,-0.408913599409285,14,0,0,0,Normal,0.08044232927075967
-0.5644786802925077,-1.292476863955385,0,1.656828251610088,11,0,0,3,Normal,0.057137308359804684
-0.5644786802925077,0.1735971226199107,0,-0.408913599409285,20,7,2,5,Normal,0.13177152900728845
2.316774609810712,-0.873598582076729,0,0.6239573261004014,12,3,2,3,Normal,0.10594419395291099
-0.5644786802925077,-0.3849072532182971,0,-0.408913599409285,19,4,3,4,Normal,0.1575289152951579
-0.5644786802925077,0.6622884514783427,0,0.6239573261004014,7,7,3,3,Normal,0.12554705917536285
-0.5644786802925077,1.5349515387255426,0,-1.4417845249189716,18,3,4,4,Normal,0.08518232557791716
1.4935593840669343,-0.9783181525463928,0,1.656828251610088,18,6,0,4,Normal,0.037603115509898255
2.7283822226826,0.5575688810086785,1,0.6239573261004014,20,5,3,6,Suspicious,-0.014507851169999753
-0.5644786802925077,1.3255123977862149,0,-1.4417845249189716,0,1,2,6,Normal,0.07997980403052385
-0.5644786802925077,0.2085036461097985,0,-0.408913599409285,2,0,1,1,Normal,0.13104629376930754
-0.5644786802925077,-1.4321029579149367,0,-0.408913599409285,18,2,0,4,Normal,0.1086094591487885
-0.5644786802925077,-0.4198137767081852,0,-0.408913599409285,21,2,3,4,Normal,0.15153013524560727
-0.5644786802925077,-0.8386920585868409,0,1.656828251610088,11,1,2,6,Normal,0.11186105631824461
-0.5644786802925077,0.3132232165794628,0,0.6239573261004014,15,1,4,3,Normal,0.13331396309333404
-0.5644786802925077,0.0339710286603586,0,-1.4417845249189716,15,3,3,7,Normal,0.10883351265954239
-0.5644786802925077,0.5924754044985666,0,1.656828251610088,15,3,4,6,Normal,0.10165075471729768
1.4935593840669343,-1.4321029579149367,1,-1.4417845249189716,6,0,4,2,Suspicious,-0.04355735018037177
1.4935593840669343,-0.629252917647513,0,0.6239573261004014,21,7,0,3,Normal,0.054705978718270876
-0.5644786802925077,-0.5594398706677371,0,0.6239573261004014,3,6,0,6,Normal,0.10896259817137993
-0.5644786802925077,1.5349515387255426,0,-1.4417845249189716,1,2,0,1,Normal,0.05216627342550362
0.6703441583231574,-0.2452811592587452,0,1.656828251610088,15,6,2,0,Normal,0.06752156285571442
-0.1528710674206193,-0.7339724881171771,1,-0.408913599409285,22,0,3,2,Normal,0.010670125564326116
1.4935593840669343,0.2434101695996867,0,1.656828251610088,1,2,1,4,Normal,0.06786172979640814
-0.5644786802925077,-0.210374635768857,1,-0.408913599409285,0,6,0,5,Normal,0.02593115773642829
1.4935593840669343,1.7094841561749825,1,0.6239573261004014,14,0,3,5,Suspicious,-0.021887121489475136
-0.5644786802925077,1.3604189212761024,0,-0.408913599409285,18,7,2,6,Normal,0.10138227430235303
-0.5644786802925077,-1.6066355753643766,0,-0.408913599409285,13,2,2,0,Normal,0.12395772500528734
0.6703441583231574,-0.4547203001980731,0,-1.4417845249189716,21,3,0,6,Normal,0.048474632718393806
-0.5644786802925077,-0.629252917647513,0,-0.408913599409285,4,7,4,4,Normal,0.11503350585307237
-0.5644786802925077,-1.1528507699958328,0,-1.4417845249189716,20,3,0,2,Normal,0.08320892448401818
-0.5644786802925077,-1.5019160048947129,0,-0.408913599409285,21,2,3,4,Normal,0.12404428408037926
-0.5644786802925077,0.9415406393974466,1,0.6239573261004014,13,7,4,5,Normal,0.02798301341952658
-0.5644786802925077,1.7094841561749825,0,1.656828251610088,23,5,0,6,Normal,0.04039519440251382
-0.5644786802925077,1.7443906796648705,0,-1.4417845249189716,3,3,3,7,Normal,0.06599464579842185
-0.5644786802925077,1.3953254447659904,0,-0.408913599409285,16,4,1,2,Normal,0.14196829648165338
-0.5644786802925077,0.2434101695996867,0,0.6239573261004014,18,2,0,0,Normal,0.09481462644225402
-0.5644786802925077,-0.0009354948295292,0,1.656828251610088,4,3,2,3,Normal,0.1350390740190225
-0.5644786802925077,-1.292476863955385,0,-1.4417845249189716,5,0,3,3,Normal,0.09068696262383946
-0.5644786802925077,0.2783166930895746,0,-0.408913599409285,0,2,1,3,Normal,0.13332552598144476
-0.5644786802925077,-0.1405615887890813,0,1.656828251610088,1,4,4,7,Normal,0.07071184484603066
-0.5644786802925077,-0.489626823687961,0,-0.408913599409285,9,7,1,7,Normal,0.11295075142174177
-0.5644786802925077,0.1735971226199107,0,1.656828251610088,1,4,1,4,Normal,0.10767128041453244
0.6703441583231574,-1.7462616693239288,0,-0.408913599409285,10,5,4,2,Normal,0.07335358229270394
2.7283822226826,-0.6990659646272891,0,0.6239573261004014,23,0,4,0,Suspicious,-0.012995026644872287
0.6703441583231574,1.0811667333569983,0,-0.408913599409285,15,2,4,2,Normal,0.10748180970229454
-0.5644786802925077,-1.4321029579149367,1,-0.408913599409285,13,7,3,2,Normal,0.032456846242453374
1.9051669969388227,-0.489626823687961,0,0.6239573261004014,6,1,2,5,Normal,0.10151855927023223
0.258736545451269,1.7443906796648705,0,-0.408913599409285,10,3,0,4,Normal,0.0788705473700062
2.7283822226826,0.6971949749682306,1,-0.408913599409285,16,1,4,7,Suspicious,-0.04253109854596715
-0.5644786802925077,1.1858863038266625,1,-0.408913599409285,2,0,0,4,Normal,0.013095542131968618
-0.5644786802925077,0.2434101695996867,1,-0.408913599409285,3,6,2,2,Normal,0.056723320526600673
2.7283822226826,-0.629252917647513,0,1.656828251610088,4,6,0,3,Normal,0.010093982981003058
-0.5644786802925077,1.1160732568468863,0,-0.408913599409285,4,5,1,5,Normal,0.15046270976355658
-0.5644786802925077,-0.1405615887890813,0,0.6239573261004014,9,3,2,6,Normal,0.15705378975837797
-0.5644786802925077,-1.6415420988542648,1,0.6239573261004014,14,7,2,3,Normal,0.03235076904853873
-0.5644786802925077,1.0113536863772226,0,0.6239573261004014,15,5,2,5,Normal,0.15205490135715571
-0.5644786802925077,0.0688775521502468,0,-1.4417845249189716,1,5,1,4,Normal,0.12205489799079683
-0.5644786802925077,-0.5943463941576251,0,-1.4417845249189716,15,6,2,1,Normal,0.12498985280516739
-0.5644786802925077,0.8019145454378945,1,-1.4417845249189716,0,5,1,5,Normal,0.029966190497036194
-0.5644786802925077,-1.7462616693239288,0,0.6239573261004014,13,7,1,0,Normal,0.08223330787057459
-0.5644786802925077,0.9764471628873344,0,1.656828251610088,18,5,2,4,Normal,0.13086111648725623
-0.5644786802925077,-0.7339724881171771,0,-1.4417845249189716,13,2,1,4,Normal,0.14126942155965672
-0.5644786802925077,-1.397196434425049,0,-0.408913599409285,3,3,3,7,Normal,0.0995671410386445
2.7283822226826,-0.0358420183194171,0,0.6239573261004014,18,0,4,5,Normal,0.025211840058619317
-0.5644786802925077,-0.0707485418093052,1,-1.4417845249189716,20,0,1,2,Normal,0.012855537525254368
1.081951771195046,-0.5943463941576251,0,-1.4417845249189716,4,0,0,1,Normal,0.034341121992060186
2.7283822226826,1.4302319682558782,0,-0.408913599409285,23,3,4,7,Suspicious,-0.005146065566721036
-0.5644786802925077,-0.210374635768857,0,-0.408913599409285,22,4,3,0,Normal,0.10627529888528986
1.9051669969388227,-0.6990659646272891,0,-0.408913599409285,11,3,1,5,Normal,0.11019757953820525
-0.5644786802925077,-1.3273833874452727,1,1.656828251610088,15,3,3,6,Normal,0.024434671656854867
-0.5644786802925077,-1.222663816975609,0,0.6239573261004014,16,5,1,0,Normal,0.10483019321157944
-0.5644786802925077,1.1160732568468863,0,-1.4417845249189716,2,3,4,5,Normal,0.08307193035438687
-0.5644786802925077,-1.3273833874452727,0,1.656828251610088,12,2,0,2,Normal,0.07978763368710451
-0.5644786802925077,-0.210374635768857,1,-1.4417845249189716,8,3,0,7,Normal,0.020438951084478796
-0.5644786802925077,-0.908505105566617,1,0.6239573261004014,11,5,0,7,Normal,0.018839577191163137
1.081951771195046,-0.3500007297284091,1,-0.408913599409285,15,3,1,0,Normal,0.0229329820898152
-0.5644786802925077,-0.664159441137401,0,0.6239573261004014,11,1,1,5,Normal,0.1568261272856793
-0.1528710674206193,-0.210374635768857,0,-0.408913599409285,7,1,2,2,Normal,0.15140716895490602
-0.5644786802925077,0.8019145454378945,0,0.6239573261004014,19,0,3,2,Normal,0.1130538559512167
-0.1528710674206193,-1.6415420988542648,1,-0.408913599409285,12,7,1,7,Normal,0.011934674263460399
1.081951771195046,1.7443906796648705,0,-0.408913599409285,11,7,1,3,Normal,0.07023338191562623
-0.5644786802925077,-1.257570340465497,0,0.6239573261004014,8,2,3,1,Normal,0.1308275699959775
1.9051669969388227,-1.5717290518744889,0,0.6239573261004014,8,2,1,4,Normal,0.08409940261342319
0.258736545451269,-1.7113551458340408,0,0.6239573261004014,22,2,4,7,Normal,0.036958628619408684
-0.5644786802925077,1.1509797803367747,0,-0.408913599409285,7,5,1,7,Normal,0.12301498603113276
-0.5644786802925077,-1.4321029579149367,0,-0.408913599409285,19,0,2,3,Normal,0.12153305779247003
-0.5644786802925077,-0.6990659646272891,0,-0.408913599409285,6,5,4,5,Normal,0.13107358039616224
-0.5644786802925077,-1.222663816975609,0,0.6239573261004014,14,1,2,2,Normal,0.14486315886777262
-0.5644786802925077,-0.1754681122789692,0,-0.408913599409285,2,6,1,4,Normal,0.1515232077459288
-0.5644786802925077,0.1386905991300228,0,-0.408913599409285,6,7,1,0,Normal,0.11108717854263545
1.081951771195046,-0.3500007297284091,0,-1.4417845249189716,15,2,2,1,Normal,0.09469511735826475
2.7283822226826,-0.524533347177849,1,-0.408913599409285,15,5,3,3,Normal,0.01408837433260346
-0.5644786802925077,-1.7113551458340408,0,-0.408913599409285,4,3,0,5,Normal,0.0892929343194111
-0.5644786802925077,1.7094841561749825,0,0.6239573261004014,9,1,1,6,Normal,0.09718927328277105
-0.5644786802925077,-0.2452811592587452,0,-0.408913599409285,15,7,0,1,Normal,0.11127557898187584
-0.5644786802925077,1.6745776326850943,0,-0.408913599409285,12,4,0,2,Normal,0.10977193264894414
-0.5644786802925077,-0.908505105566617,0,-0.408913599409285,0,1,0,4,Normal,0.10099624645011718
-0.5644786802925077,-0.7688790116070651,0,-0.408913599409285,1,3,0,2,Normal,0.1161567940872853
-0.5644786802925077,1.1160732568468863,0,1.656828251610088,19,1,1,7,Normal,0.07074411987005613
-0.5644786802925077,-0.2452811592587452,0,-1.4417845249189716,5,7,4,1,Normal,0.08441386764604819
-0.5644786802925077,0.1735971226199107,0,-0.408913599409285,3,0,2,6,Normal,0.13476179477034944
1.9051669969388227,1.639671109195206,0,-1.4417845249189716,13,5,3,3,Normal,0.05193411669264947
-0.5644786802925077,0.4877558340289027,0,1.656828251610088,7,2,4,1,Normal,0.0994568712705064
2.7283822226826,-1.0132246760362809,0,-0.408913599409285,22,6,4,1,Normal,0.006906403696580354
-0.5644786802925077,0.4179427870491267,1,0.6239573261004014,11,4,4,6,Normal,0.042043157148718646
-0.5644786802925077,1.5349515387255426,0,-0.408913599409285,19,3,4,2,Normal,0.10407928690676593
-0.5644786802925077,-1.1528507699958328,1,0.6239573261004014,5,6,3,3,Normal,0.05432891095525849
-0.5644786802925077,0.4179427870491267,0,-1.4417845249189716,6,1,1,1,Normal,0.1133270101224389
1.9051669969388227,0.4179427870491267,0,0.6239573261004014,14,6,2,1,Normal,0.09427154329605314
-0.5644786802925077,1.5000450152356546,0,-1.4417845249189716,11,3,4,0,Normal,0.06725759072356186
2.316774609810712,1.3953254447659904,0,1.656828251610088,23,1,4,4,Suspicious,-0.0034869992141969286
-0.5644786802925077,0.4179427870491267,0,-1.4417845249189716,22,4,2,5,Normal,0.11837090188910221
-0.5644786802925077,0.3481297400693506,0,1.656828251610088,21,3,0,5,Normal,0.08127066498789237
-0.5644786802925077,1.5698580622154303,1,-0.408913599409285,23,4,3,2,Normal,0.00946267247064203
-0.5644786802925077,-0.629252917647513,0,-1.4417845249189716,13,6,3,1,Normal,0.11582818503272163
-0.5644786802925077,-1.222663816975609,0,-1.4417845249189716,20,7,2,6,Normal,0.07826426884543047
-0.5644786802925077,1.5349515387255426,0,-0.408913599409285,9,0,4,1,Normal,0.08791918444945923
-0.5644786802925077,1.604764585705318,0,1.656828251610088,19,0,0,2,Normal,0.0364437135858785
2.316774609810712,-0.2801876827486331,0,0.6239573261004014,10,4,3,5,Normal,0.09747815301058638
-0.5644786802925077,1.4651384917457662,0,-1.4417845249189716,0,0,2,7,Normal,0.043290559315451005
-0.5644786802925077,1.0811667333569983,0,-1.4417845249189716,0,3,3,0,Normal,0.07060608871669594
-0.5644786802925077,-0.3150942062385213,0,-1.4417845249189716,6,7,2,4,Normal,0.1287208749905457
-0.5644786802925077,-0.6990659646272891,0,1.656828251610088,18,7,4,0,Normal,0.045010903748943676
-0.5644786802925077,-1.4321029579149367,0,-0.408913599409285,16,7,4,0,Normal,0.07274286527902207
0.258736545451269,-0.1754681122789692,0,0.6239573261004014,14,0,1,6,Normal,0.1087509818032284
1.081951771195046,-0.210374635768857,0,-0.408913599409285,7,3,0,3,Normal,0.10887266637954096
2.7283822226826,-0.3500007297284091,0,-0.408913599409285,1,0,2,6,Normal,0.03301909185292162
-0.1528710674206193,-0.3849072532182971,0,-0.408913599409285,19,5,3,1,Normal,0.12495197159999677
-0.5644786802925077,-0.7688790116070651,0,0.6239573261004014,5,3,2,7,Normal,0.13716537415349156
-0.5644786802925077,-1.117944246505945,0,-0.408913599409285,20,1,3,4,Normal,0.14298901615613502
-0.5644786802925077,0.4179427870491267,0,0.6239573261004014,22,1,2,4,Normal,0.13282744954472075
-0.5644786802925077,-1.0132246760362809,0,0.6239573261004014,7,2,4,7,Normal,0.10392128287977487
0.6703441583231574,1.4302319682558782,0,1.656828251610088,5,3,3,7,Normal,0.056379974802652444
0.6703441583231574,-1.257570340465497,0,0.6239573261004014,6,0,1,1,Normal,0.07509852661173544
-0.5644786802925077,1.3953254447659904,0,1.656828251610088,23,3,2,7,Normal,0.06416069791567469
-0.5644786802925077,-1.222663816975609,0,-0.408913599409285,18,1,0,3,Normal,0.10641162660109144
-0.5644786802925077,-0.0707485418093052,0,0.6239573261004014,4,5,3,4,Normal,0.152024956759236
-0.5644786802925077,1.3604189212761024,0,0.6239573261004014,7,6,4,3,Normal,0.10512247786567613
1.9051669969388227,0.2085036461097985,0,-0.408913599409285,1,3,0,3,Normal,0.07112428800872717
1.081951771195046,-1.467009481404825,0,-0.408913599409285,8,7,4,2,Normal,0.059489457453925865
0.6703441583231574,-0.629252917647513,0,1.656828251610088,4,5,3,2,Normal,0.09212641194733906
0.258736545451269,-0.1056550652991931,0,-0.408913599409285,22,7,1,3,Normal,0.09130251373856646
-0.5644786802925077,1.4302319682558782,0,-0.408913599409285,3,1,2,5,Normal,0.13648309505999684
-0.5644786802925077,0.9415406393974466,0,0.6239573261004014,21,1,4,5,Normal,0.10578431534296445
2.316774609810712,1.604764585705318,1,-0.408913599409285,23,2,4,4,Suspicious,-0.05064870894813034
2.316774609810712,-0.873598582076729,0,0.6239573261004014,21,5,1,5,Normal,0.060333885695748046
1.081951771195046,1.2906058742963262,0,1.656828251610088,21,5,3,5,Normal,0.059551397811230866
-0.5644786802925077,1.4651384917457662,0,-0.408913599409285,16,4,1,2,Normal,0.14294419866453772
-0.5644786802925077,1.7443906796648705,0,-0.408913599409285,2,2,4,1,Normal,0.08740776763014435
2.316774609810712,-0.3150942062385213,0,-1.4417845249189716,6,4,3,5,Normal,0.0630428189817277
-0.5644786802925077,-0.2452811592587452,0,-0.408913599409285,8,7,3,2,Normal,0.14092785848812422
-0.1528710674206193,1.0811667333569983,0,0.6239573261004014,11,2,1,2,Normal,0.12385315053499263
-0.5644786802925077,-0.6990659646272891,1,0.6239573261004014,9,3,2,3,Normal,0.07279296187345985
0.6703441583231574,-1.3273833874452727,0,-0.408913599409285,23,4,4,6,Normal,0.060946613701830965
-0.5644786802925077,0.9764471628873344,0,-1.4417845249189716,3,4,0,0,Normal,0.06286326927008679
-0.5644786802925077,0.3830362635592385,0,-0.408913599409285,20,0,0,3,Normal,0.09923976887402797
-0.5644786802925077,-0.2452811592587452,0,0.6239573261004014,10,6,0,6,Normal,0.11986395344817369
-0.5644786802925077,-1.467009481404825,0,0.6239573261004014,23,0,0,1,Normal,0.054910902180524745
-0.5644786802925077,1.1509797803367747,0,-0.408913599409285,8,5,3,1,Normal,0.13829168865647223
-0.5644786802925077,1.3604189212761024,0,1.656828251610088,18,2,4,2,Normal,0.08533526095929944
1.081951771195046,-0.7688790116070651,0,0.6239573261004014,10,5,3,1,Normal,0.11848161442128308
0.6703441583231574,-1.6415420988542648,0,1.656828251610088,23,5,4,6,Normal,0.02015957995442963
-0.5644786802925077,-0.5943463941576251,0,-1.4417845249189716,15,1,0,7,Normal,0.08064663480102408
-0.5644786802925077,-0.7688790116070651,0,-0.408913599409285,21,7,2,5,Normal,0.12010796502984322
-0.5644786802925077,-0.1754681122789692,1,-1.4417845249189716,14,1,0,3,Normal,0.02850252675493503
-0.5644786802925077,1.639671109195206,0,0.6239573261004014,5,0,2,2,Normal,0.10372598379182951
-0.5644786802925077,0.7321014984581184,0,-0.408913599409285,13,3,4,6,Normal,0.13647314448935055
-0.5644786802925077,-1.6066355753643766,0,-1.4417845249189716,8,4,1,2,Normal,0.11030436813327044
-0.5644786802925077,0.8019145454378945,0,-0.408913599409285,11,1,3,2,Normal,0.14868998460905325
2.316774609810712,-1.048131199526169,0,0.6239573261004014,4,5,2,4,Normal,0.0756616716776457
-0.1528710674206193,-1.6415420988542648,0,-1.4417845249189716,0,3,1,7,Normal,0.04555315320728559
-0.5644786802925077,1.1858863038266625,0,0.6239573261004014,21,2,1,1,Normal,0.1087083295662431
-0.5644786802925077,0.3481297400693506,0,1.656828251610088,18,4,4,7,Normal,0.07200450185943608
-0.5644786802925077,1.2207928273165505,0,-0.408913599409285,23,4,3,6,Normal,0.11129900430550577
-0.1528710674206193,-1.5717290518744889,0,-1.4417845249189716,10,7,3,1,Normal,0.06783089535819509
1.081951771195046,0.7321014984581184,0,0.6239573261004014,16,7,4,0,Normal,0.057953208436309356
-0.5644786802925077,-1.222663816975609,0,0.6239573261004014,8,5,1,0,Normal,0.10987331848619275
2.7283822226826,-0.7688790116070651,1,0.6239573261004014,2,2,3,6,Suspicious,-0.016180265887974943
0.258736545451269,-1.1877572934857208,0,1.656828251610088,23,2,1,7,Normal,0.034566904777536656
-0.5644786802925077,-0.0358420183194171,1,1.656828251610088,10,5,2,6,Normal,0.05037661218217382
-0.5644786802925077,1.4302319682558782,0,0.6239573261004014,10,0,1,3,Normal,0.12235829381960645
-0.5644786802925077,1.5698580622154303,0,-1.4417845249189716,14,3,3,5,Normal,0.10190625878341086
-0.5644786802925077,1.7443906796648705,0,0.6239573261004014,17,4,0,1,Normal,0.08199725205820607
0.258736545451269,0.0339710286603586,0,0.6239573261004014,16,4,1,2,Normal,0.13612754537008398
-0.5644786802925077,-1.0132246760362809,0,0.6239573261004014,23,7,3,5,Normal,0.09074393257269198
-0.5644786802925077,0.4179427870491267,0,-1.4417845249189716,20,2,0,7,Normal,0.06276963516793221
0.6703441583231574,1.0462602098671103,0,0.6239573261004014,11,4,0,7,Normal,0.06963084174975676
2.7283822226826,0.8717275924176705,1,-1.4417845249189716,0,5,0,4,Suspicious,-0.03388873097884215
-0.5644786802925077,1.3604189212761024,0,-0.408913599409285,15,7,1,5,Normal,0.12408415050802712
-0.5644786802925077,-0.6990659646272891,0,1.656828251610088,1,2,1,5,Normal,0.10304355831164502
-0.5644786802925077,1.1160732568468863,0,-0.408913599409285,14,5,4,7,Normal,0.1002613506673602
1.4935593840669343,-0.5594398706677371,0,0.6239573261004014,18,3,4,7,Normal,0.07146283764336314
-0.5644786802925077,-1.1528507699958328,0,0.6239573261004014,2,4,0,7,Normal,0.0738894037551866
-0.5644786802925077,-0.943411629056505,0,1.656828251610088,2,0,0,1,Normal,0.04094799905731361
-0.5644786802925077,-1.397196434425049,0,-0.408913599409285,9,6,2,5,Normal,0.14604594695119705
2.316774609810712,0.8019145454378945,0,-0.408913599409285,6,7,3,1,Normal,0.04019096946050349
-0.5644786802925077,-1.6415420988542648,0,1.656828251610088,7,6,4,1,Normal,0.060744902226758546
-0.5644786802925077,-1.4321029579149367,0,0.6239573261004014,4,5,0,2,Normal,0.09425176837640559
-0.5644786802925077,-0.0009354948295292,0,1.656828251610088,2,7,0,5,Normal,0.06813921637942033
-0.5644786802925077,-0.2452811592587452,0,1.656828251610088,15,6,4,5,Normal,0.10138747012883231
-0.5644786802925077,0.7321014984581184,0,0.6239573261004014,3,0,2,5,Normal,0.12823597003341036
0.258736545451269,-0.4198137767081852,0,-0.408913599409285,1,0,0,1,Normal,0.07462088748089357
-0.5644786802925077,0.6971949749682306,1,-0.408913599409285,21,6,2,7,Normal,0.040309209828588766
-0.5644786802925077,-1.3273833874452727,0,0.6239573261004014,10,5,1,6,Normal,0.13099580071539013
-0.5644786802925077,-1.5019160048947129,0,-0.408913599409285,20,7,3,3,Normal,0.10539875568846963
-0.5644786802925077,0.2783166930895746,0,-0.408913599409285,4,7,4,3,Normal,0.11103030955119175
-0.5644786802925077,-0.664159441137401,0,1.656828251610088,6,4,4,3,Normal,0.1111732856417671
-0.5644786802925077,-1.1528507699958328,0,-0.408913599409285,15,3,2,7,Normal,0.12674952995155586
-0.5644786802925077,-0.2801876827486331,0,-0.408913599409285,0,6,2,2,Normal,0.13697514639347708
-0.5644786802925077,-1.6415420988542648,0,0.6239573261004014,18,6,1,1,Normal,0.10606037861144735
-0.5644786802925077,-1.7113551458340408,1,-0.408913599409285,0,7,1,4,Normal,0.012253113501038526
-0.5644786802925077,-0.1056550652991931,0,-1.4417845249189716,8,6,1,7,Normal,0.11366479409120639
-0.1528710674206193,0.7670080219480067,0,-0.408913599409285,15,4,1,2,Normal,0.1415025398553535
-0.5644786802925077,-1.6415420988542648,0,-0.408913599409285,18,0,1,6,Normal,0.0952859475079526
-0.5644786802925077,-1.5019160048947129,0,-0.408913599409285,8,4,0,0,Normal,0.08607099293910614
1.9051669969388227,0.6971949749682306,0,1.656828251610088,3,2,3,7,Normal,0.04660596754785984
-0.5644786802925077,0.1037840756401346,0,-1.4417845249189716,17,7,0,3,Normal,0.08673358507746554
-0.5644786802925077,-1.7113551458340408,0,-1.4417845249189716,10,6,2,6,Normal,0.08642090822619031
-0.5644786802925077,0.9415406393974466,1,-1.4417845249189716,5,6,0,2,Normal,0.024073800436705373
-0.5644786802925077,0.5575688810086785,0,0.6239573261004014,13,1,3,0,Normal,0.11961986690822968
-0.1528710674206193,-0.664159441137401,0,0.6239573261004014,20,7,3,6,Normal,0.09502381867545295
0.258736545451269,-0.9783181525463928,0,-1.4417845249189716,20,1,4,2,Normal,0.06101473409014224
1.9051669969388227,0.4179427870491267,0,-0.408913599409285,6,0,1,4,Normal,0.08592212524429044
-0.5644786802925077,0.9764471628873344,0,0.6239573261004014,0,4,1,1,Normal,0.11162856087541068
-0.5644786802925077,0.7321014984581184,0,-0.408913599409285,3,6,0,0,Normal,0.08613222674484344
-0.5644786802925077,-1.083037723016057,0,-0.408913599409285,2,5,2,5,Normal,0.14325795044083095
-0.5644786802925077,-1.0132246760362809,1,0.6239573261004014,6,6,0,2,Normal,0.031427202203586524
-0.5644786802925077,-1.6066355753643766,1,1.656828251610088,12,1,3,2,Normal,0.010467375634612197
0.6703441583231574,-0.524533347177849,0,1.656828251610088,14,3,1,6,Normal,0.08594983880317952
0.6703441583231574,0.3481297400693506,1,-1.4417845249189716,16,7,4,2,Suspicious,-0.02047922830658877
2.316774609810712,1.1858863038266625,0,-0.408913599409285,3,1,4,3,Normal,0.041880286128352484
2.316774609810712,0.8717275924176705,0,-1.4417845249189716,3,7,1,0,Normal,0.01403078734493124
-0.5644786802925077,-0.0707485418093052,0,0.6239573261004014,21,3,3,2,Normal,0.13802878115905493
2.316774609810712,-1.222663816975609,0,0.6239573261004014,23,6,0,4,Normal,0.007248771503774676
1.081951771195046,1.5698580622154303,0,-0.408913599409285,8,0,1,7,Normal,0.03899121833003538
-0.5644786802925077,-1.222663816975609,0,0.6239573261004014,5,5,0,1,Normal,0.09550879533162959
-0.5644786802925077,-0.489626823687961,0,0.6239573261004014,21,0,3,7,Normal,0.07973028905330704
-0.5644786802925077,-1.1528507699958328,0,-0.408913599409285,20,4,3,1,Normal,0.12606131110525348
-0.5644786802925077,1.2556993508064382,0,0.6239573261004014,4,0,4,5,Normal,0.09022914682630012
-0.5644786802925077,-0.3500007297284091,0,0.6239573261004014,18,0,3,0,Normal,0.10583520049021722
1.9051669969388227,-1.222663816975609,0,-1.4417845249189716,6,5,3,7,Normal,0.04020322014898903
-0.5644786802925077,0.5575688810086785,0,1.656828251610088,5,4,0,3,Normal,0.09617616605797008
-0.5644786802925077,1.1858863038266625,0,-0.408913599409285,22,3,4,3,Normal,0.10377502387424176
-0.5644786802925077,-0.210374635768857,0,0.6239573261004014,15,5,3,7,Normal,0.12214152071629564
-0.5644786802925077,0.9415406393974466,1,1.656828251610088,5,7,0,4,Normal,0.009703398622492032
-0.5644786802925077,0.8368210689277826,0,0.6239573261004014,20,1,0,5,Normal,0.10604494000400028
-0.5644786802925077,0.1037840756401346,0,-0.408913599409285,5,3,4,2,Normal,0.1477397573078471
-0.5644786802925077,-0.0707485418093052,0,1.656828251610088,2,2,4,4,Normal,0.10299991566412547
-0.5644786802925077,0.4877558340289027,0,0.6239573261004014,1,3,4,1,Normal,0.10539603060167729
2.316774609810712,-0.3849072532182971,0,1.656828251610088,16,6,1,6,Normal,0.036278452835138975
-0.5644786802925077,1.0811667333569983,0,-1.4417845249189716,8,6,1,1,Normal,0.11284032055739007
-0.5644786802925077,0.6622884514783427,0,-1.4417845249189716,13,6,2,5,Normal,0.1339760545708537
-0.5644786802925077,0.1735971226199107,0,-0.408913599409285,19,7,1,0,Normal,0.09603179928042815
-0.5644786802925077,0.6273819279884545,0,0.6239573261004014,4,2,2,5,Normal,0.1580853786835662
-0.5644786802925077,-0.0009354948295292,0,-0.408913599409285,6,6,0,0,Normal,0.09833239927645643
-0.5644786802925077,-1.5717290518744889,0,1.656828251610088,0,2,3,2,Normal,0.08088424963518226
-0.5644786802925077,-0.0707485418093052,0,-0.408913599409285,15,2,3,2,Normal,0.16728660174762466
-0.5644786802925077,-1.467009481404825,0,0.6239573261004014,6,2,2,5,Normal,0.13917119566819897
-0.5644786802925077,0.3481297400693506,0,-0.408913599409285,16,1,2,2,Normal,0.156010424380232
-0.5644786802925077,-0.1754681122789692,0,-0.408913599409285,3,2,2,1,Normal,0.15411187113284863
-0.5644786802925077,1.3255123977862149,0,-0.408913599409285,14,4,0,4,Normal,0.12273994132032129
-0.5644786802925077,-1.0132246760362809,0,0.6239573261004014,3,5,4,2,Normal,0.11421716527184034
-0.5644786802925077,1.2207928273165505,0,-0.408913599409285,7,1,0,1,Normal,0.10293166612696636
-0.5644786802925077,-0.873598582076729,0,-0.408913599409285,13,4,0,2,Normal,0.13301017386417135
-0.5644786802925077,-1.222663816975609,0,0.6239573261004014,11,3,4,2,Normal,0.12558513972362223
-0.5644786802925077,-1.4321029579149367,0,-1.4417845249189716,8,6,1,4,Normal,0.1155512778335801
2.7283822226826,-0.6990659646272891,0,0.6239573261004014,3,6,1,5,Normal,0.04864159462441442
-0.5644786802925077,1.639671109195206,0,1.656828251610088,7,3,0,2,Normal,0.06991239723872622
2.316774609810712,1.3604189212761024,1,0.6239573261004014,17,2,4,6,Suspicious,-0.0387580365371335
-0.5644786802925077,-0.7688790116070651,1,-0.408913599409285,13,7,2,6,Normal,0.047276304245407186
1.9051669969388227,-1.257570340465497,0,-1.4417845249189716,1,2,4,3,Normal,0.023168758540804246
-0.5644786802925077,-1.1877572934857208,0,-0.408913599409285,2,2,2,5,Normal,0.14400584508541625
-0.5644786802925077,-0.908505105566617,0,0.6239573261004014,18,2,4,3,Normal,0.12796834049112799
-0.5644786802925077,0.9764471628873344,0,0.6239573261004014,16,4,2,2,Normal,0.14733166810559473
-0.5644786802925077,0.7670080219480067,0,-1.4417845249189716,22,7,0,2,Normal,0.057400712226858164
-0.1528710674206193,1.4302319682558782,0,1.656828251610088,19,7,3,6,Normal,0.0504640377039669
-0.5644786802925077,1.3255123977862149,0,0.6239573261004014,19,6,1,3,Normal,0.13131610583047992
0.6703441583231574,-0.524533347177849,1,1.656828251610088,0,7,0,2,Suspicious,-0.0468093790805032
-0.5644786802925077,-0.5943463941576251,0,-0.408913599409285,2,4,2,5,Normal,0.1559340651101495
0.258736545451269,-1.048131199526169,0,0.6239573261004014,13,6,2,5,Normal,0.12579510126909882
0.258736545451269,0.7670080219480067,0,0.6239573261004014,18,7,2,0,Normal,0.06717647067504273
-0.5644786802925077,-1.6764486223441528,0,0.6239573261004014,22,7,0,4,Normal,0.05612567130326074
-0.1528710674206193,0.2434101695996867,0,-1.4417845249189716,7,4,4,4,Normal,0.09474292052799682
-0.5644786802925077,0.7321014984581184,0,0.6239573261004014,13,0,4,4,Normal,0.10765314221930655
1.081951771195046,-0.4547203001980731,0,1.656828251610088,4,2,3,2,Normal,0.08510476278670676
-0.5644786802925077,-0.1754681122789692,0,-0.408913599409285,7,3,4,5,Normal,0.14602779646591313
-0.5644786802925077,-0.2801876827486331,0,-0.408913599409285,1,5,3,6,Normal,0.13639649321008818
0.6703441583231574,-0.524533347177849,0,0.6239573261004014,12,7,3,2,Normal,0.11709989465124576
-0.5644786802925077,0.0339710286603586,0,-0.408913599409285,18,1,3,3,Normal,0.15280770954382222
-0.5644786802925077,0.4877558340289027,0,0.6239573261004014,17,6,1,3,Normal,0.1509860021839069
2.7283822226826,0.2434101695996867,0,1.656828251610088,1,5,3,4,Normal,0.03234776572681286
-0.5644786802925077,-1.117944246505945,0,-0.408913599409285,20,1,0,7,Normal,0.07647677750525927
-0.5644786802925077,0.6622884514783427,0,-1.4417845249189716,11,6,4,0,Normal,0.07484608973430529
2.316774609810712,1.639671109195206,0,0.6239573261004014,5,1,1,0,Normal,0.02556626702304332
-0.5644786802925077,0.9764471628873344,0,0.6239573261004014,0,3,3,6,Normal,0.10844179814932348
-0.5644786802925077,0.7321014984581184,0,-1.4417845249189716,21,7,2,1,Normal,0.07835435565358628
1.9051669969388227,0.5924754044985666,0,0.6239573261004014,5,2,1,2,Normal,0.10030807079270299
-0.1528710674206193,0.4179427870491267,0,-0.408913599409285,10,4,0,4,Normal,0.12216943685605164
-0.5644786802925077,-0.1056550652991931,0,-0.408913599409285,17,3,0,7,Normal,0.11143934849426462
-0.5644786802925077,-1.7113551458340408,0,0.6239573261004014,14,6,3,3,Normal,0.11600581208564559
1.4935593840669343,-0.0009354948295292,1,-1.4417845249189716,10,5,1,2,Normal,0.015144754591415177
-0.5644786802925077,0.4528493105390145,0,0.6239573261004014,23,4,4,1,Normal,0.09597594805542575
1.9051669969388227,-0.2452811592587452,0,1.656828251610088,8,1,3,4,Normal,0.07084548633407906
-0.5644786802925077,-1.397196434425049,0,1.656828251610088,14,4,1,5,Normal,0.10996272833834775
1.4935593840669343,-0.8386920585868409,0,0.6239573261004014,14,1,2,1,Normal,0.11691782449298865
-0.5644786802925077,-0.1405615887890813,0,0.6239573261004014,4,6,4,2,Normal,0.11570068734237737
1.4935593840669343,-0.9783181525463928,1,0.6239573261004014,16,7,1,4,Normal,0.003499087181777938
0.258736545451269,0.5226623575187906,0,0.6239573261004014,12,4,3,7,Normal,0.11308229957498478
-0.5644786802925077,1.1509797803367747,1,-0.408913599409285,16,2,4,4,Normal,0.04155082991378101
-0.5644786802925077,-1.6066355753643766,0,-1.4417845249189716,22,6,4,3,Normal,0.05753248644913678
-0.5644786802925077,1.5698580622154303,0,0.6239573261004014,22,1,3,1,Normal,0.07795000124203832
-0.5644786802925077,1.639671109195206,0,-1.4417845249189716,0,3,4,5,Normal,0.054633627112344874
1.081951771195046,1.7094841561749825,0,1.656828251610088,16,2,2,1,Normal,0.04474346269618079
-0.5644786802925077,-0.0358420183194171,0,-1.4417845249189716,22,7,3,0,Normal,0.059845534131851896
-0.5644786802925077,-0.4198137767081852,0,1.656828251610088,20,1,1,0,Normal,0.07330927716839253
0.6703441583231574,1.5349515387255426,0,1.656828251610088,4,7,1,4,Normal,0.03710256551416424
-0.5644786802925077,0.2085036461097985,0,-0.408913599409285,7,7,0,0,Normal,0.07764754711757338
-0.5644786802925077,-1.5019160048947129,0,-1.4417845249189716,23,7,4,7,Normal,0.02790899317783868
2.316774609810712,-1.397196434425049,0,-1.4417845249189716,11,3,4,3,Normal,0.02077682699432648
1.4935593840669343,1.1509797803367747,0,0.6239573261004014,22,5,3,0,Normal,0.04832117657604762
1.081951771195046,0.1037840756401346,0,0.6239573261004014,2,7,1,0,Normal,0.0583554019638709
-0.5644786802925077,1.0113536863772226,0,1.656828251610088,8,3,1,7,Normal,0.08442254257763782
0.258736545451269,-1.117944246505945,0,0.6239573261004014,13,2,0,1,Normal,0.0897653436993322
-0.5644786802925077,-0.1754681122789692,0,0.6239573261004014,18,2,2,1,Normal,0.1431007164303566
-0.5644786802925077,-0.6990659646272891,1,0.6239573261004014,10,0,2,3,Normal,0.04350635420117377
-0.5644786802925077,-1.292476863955385,0,0.6239573261004014,10,3,1,3,Normal,0.14966478017010243
2.316774609810712,1.1160732568468863,0,-0.408913599409285,18,4,4,1,Normal,0.048956882623492626
-0.5644786802925077,1.4302319682558782,0,-1.4417845249189716,11,6,3,0,Normal,0.08125812064993965
-0.5644786802925077,0.7670080219480067,0,-0.408913599409285,15,2,3,2,Normal,0.15595467464349572
0.258736545451269,-0.629252917647513,1,1.656828251610088,12,0,4,1,Suspicious,-0.024772679505827067
0.258736545451269,0.0339710286603586,0,-0.408913599409285,6,6,2,4,Normal,0.14099863942644109
-0.5644786802925077,-1.5019160048947129,0,-0.408913599409285,1,0,1,6,Normal,0.08867159716037432
-0.5644786802925077,0.9066341159075584,0,0.6239573261004014,18,7,4,4,Normal,0.10589514778803683
-0.5644786802925077,-0.664159441137401,1,-1.4417845249189716,16,3,1,3,Normal,0.03918263273589051
-0.5644786802925077,0.2434101695996867,0,-0.408913599409285,4,1,1,4,Normal,0.16038406878471834
-0.5644786802925077,1.7094841561749825,0,0.6239573261004014,10,2,4,4,Normal,0.0914694645810531
-0.5644786802925077,0.9415406393974466,1,-0.408913599409285,21,3,2,5,Normal,0.057698071794301975
0.258736545451269,-0.3500007297284091,1,1.656828251610088,8,6,0,2,Normal,0.00013687675655971177
2.316774609810712,-1.1528507699958328,0,-0.408913599409285,10,4,0,6,Normal,0.05086842762660404
-0.5644786802925077,-0.2801876827486331,0,0.6239573261004014,7,0,0,7,Normal,0.07801001571104715
-0.5644786802925077,-1.6066355753643766,1,-0.408913599409285,13,3,0,5,Normal,0.021428217450472853
-0.5644786802925077,-0.3849072532182971,0,-0.408913599409285,3,5,2,3,Normal,0.1636660814044285
-0.5644786802925077,-0.2452811592587452,0,1.656828251610088,14,3,3,1,Normal,0.12667261423061488
-0.5644786802925077,-1.083037723016057,1,1.656828251610088,19,0,3,1,Suspicious,-0.013486055697386146
-0.5644786802925077,-1.292476863955385,1,0.6239573261004014,6,3,2,1,Normal,0.04698618798887688
-0.5644786802925077,1.2556993508064382,0,-1.4417845249189716,20,7,0,0,Normal,0.03454998676204912
2.7283822226826,-0.0009354948295292,1,-1.4417845249189716,16,6,3,5,Suspicious,-0.018599714969428582
-0.5644786802925077,0.9066341159075584,0,0.6239573261004014,6,6,0,3,Normal,0.11880753919182058
-0.5644786802925077,0.3132232165794628,0,-1.4417845249189716,11,0,2,3,Normal,0.11033215360272547
-0.5644786802925077,-0.7688790116070651,0,-0.408913599409285,3,2,0,7,Normal,0.09886339262991839
1.081951771195046,0.5924754044985666,0,0.6239573261004014,15,7,2,5,Normal,0.09847175508984307
-0.5644786802925077,0.4179427870491267,0,-0.408913599409285,8,0,2,4,Normal,0.156295068231744
1.9051669969388227,0.4877558340289027,0,-0.408913599409285,2,2,1,0,Normal,0.07134032489899833
-0.5644786802925077,-1.1528507699958328,0,0.6239573261004014,2,1,3,1,Normal,0.12290110817769762
-0.5644786802925077,0.2783166930895746,0,-0.408913599409285,13,3,3,7,Normal,0.13296640974622886
-0.5644786802925077,0.3132232165794628,1,0.6239573261004014,15,6,2,1,Normal,0.0577110678776499
1.081951771195046,-0.1405615887890813,0,-0.408913599409285,0,4,2,4,Normal,0.11391071866752017
-0.5644786802925077,-0.1056550652991931,1,-0.408913599409285,2,2,2,2,Normal,0.054783207924916866
-0.5644786802925077,-1.1877572934857208,0,-0.408913599409285,11,7,2,7,Normal,0.09604588693418725
-0.5644786802925077,1.5698580622154303,1,1.656828251610088,22,4,0,2,Suspicious,-0.020833258006849653
-0.5644786802925077,-0.664159441137401,0,-0.408913599409285,20,5,0,0,Normal,0.09034505431003392
2.7283822226826,1.2556993508064382,0,1.656828251610088,17,3,4,4,Normal,0.014192362248303558
-0.5644786802925077,-1.048131199526169,0,-1.4417845249189716,18,4,1,2,Normal,0.11828749328098731
0.6703441583231574,1.5698580622154303,0,-0.408913599409285,5,2,2,6,Normal,0.08509141643917006
-0.5644786802925077,-1.048131199526169,1,-1.4417845249189716,22,7,3,6,Normal,0.004848622796209789
1.081951771195046,1.5698580622154303,0,-0.408913599409285,15,4,1,4,Normal,0.09987357999606705
-0.5644786802925077,-0.3849072532182971,0,0.6239573261004014,8,3,3,2,Normal,0.1542378088162321
1.081951771195046,-1.5717290518744889,0,-0.408913599409285,20,5,0,1,Normal,0.05276740067908048
-0.5644786802925077,-0.5594398706677371,0,-1.4417845249189716,1,4,1,0,Normal,0.09348591370450987
-0.5644786802925077,-1.467009481404825,0,-0.408913599409285,19,1,0,4,Normal,0.09612064682687071
1.9051669969388227,1.3255123977862149,1,-0.408913599409285,17,7,3,0,Suspicious,-0.03735038472510521
-0.5644786802925077,-1.362289910935161,0,0.6239573261004014,0,4,1,1,Normal,0.10481141564184004
-0.5644786802925077,0.5226623575187906,0,-0.408913599409285,21,6,4,5,Normal,0.1184819982336483
0.258736545451269,-1.1528507699958328,0,0.6239573261004014,1,6,4,3,Normal,0.07045642578370426
-0.5644786802925077,-1.5019160048947129,0,0.6239573261004014,10,7,3,3,Normal,0.11078716019113932
-0.5644786802925077,-0.4198137767081852,0,1.656828251610088,9,5,4,0,Normal,0.07562496665231622
1.9051669969388227,-0.0009354948295292,0,1.656828251610088,10,2,0,0,Normal,0.026991875266624943
-0.5644786802925077,-1.6415420988542648,0,-1.4417845249189716,11,5,0,4,Normal,0.08139749488472114
-0.5644786802925077,0.8368210689277826,0,-0.408913599409285,8,1,1,1,Normal,0.14326137063384553
-0.1528710674206193,0.7670080219480067,0,-1.4417845249189716,11,6,0,1,Normal,0.07753517475587668
1.9051669969388227,0.6971949749682306,0,-1.4417845249189716,15,4,3,1,Normal,0.06601023693632424
-0.5644786802925077,0.4179427870491267,0,-0.408913599409285,6,5,2,3,Normal,0.17030654902320957
-0.5644786802925077,-1.6764486223441528,1,0.6239573261004014,19,4,3,5,Normal,0.024693182274205583
-0.5644786802925077,-0.664159441137401,0,-0.408913599409285,15,6,0,5,Normal,0.13753900355376414
-0.5644786802925077,0.8019145454378945,1,-0.408913599409285,18,7,2,2,Normal,0.03555012660672041
-0.1528710674206193,1.1160732568468863,1,-0.408913599409285,18,6,1,5,Normal,0.0279508272906831
-0.5644786802925077,-1.4321029579149367,0,0.6239573261004014,12,0,4,3,Normal,0.09658170160883228
-0.5644786802925077,0.4877558340289027,0,0.6239573261004014,10,1,2,7,Normal,0.12658668316063704
-0.5644786802925077,1.1160732568468863,0,0.6239573261004014,5,7,2,7,Normal,0.07994997545893456
2.7283822226826,-1.117944246505945,0,-0.408913599409285,9,3,3,0,Normal,0.04261983827258642
-0.5644786802925077,-0.0009354948295292,0,-1.4417845249189716,0,1,1,2,Normal,0.09788656847109001
-0.5644786802925077,0.5226623575187906,0,-1.4417845249189716,8,0,0,0,Normal,0.06654726345730133
-0.5644786802925077,-1.048131199526169,0,0.6239573261004014,7,7,2,7,Normal,0.09152151176950796
-0.5644786802925077,-1.0132246760362809,0,-1.4417845249189716,11,6,1,7,Normal,0.10237848721681642
-0.5644786802925077,-0.3150942062385213,0,-0.408913599409285,17,6,4,3,Normal,0.13633188608140817
-0.5644786802925077,-0.9783181525463928,0,-1.4417845249189716,4,5,3,2,Normal,0.1169021610897607
-0.5644786802925077,1.1858863038266625,0,-1.4417845249189716,11,5,2,6,Normal,0.1287015564246194
-0.5644786802925077,-0.2452811592587452,0,-1.4417845249189716,10,2,2,0,Normal,0.11441905282102105
-0.5644786802925077,-1.0132246760362809,0,0.6239573261004014,5,2,4,1,Normal,0.11788420586097104
-0.5644786802925077,-0.908505105566617,0,1.656828251610088,13,4,4,5,Normal,0.10800634017310196
2.316774609810712,0.6273819279884545,0,0.6239573261004014,3,5,4,2,Normal,0.042598789419543315
-0.5644786802925077,-1.083037723016057,0,-0.408913599409285,16,6,2,5,Normal,0.14190683361610046
2.7283822226826,-0.629252917647513,0,-1.4417845249189716,3,6,4,6,Suspicious,-0.004967563931802643
0.6703441583231574,-0.3500007297284091,0,-0.408913599409285,1,3,1,3,Normal,0.11681439885620193
-0.5644786802925077,-1.7462616693239288,1,-1.4417845249189716,19,0,0,5,Suspicious,-0.027289840935557863
-0.5644786802925077,-0.6990659646272891,0,-1.4417845249189716,19,0,3,1,Normal,0.08505716455075363
2.7283822226826,-0.908505105566617,1,-1.4417845249189716,0,4,0,4,Suspicious,-0.037262384376553825
-0.5644786802925077,-0.1754681122789692,0,-0.408913599409285,19,2,1,5,Normal,0.1565243495202015
0.258736545451269,0.4179427870491267,0,1.656828251610088,7,1,0,2,Normal,0.04850695072536393
-0.1528710674206193,-0.1056550652991931,0,-0.408913599409285,8,2,2,5,Normal,0.1559556334856309
-0.5644786802925077,-1.222663816975609,1,-0.408913599409285,20,1,1,4,Normal,0.039003424658547
-0.5644786802925077,1.6745776326850943,0,1.656828251610088,6,1,4,7,Normal,0.044639515201979174
-0.5644786802925077,-1.257570340465497,1,-0.408913599409285,5,7,3,3,Normal,0.04064096934138617
0.6703441583231574,-0.7688790116070651,0,-0.408913599409285,4,7,3,5,Normal,0.10210294615034154
0.258736545451269,0.4877558340289027,0,1.656828251610088,18,6,0,0,Normal,0.03919052608160134
-0.5644786802925077,-1.083037723016057,0,0.6239573261004014,1,1,3,1,Normal,0.12108574572126107
-0.5644786802925077,-1.6415420988542648,1,0.6239573261004014,7,0,4,1,Suspicious,-0.010395597334284967
-0.5644786802925077,-1.467009481404825,0,1.656828251610088,12,1,3,1,Normal,0.10461636014200115
2.316774609810712,-0.7688790116070651,0,-0.408913599409285,8,6,2,5,Normal,0.08244832504617372
-0.5644786802925077,0.8368210689277826,0,-0.408913599409285,22,1,4,0,Normal,0.08154375092746402
-0.5644786802925077,1.2906058742963262,1,1.656828251610088,5,7,1,7,Suspicious,-0.009405914898249712
-0.5644786802925077,-1.5368225283846009,1,-0.408913599409285,5,6,1,1,Normal,0.03575822690084696
0.6703441583231574,-0.0707485418093052,1,0.6239573261004014,21,0,2,7,Suspicious,-0.005298765106217074
-0.5644786802925077,-0.2801876827486331,0,1.656828251610088,20,6,0,6,Normal,0.07667388966987287
-0.5644786802925077,1.0113536863772226,1,-0.408913599409285,2,2,3,5,Normal,0.04460986029249048
-0.5644786802925077,-1.048131199526169,0,-1.4417845249189716,17,0,0,7,Normal,0.04316546234045726
-0.5644786802925077,0.2434101695996867,0,-0.408913599409285,6,7,3,6,Normal,0.12482406769269977
-0.1528710674206193,0.3830362635592385,0,-0.408913599409285,14,6,4,7,Normal,0.09896404337398002
-0.1528710674206193,-0.7339724881171771,0,-0.408913599409285,12,2,1,5,Normal,0.15557828836680393
1.9051669969388227,-1.467009481404825,1,-0.408913599409285,20,1,2,7,Suspicious,-0.013729420268451809
-0.5644786802925077,0.7670080219480067,1,0.6239573261004014,17,1,2,4,Normal,0.05299476408455661
-0.1528710674206193,1.639671109195206,1,0.6239573261004014,18,1,1,2,Suspicious,-0.00037537073225346607
-0.5644786802925077,1.3604189212761024,0,-0.408913599409285,14,7,1,3,Normal,0.12550038017660536
-0.1528710674206193,-0.210374635768857,0,-1.4417845249189716,4,3,0,7,Normal,0.0750582537082497
-0.5644786802925077,0.2783166930895746,0,0.6239573261004014,2,7,1,6,Normal,0.10804837436787373
0.258736545451269,0.4528493105390145,0,-1.4417845249189716,0,1,0,7,Normal,0.03260072687114257
-0.5644786802925077,1.5000450152356546,0,1.656828251610088,13,7,1,0,Normal,0.06360612739324045
-0.5644786802925077,1.1509797803367747,0,0.6239573261004014,13,6,4,3,Normal,0.12254924619574337
-0.5644786802925077,0.6971949749682306,0,1.656828251610088,15,6,3,7,Normal,0.08734211819070725
-0.5644786802925077,-0.2801876827486331,0,-1.4417845249189716,19,2,0,6,Normal,0.08955207677717547
-0.5644786802925077,-1.3273833874452727,0,0.6239573261004014,15,5,3,3,Normal,0.13730627915456034
-0.5644786802925077,0.3132232165794628,0,-0.408913599409285,18,4,3,4,Normal,0.15820989487954956
1.9051669969388227,-0.7688790116070651,0,0.6239573261004014,1,6,0,1,Normal,0.04303161795124433
-0.5644786802925077,0.9764471628873344,0,-0.408913599409285,19,2,1,6,Normal,0.1416469660624065
-0.5644786802925077,-1.6764486223441528,0,0.6239573261004014,10,6,0,4,Normal,0.10205069088470564
-0.5644786802925077,0.8368210689277826,0,-0.408913599409285,10,5,3,1,Normal,0.14926028748084247
-0.1528710674206193,1.2906058742963262,0,0.6239573261004014,22,6,4,1,Normal,0.0549542177361908
-0.5644786802925077,-0.629252917647513,0,-0.408913599409285,0,3,2,3,Normal,0.1411058237981061
-0.5644786802925077,1.0811667333569983,0,1.656828251610088,5,0,0,7,Normal,0.036640016511004125
-0.5644786802925077,1.604764585705318,0,-1.4417845249189716,5,3,0,4,Normal,0.08682914423154897
-0.5644786802925077,-1.7113551458340408,0,0.6239573261004014,18,4,0,7,Normal,0.06433429742050256
-0.1528710674206193,0.2085036461097985,1,-0.408913599409285,5,3,2,7,Normal,0.0505225317282767
-0.5644786802925077,1.639671109195206,0,0.6239573261004014,23,1,0,7,Normal,0.03569514144269259
-0.5644786802925077,-1.0132246760362809,0,-1.4417845249189716,18,4,0,3,Normal,0.09379616360972132
1.9051669969388227,-0.1754681122789692,0,-1.4417845249189716,21,7,1,4,Normal,0.03478281731179844
-0.5644786802925077,0.0339710286603586,0,1.656828251610088,2,5,3,3,Normal,0.12200783343374993
-0.5644786802925077,0.6273819279884545,0,-1.4417845249189716,19,6,2,0,Normal,0.0829593262926217
-0.5644786802925077,-1.5717290518744889,0,-0.408913599409285,23,0,1,3,Normal,0.10012267326243784
-0.5644786802925077,-0.3849072532182971,0,0.6239573261004014,13,3,4,3,Normal,0.14013129716751405
-0.1528710674206193,-1.6415420988542648,0,0.6239573261004014,21,1,3,2,Normal,0.09375540699836005
0.258736545451269,-0.3500007297284091,0,-0.408913599409285,12,3,2,4,Normal,0.15701954924623635
-0.5644786802925077,1.1509797803367747,0,0.6239573261004014,10,4,2,1,Normal,0.14334242473310999
1.081951771195046,0.8368210689277826,1,-1.4417845249189716,14,5,2,0,Suspicious,-0.0021866793066850354
-0.5644786802925077,1.7094841561749825,0,-0.408913599409285,10,1,3,5,Normal,0.11290202087191248
-0.5644786802925077,-0.8037855350969529,0,0.6239573261004014,13,2,4,1,Normal,0.13216825913005853
-0.5644786802925077,1.5000450152356546,1,1.656828251610088,9,3,2,6,Normal,0.02747281814953617
1.9051669969388227,-1.1877572934857208,0,1.656828251610088,14,6,3,3,Normal,0.054622249477295104
-0.5644786802925077,-0.908505105566617,1,-0.408913599409285,21,5,0,4,Normal,0.023362879304528072
-0.5644786802925077,1.1509797803367747,1,0.6239573261004014,8,1,4,7,Suspicious,-0.002830839087547221
-0.5644786802925077,0.5924754044985666,0,-1.4417845249189716,3,3,1,5,Normal,0.1244131902739034
0.6703441583231574,0.8019145454378945,0,0.6239573261004014,11,6,1,1,Normal,0.11418847938099652
-0.5644786802925077,-0.873598582076729,0,-0.408913599409285,2,6,4,3,Normal,0.1162609812873785
-0.5644786802925077,1.0462602098671103,0,1.656828251610088,17,7,0,2,Normal,0.08567006673122368
-0.5644786802925077,-0.0358420183194171,0,-0.408913599409285,19,5,0,2,Normal,0.1262314026963754
-0.5644786802925077,0.0688775521502468,0,1.656828251610088,23,5,0,3,Normal,0.07216368099879289
2.7283822226826,-0.5594398706677371,1,-1.4417845249189716,17,2,1,6,Suspicious,-0.010652429593579149
-0.5644786802925077,-1.397196434425049,0,1.656828251610088,21,3,0,0,Normal,0.03788516712888901
2.316774609810712,-1.5019160048947129,0,-0.408913599409285,4,6,0,5,Normal,0.02903105453941246
-0.5644786802925077,-0.5943463941576251,0,0.6239573261004014,8,5,3,2,Normal,0.14790764559282504
0.6703441583231574,-0.0707485418093052,0,-0.408913599409285,5,2,2,4,Normal,0.13560728802073513
-0.1528710674206193,0.3830362635592385,0,-1.4417845249189716,6,7,0,3,Normal,0.06855924119080858
-0.5644786802925077,0.5575688810086785,0,0.6239573261004014,22,1,2,0,Normal,0.09276843440464222
-0.5644786802925077,1.5349515387255426,1,1.656828251610088,4,3,1,6,Normal,0.004735768210932911
-0.5644786802925077,-1.467009481404825,0,-0.408913599409285,20,1,2,0,Normal,0.10734496803954147
-0.5644786802925077,0.2783166930895746,1,1.656828251610088,16,3,2,2,Normal,0.04018485873114308
0.258736545451269,0.6622884514783427,0,-1.4417845249189716,22,4,0,0,Normal,0.03542362187143622
-0.5644786802925077,-1.7462616693239288,0,0.6239573261004014,16,0,1,5,Normal,0.0928248158370607
-0.5644786802925077,-1.4321029579149367,1,-0.408913599409285,9,2,2,5,Normal,0.05747526343112208
1.4935593840669343,0.6273819279884545,1,0.6239573261004014,20,7,0,7,Suspicious,-0.03871889451282051
-0.5644786802925077,-1.1528507699958328,0,0.6239573261004014,20,4,1,3,Normal,0.1328081803938434
-0.5644786802925077,0.3481297400693506,1,-1.4417845249189716,19,6,0,2,Normal,0.022272075761833876
-0.5644786802925077,-0.1405615887890813,0,0.6239573261004014,5,2,3,5,Normal,0.15324379556777595
-0.5644786802925077,-0.629252917647513,1,1.656828251610088,2,0,0,0,Suspicious,-0.047460774442580345
1.9051669969388227,-0.7688790116070651,0,0.6239573261004014,13,0,3,5,Normal,0.07865140983281127
-0.5644786802925077,-1.6415420988542648,0,1.656828251610088,0,6,3,3,Normal,0.07028540724629373
-0.5644786802925077,-1.5368225283846009,0,0.6239573261004014,5,5,1,5,Normal,0.12150689395375153
0.6703441583231574,-0.908505105566617,0,1.656828251610088,15,0,3,0,Normal,0.04741755673626469
-0.1528710674206193,-0.3500007297284091,0,-1.4417845249189716,5,4,1,3,Normal,0.12187280489331714
-0.5644786802925077,-1.6415420988542648,0,-0.408913599409285,22,2,4,3,Normal,0.08323589865677905
2.316774609810712,-1.6415420988542648,0,0.6239573261004014,20,4,3,4,Normal,0.05782142167476656
-0.5644786802925077,0.6622884514783427,0,-0.408913599409285,1,0,4,4,Normal,0.10246323190138829
-0.5644786802925077,-0.489626823687961,0,1.656828251610088,15,4,4,0,Normal,0.08321126745093266
-0.5644786802925077,-1.6415420988542648,0,1.656828251610088,5,0,1,0,Normal,0.0442038439233583
-0.5644786802925077,-0.664159441137401,0,0.6239573261004014,11,5,2,7,Normal,0.13336784619381675
-0.5644786802925077,-1.7462616693239288,1,0.6239573261004014,5,4,4,3,Normal,0.016397777204626873
-0.5644786802925077,0.9764471628873344,0,-1.4417845249189716,5,2,4,1,Normal,0.08245856220198489
1.9051669969388227,0.1386905991300228,1,-0.408913599409285,5,7,3,2,Normal,0.007158300670575435
-0.5644786802925077,1.1160732568468863,1,0.6239573261004014,17,3,4,1,Normal,0.01141352537514817
-0.5644786802925077,-1.1528507699958328,0,-0.408913599409285,15,3,0,3,Normal,0.13053124260018134
-0.5644786802925077,0.6273819279884545,1,0.6239573261004014,14,5,0,5,Normal,0.03443425272806622
2.316774609810712,1.3953254447659904,0,-0.408913599409285,8,2,1,3,Normal,0.07464710486661741
-0.5644786802925077,0.5575688810086785,0,-0.408913599409285,8,3,4,2,Normal,0.14644588966128613
2.316774609810712,0.5575688810086785,0,-0.408913599409285,23,1,2,7,Normal,0.03656421760901096
1.081951771195046,0.4179427870491267,0,-0.408913599409285,13,6,4,4,Normal,0.09964283549616104
-0.5644786802925077,-1.1877572934857208,0,-1.4417845249189716,15,4,0,6,Normal,0.08741946786939547
0.6703441583231574,-0.210374635768857,0,-1.4417845249189716,17,2,1,5,Normal,0.09922367945575772
-0.5644786802925077,0.1037840756401346,0,-1.4417845249189716,15,6,4,2,Normal,0.1070250828824772
-0.5644786802925077,-1.222663816975609,1,0.6239573261004014,8,6,0,2,Normal,0.022076843956277514
-0.5644786802925077,-1.5717290518744889,0,-0.408913599409285,13,1,1,0,Normal,0.11717952860367875
-0.5644786802925077,-1.4321029579149367,0,-0.408913599409285,15,1,1,3,Normal,0.14516362396155025
-0.5644786802925077,-1.5368225283846009,0,-0.408913599409285,3,1,4,4,Normal,0.09502114449978893
-0.5644786802925077,1.639671109195206,0,-1.4417845249189716,2,3,0,7,Normal,0.0507901512903689
-0.5644786802925077,1.5349515387255426,0,0.6239573261004014,0,2,2,6,Normal,0.09708210206189505
-0.5644786802925077,-1.222663816975609,0,-0.408913599409285,13,4,4,3,Normal,0.12949564413679032
0.258736545451269,0.4179427870491267,0,-0.408913599409285,18,4,2,7,Normal,0.1068474612270735
1.4935593840669343,-0.6990659646272891,0,-1.4417845249189716,1,0,3,1,Normal,0.036123964571049716
-0.5644786802925077,1.2906058742963262,0,-0.408913599409285,3,5,3,1,Normal,0.12064488477410384
-0.5644786802925077,1.0113536863772226,0,-0.408913599409285,6,0,3,2,Normal,0.13878807916865288
-0.5644786802925077,0.6971949749682306,0,1.656828251610088,17,3,2,3,Normal,0.12997977427206397
-0.5644786802925077,-1.1528507699958328,0,-1.4417845249189716,13,1,2,3,Normal,0.12426272101982655
2.316774609810712,0.3481297400693506,0,1.656828251610088,21,0,4,6,Normal,0.0024245034124228404
-0.5644786802925077,-0.489626823687961,0,0.6239573261004014,19,4,3,2,Normal,0.14179076041314304
1.081951771195046,-0.7688790116070651,1,0.6239573261004014,2,7,1,6,Suspicious,-0.0028517454057224167
-0.5644786802925077,-1.7113551458340408,0,0.6239573261004014,23,7,3,4,Normal,0.0656990085467718
-0.5644786802925077,0.2783166930895746,1,0.6239573261004014,13,7,3,7,Normal,0.03822564672477324
-0.5644786802925077,-1.083037723016057,0,0.6239573261004014,23,0,4,4,Normal,0.07362101589844838
-0.5644786802925077,0.3481297400693506,1,0.6239573261004014,12,7,1,3,Normal,0.05144482588169108
1.9051669969388227,1.2207928273165505,0,0.6239573261004014,14,0,2,4,Normal,0.0752397685426417
-0.5644786802925077,0.8019145454378945,0,0.6239573261004014,1,2,3,3,Normal,0.13209906006209027
-0.5644786802925077,1.3604189212761024,0,-0.408913599409285,9,1,0,4,Normal,0.12533125633819964
2.7283822226826,0.6971949749682306,1,0.6239573261004014,7,2,2,6,Normal,9.089398122985592e-05
-0.5644786802925077,0.5575688810086785,0,0.6239573261004014,20,6,1,2,Normal,0.13146948112538515
-0.1528710674206193,-1.117944246505945,0,1.656828251610088,23,4,1,0,Normal,0.0404222550972374
1.081951771195046,-0.0009354948295292,0,0.6239573261004014,11,1,3,4,Normal,0.11434309015622113
-0.5644786802925077,-0.2801876827486331,1,0.6239573261004014,13,4,4,1,Normal,0.04148320117274096
-0.5644786802925077,0.0688775521502468,0,-1.4417845249189716,15,4,4,6,Normal,0.10157471096694248
-0.5644786802925077,0.1735971226199107,0,0.6239573261004014,2,4,4,1,Normal,0.10692620856823243
-0.5644786802925077,1.639671109195206,0,-0.408913599409285,3,6,1,1,Normal,0.10513898497101476
-0.5644786802925077,0.3481297400693506,0,-1.4417845249189716,17,2,1,3,Normal,0.12968491450069258
-0.5644786802925077,-0.1056550652991931,0,1.656828251610088,5,0,3,1,Normal,0.09821277435830422
-0.5644786802925077,0.5575688810086785,0,-0.408913599409285,2,7,1,6,Normal,0.11112475940002625
-0.5644786802925077,-1.6415420988542648,0,-0.408913599409285,8,6,4,1,Normal,0.09128159099686606
-0.5644786802925077,-1.5019160048947129,0,1.656828251610088,13,1,1,3,Normal,0.10140568655185367
-0.5644786802925077,1.5349515387255426,0,-0.408913599409285,9,5,2,4,Normal,0.1467247766861297
-0.5644786802925077,-0.908505105566617,0,1.656828251610088,14,1,0,1,Normal,0.07631463840826391
-0.5644786802925077,1.2906058742963262,0,1.656828251610088,10,2,3,6,Normal,0.10519196330409919
-0.5644786802925077,-0.5594398706677371,0,-1.4417845249189716,8,5,1,3,Normal,0.14477904269795744
-0.5644786802925077,0.7321014984581184,0,-1.4417845249189716,8,0,1,7,Normal,0.07903406877485863
-0.5644786802925077,0.2434101695996867,0,0.6239573261004014,6,7,3,2,Normal,0.12260204394109464
2.316774609810712,-0.5594398706677371,0,0.6239573261004014,21,1,1,1,Normal,0.07188297688734369
1.081951771195046,0.6622884514783427,1,-0.408913599409285,11,1,2,4,Normal,0.03224963461625119
-0.5644786802925077,-0.4547203001980731,0,-1.4417845249189716,10,6,2,6,Normal,0.13595809736883824
-0.5644786802925077,-0.664159441137401,0,0.6239573261004014,15,4,3,0,Normal,0.12899177176262583
1.4935593840669343,0.0339710286603586,1,-0.408913599409285,15,4,1,5,Normal,0.029078405467906965
-0.5644786802925077,1.0462602098671103,0,1.656828251610088,4,5,4,2,Normal,0.09688800316734547
1.081951771195046,1.639671109195206,0,-1.4417845249189716,19,3,4,6,Normal,0.030503514768723372
-0.5644786802925077,0.5226623575187906,1,1.656828251610088,2,6,2,2,Normal,0.03474908397785481
2.316774609810712,-0.943411629056505,1,-0.408913599409285,22,7,3,6,Suspicious,-0.012856677995161658
2.7283822226826,0.2783166930895746,0,0.6239573261004014,9,7,0,1,Normal,0.031536298931688744
-0.5644786802925077,-0.1754681122789692,0,0.6239573261004014,8,2,2,3,Normal,0.15578000010568815
-0.5644786802925077,-0.6990659646272891,0,1.656828251610088,3,2,3,5,Normal,0.12273023997966509
-0.5644786802925077,1.0113536863772226,1,-0.408913599409285,22,7,0,2,Suspicious,-0.0027326011093810054
2.316774609810712,-1.5368225283846009,0,-1.4417845249189716,2,5,4,2,Normal,0.002718088868511437
-0.5644786802925077,0.6971949749682306,0,-0.408913599409285,8,7,0,7,Normal,0.08023078378327164
-0.5644786802925077,0.5924754044985666,0,0.6239573261004014,5,2,1,3,Normal,0.15052045711829037
-0.5644786802925077,0.2783166930895746,0,-0.408913599409285,8,4,4,6,Normal,0.12910720020473793
-0.1528710674206193,-1.048131199526169,1,1.656828251610088,11,3,0,6,Suspicious,-0.0027582269536843285
-0.5644786802925077,0.3830362635592385,0,-1.4417845249189716,6,2,4,2,Normal,0.10352283002720863
-0.5644786802925077,-1.292476863955385,0,0.6239573261004014,4,0,1,3,Normal,0.11599372450249545
-0.5644786802925077,0.8019145454378945,0,-0.408913599409285,15,1,1,7,Normal,0.12308745143703814
-0.5644786802925077,-0.524533347177849,0,0.6239573261004014,0,1,1,4,Normal,0.12352000360453741
-0.5644786802925077,1.2556993508064382,1,-0.408913599409285,23,2,2,5,Normal,0.03561754228125691
-0.5644786802925077,-0.1754681122789692,0,-0.408913599409285,17,3,4,6,Normal,0.13504596229945554
-0.5644786802925077,0.5924754044985666,0,-0.408913599409285,22,1,0,7,Normal,0.07452298889299414
-0.5644786802925077,1.0113536863772226,0,1.656828251610088,22,6,4,0,Normal,0.04404711080531665
2.316774609810712,0.3132232165794628,0,1.656828251610088,2,4,3,7,Normal,0.02996707874693083
-0.5644786802925077,1.0462602098671103,0,-1.4417845249189716,5,0,1,4,Normal,0.11228437851614287
2.316774609810712,-0.4547203001980731,0,-1.4417845249189716,12,6,0,4,Normal,0.03275854832448988
-0.5644786802925077,-0.2801876827486331,0,-0.408913599409285,6,0,3,2,Normal,0.15064737945088158
-0.5644786802925077,-0.873598582076729,1,-0.408913599409285,4,0,4,7,Suspicious,-0.00138434388096087
-0.5644786802925077,1.3604189212761024,0,-0.408913599409285,3,4,2,5,Normal,0.14122190425021053
-0.5644786802925077,0.8019145454378945,0,-1.4417845249189716,17,4,4,3,Normal,0.10764153039548124
-0.5644786802925077,-0.0009354948295292,0,-0.408913599409285,2,4,2,4,Normal,0.1607311886696104
-0.5644786802925077,0.7321014984581184,0,-0.408913599409285,10,4,3,6,Normal,0.15178497188462164
1.9051669969388227,1.7094841561749825,0,1.656828251610088,6,6,3,3,Normal,0.020535471972376373
1.9051669969388227,-1.117944246505945,0,-0.408913599409285,10,7,2,2,Normal,0.07854415872384601
-0.5644786802925077,1.2556993508064382,0,-0.408913599409285,4,5,0,1,Normal,0.10049359256813906
-0.5644786802925077,1.2207928273165505,1,0.6239573261004014,16,1,4,6,Normal,0.012666245315033464
2.7283822226826,-0.5943463941576251,0,1.656828251610088,3,0,4,5,Suspicious,-0.008833505638542904
-0.5644786802925077,-1.362289910935161,1,0.6239573261004014,5,2,0,4,Normal,0.026005596060815428
0.6703441583231574,0.2085036461097985,0,1.656828251610088,22,6,3,0,Normal,0.031947400230044054
-0.5644786802925077,-1.6066355753643766,0,1.656828251610088,13,6,4,7,Normal,0.046331272288536174
2.316774609810712,1.6745776326850943,1,0.6239573261004014,4,1,4,0,Suspicious,-0.0617919787996698
-0.5644786802925077,0.6622884514783427,0,0.6239573261004014,2,3,2,1,Normal,0.14127312508082573
-0.5644786802925077,-1.5019160048947129,0,-0.408913599409285,5,7,2,0,Normal,0.08610531963153534
-0.5644786802925077,0.1735971226199107,0,-0.408913599409285,12,5,0,7,Normal,0.11650181063318443
-0.5644786802925077,-1.6415420988542648,0,-0.408913599409285,11,2,4,2,Normal,0.11959543679562784
-0.5644786802925077,-1.397196434425049,0,-1.4417845249189716,13,6,4,6,Normal,0.07609574084616777
1.9051669969388227,1.5698580622154303,1,-1.4417845249189716,23,7,2,7,Suspicious,-0.046394978385310814
-0.5644786802925077,1.639671109195206,1,0.6239573261004014,13,0,4,3,Normal,0.0018341531311324433
-0.5644786802925077,-1.3273833874452727,1,-1.4417845249189716,15,4,0,3,Normal,0.0012348779739665972
0.258736545451269,-1.5368225283846009,0,-0.408913599409285,21,3,4,6,Normal,0.07162913204304
2.7283822226826,0.3481297400693506,0,-0.408913599409285,13,7,2,3,Normal,0.06487838375506094
-0.5644786802925077,1.5000450152356546,0,-0.408913599409285,15,7,1,2,Normal,0.11402935089466143
-0.5644786802925077,-1.292476863955385,1,0.6239573261004014,14,5,3,4,Normal,0.05861912660843516
-0.5644786802925077,1.3953254447659904,0,-0.408913599409285,23,4,3,1,Normal,0.08811181867444684
-0.5644786802925077,-0.5943463941576251,0,-0.408913599409285,23,3,0,3,Normal,0.10303442930163154
-0.5644786802925077,0.8717275924176705,1,0.6239573261004014,11,4,0,2,Normal,0.03566007160126361
-0.5644786802925077,-1.3273833874452727,0,0.6239573261004014,8,6,0,6,Normal,0.09169691853707806
-0.5644786802925077,-1.397196434425049,0,-0.408913599409285,18,2,0,1,Normal,0.10162018659071215
-0.5644786802925077,-0.7339724881171771,0,-1.4417845249189716,16,7,0,0,Normal,0.05504881524950178
-0.5644786802925077,0.6622884514783427,0,0.6239573261004014,0,4,4,2,Normal,0.09982483502026729
-0.5644786802925077,-0.2801876827486331,0,0.6239573261004014,20,0,2,4,Normal,0.1309565177501717
0.6703441583231574,0.8019145454378945,0,-0.408913599409285,8,3,2,3,Normal,0.13699640340892427
1.4935593840669343,1.3953254447659904,0,-1.4417845249189716,18,3,3,0,Normal,0.0327801042935868
-0.5644786802925077,0.2783166930895746,0,-0.408913599409285,10,5,4,4,Normal,0.14051880439494346
-0.5644786802925077,-0.943411629056505,0,-0.408913599409285,14,7,3,4,Normal,0.14113387042743575
-0.5644786802925077,0.0688775521502468,0,-1.4417845249189716,23,0,2,5,Normal,0.08648327766876351
-0.5644786802925077,-0.0009354948295292,0,0.6239573261004014,15,7,3,4,Normal,0.13801708876253094
-0.1528710674206193,0.9764471628873344,0,-1.4417845249189716,18,3,3,2,Normal,0.09408271512080146
-0.5644786802925077,-0.2801876827486331,0,-0.408913599409285,16,7,4,1,Normal,0.11576494173416124
-0.5644786802925077,1.0811667333569983,0,-0.408913599409285,6,4,3,1,Normal,0.14213544703553033
2.7283822226826,-0.6990659646272891,0,0.6239573261004014,10,0,2,6,Normal,0.048810488447398215
-0.5644786802925077,0.5226623575187906,0,0.6239573261004014,21,0,2,0,Normal,0.08765759746502111
-0.5644786802925077,-0.5594398706677371,0,-0.408913599409285,22,6,0,4,Normal,0.11073899661242259
-0.5644786802925077,-1.6066355753643766,0,0.6239573261004014,18,7,4,7,Normal,0.047619125565718234
-0.5644786802925077,-0.8386920585868409,0,0.6239573261004014,1,4,1,1,Normal,0.1217400026246992
1.4935593840669343,0.8717275924176705,0,0.6239573261004014,1,2,3,6,Normal,0.08098435274177451
-0.5644786802925077,1.1160732568468863,1,-1.4417845249189716,11,0,0,1,Suspicious,-0.014074191732839858
-0.5644786802925077,-0.873598582076729,0,-0.408913599409285,9,0,0,5,Normal,0.12471672429834796
-0.5644786802925077,1.3604189212761024,0,0.6239573261004014,7,2,0,3,Normal,0.1208029480654001
2.7283822226826,-1.5717290518744889,0,-0.408913599409285,16,2,1,0,Normal,0.021893981888239655
-0.5644786802925077,0.5575688810086785,0,1.656828251610088,3,0,4,0,Normal,0.04587342431326358
-0.5644786802925077,1.7094841561749825,0,0.6239573261004014,17,5,0,5,Normal,0.09127876644437138
-0.5644786802925077,-1.048131199526169,0,-1.4417845249189716,10,5,1,2,Normal,0.13162328079379815
-0.5644786802925077,-1.6415420988542648,0,0.6239573261004014,12,7,4,0,Normal,0.0610491966104868
-0.5644786802925077,-1.1528507699958328,0,-0.408913599409285,22,7,0,2,Normal,0.07187678359659566
2.316774609810712,0.7321014984581184,0,1.656828251610088,13,6,4,7,Normal,0.008696014565902077
-0.5644786802925077,-0.210374635768857,0,-0.408913599409285,9,2,2,6,Normal,0.16605151267488866
-0.5644786802925077,1.4302319682558782,0,0.6239573261004014,21,2,2,2,Normal,0.11816917392520587
2.7283822226826,-1.222663816975609,0,-1.4417845249189716,21,7,1,7,Suspicious,-0.01862143091967683
-0.5644786802925077,-0.9783181525463928,0,-0.408913599409285,1,2,0,2,Normal,0.11147408732657449
-0.5644786802925077,1.5000450152356546,0,0.6239573261004014,15,6,2,6,Normal,0.11597568284478948
-0.5644786802925077,-0.943411629056505,0,-0.408913599409285,15,3,1,4,Normal,0.1704051056303753
-0.5644786802925077,1.3604189212761024,0,0.6239573261004014,0,4,3,5,Normal,0.11072196260169387
-0.5644786802925077,0.8717275924176705,1,-1.4417845249189716,13,4,3,1,Normal,0.04825482875491627
-0.5644786802925077,0.1735971226199107,0,-0.408913599409285,8,0,3,0,Normal,0.13006079769629203
2.316774609810712,-0.7339724881171771,1,1.656828251610088,0,0,3,1,Suspicious,-0.059938002592185735
1.4935593840669343,1.604764585705318,0,-0.408913599409285,15,0,3,3,Normal,0.0750622667548293
-0.5644786802925077,-0.3150942062385213,0,-0.408913599409285,20,4,2,2,Normal,0.14870283491524855
-0.5644786802925077,0.7670080219480067,0,1.656828251610088,19,2,2,0,Normal,0.08249391436666587
-0.5644786802925077,1.6745776326850943,0,-0.408913599409285,14,7,4,2,Normal,0.08754418000727093
-0.5644786802925077,0.9764471628873344,0,-0.408913599409285,21,7,2,4,Normal,0.1249347811554401
1.4935593840669343,-0.629252917647513,1,-1.4417845249189716,12,7,0,0,Suspicious,-0.03318247963173804
-0.5644786802925077,-1.5368225283846009,0,-1.4417845249189716,15,4,1,7,Normal,0.08137085826972379
-0.5644786802925077,1.1160732568468863,0,0.6239573261004014,15,6,2,0,Normal,0.11550080234653004
1.9051669969388227,-0.8386920585868409,0,-1.4417845249189716,0,1,1,6,Normal,0.046199302811557263
-0.5644786802925077,-1.7113551458340408,0,-0.408913599409285,23,1,4,2,Normal,0.07276613371390572
-0.1528710674206193,-1.5368225283846009,0,0.6239573261004014,1,1,0,4,Normal,0.06770869589874229
-0.5644786802925077,-1.6066355753643766,0,-1.4417845249189716,13,4,0,3,Normal,0.08465008488163062
-0.5644786802925077,0.9415406393974466,0,0.6239573261004014,15,3,0,3,Normal,0.12971324819904345
2.316774609810712,0.2085036461097985,0,1.656828251610088,23,5,1,1,Normal,0.02117856755513725
1.4935593840669343,-0.489626823687961,0,0.6239573261004014,17,4,1,0,Normal,0.08912264871592268
1.081951771195046,-0.6990659646272891,0,0.6239573261004014,15,5,1,5,Normal,0.12119265849192196
-0.5644786802925077,-0.489626823687961,0,1.656828251610088,10,5,2,5,Normal,0.13502675245576246
-0.5644786802925077,-0.9783181525463928,0,-1.4417845249189716,15,3,4,2,Normal,0.10419992610811935
-0.5644786802925077,-0.664159441137401,0,-0.408913599409285,9,0,3,6,Normal,0.1364166705726093
1.4935593840669343,-0.1056550652991931,0,-1.4417845249189716,7,4,0,0,Normal,0.03916408029725316
0.6703441583231574,0.4877558340289027,0,1.656828251610088,12,5,4,1,Normal,0.08164106204031174
-0.5644786802925077,1.639671109195206,0,0.6239573261004014,23,7,1,1,Normal,0.05580368310611916
-0.5644786802925077,-0.0009354948295292,0,-0.408913599409285,3,3,0,6,Normal,0.12639275634190317
2.316774609810712,-1.222663816975609,0,-1.4417845249189716,11,0,4,7,Suspicious,-0.015983043996593116
0.6703441583231574,1.5000450152356546,0,-0.408913599409285,3,1,0,1,Normal,0.058836300976804035
-0.5644786802925077,-0.2801876827486331,0,-0.408913599409285,8,2,4,0,Normal,0.12274495673835978
-0.5644786802925077,-1.5368225283846009,0,-0.408913599409285,14,7,4,1,Normal,0.09763886221044904
-0.5644786802925077,0.8368210689277826,0,-0.408913599409285,8,3,3,1,Normal,0.15323687072856534
-0.5644786802925077,0.1037840756401346,0,1.656828251610088,14,2,0,4,Normal,0.09875475910941056
-0.5644786802925077,1.5349515387255426,0,-1.4417845249189716,2,7,1,3,Normal,0.07737974140203341
-0.5644786802925077,0.7321014984581184,0,-1.4417845249189716,18,7,0,6,Normal,0.06703640337936201
0.6703441583231574,-0.8386920585868409,0,-1.4417845249189716,10,6,3,3,Normal,0.09888513329526649
-0.5644786802925077,0.3481297400693506,1,1.656828251610088,12,5,0,2,Normal,0.024572130496195332
-0.1528710674206193,-1.048131199526169,1,0.6239573261004014,7,3,1,3,Normal,0.049641057018572576
-0.5644786802925077,0.1037840756401346,0,0.6239573261004014,20,4,4,2,Normal,0.11805388479524731
-0.5644786802925077,-0.9783181525463928,0,-0.408913599409285,7,5,3,6,Normal,0.14398849235369304
-0.5644786802925077,-1.1877572934857208,0,-0.408913599409285,7,7,2,3,Normal,0.1323646395631271
-0.5644786802925077,0.5924754044985666,0,1.656828251610088,6,0,1,3,Normal,0.09794485930954744
0.258736545451269,0.0688775521502468,0,-1.4417845249189716,20,1,1,1,Normal,0.07978180682929936
-0.5644786802925077,0.2434101695996867,0,0.6239573261004014,5,1,1,5,Normal,0.14670984896005368
-0.5644786802925077,-1.6764486223441528,0,0.6239573261004014,15,3,0,1,Normal,0.09631717836326914
1.9051669969388227,-0.4547203001980731,0,-1.4417845249189716,9,2,2,1,Normal,0.08039288468122208
2.7283822226826,1.4302319682558782,0,0.6239573261004014,11,3,2,6,Normal,0.05421385671673906
2.316774609810712,1.0811667333569983,0,0.6239573261004014,16,4,0,5,Normal,0.04891374075988175
-0.5644786802925077,-0.1754681122789692,0,0.6239573261004014,9,2,2,0,Normal,0.13079182868596712
-0.5644786802925077,-1.6415420988542648,0,-1.4417845249189716,6,7,2,1,Normal,0.07177707334065475
-0.5644786802925077,0.7670080219480067,0,0.6239573261004014,5,2,4,4,Normal,0.12449287448508933
-0.5644786802925077,0.3830362635592385,0,-0.408913599409285,20,6,2,7,Normal,0.12156357439353516
-0.5644786802925077,-1.1877572934857208,0,-1.4417845249189716,8,0,2,0,Normal,0.09132139876057954
-0.5644786802925077,-0.5594398706677371,0,-0.408913599409285,21,2,2,0,Normal,0.1239065236004161
2.7283822226826,0.3481297400693506,0,-0.408913599409285,6,0,3,7,Normal,0.02561176291139089
-0.1528710674206193,-0.629252917647513,0,-0.408913599409285,17,7,0,0,Normal,0.06468456147503587
0.6703441583231574,0.9066341159075584,0,0.6239573261004014,19,7,4,7,Normal,0.046576769866467305
-0.5644786802925077,-0.4198137767081852,0,-0.408913599409285,0,7,1,1,Normal,0.10970052900060706
2.7283822226826,-1.117944246505945,0,0.6239573261004014,4,7,3,1,Normal,0.024101186281343612
-0.5644786802925077,-1.292476863955385,0,0.6239573261004014,17,7,1,5,Normal,0.11226102574026431
1.9051669969388227,0.6971949749682306,0,1.656828251610088,15,0,1,4,Normal,0.05265349862883284
-0.5644786802925077,0.9066341159075584,0,0.6239573261004014,13,7,0,7,Normal,0.08204735564870658
-0.5644786802925077,0.2783166930895746,1,-1.4417845249189716,1,6,1,2,Normal,0.025205982277800354
-0.5644786802925077,1.5698580622154303,0,-1.4417845249189716,5,3,1,5,Normal,0.11202682640833983
-0.5644786802925077,-1.0132246760362809,0,-0.408913599409285,6,0,4,0,Normal,0.09730713443167549
0.6703441583231574,0.2434101695996867,0,-0.408913599409285,4,3,2,5,Normal,0.13225317784018598
-0.5644786802925077,0.5575688810086785,0,-0.408913599409285,18,0,2,6,Normal,0.1300986597359059
-0.5644786802925077,-1.7113551458340408,0,-0.408913599409285,21,4,3,4,Normal,0.11034982885895661
-0.5644786802925077,-1.3273833874452727,0,-1.4417845249189716,6,3,3,6,Normal,0.09625336096472514
-0.5644786802925077,1.4651384917457662,0,1.656828251610088,16,4,3,1,Normal,0.11100165833276915
-0.5644786802925077,-1.4321029579149367,0,-0.408913599409285,8,0,4,2,Normal,0.10498870694920992
0.6703441583231574,-1.7113551458340408,0,0.6239573261004014,5,7,3,1,Normal,0.06052121990865411
-0.5644786802925077,0.1037840756401346,1,-0.408913599409285,0,3,1,3,Normal,0.04829967606937058
-0.5644786802925077,-0.4198137767081852,0,1.656828251610088,1,5,0,7,Normal,0.053225512860975766
-0.5644786802925077,-0.5594398706677371,0,0.6239573261004014,20,2,3,2,Normal,0.13616025121432707
-0.5644786802925077,0.4528493105390145,0,-0.408913599409285,12,7,2,1,Normal,0.13837803121728687
-0.5644786802925077,-0.1056550652991931,0,-1.4417845249189716,23,7,1,3,Normal,0.08817472953036931
-0.5644786802925077,-1.3273833874452727,0,0.6239573261004014,12,2,2,2,Normal,0.15048457497772766
-0.5644786802925077,-0.1405615887890813,0,0.6239573261004014,13,0,0,5,Normal,0.10393222496514376
1.9051669969388227,-0.3150942062385213,0,-1.4417845249189716,19,1,1,1,Normal,0.05850060414006275
2.7283822226826,-0.908505105566617,0,-1.4417845249189716,18,4,1,2,Normal,0.035341794796188375
-0.5644786802925077,1.5349515387255426,0,-1.4417845249189716,16,0,4,2,Normal,0.05936548903667138
0.258736545451269,0.3830362635592385,1,-0.408913599409285,18,4,4,4,Normal,0.02737370038169562
-0.5644786802925077,0.4528493105390145,0,-0.408913599409285,1,5,0,0,Normal,0.08381561987315822
-0.5644786802925077,-0.0707485418093052,0,0.6239573261004014,8,1,4,2,Normal,0.12272747967992736
0.258736545451269,-0.8037855350969529,0,-0.408913599409285,20,5,3,5,Normal,0.11297572083784635
-0.5644786802925077,-0.1405615887890813,1,-0.408913599409285,12,0,1,2,Normal,0.05580212132580231
1.4935593840669343,-0.8037855350969529,0,1.656828251610088,19,5,4,3,Normal,0.06208125305276546
-0.5644786802925077,0.5575688810086785,1,-0.408913599409285,17,7,3,0,Normal,0.027230869388524592
1.4935593840669343,-0.6990659646272891,0,-0.408913599409285,14,5,0,6,Normal,0.07895228380822084
-0.5644786802925077,-1.1877572934857208,0,-1.4417845249189716,12,4,3,1,Normal,0.11361309015704779
-0.5644786802925077,-1.7113551458340408,1,1.656828251610088,12,2,0,6,Suspicious,-0.021345215098077852
-0.5644786802925077,-1.6415420988542648,0,0.6239573261004014,12,1,2,7,Normal,0.10269479797645509
1.4935593840669343,-0.2452811592587452,0,-0.408913599409285,15,2,3,3,Normal,0.1375774018509418
1.9051669969388227,-0.5594398706677371,0,0.6239573261004014,2,3,3,4,Normal,0.09499998438202106
-0.5644786802925077,-0.210374635768857,0,-0.408913599409285,5,1,3,2,Normal,0.15541883090018427
-0.5644786802925077,0.0688775521502468,0,-0.408913599409285,5,5,3,4,Normal,0.1638154781117066
-0.5644786802925077,-0.7339724881171771,0,0.6239573261004014,3,3,3,1,Normal,0.14322665066064771
-0.5644786802925077,0.3830362635592385,0,-0.408913599409285,23,0,2,7,Normal,0.0873631916302513
-0.1528710674206193,-0.3500007297284091,0,-0.408913599409285,2,5,2,1,Normal,0.1321146243786382
-0.1528710674206193,-0.524533347177849,0,0.6239573261004014,14,7,0,1,Normal,0.08677804723075178
1.081951771195046,1.2207928273165505,0,0.6239573261004014,13,7,4,0,Normal,0.046226717396824824
-0.5644786802925077,-0.3849072532182971,0,-0.408913599409285,7,1,0,3,Normal,0.13748847550485005
-0.5644786802925077,1.0113536863772226,0,-0.408913599409285,12,1,1,7,Normal,0.12580711645580772
-0.5644786802925077,-1.5368225283846009,0,-1.4417845249189716,15,6,3,2,Normal,0.0950712507495981
-0.5644786802925077,1.4302319682558782,0,-1.4417845249189716,14,7,0,7,Normal,0.048748722224835395
-0.5644786802925077,-0.3500007297284091,0,-1.4417845249189716,10,7,0,6,Normal,0.08536157588620563
0.258736545451269,-1.5368225283846009,0,1.656828251610088,6,6,2,5,Normal,0.06602558357300536
-0.5644786802925077,0.4179427870491267,0,1.656828251610088,13,6,2,2,Normal,0.12398661260430277
1.081951771195046,-0.1405615887890813,1,-1.4417845249189716,3,3,4,3,Normal,0.0023705403458095242
-0.5644786802925077,-0.8037855350969529,0,-0.408913599409285,21,4,1,2,Normal,0.139274830311011
-0.5644786802925077,0.0339710286603586,0,-1.4417845249189716,10,2,2,6,Normal,0.13310798428149928
1.9051669969388227,1.5000450152356546,0,-0.408913599409285,13,6,2,3,Normal,0.08469732957773257
-0.5644786802925077,-1.397196434425049,0,-0.408913599409285,1,1,2,0,Normal,0.10497812003040824
-0.5644786802925077,-0.908505105566617,0,-0.408913599409285,15,4,4,5,Normal,0.12410840637736775
-0.5644786802925077,-1.5717290518744889,0,0.6239573261004014,16,4,2,5,Normal,0.12238846130977399
0.258736545451269,-0.4198137767081852,0,1.656828251610088,23,7,3,4,Normal,0.05087702383536463
-0.5644786802925077,-0.1754681122789692,0,0.6239573261004014,14,2,4,7,Normal,0.10697016626982286
-0.5644786802925077,1.0462602098671103,0,0.6239573261004014,3,1,2,3,Normal,0.14517155830314205
-0.5644786802925077,-1.362289910935161,1,-0.408913599409285,22,3,4,1,Normal,0.006516566556756476
-0.5644786802925077,0.6273819279884545,0,1.656828251610088,6,2,0,4,Normal,0.1039153501850193
-0.5644786802925077,-0.489626823687961,0,-1.4417845249189716,21,0,3,1,Normal,0.07869018689342278
0.6703441583231574,1.1160732568468863,0,0.6239573261004014,14,3,1,1,Normal,0.11166910033768396
-0.5644786802925077,1.2556993508064382,0,0.6239573261004014,0,6,3,7,Normal,0.08135815074401154
0.6703441583231574,-1.048131199526169,0,0.6239573261004014,13,4,0,7,Normal,0.07232755258314105
-0.5644786802925077,1.1858863038266625,0,0.6239573261004014,21,6,4,4,Normal,0.09261285652543694
2.316774609810712,0.9415406393974466,0,-1.4417845249189716,13,5,3,5,Normal,0.058702705795235954
-0.5644786802925077,-1.5717290518744889,0,-0.408913599409285,17,1,1,1,Normal,0.11988119639685502
-0.5644786802925077,0.7321014984581184,0,1.656828251610088,2,5,1,0,Normal,0.07533284046422184
-0.5644786802925077,0.3481297400693506,1,0.6239573261004014,4,0,0,2,Normal,0.015318145444504827
-0.5644786802925077,0.3132232165794628,0,0.6239573261004014,8,5,2,3,Normal,0.1620938781109627
1.4935593840669343,1.4651384917457662,0,1.656828251610088,21,2,4,3,Normal,0.03751402630445211
-0.5644786802925077,1.2906058742963262,0,1.656828251610088,6,7,2,0,Normal,0.05491144312553553
0.258736545451269,0.8019145454378945,0,0.6239573261004014,5,1,2,1,Normal,0.11160056547524216
-0.5644786802925077,0.5924754044985666,1,-1.4417845249189716,2,5,4,2,Normal,0.017177957619521567
-0.5644786802925077,1.5000450152356546,0,1.656828251610088,19,6,1,1,Normal,0.08540802254016922
-0.5644786802925077,1.639671109195206,0,0.6239573261004014,18,4,2,3,Normal,0.11975838554301538
-0.5644786802925077,-1.117944246505945,1,0.6239573261004014,1,4,1,6,Normal,0.030320992360903798
-0.5644786802925077,1.1160732568468863,0,1.656828251610088,1,6,3,7,Normal,0.06951475291419007
-0.5644786802925077,0.0688775521502468,0,-0.408913599409285,9,1,0,6,Normal,0.12977239027514342
-0.5644786802925077,0.8019145454378945,0,1.656828251610088,19,6,0,6,Normal,0.08458011651409136
-0.5644786802925077,-1.5019160048947129,0,-0.408913599409285,9,2,0,6,Normal,0.10467166535406491
-0.5644786802925077,-0.4198137767081852,0,-0.408913599409285,6,2,4,6,Normal,0.13513897047628964
2.7283822226826,0.4528493105390145,0,1.656828251610088,19,6,4,6,Suspicious,-0.004813974271685062
-0.5644786802925077,0.9764471628873344,0,-1.4417845249189716,18,4,1,5,Normal,0.1209974003098464
-0.5644786802925077,0.4179427870491267,1,0.6239573261004014,18,3,0,4,Normal,0.04067994221551963
1.081951771195046,-0.0009354948295292,0,-0.408913599409285,20,3,0,5,Normal,0.08422556295240957
-0.5644786802925077,0.3481297400693506,0,-0.408913599409285,23,7,2,1,Normal,0.10451429648406918
-0.5644786802925077,1.1509797803367747,0,-1.4417845249189716,3,7,3,2,Normal,0.08562995563746811
-0.5644786802925077,0.8717275924176705,0,-1.4417845249189716,10,1,0,4,Normal,0.10445925058044914
-0.5644786802925077,1.1858863038266625,0,0.6239573261004014,11,6,2,5,Normal,0.1474407880151758
1.4935593840669343,-0.8037855350969529,0,0.6239573261004014,2,6,2,7,Normal,0.0668748487896067
-0.5644786802925077,-1.083037723016057,1,-0.408913599409285,2,5,2,7,Normal,0.03623458216734776
0.258736545451269,-0.8037855350969529,0,1.656828251610088,10,4,1,4,Normal,0.11300349018547545
-0.5644786802925077,1.5349515387255426,0,0.6239573261004014,9,5,4,1,Normal,0.09643492734486592
-0.5644786802925077,0.4179427870491267,0,0.6239573261004014,4,6,1,6,Normal,0.13590518517435657
1.4935593840669343,-0.210374635768857,0,-1.4417845249189716,22,2,4,5,Normal,0.04614436809000588
-0.5644786802925077,-1.1528507699958328,0,-0.408913599409285,3,5,1,2,Normal,0.13711243907098436
-0.5644786802925077,-0.1056550652991931,1,0.6239573261004014,17,2,0,4,Normal,0.032627133546430764
2.316774609810712,0.4179427870491267,0,0.6239573261004014,7,2,0,1,Normal,0.06449526973173869
1.9051669969388227,-1.6066355753643766,1,-1.4417845249189716,18,7,3,2,Suspicious,-0.03165753913828284
-0.5644786802925077,0.1386905991300228,0,-0.408913599409285,16,5,3,4,Normal,0.16574541568596812
-0.5644786802925077,0.4179427870491267,0,0.6239573261004014,3,7,2,4,Normal,0.1331500872787369
-0.5644786802925077,-0.2452811592587452,0,-1.4417845249189716,8,2,2,4,Normal,0.1426001495646836
-0.5644786802925077,0.0339710286603586,0,1.656828251610088,3,2,2,7,Normal,0.10336050951449582
-0.5644786802925077,-1.467009481404825,0,-0.408913599409285,17,5,4,3,Normal,0.1094889674946623
-0.5644786802925077,0.8368210689277826,0,-0.408913599409285,23,4,4,4,Normal,0.097577817266855
-0.5644786802925077,0.2434101695996867,1,-0.408913599409285,3,3,1,0,Normal,0.03459168700894
-0.5644786802925077,-0.8386920585868409,0,0.6239573261004014,11,5,2,4,Normal,0.1653271571094561
-0.5644786802925077,0.8368210689277826,0,-0.408913599409285,12,2,1,0,Normal,0.14198016400148716
-0.5644786802925077,-0.908505105566617,0,0.6239573261004014,5,1,4,7,Normal,0.10074662447659499
-0.5644786802925077,1.2556993508064382,0,0.6239573261004014,14,6,1,4,Normal,0.14337445938394788
2.7283822226826,-1.0132246760362809,0,0.6239573261004014,12,1,1,6,Normal,0.05688600269783606
-0.5644786802925077,1.1160732568468863,0,1.656828251610088,6,0,3,1,Normal,0.09026568870616125
-0.5644786802925077,-1.5019160048947129,0,-0.408913599409285,7,3,3,4,Normal,0.1377240553602242
-0.5644786802925077,-1.1877572934857208,0,-0.408913599409285,11,1,1,6,Normal,0.13874324493460138
-0.5644786802925077,1.1858863038266625,0,-0.408913599409285,17,6,2,2,Normal,0.1396068360004235
-0.5644786802925077,-1.5717290518744889,0,0.6239573261004014,18,4,1,0,Normal,0.09806658323458706
-0.5644786802925077,-0.1405615887890813,0,-0.408913599409285,4,0,4,2,Normal,0.126529829832008
-0.5644786802925077,1.639671109195206,0,0.6239573261004014,10,7,4,0,Normal,0.0533702628674545
-0.5644786802925077,-1.362289910935161,0,-1.4417845249189716,19,4,4,7,Normal,0.06556482169636879
-0.5644786802925077,1.3953254447659904,0,-1.4417845249189716,19,0,3,4,Normal,0.08690786740645273
-0.5644786802925077,-0.210374635768857,0,-0.408913599409285,11,0,1,6,Normal,0.14345118540291446
2.316774609810712,0.1386905991300228,1,-0.408913599409285,6,5,1,4,Normal,0.02268486924623081
-0.5644786802925077,-0.5943463941576251,0,0.6239573261004014,14,1,1,7,Normal,0.12168343860445324
-0.5644786802925077,0.4528493105390145,0,-1.4417845249189716,12,3,1,1,Normal,0.12933917474139678
2.316774609810712,1.1509797803367747,0,-1.4417845249189716,20,2,0,3,Normal,0.01769152168518462
1.9051669969388227,-0.0707485418093052,0,-1.4417845249189716,9,4,4,7,Normal,0.043390551995451165
1.9051669969388227,-0.489626823687961,0,1.656828251610088,2,7,3,4,Normal,0.041995988604303536
-0.5644786802925077,0.9764471628873344,0,0.6239573261004014,3,4,4,0,Normal,0.0898337063305118
-0.5644786802925077,1.4302319682558782,0,-0.408913599409285,0,3,2,5,Normal,0.11737490659181105
2.316774609810712,0.7670080219480067,0,-1.4417845249189716,21,3,3,2,Normal,0.035390507099565593
-0.5644786802925077,1.2556993508064382,1,0.6239573261004014,16,5,4,1,Normal,0.019019033889316472
-0.5644786802925077,0.2783166930895746,0,-0.408913599409285,20,0,1,7,Normal,0.09876532082569867
0.258736545451269,-0.2801876827486331,0,0.6239573261004014,15,1,0,7,Normal,0.07908494666948285
0.6703441583231574,-0.1754681122789692,1,0.6239573261004014,14,5,4,1,Normal,0.017854434074621395
-0.5644786802925077,-0.4198137767081852,0,0.6239573261004014,21,5,0,5,Normal,0.11283058595427148
1.4935593840669343,-0.3150942062385213,0,1.656828251610088,7,3,2,1,Normal,0.08471549872779693
-0.5644786802925077,-1.6066355753643766,0,-0.408913599409285,7,1,0,4,Normal,0.10690023414179128
-0.5644786802925077,-0.1405615887890813,0,0.6239573261004014,0,5,1,2,Normal,0.12707756577428037
-0.5644786802925077,1.3953254447659904,1,-1.4417845249189716,22,0,4,7,Suspicious,-0.03272365408385647
-0.5644786802925077,-0.0707485418093052,0,-1.4417845249189716,4,5,3,7,Normal,0.11253309088082841
0.258736545451269,-1.292476863955385,0,0.6239573261004014,11,3,0,3,Normal,0.10310304935039538
-0.5644786802925077,1.1160732568468863,0,-0.408913599409285,5,1,3,0,Normal,0.11720649395775656
-0.5644786802925077,0.9764471628873344,0,0.6239573261004014,23,5,2,0,Normal,0.09231876526078187
1.4935593840669343,-0.873598582076729,0,-0.408913599409285,20,3,3,0,Normal,0.07293985688667304
-0.5644786802925077,1.1858863038266625,0,-0.408913599409285,5,0,2,1,Normal,0.12787995269295876
-0.5644786802925077,-1.5717290518744889,0,-1.4417845249189716,12,4,1,2,Normal,0.1117224653653971
-0.5644786802925077,-0.8386920585868409,0,-1.4417845249189716,11,3,4,2,Normal,0.11482582744134684
-0.5644786802925077,0.3481297400693506,0,0.6239573261004014,8,4,2,7,Normal,0.13376462331458805
-0.5644786802925077,0.5575688810086785,1,0.6239573261004014,20,2,1,5,Normal,0.04320186215259758
-0.5644786802925077,1.1509797803367747,0,0.6239573261004014,9,1,0,0,Normal,0.08937669684755711
1.081951771195046,0.7670080219480067,0,-1.4417845249189716,8,1,4,3,Normal,0.05747888536167056
-0.5644786802925077,-1.6764486223441528,0,-1.4417845249189716,7,1,2,3,Normal,0.09766658645306825
-0.5644786802925077,-0.8037855350969529,0,-1.4417845249189716,12,7,4,7,Normal,0.07653687765767825
-0.5644786802925077,-0.9783181525463928,0,-1.4417845249189716,23,6,0,0,Normal,0.03968013637514323
-0.5644786802925077,-1.083037723016057,0,0.6239573261004014,12,4,0,2,Normal,0.12400014622949679
-0.5644786802925077,1.0811667333569983,0,-0.408913599409285,19,3,3,0,Normal,0.11563379697637999
1.081951771195046,1.3255123977862149,0,-0.408913599409285,9,5,4,7,Normal,0.059040996395672285
-0.5644786802925077,-0.4198137767081852,1,-0.408913599409285,16,2,4,3,Normal,0.05664985794144339
-0.5644786802925077,0.9415406393974466,0,-0.408913599409285,3,4,1,0,Normal,0.1189430410097877
1.9051669969388227,-1.4321029579149367,0,-0.408913599409285,4,3,4,6,Normal,0.04290935918926575
-0.5644786802925077,1.6745776326850943,0,-1.4417845249189716,22,0,4,5,Normal,0.03931629436514539
-0.5644786802925077,-0.0358420183194171,0,0.6239573261004014,16,1,1,2,Normal,0.14834503342776484
0.258736545451269,0.0339710286603586,0,1.656828251610088,12,0,0,0,Normal,0.02981630077719466
0.6703441583231574,0.8368210689277826,0,0.6239573261004014,2,7,4,6,Normal,0.04954320592154615
2.7283822226826,-0.8386920585868409,0,-0.408913599409285,22,4,3,1,Normal,0.04607170452600018
-0.5644786802925077,1.5000450152356546,1,-0.408913599409285,2,5,3,3,Normal,0.04437987810907518
-0.5644786802925077,1.2207928273165505,0,-0.408913599409285,12,7,0,5,Normal,0.10657337082779428
-0.5644786802925077,-1.1528507699958328,1,0.6239573261004014,14,3,2,7,Normal,0.048825596109540736
-0.5644786802925077,0.9415406393974466,0,0.6239573261004014,14,5,0,3,Normal,0.12143394447703243
-0.5644786802925077,-0.5943463941576251,0,-0.408913599409285,16,2,3,2,Normal,0.15834666052227653
-0.5644786802925077,-0.3150942062385213,0,0.6239573261004014,1,5,4,1,Normal,0.1027574550472985
1.9051669969388227,-1.0132246760362809,1,0.6239573261004014,21,3,4,0,Suspicious,-0.04411643488163197
-0.5644786802925077,0.9066341159075584,0,-0.408913599409285,11,4,2,5,Normal,0.16513736554716718
-0.5644786802925077,-1.5717290518744889,1,1.656828251610088,15,3,4,2,Normal,0.006171067831534094
-0.5644786802925077,1.3255123977862149,0,-1.4417845249189716,10,0,3,4,Normal,0.10389684674696009
-0.5644786802925077,-0.7688790116070651,0,-0.408913599409285,17,4,0,5,Normal,0.13211817212888305
-0.5644786802925077,0.6971949749682306,1,-1.4417845249189716,17,0,0,3,Normal,0.0036667072939459144
-0.5644786802925077,0.5575688810086785,0,-0.408913599409285,22,1,0,1,Normal,0.09208421951667733
-0.5644786802925077,0.6622884514783427,0,-0.408913599409285,6,7,3,3,Normal,0.13235979681556775
1.081951771195046,0.3132232165794628,0,-1.4417845249189716,18,5,4,1,Normal,0.06297693887864786
1.9051669969388227,-1.1877572934857208,0,0.6239573261004014,5,6,1,2,Normal,0.06911089547349236
-0.5644786802925077,0.7670080219480067,0,-1.4417845249189716,17,3,0,2,Normal,0.10105454549968729
-0.5644786802925077,-0.4547203001980731,0,-0.408913599409285,14,7,0,7,Normal,0.0856754722758738
-0.5644786802925077,1.4302319682558782,0,-1.4417845249189716,8,7,1,5,Normal,0.10138790156312483
-0.5644786802925077,0.9764471628873344,0,-0.408913599409285,3,4,1,5,Normal,0.14202396311631016
-0.5644786802925077,1.5349515387255426,0,-1.4417845249189716,2,3,2,3,Normal,0.10775963335838201
-0.5644786802925077,1.1858863038266625,0,1.656828251610088,2,3,1,6,Normal,0.09225908213499923
-0.5644786802925077,-1.1528507699958328,0,-0.408913599409285,5,4,1,2,Normal,0.1419960664225664
-0.5644786802925077,-0.908505105566617,1,0.6239573261004014,13,0,1,3,Normal,0.037128954416265514
1.4935593840669343,1.5698580622154303,0,-1.4417845249189716,12,1,2,6,Normal,0.04528195553107173
-0.5644786802925077,0.8717275924176705,0,1.656828251610088,13,6,2,2,Normal,0.11738570170795637
-0.5644786802925077,0.5226623575187906,0,0.6239573261004014,10,2,4,6,Normal,0.12597530010512997
-0.5644786802925077,-0.1056550652991931,0,-0.408913599409285,23,0,2,7,Normal,0.09106651952188327
-0.5644786802925077,-0.664159441137401,0,-1.4417845249189716,7,1,3,4,Normal,0.1365676438676745
-0.5644786802925077,1.1160732568468863,0,0.6239573261004014,14,3,1,3,Normal,0.15450658793413635
-0.5644786802925077,-1.048131199526169,0,-0.408913599409285,8,3,2,5,Normal,0.16882653577786227
-0.5644786802925077,1.1160732568468863,0,-0.408913599409285,17,5,4,7,Normal,0.09623797223246444
-0.5644786802925077,-1.0132246760362809,1,-0.408913599409285,16,7,4,3,Normal,0.026223726648212153
-0.5644786802925077,-1.048131199526169,0,-0.408913599409285,9,6,1,6,Normal,0.15016864157406434
-0.5644786802925077,1.0811667333569983,0,1.656828251610088,15,3,3,4,Normal,0.13036358529871106
-0.5644786802925077,-0.1405615887890813,0,-0.408913599409285,10,5,3,5,Normal,0.16853373057507137
-0.5644786802925077,0.4528493105390145,1,-1.4417845249189716,7,1,2,6,Normal,0.04630343340025933
-0.5644786802925077,0.9415406393974466,1,-0.408913599409285,10,6,0,5,Normal,0.04655264678810933
-0.5644786802925077,-0.210374635768857,0,1.656828251610088,23,7,1,6,Normal,0.057705064920136606
-0.5644786802925077,0.2085036461097985,0,-1.4417845249189716,6,2,4,1,Normal,0.09717505653287184
-0.5644786802925077,1.7094841561749825,0,-1.4417845249189716,15,5,0,1,Normal,0.05764827316185728
-0.5644786802925077,1.1160732568468863,0,0.6239573261004014,16,5,0,0,Normal,0.09488178175875639
-0.5644786802925077,1.5349515387255426,0,1.656828251610088,12,2,4,0,Normal,0.06675967157078089
-0.5644786802925077,-0.0358420183194171,0,-0.408913599409285,11,1,2,2,Normal,0.16631523225489614
-0.5644786802925077,0.5226623575187906,1,1.656828251610088,17,4,2,0,Normal,0.009611247749713558
-0.5644786802925077,-0.6990659646272891,0,-1.4417845249189716,3,2,1,4,Normal,0.12496143509034036
-0.5644786802925077,0.7321014984581184,0,-0.408913599409285,19,7,2,0,Normal,0.09655353106244147
0.6703441583231574,1.4302319682558782,0,-1.4417845249189716,12,0,4,4,Normal,0.03359374033357909
-0.5644786802925077,1.0113536863772226,1,1.656828251610088,22,7,0,7,Suspicious,-0.03066886779147493
-0.5644786802925077,0.1386905991300228,0,-0.408913599409285,22,3,3,0,Normal,0.10379930748317345
1.9051669969388227,1.0113536863772226,0,-1.4417845249189716,7,3,0,0,Normal,0.026515550183253467
-0.5644786802925077,1.0811667333569983,1,-0.408913599409285,7,3,0,3,Normal,0.04747655395171568
-0.5644786802925077,0.8368210689277826,0,-1.4417845249189716,2,6,4,1,Normal,0.07151631504301958
0.6703441583231574,-0.3150942062385213,0,0.6239573261004014,21,2,2,5,Normal,0.11684630386716843
1.9051669969388227,1.0811667333569983,0,0.6239573261004014,3,0,2,2,Normal,0.06811991746964363
1.081951771195046,-0.943411629056505,0,0.6239573261004014,7,6,1,2,Normal,0.1054186310692542
-0.5644786802925077,-1.222663816975609,0,-0.408913599409285,9,3,2,4,Normal,0.16294275104807848
-0.5644786802925077,1.0113536863772226,0,-0.408913599409285,7,7,4,2,Normal,0.09748859248965314
1.9051669969388227,1.3255123977862149,0,0.6239573261004014,22,3,1,6,Normal,0.06273847002121946
-0.5644786802925077,1.1509797803367747,0,-1.4417845249189716,9,2,3,0,Normal,0.09188436364636088
2.7283822226826,0.1037840756401346,0,-0.408913599409285,8,7,3,5,Normal,0.048172184915707406
-0.5644786802925077,-0.5594398706677371,0,-0.408913599409285,18,1,0,0,Normal,0.10203273499947019
-0.5644786802925077,-0.210374635768857,0,-0.408913599409285,5,7,0,0,Normal,0.07653354527345457
1.9051669969388227,-0.524533347177849,1,-0.408913599409285,8,2,3,3,Normal,0.03293881525800291
-0.5644786802925077,-0.664159441137401,0,0.6239573261004014,15,7,2,0,Normal,0.1158458149408742
-0.1528710674206193,-1.5717290518744889,0,0.6239573261004014,14,1,0,4,Normal,0.08662432123891706
-0.5644786802925077,1.5698580622154303,0,-1.4417845249189716,20,5,1,3,Normal,0.09407804518868101
-0.5644786802925077,-0.2452811592587452,0,-0.408913599409285,11,3,3,0,Normal,0.14433368210022457
1.081951771195046,-0.524533347177849,1,0.6239573261004014,11,4,2,6,Normal,0.03644187428651702
-0.5644786802925077,-1.6415420988542648,0,0.6239573261004014,19,7,2,4,Normal,0.10267868646164835
-0.5644786802925077,0.4179427870491267,0,-1.4417845249189716,17,0,4,7,Normal,0.047539347342132277
-0.5644786802925077,0.8019145454378945,0,-0.408913599409285,13,3,4,1,Normal,0.13938594475614208
1.9051669969388227,0.3830362635592385,0,0.6239573261004014,1,6,2,5,Normal,0.08618906056254427
-0.5644786802925077,1.1509797803367747,0,-1.4417845249189716,10,2,3,2,Normal,0.10813296185199012
-0.5644786802925077,0.5226623575187906,0,0.6239573261004014,22,4,1,0,Normal,0.09137007198699654
-0.5644786802925077,0.8019145454378945,0,0.6239573261004014,1,4,4,4,Normal,0.10585825903360957
0.258736545451269,0.2085036461097985,0,-0.408913599409285,8,7,1,0,Normal,0.08763171015196192
-0.5644786802925077,1.0113536863772226,0,-0.408913599409285,22,5,2,3,Normal,0.13677154674806735
1.9051669969388227,-0.210374635768857,0,0.6239573261004014,4,4,4,0,Normal,0.04478703159541342
-0.5644786802925077,1.639671109195206,0,1.656828251610088,4,1,2,7,Normal,0.0631721007158903
-0.5644786802925077,-0.8037855350969529,0,1.656828251610088,2,6,3,3,Normal,0.10960613278290954
1.081951771195046,1.4302319682558782,0,0.6239573261004014,7,7,0,4,Normal,0.04954654830041483
-0.5644786802925077,-0.7339724881171771,0,-1.4417845249189716,3,1,4,6,Normal,0.08340791754693888
-0.5644786802925077,0.6622884514783427,0,0.6239573261004014,20,5,1,0,Normal,0.09822821671265503
-0.5644786802925077,-1.397196434425049,0,-0.408913599409285,11,2,2,1,Normal,0.1517056855445056
-0.1528710674206193,-0.943411629056505,0,-0.408913599409285,11,3,2,4,Normal,0.1628190924588982
1.9051669969388227,1.639671109195206,0,0.6239573261004014,10,1,3,1,Normal,0.06648471367913567
1.081951771195046,1.5000450152356546,0,-1.4417845249189716,5,6,2,1,Normal,0.06394330914583135
-0.5644786802925077,-1.3273833874452727,0,-1.4417845249189716,15,7,3,4,Normal,0.09470376016093418
-0.5644786802925077,-0.3500007297284091,0,-0.408913599409285,22,7,4,6,Normal,0.09585654538244048
-0.5644786802925077,0.5226623575187906,0,0.6239573261004014,6,3,1,0,Normal,0.12492658498646075
-0.5644786802925077,-0.908505105566617,0,-1.4417845249189716,23,5,4,2,Normal,0.07388296399682426
-0.5644786802925077,0.4877558340289027,0,0.6239573261004014,10,1,0,6,Normal,0.11735895581739769
-0.1528710674206193,-0.524533347177849,1,-0.408913599409285,12,4,3,5,Normal,0.0655988305804922
-0.5644786802925077,0.9066341159075584,0,-1.4417845249189716,23,6,1,3,Normal,0.09534859474229551
-0.5644786802925077,-0.2801876827486331,1,-0.408913599409285,14,0,2,0,Normal,0.037219489747431056
-0.5644786802925077,-0.5594398706677371,0,-0.408913599409285,15,5,3,1,Normal,0.15193737054380463
-0.5644786802925077,0.3830362635592385,0,0.6239573261004014,14,4,2,4,Normal,0.1586185243170169
-0.5644786802925077,1.7094841561749825,0,0.6239573261004014,10,7,4,1,Normal,0.06632106353735978
-0.5644786802925077,1.7094841561749825,0,0.6239573261004014,23,4,3,3,Normal,0.09002838105987399
0.6703441583231574,-0.3849072532182971,0,0.6239573261004014,8,4,0,1,Normal,0.09228785297714837
-0.5644786802925077,-0.1754681122789692,0,0.6239573261004014,9,7,0,4,Normal,0.11613118248847248
-0.5644786802925077,1.604764585705318,0,-0.408913599409285,5,7,0,1,Normal,0.05789832637164072
2.316774609810712,0.0339710286603586,0,1.656828251610088,2,7,3,0,Normal,0.0006803807943601692
-0.5644786802925077,0.1386905991300228,1,-0.408913599409285,7,3,3,2,Normal,0.07397437332439016
-0.5644786802925077,0.4528493105390145,0,-0.408913599409285,8,0,3,0,Normal,0.1265367697850993
-0.5644786802925077,1.5000450152356546,0,1.656828251610088,20,4,2,0,Normal,0.07049908552553086
2.7283822226826,-0.524533347177849,0,0.6239573261004014,10,4,1,2,Normal,0.08631512908426653
-0.5644786802925077,0.3830362635592385,0,-1.4417845249189716,20,1,3,7,Normal,0.08390868688508557
-0.5644786802925077,0.1386905991300228,1,1.656828251610088,21,7,0,3,Suspicious,-0.007932828411731485
-0.5644786802925077,0.8717275924176705,0,1.656828251610088,12,2,3,4,Normal,0.13005679813480114
-0.5644786802925077,-1.5019160048947129,0,-0.408913599409285,12,2,4,5,Normal,0.11078793114931562
-0.5644786802925077,-0.5594398706677371,0,-0.408913599409285,11,5,2,7,Normal,0.1456170313099635
-0.5644786802925077,-1.083037723016057,0,-1.4417845249189716,11,3,4,5,Normal,0.10228207115853793
0.258736545451269,-1.397196434425049,0,0.6239573261004014,9,0,4,6,Normal,0.06502914138325155
-0.5644786802925077,-0.1754681122789692,0,-1.4417845249189716,6,5,4,7,Normal,0.09285555657112188
1.4935593840669343,0.2783166930895746,0,-0.408913599409285,17,5,2,5,Normal,0.10987017845753555
2.316774609810712,-1.7462616693239288,0,0.6239573261004014,4,0,4,0,Suspicious,-0.004279393453338387
2.7283822226826,0.5226623575187906,0,-1.4417845249189716,21,4,0,3,Normal,0.01585275554635679
0.6703441583231574,-1.7462616693239288,0,-0.408913599409285,6,7,2,6,Normal,0.05470753597698774
-0.5644786802925077,-0.7688790116070651,0,-1.4417845249189716,10,0,0,1,Normal,0.08297409269622635
-0.5644786802925077,1.1160732568468863,0,0.6239573261004014,15,7,1,6,Normal,0.11511960242165376
-0.5644786802925077,1.1160732568468863,0,0.6239573261004014,22,1,1,6,Normal,0.11050952114670337
2.316774609810712,1.639671109195206,0,0.6239573261004014,1,4,2,0,Normal,0.02044463591836243
-0.5644786802925077,0.0688775521502468,1,-1.4417845249189716,18,0,3,3,Normal,0.023156852815436113
2.316774609810712,1.0811667333569983,1,-0.408913599409285,23,4,3,4,Suspicious,-0.018749773394536207
-0.5644786802925077,1.1509797803367747,1,-1.4417845249189716,16,1,1,5,Normal,0.029678822971168084
1.9051669969388227,-1.5019160048947129,0,-0.408913599409285,17,7,2,1,Normal,0.056034184159688194
-0.5644786802925077,-1.6415420988542648,0,-0.408913599409285,11,4,4,6,Normal,0.09188952673685469
1.081951771195046,-1.5368225283846009,1,0.6239573261004014,19,1,1,7,Suspicious,-0.006121248906266419
-0.5644786802925077,-0.4547203001980731,0,-1.4417845249189716,3,0,3,2,Normal,0.10836138128644618
-0.5644786802925077,-1.6764486223441528,0,0.6239573261004014,6,1,3,7,Normal,0.09066115350271453
0.258736545451269,-1.292476863955385,0,1.656828251610088,12,0,0,5,Normal,0.02924867155951283
0.258736545451269,1.0462602098671103,1,0.6239573261004014,4,2,3,4,Normal,0.03719145876310481
-0.5644786802925077,1.3953254447659904,0,0.6239573261004014,12,0,0,6,Normal,0.08226186608715191
-0.5644786802925077,-0.0009354948295292,0,-0.408913599409285,19,7,1,2,Normal,0.1286137216915993
-0.5644786802925077,0.8019145454378945,1,0.6239573261004014,15,2,4,6,Normal,0.034403302592738716
-0.5644786802925077,1.2556993508064382,1,0.6239573261004014,13,4,4,0,Normal,0.014396846433681887
-0.5644786802925077,0.9066341159075584,0,-1.4417845249189716,1,2,1,1,Normal,0.0894712395016426
-0.5644786802925077,1.3255123977862149,0,-0.408913599409285,22,1,0,6,Normal,0.09045714960722517
-0.5644786802925077,-0.3500007297284091,1,0.6239573261004014,11,2,3,3,Normal,0.06804522060182472
1.081951771195046,0.5226623575187906,0,-1.4417845249189716,23,4,1,6,Normal,0.06200553342936388
-0.5644786802925077,-1.117944246505945,0,-1.4417845249189716,10,6,2,2,Normal,0.11913664996213713
0.258736545451269,-0.2801876827486331,0,-1.4417845249189716,6,7,0,0,Normal,0.04060830086489697
0.258736545451269,-1.6764486223441528,0,0.6239573261004014,14,7,1,3,Normal,0.08142042536048233
1.4935593840669343,-0.7339724881171771,0,0.6239573261004014,2,2,1,6,Normal,0.09256938855347818
-0.5644786802925077,-0.0358420183194171,0,0.6239573261004014,11,4,3,4,Normal,0.1650970349522351
-0.5644786802925077,0.6622884514783427,0,-0.408913599409285,5,5,0,0,Normal,0.09225281036768596
-0.5644786802925077,-1.0132246760362809,1,-0.408913599409285,0,3,1,2,Normal,0.03331562368671115
2.7283822226826,-1.467009481404825,0,-1.4417845249189716,8,5,3,0,Normal,0.014058084017069872
0.6703441583231574,0.9066341159075584,0,-0.408913599409285,15,6,0,0,Normal,0.06967515963116533
0.258736545451269,-1.1877572934857208,1,-0.408913599409285,7,1,1,0,Normal,0.021627358224145743
-0.5644786802925077,-0.489626823687961,1,-0.408913599409285,18,5,4,0,Normal,0.016718305404286316
-0.5644786802925077,-1.362289910935161,0,-0.408913599409285,14,2,4,3,Normal,0.13382738063675043
-0.5644786802925077,0.4179427870491267,1,1.656828251610088,12,1,2,7,Normal,0.009400943043224252
-0.5644786802925077,-0.5943463941576251,0,0.6239573261004014,6,2,0,3,Normal,0.13087184303793115
-0.5644786802925077,0.6971949749682306,0,0.6239573261004014,19,6,0,4,Normal,0.12089828003789393
-0.5644786802925077,-1.222663816975609,0,0.6239573261004014,1,0,3,6,Normal,0.08815331193130527
-0.5644786802925077,1.3604189212761024,0,-0.408913599409285,1,4,2,3,Normal,0.13509784277442854
1.081951771195046,0.6622884514783427,0,-0.408913599409285,23,6,4,6,Normal,0.07025771230111244
2.7283822226826,-1.257570340465497,0,-0.408913599409285,4,0,3,0,Normal,0.006590555674420129
-0.5644786802925077,1.2207928273165505,0,-0.408913599409285,12,5,0,6,Normal,0.11759078014189756
2.7283822226826,-1.292476863955385,0,-0.408913599409285,19,7,2,1,Normal,0.028208091650306244
-0.5644786802925077,1.4302319682558782,0,-0.408913599409285,11,6,2,2,Normal,0.13689802636400067
-0.5644786802925077,-0.489626823687961,1,0.6239573261004014,10,4,2,1,Normal,0.05939918453465853
-0.5644786802925077,1.2207928273165505,0,0.6239573261004014,1,0,1,7,Normal,0.06324679552863188
-0.5644786802925077,0.8019145454378945,1,0.6239573261004014,23,7,4,6,Suspicious,-0.00564223671441344
-0.5644786802925077,1.2207928273165505,0,-1.4417845249189716,3,7,4,4,Normal,0.06755082688549308
1.081951771195046,0.8019145454378945,1,-1.4417845249189716,1,0,1,1,Suspicious,-0.020269478175575117
-0.5644786802925077,0.8019145454378945,0,0.6239573261004014,3,1,2,5,Normal,0.14266144070715853
1.9051669969388227,-0.2452811592587452,0,0.6239573261004014,10,5,4,6,Normal,0.07821469845184137
0.258736545451269,0.6971949749682306,0,0.6239573261004014,15,1,3,4,Normal,0.1237776229290351
-0.5644786802925077,0.7670080219480067,0,-1.4417845249189716,7,5,3,0,Normal,0.10031518848372756
-0.5644786802925077,-0.1405615887890813,0,-0.408913599409285,22,2,4,7,Normal,0.0986993667235534
2.7283822226826,-0.6990659646272891,0,0.6239573261004014,0,4,1,5,Normal,0.05069994939292721
-0.5644786802925077,0.5924754044985666,0,-1.4417845249189716,1,3,0,7,Normal,0.06769828134714484
1.9051669969388227,-0.0707485418093052,0,0.6239573261004014,6,3,4,5,Normal,0.07960964110486257
-0.5644786802925077,1.0462602098671103,0,0.6239573261004014,0,1,3,2,Normal,0.11992991429455202
-0.5644786802925077,-1.467009481404825,0,-0.408913599409285,0,1,3,6,Normal,0.0857795629028254
-0.5644786802925077,-0.3849072532182971,0,0.6239573261004014,14,0,2,3,Normal,0.13442747049755466
-0.5644786802925077,0.2085036461097985,0,0.6239573261004014,23,5,3,4,Normal,0.11824647263532051
-0.5644786802925077,-1.7113551458340408,0,0.6239573261004014,9,0,1,0,Normal,0.08240210804131187
-0.5644786802925077,0.3132232165794628,0,1.656828251610088,9,6,2,4,Normal,0.13113800586832403
-0.5644786802925077,1.639671109195206,0,0.6239573261004014,17,0,0,1,Normal,0.06596410059892122
-0.5644786802925077,-0.1754681122789692,0,0.6239573261004014,16,3,4,7,Normal,0.11073175494712018
-0.5644786802925077,-1.1877572934857208,0,0.6239573261004014,8,0,0,7,Normal,0.06276923801116097
-0.5644786802925077,-0.9783181525463928,0,1.656828251610088,8,1,1,3,Normal,0.11252265935448602
2.7283822226826,1.1858863038266625,0,1.656828251610088,3,3,2,4,Normal,0.032688482303051325
-0.5644786802925077,0.9415406393974466,0,-1.4417845249189716,16,5,3,5,Normal,0.1275962572028289
0.258736545451269,-1.083037723016057,0,1.656828251610088,9,0,1,2,Normal,0.065407169578517
2.316774609810712,1.604764585705318,1,-0.408913599409285,18,2,0,4,Suspicious,-0.021640239490987034
1.9051669969388227,-0.3150942062385213,0,1.656828251610088,10,1,1,0,Normal,0.03577499663531658
-0.5644786802925077,0.0339710286603586,0,0.6239573261004014,16,4,3,3,Normal,0.16037103885446163
-0.5644786802925077,1.639671109195206,0,-0.408913599409285,5,0,2,3,Normal,0.123770074896346
-0.5644786802925077,0.4179427870491267,1,-0.408913599409285,7,3,4,2,Normal,0.05607910385932657
1.9051669969388227,-0.0358420183194171,0,-0.408913599409285,4,0,3,3,Normal,0.08485777387402393
-0.1528710674206193,-1.292476863955385,0,-0.408913599409285,10,4,0,5,Normal,0.09866267433538545
0.6703441583231574,-1.222663816975609,0,-0.408913599409285,5,2,1,2,Normal,0.10638003678316948
2.7283822226826,1.5000450152356546,0,-0.408913599409285,4,4,0,2,Normal,0.030826974635223547
-0.5644786802925077,-1.467009481404825,0,-1.4417845249189716,18,3,2,4,Normal,0.10564251212676995
0.6703441583231574,-1.117944246505945,0,-0.408913599409285,21,0,0,4,Normal,0.06310008486275442
0.258736545451269,-0.4547203001980731,0,-1.4417845249189716,0,1,1,4,Normal,0.08430929413783617
0.6703441583231574,1.0811667333569983,0,-1.4417845249189716,21,0,0,3,Normal,0.022907343666172086
-0.5644786802925077,0.4179427870491267,0,-1.4417845249189716,17,4,0,5,Normal,0.10513783991497294
0.258736545451269,1.1858863038266625,0,0.6239573261004014,5,0,4,1,Normal,0.06721946384724853
-0.5644786802925077,0.8717275924176705,1,-1.4417845249189716,10,7,1,1,Normal,0.026032924776875244
0.258736545451269,-1.467009481404825,0,-1.4417845249189716,3,5,1,0,Normal,0.05189608012156344
-0.5644786802925077,0.6273819279884545,0,0.6239573261004014,8,1,4,2,Normal,0.11177488002113467
-0.1528710674206193,0.7670080219480067,0,-0.408913599409285,5,1,1,0,Normal,0.10225680466201326
-0.5644786802925077,1.2556993508064382,0,-0.408913599409285,4,2,1,6,Normal,0.13348549632432544
-0.5644786802925077,-1.6415420988542648,0,0.6239573261004014,10,0,2,7,Normal,0.08458303850653237
-0.5644786802925077,0.5226623575187906,0,-0.408913599409285,15,2,1,0,Normal,0.13739940974559467
-0.1528710674206193,-1.5368225283846009,0,1.656828251610088,21,6,4,1,Normal,0.03900620608429095
-0.5644786802925077,0.6971949749682306,1,1.656828251610088,23,3,2,6,Normal,0.010691164323773483
-0.5644786802925077,-0.0358420183194171,0,1.656828251610088,8,3,1,7,Normal,0.09653373575870972
-0.5644786802925077,0.6273819279884545,0,0.6239573261004014,18,2,1,2,Normal,0.1474106837575167
-0.5644786802925077,-0.0358420183194171,0,-0.408913599409285,12,5,0,7,Normal,0.11807650936128922
-0.5644786802925077,-1.5019160048947129,0,1.656828251610088,23,7,1,3,Normal,0.053549036678734785
-0.5644786802925077,-1.5019160048947129,0,-1.4417845249189716,20,5,2,7,Normal,0.06772074584388799
-0.5644786802925077,0.8368210689277826,0,1.656828251610088,21,2,4,3,Normal,0.09036056752170485
-0.5644786802925077,-1.7462616693239288,0,-1.4417845249189716,11,4,2,2,Normal,0.10013866577401931
-0.5644786802925077,1.3255123977862149,1,-1.4417845249189716,0,2,2,0,Suspicious,-0.007681718694794282
1.9051669969388227,-0.9783181525463928,0,0.6239573261004014,14,5,0,6,Normal,0.06723817552201494
-0.5644786802925077,-1.292476863955385,0,1.656828251610088,8,5,4,2,Normal,0.09021393116709375
0.258736545451269,0.3481297400693506,0,-0.408913599409285,10,3,3,5,Normal,0.14381971027393925
1.081951771195046,0.7670080219480067,1,-0.408913599409285,19,1,4,2,Suspicious,-0.0036323975755037097
-0.5644786802925077,1.3255123977862149,0,-0.408913599409285,9,3,3,3,Normal,0.15459228264415048
-0.5644786802925077,1.7094841561749825,0,-1.4417845249189716,21,3,3,2,Normal,0.06739186440700395
-0.5644786802925077,-0.664159441137401,0,0.6239573261004014,19,1,4,7,Normal,0.09133757140475651
-0.5644786802925077,0.6273819279884545,0,0.6239573261004014,5,7,3,7,Normal,0.09096926650973447
-0.5644786802925077,-0.1754681122789692,1,-0.408913599409285,3,7,4,5,Normal,0.03373859264422874
0.258736545451269,1.604764585705318,0,0.6239573261004014,14,3,3,5,Normal,0.09707003258976765
-0.5644786802925077,1.3255123977862149,1,0.6239573261004014,23,5,1,2,Normal,0.016495150391859337
-0.5644786802925077,-1.6415420988542648,0,-0.408913599409285,17,2,4,7,Normal,0.07386873697517671
-0.5644786802925077,-0.8386920585868409,0,-0.408913599409285,18,5,3,1,Normal,0.13098627679185332
-0.1528710674206193,0.4528493105390145,0,0.6239573261004014,22,2,0,0,Normal,0.05340130649442265
-0.5644786802925077,-1.397196434425049,0,0.6239573261004014,11,7,2,4,Normal,0.12771865981126768
-0.5644786802925077,-0.5943463941576251,0,-0.408913599409285,14,6,2,0,Normal,0.13178595864816905
-0.5644786802925077,-0.664159441137401,1,0.6239573261004014,18,5,2,5,Normal,0.054031579579506106
-0.5644786802925077,-0.7688790116070651,1,-0.408913599409285,17,6,1,2,Normal,0.04404940785087663
-0.5644786802925077,-0.7339724881171771,0,-1.4417845249189716,21,2,1,3,Normal,0.11481379910825346
-0.5644786802925077,0.8368210689277826,0,-1.4417845249189716,6,7,0,0,Normal,0.0466339406356886
-0.5644786802925077,1.2906058742963262,0,1.656828251610088,22,7,3,1,Normal,0.0513900366869926
-0.5644786802925077,0.4179427870491267,0,-0.408913599409285,14,2,3,4,Normal,0.1657146891220566
-0.5644786802925077,0.5924754044985666,0,-0.408913599409285,6,6,1,5,Normal,0.16342670304779838
0.6703441583231574,1.2556993508064382,0,-0.408913599409285,0,2,3,7,Normal,0.06716356937389167
1.081951771195046,-1.362289910935161,0,-0.408913599409285,19,5,1,1,Normal,0.08957960516976826
-0.5644786802925077,-0.2801876827486331,0,-0.408913599409285,18,0,1,7,Normal,0.10778059113586674
-0.5644786802925077,-0.9783181525463928,0,0.6239573261004014,10,2,3,7,Normal,0.12950985659375214
-0.5644786802925077,-0.4198137767081852,0,-0.408913599409285,7,3,4,5,Normal,0.14335057506483645
-0.5644786802925077,-0.5594398706677371,0,-1.4417845249189716,6,1,0,2,Normal,0.09452089086622162
-0.5644786802925077,-1.1877572934857208,0,0.6239573261004014,1,2,2,0,Normal,0.10460956211028871
-0.5644786802925077,1.3255123977862149,0,-0.408913599409285,21,3,3,4,Normal,0.13222939503548786
-0.5644786802925077,1.1858863038266625,0,-0.408913599409285,21,7,0,6,Normal,0.0806156526662617
1.9051669969388227,1.4302319682558782,0,-1.4417845249189716,11,1,1,3,Normal,0.060599132123867916
0.258736545451269,-0.0707485418093052,0,-1.4417845249189716,4,3,3,3,Normal,0.10692471835611184
0.6703441583231574,1.1858863038266625,0,-0.408913599409285,8,0,2,3,Normal,0.10297006357097616
2.7283822226826,-1.5717290518744889,0,0.6239573261004014,0,0,0,4,Suspicious,-0.0024380971343624935
-0.5644786802925077,1.2207928273165505,0,0.6239573261004014,16,2,0,0,Normal,0.09247957489570502
-0.5644786802925077,0.7321014984581184,1,-0.408913599409285,3,0,1,6,Normal,0.03870533147603916
-0.5644786802925077,-0.8037855350969529,0,0.6239573261004014,10,0,0,7,Normal,0.07693419306195615
-0.5644786802925077,-1.467009481404825,0,1.656828251610088,16,1,4,1,Normal,0.08473771246991535
-0.5644786802925077,1.5000450152356546,0,0.6239573261004014,0,3,2,4,Normal,0.11539241579425624
-0.5644786802925077,-1.292476863955385,1,-1.4417845249189716,0,1,1,7,Suspicious,-0.0026034917877084673
-0.5644786802925077,-0.908505105566617,0,-0.408913599409285,7,3,4,1,Normal,0.13474055848976008
-0.5644786802925077,-0.1754681122789692,0,0.6239573261004014,8,3,0,0,Normal,0.1071159337942652
1.9051669969388227,0.2783166930895746,0,-0.408913599409285,19,5,2,6,Normal,0.09605513202647809
-0.5644786802925077,1.7443906796648705,0,1.656828251610088,19,6,2,5,Normal,0.07820962619062233
-0.5644786802925077,-1.5019160048947129,0,-1.4417845249189716,9,1,1,7,Normal,0.07692839930473716
-0.1528710674206193,-0.5943463941576251,1,-0.408913599409285,4,4,0,4,Normal,0.034521633995906464
-0.5644786802925077,1.6745776326850943,0,-0.408913599409285,13,0,4,2,Normal,0.09516141727127914
-0.5644786802925077,-1.1877572934857208,0,-0.408913599409285,3,6,2,6,Normal,0.12982379452043064
-0.5644786802925077,0.1735971226199107,0,1.656828251610088,1,0,2,1,Normal,0.08448653540695639
-0.5644786802925077,-0.1754681122789692,0,-0.408913599409285,23,6,2,6,Normal,0.12278255897573626
-0.5644786802925077,-0.3500007297284091,0,-0.408913599409285,15,4,0,1,Normal,0.1363022122043096
-0.5644786802925077,-1.5717290518744889,0,-1.4417845249189716,16,2,1,7,Normal,0.07326135095523534
0.6703441583231574,-0.2801876827486331,1,-0.408913599409285,4,7,1,5,Normal,0.03041331882543674
-0.5644786802925077,1.639671109195206,0,0.6239573261004014,21,5,3,6,Normal,0.09730890838934969
-0.5644786802925077,-0.8386920585868409,0,0.6239573261004014,12,3,0,1,Normal,0.12797143306424358
1.9051669969388227,-1.1877572934857208,0,-0.408913599409285,21,1,4,3,Normal,0.06510875338613342
-0.5644786802925077,1.2207928273165505,0,1.656828251610088,18,4,1,0,Normal,0.08244601808619567
-0.5644786802925077,-1.222663816975609,0,-0.408913599409285,12,5,3,2,Normal,0.14646745267593742
2.7283822226826,-0.3500007297284091,0,-0.408913599409285,16,0,3,7,Normal,0.018618985181415026
-0.5644786802925077,-0.0009354948295292,0,-0.408913599409285,21,1,1,5,Normal,0.14404223516766518
2.316774609810712,0.0688775521502468,0,1.656828251610088,4,5,2,2,Normal,0.056301854875064006
-0.5644786802925077,-0.8386920585868409,0,0.6239573261004014,16,1,1,2,Normal,0.14365786876099507
0.258736545451269,-1.6415420988542648,0,0.6239573261004014,20,2,3,7,Normal,0.06468995701560931
-0.5644786802925077,-0.629252917647513,0,-1.4417845249189716,22,3,0,4,Normal,0.08339654744384939
-0.5644786802925077,-0.1405615887890813,0,-1.4417845249189716,7,1,2,1,Normal,0.12518964472401112
-0.5644786802925077,1.0811667333569983,0,-1.4417845249189716,6,7,2,5,Normal,0.11163268024926071
1.081951771195046,0.2434101695996867,0,0.6239573261004014,9,2,1,3,Normal,0.12049102606744372
-0.5644786802925077,0.6622884514783427,0,-1.4417845249189716,1,2,4,4,Normal,0.08762175576568909
-0.5644786802925077,1.3255123977862149,0,-0.408913599409285,20,3,4,5,Normal,0.1116742908543728
2.7283822226826,-1.4321029579149367,0,-0.408913599409285,21,7,2,6,Normal,0.010056248763388842
-0.5644786802925077,-1.0132246760362809,0,1.656828251610088,12,2,2,1,Normal,0.12995316995662276
-0.5644786802925077,-1.4321029579149367,0,0.6239573261004014,19,6,4,7,Normal,0.06671803412636912
-0.5644786802925077,-0.7339724881171771,0,-1.4417845249189716,19,0,1,5,Normal,0.08939289581528542
1.4935593840669343,0.5226623575187906,0,-0.408913599409285,12,4,4,2,Normal,0.09624362292939392
0.258736545451269,-1.6415420988542648,0,0.6239573261004014,3,5,3,2,Normal,0.08777375462364334
0.258736545451269,-1.4321029579149367,0,-0.408913599409285,16,7,4,2,Normal,0.07676218787100098
2.7283822226826,0.9415406393974466,0,0.6239573261004014,10,1,0,3,Normal,0.06048681880420803
-0.5644786802925077,0.3830362635592385,0,-0.408913599409285,10,4,2,0,Normal,0.13886747426796742
-0.5644786802925077,-1.7462616693239288,0,-0.408913599409285,7,0,3,6,Normal,0.10032347415452547
2.316774609810712,0.4877558340289027,0,-1.4417845249189716,22,1,2,0,Normal,0.017854019074930227
1.9051669969388227,-0.0358420183194171,0,-0.408913599409285,0,0,2,7,Normal,0.05286012468883672
0.6703441583231574,1.2906058742963262,0,-0.408913599409285,10,6,0,6,Normal,0.07585501303188036
-0.5644786802925077,0.9066341159075584,0,-1.4417845249189716,22,3,0,2,Normal,0.07503394972999222
-0.5644786802925077,1.1160732568468863,0,0.6239573261004014,22,2,3,6,Normal,0.12015307816600951
-0.5644786802925077,0.4528493105390145,0,1.656828251610088,0,6,0,6,Normal,0.06166626483529125
-0.5644786802925077,0.6971949749682306,0,1.656828251610088,22,3,4,5,Normal,0.08372849581415809
-0.5644786802925077,1.7094841561749825,0,-0.408913599409285,13,7,3,4,Normal,0.1019441864007895
-0.1528710674206193,0.1386905991300228,0,-0.408913599409285,17,7,2,4,Normal,0.12393865329512094
1.081951771195046,1.604764585705318,0,-1.4417845249189716,3,6,4,1,Normal,0.022404341018622986
1.9051669969388227,-0.0009354948295292,0,-1.4417845249189716,14,5,2,6,Normal,0.07841065608890985
1.4935593840669343,-1.1877572934857208,0,-1.4417845249189716,0,6,0,4,Normal,0.023292199585316253
-0.5644786802925077,0.6971949749682306,0,0.6239573261004014,9,2,0,0,Normal,0.10391793818888306
1.081951771195046,0.3830362635592385,0,-0.408913599409285,2,4,3,5,Normal,0.10703722561858442
-0.5644786802925077,-0.1056550652991931,0,1.656828251610088,4,5,4,5,Normal,0.10193089883073303
-0.5644786802925077,0.0339710286603586,0,1.656828251610088,11,7,3,1,Normal,0.10715853399725211
-0.5644786802925077,-0.1056550652991931,0,-0.408913599409285,12,6,0,5,Normal,0.14461363632228463
-0.5644786802925077,1.5349515387255426,0,1.656828251610088,11,6,0,3,Normal,0.0864784025357126
-0.5644786802925077,-0.873598582076729,1,-1.4417845249189716,9,3,1,6,Normal,0.03938142728612193
-0.5644786802925077,-0.0009354948295292,0,0.6239573261004014,2,7,4,0,Normal,0.06473128721501253
1.081951771195046,0.1037840756401346,0,-0.408913599409285,18,2,4,6,Normal,0.10624164652956464
-0.5644786802925077,1.7094841561749825,0,1.656828251610088,21,2,3,1,Normal,0.05620942465793133
-0.5644786802925077,1.3255123977862149,0,-0.408913599409285,1,7,3,2,Normal,0.09529629666523454
-0.5644786802925077,-0.629252917647513,0,0.6239573261004014,2,0,4,1,Normal,0.09511784507579346
-0.5644786802925077,-0.664159441137401,0,0.6239573261004014,3,5,3,6,Normal,0.13445003931082572
-0.5644786802925077,0.1735971226199107,0,1.656828251610088,16,2,0,2,Normal,0.09378953184693384
-0.5644786802925077,-1.257570340465497,1,-0.408913599409285,10,7,0,1,Suspicious,-0.0011269119209110778
-0.1528710674206193,1.4302319682558782,0,0.6239573261004014,16,0,0,2,Normal,0.06082323838608439
-0.5644786802925077,0.0688775521502468,1,0.6239573261004014,19,6,1,7,Normal,0.0299460575879803
0.258736545451269,0.9066341159075584,0,-0.408913599409285,3,5,2,1,Normal,0.11595665826538804
-0.5644786802925077,-1.6764486223441528,1,-1.4417845249189716,20,5,2,6,Normal,0.01173279091578272
-0.5644786802925077,-0.5943463941576251,1,-1.4417845249189716,20,3,2,7,Normal,0.02723233069716602
-0.5644786802925077,1.2207928273165505,0,-0.408913599409285,0,0,4,1,Normal,0.08331174817219267
-0.5644786802925077,-1.7113551458340408,0,-1.4417845249189716,6,2,2,5,Normal,0.09340776047855903
-0.5644786802925077,1.4302319682558782,0,-0.408913599409285,5,2,4,2,Normal,0.12091852707127698
-0.5644786802925077,0.8019145454378945,0,-0.408913599409285,9,0,1,3,Normal,0.14155982762322017
2.7283822226826,1.7094841561749825,0,-0.408913599409285,13,6,0,3,Normal,0.024100296959798095
-0.5644786802925077,-0.524533347177849,0,0.6239573261004014,5,6,2,3,Normal,0.14930454881813737
-0.5644786802925077,1.3255123977862149,0,-0.408913599409285,11,4,3,0,Normal,0.12294349550135708
-0.5644786802925077,-0.1405615887890813,0,1.656828251610088,8,7,4,6,Normal,0.06918557489243027
-0.5644786802925077,0.9066341159075584,0,-0.408913599409285,21,7,4,0,Normal,0.0702673469053372
-0.5644786802925077,-0.629252917647513,0,0.6239573261004014,5,6,1,0,Normal,0.1134910699156122
-0.5644786802925077,0.6273819279884545,0,1.656828251610088,1,0,3,0,Normal,0.05815824485964116
-0.1528710674206193,1.3604189212761024,0,1.656828251610088,11,4,1,3,Normal,0.10741909677470607
-0.5644786802925077,-0.9783181525463928,0,-0.408913599409285,1,2,4,3,Normal,0.12760133650294214
-0.5644786802925077,-0.7339724881171771,1,1.656828251610088,5,0,2,2,Normal,0.004771572548052938
-0.5644786802925077,-1.4321029579149367,1,-0.408913599409285,22,4,0,5,Normal,0.012676531212384323
-0.5644786802925077,0.2434101695996867,0,-0.408913599409285,17,0,0,1,Normal,0.11476939703662187
0.258736545451269,1.7094841561749825,0,0.6239573261004014,21,6,3,1,Normal,0.047003480007852816
-0.5644786802925077,0.8368210689277826,0,-0.408913599409285,11,0,1,3,Normal,0.14255847203757288
1.4935593840669343,0.6273819279884545,0,-0.408913599409285,13,7,4,2,Normal,0.06633152396457176
-0.5644786802925077,-1.6764486223441528,0,-0.408913599409285,23,5,1,2,Normal,0.09330737295936253
-0.5644786802925077,-0.6990659646272891,0,-0.408913599409285,20,6,0,1,Normal,0.10639594007844888
-0.5644786802925077,0.1735971226199107,0,-0.408913599409285,10,4,2,2,Normal,0.1702459017368308
-0.5644786802925077,1.6745776326850943,0,-1.4417845249189716,2,3,0,2,Normal,0.059134247980551
-0.5644786802925077,1.4651384917457662,0,1.656828251610088,16,4,0,1,Normal,0.08908340731291875
-0.5644786802925077,-1.083037723016057,1,1.656828251610088,1,3,1,3,Normal,0.009617366708043251
-0.5644786802925077,1.2556993508064382,0,0.6239573261004014,1,0,4,3,Normal,0.08777327082182973
-0.5644786802925077,-1.222663816975609,0,-0.408913599409285,12,1,4,1,Normal,0.1220626271520514
-0.5644786802925077,-1.117944246505945,0,0.6239573261004014,4,3,1,0,Normal,0.11384415321544389
-0.5644786802925077,0.5575688810086785,0,-0.408913599409285,23,3,4,3,Normal,0.11629714204608255
-0.5644786802925077,-0.524533347177849,0,-0.408913599409285,21,3,2,1,Normal,0.1394086906805581
-0.5644786802925077,-0.8037855350969529,1,-0.408913599409285,23,0,1,2,Normal,0.019766564335499726
-0.5644786802925077,-0.3500007297284091,0,0.6239573261004014,21,3,0,5,Normal,0.11426900869863049
-0.5644786802925077,-0.943411629056505,1,-0.408913599409285,20,0,0,4,Normal,0.022517608928247612
-0.5644786802925077,-0.908505105566617,0,0.6239573261004014,23,2,2,1,Normal,0.12569303588394026
1.081951771195046,0.5924754044985666,1,1.656828251610088,4,4,0,6,Suspicious,-0.015741400560128405
-0.5644786802925077,0.6622884514783427,0,-1.4417845249189716,15,2,2,1,Normal,0.11692590468558378
-0.5644786802925077,0.5924754044985666,0,0.6239573261004014,18,7,4,7,Normal,0.07396538771872718
-0.5644786802925077,-0.7339724881171771,0,-0.408913599409285,13,0,2,0,Normal,0.13441313237868185
1.9051669969388227,0.6622884514783427,0,-0.408913599409285,14,0,1,6,Normal,0.07609331690908161
1.081951771195046,1.4302319682558782,0,0.6239573261004014,16,6,0,3,Normal,0.07138071315523653
-0.5644786802925077,0.5575688810086785,0,-0.408913599409285,10,3,2,6,Normal,0.16412670903953913
1.9051669969388227,1.1509797803367747,0,0.6239573261004014,15,6,3,2,Normal,0.08330418914486593
-0.5644786802925077,-0.1056550652991931,0,-0.408913599409285,17,3,2,4,Normal,0.16634624442825574
-0.5644786802925077,0.5226623575187906,0,0.6239573261004014,14,4,4,1,Normal,0.12236767814780769
-0.5644786802925077,-0.4198137767081852,0,-0.408913599409285,16,4,1,1,Normal,0.15422385115031484
1.9051669969388227,0.4877558340289027,1,-0.408913599409285,4,1,0,1,Suspicious,-0.004612640696282089
-0.5644786802925077,-0.1754681122789692,1,1.656828251610088,5,6,4,3,Normal,0.03594403686924319
-0.5644786802925077,-1.048131199526169,0,1.656828251610088,19,3,0,0,Normal,0.053743873815200294
-0.5644786802925077,1.3953254447659904,0,1.656828251610088,20,4,0,6,Normal,0.07117523364838163
-0.1528710674206193,0.6273819279884545,0,1.656828251610088,14,7,4,1,Normal,0.06458971497015797
1.9051669969388227,-0.4198137767081852,0,-1.4417845249189716,18,0,4,5,Normal,0.02595324109777175
1.9051669969388227,-1.6764486223441528,0,-0.408913599409285,2,6,4,5,Normal,0.023599802629301503
-0.5644786802925077,0.4877558340289027,0,-0.408913599409285,18,0,4,0,Normal,0.09470444418528667
1.081951771195046,0.4528493105390145,0,1.656828251610088,21,3,0,7,Normal,0.03030541335643
-0.5644786802925077,-0.0707485418093052,0,-0.408913599409285,9,4,3,3,Normal,0.1669828632241565
1.081951771195046,1.5698580622154303,0,0.6239573261004014,13,7,2,1,Normal,0.06276713452494553
-0.5644786802925077,1.639671109195206,0,-0.408913599409285,12,4,2,4,Normal,0.14246509274328706
-0.5644786802925077,0.2434101695996867,0,-0.408913599409285,5,1,4,5,Normal,0.13103475894763011
-0.5644786802925077,0.4528493105390145,0,0.6239573261004014,22,2,1,4,Normal,0.12860113015675595
-0.5644786802925077,-1.292476863955385,0,-1.4417845249189716,16,1,0,7,Normal,0.046950184906576875
-0.5644786802925077,-1.0132246760362809,0,1.656828251610088,15,3,1,5,Normal,0.12268900936410221
-0.5644786802925077,-1.048131199526169,0,-1.4417845249189716,20,7,4,1,Normal,0.06570255488679144
-0.5644786802925077,0.3132232165794628,0,0.6239573261004014,0,4,2,7,Normal,0.10710871683510814
-0.5644786802925077,-0.0009354948295292,0,-0.408913599409285,9,7,2,0,Normal,0.11887071488654155
-0.5644786802925077,1.3953254447659904,0,-0.408913599409285,6,5,0,6,Normal,0.10887821597038289
0.258736545451269,-0.7688790116070651,1,-1.4417845249189716,17,0,3,3,Suspicious,-0.0028113935113490696
0.258736545451269,-0.3849072532182971,0,1.656828251610088,6,3,1,7,Normal,0.0799320396005081
-0.5644786802925077,0.3132232165794628,0,-0.408913599409285,17,1,2,2,Normal,0.15414067443922624
-0.5644786802925077,0.0339710286603586,0,1.656828251610088,3,5,4,7,Normal,0.08153479986232193
-0.5644786802925077,-1.3273833874452727,0,1.656828251610088,20,6,2,0,Normal,0.06301666839651188
-0.5644786802925077,-0.4547203001980731,0,-0.408913599409285,18,5,3,4,Normal,0.15425680566226602
-0.5644786802925077,-1.257570340465497,0,-1.4417845249189716,18,6,0,1,Normal,0.06656797621564314
-0.5644786802925077,1.1160732568468863,0,0.6239573261004014,4,2,0,6,Normal,0.11159701682030287
-0.1528710674206193,-0.1056550652991931,1,-0.408913599409285,4,2,3,4,Normal,0.05146155284780207
-0.5644786802925077,-1.7462616693239288,0,0.6239573261004014,1,3,2,4,Normal,0.116563799088097
1.081951771195046,-0.664159441137401,0,0.6239573261004014,16,0,2,6,Normal,0.08803656389861192
0.258736545451269,-0.2801876827486331,0,1.656828251610088,4,7,3,1,Normal,0.06981514570133207
2.316774609810712,-0.0358420183194171,0,-1.4417845249189716,9,3,3,6,Normal,0.06294322897504889
2.316774609810712,-1.5368225283846009,0,1.656828251610088,22,5,0,0,Suspicious,-0.009738846224677022
-0.5644786802925077,0.3830362635592385,0,1.656828251610088,12,0,2,2,Normal,0.10146755269505847
-0.1528710674206193,1.7094841561749825,0,-0.408913599409285,11,2,2,7,Normal,0.0883242366658249
-0.5644786802925077,-1.048131199526169,0,-1.4417845249189716,12,0,4,4,Normal,0.08050399778386486
1.4935593840669343,1.1160732568468863,0,0.6239573261004014,6,5,3,6,Normal,0.08012324151130756
2.316774609810712,-0.629252917647513,0,0.6239573261004014,15,6,0,5,Normal,0.05950237323924157
-0.5644786802925077,0.3132232165794628,0,-0.408913599409285,14,0,4,2,Normal,0.1308078969400449
1.9051669969388227,-0.5594398706677371,0,-0.408913599409285,7,0,4,4,Normal,0.05868151790481446
-0.5644786802925077,-1.083037723016057,0,-0.408913599409285,3,5,0,4,Normal,0.12498900084790981
0.6703441583231574,0.4179427870491267,0,1.656828251610088,4,3,4,0,Normal,0.05311826410089493
1.081951771195046,0.9764471628873344,1,0.6239573261004014,23,2,4,0,Suspicious,-0.033489918037889144
0.6703441583231574,-0.5594398706677371,0,-0.408913599409285,12,6,1,3,Normal,0.1397722679901932
0.258736545451269,-0.873598582076729,1,0.6239573261004014,0,5,4,3,Normal,0.005592751459468026
-0.5644786802925077,-0.1754681122789692,0,-1.4417845249189716,15,4,2,0,Normal,0.10485595876962267
-0.5644786802925077,1.6745776326850943,0,1.656828251610088,6,4,3,0,Normal,0.06917509584345993
-0.5644786802925077,-1.048131199526169,0,0.6239573261004014,21,3,2,3,Normal,0.14103009902267538
2.7283822226826,-0.664159441137401,0,0.6239573261004014,18,1,0,0,Normal,0.027735136941936744
-0.5644786802925077,-1.1528507699958328,1,-0.408913599409285,9,0,2,0,Normal,0.035226473985199735
0.6703441583231574,0.8368210689277826,0,-0.408913599409285,15,4,4,1,Normal,0.10653611844874061
-0.5644786802925077,-0.1405615887890813,0,-0.408913599409285,18,7,1,3,Normal,0.13322326834754322
0.6703441583231574,0.2783166930895746,0,-0.408913599409285,6,5,1,6,Normal,0.12574533205235655
1.9051669969388227,-1.5717290518744889,0,1.656828251610088,13,7,2,7,Normal,0.00894768868554785
-0.5644786802925077,-1.1528507699958328,0,-0.408913599409285,22,6,4,1,Normal,0.08733035915213705
-0.1528710674206193,-0.629252917647513,0,0.6239573261004014,0,6,0,1,Normal,0.07709356600039197
-0.5644786802925077,0.8368210689277826,0,-1.4417845249189716,20,6,3,7,Normal,0.09936265201087335
0.258736545451269,0.6971949749682306,0,-1.4417845249189716,13,1,2,4,Normal,0.10150512759684094
-0.1528710674206193,0.7670080219480067,0,-1.4417845249189716,8,0,2,2,Normal,0.08681534095305554
-0.5644786802925077,0.7670080219480067,0,-0.408913599409285,0,3,1,3,Normal,0.1253282452682808
1.081951771195046,0.3481297400693506,0,-1.4417845249189716,10,7,4,4,Normal,0.06191756682562155
-0.1528710674206193,0.9764471628873344,0,0.6239573261004014,9,6,1,2,Normal,0.11694489481512854
-0.5644786802925077,1.5000450152356546,0,-0.408913599409285,16,6,2,4,Normal,0.13545649222691786
-0.5644786802925077,-0.908505105566617,0,-0.408913599409285,20,5,3,3,Normal,0.14004049879136454
-0.5644786802925077,-0.629252917647513,1,0.6239573261004014,22,4,4,4,Normal,0.02452130232185734
-0.1528710674206193,-1.6066355753643766,0,1.656828251610088,22,1,2,2,Normal,0.05910496998081438
1.9051669969388227,-1.5717290518744889,0,1.656828251610088,10,1,0,4,Normal,0.030618757738046343
2.7283822226826,-0.2801876827486331,0,-0.408913599409285,0,0,2,6,Normal,0.03108146482889662
-0.5644786802925077,-0.1754681122789692,0,-1.4417845249189716,7,6,3,6,Normal,0.13114796738610768
-0.5644786802925077,0.8368210689277826,0,1.656828251610088,7,4,4,5,Normal,0.09821151653558002
-0.5644786802925077,-1.6066355753643766,0,-0.408913599409285,15,3,2,1,Normal,0.13444669493676115
-0.5644786802925077,-1.0132246760362809,1,0.6239573261004014,10,1,4,0,Normal,0.010579448414606785
-0.5644786802925077,-0.873598582076729,0,-0.408913599409285,23,5,4,2,Normal,0.09720078872813731
-0.5644786802925077,1.2207928273165505,0,1.656828251610088,22,4,4,5,Normal,0.0702152524925227
-0.5644786802925077,1.6745776326850943,0,1.656828251610088,16,2,2,0,Normal,0.06022038302312771
-0.5644786802925077,-0.1056550652991931,0,0.6239573261004014,4,7,2,1,Normal,0.12548639749922263
-0.5644786802925077,0.3830362635592385,0,1.656828251610088,2,3,3,3,Normal,0.11937388955289108
0.6703441583231574,-0.4198137767081852,0,-1.4417845249189716,18,1,1,5,Normal,0.09216781219192172
1.4935593840669343,-0.489626823687961,0,-1.4417845249189716,0,4,3,0,Normal,0.04134602343637139
-0.5644786802925077,-0.5594398706677371,0,-1.4417845249189716,1,3,0,7,Normal,0.0705337950749293
0.6703441583231574,1.7094841561749825,0,0.6239573261004014,4,2,2,5,Normal,0.07284072934873365
2.316774609810712,-0.3150942062385213,0,0.6239573261004014,14,7,3,1,Normal,0.07862274127129976
-0.5644786802925077,1.4302319682558782,0,1.656828251610088,21,7,2,3,Normal,0.07765145650895133
-0.1528710674206193,-1.5717290518744889,0,-0.408913599409285,18,2,4,3,Normal,0.10679830950786512
-0.5644786802925077,0.8368210689277826,0,1.656828251610088,13,6,3,1,Normal,0.11353578173908863
2.316774609810712,1.3604189212761024,0,0.6239573261004014,21,6,3,6,Normal,0.034420514772502186
-0.5644786802925077,0.8368210689277826,0,-1.4417845249189716,3,1,1,2,Normal,0.10649376197226873
-0.5644786802925077,1.6745776326850943,0,0.6239573261004014,6,3,3,3,Normal,0.12161641674191903
-0.5644786802925077,-0.873598582076729,0,-0.408913599409285,21,2,0,2,Normal,0.11137334179458735
-0.5644786802925077,-0.4547203001980731,0,0.6239573261004014,19,7,3,6,Normal,0.10772582320174756
1.081951771195046,1.0113536863772226,0,0.6239573261004014,13,1,0,4,Normal,0.07819994348960702
-0.5644786802925077,-1.362289910935161,0,0.6239573261004014,3,4,3,1,Normal,0.12366176639814075
-0.5644786802925077,1.0811667333569983,1,1.656828251610088,9,0,1,6,Normal,0.006571617995947632
0.258736545451269,1.7094841561749825,0,-0.408913599409285,5,7,1,1,Normal,0.05560473595285864
-0.5644786802925077,-1.5019160048947129,0,1.656828251610088,14,7,2,2,Normal,0.0920056050892184
-0.1528710674206193,0.5226623575187906,0,0.6239573261004014,7,2,4,4,Normal,0.10797167901585075
-0.5644786802925077,-0.489626823687961,0,-1.4417845249189716,22,2,4,0,Normal,0.06398307478922927
-0.5644786802925077,0.6622884514783427,0,-0.408913599409285,20,4,4,1,Normal,0.120793796208085
-0.5644786802925077,0.2085036461097985,0,0.6239573261004014,23,5,0,0,Normal,0.06578222074711504
1.081951771195046,-0.6990659646272891,0,-1.4417845249189716,23,5,2,3,Normal,0.0605534929170366
2.7283822226826,0.9415406393974466,0,-0.408913599409285,16,3,0,7,Normal,0.028449186853496067
-0.5644786802925077,0.4877558340289027,0,-1.4417845249189716,23,2,2,7,Normal,0.08978640526698844
1.4935593840669343,-0.1754681122789692,1,1.656828251610088,7,5,2,6,Normal,0.010126137553778225
1.4935593840669343,-0.7339724881171771,0,0.6239573261004014,1,2,0,6,Normal,0.07253079859836753
-0.5644786802925077,1.639671109195206,0,0.6239573261004014,19,2,4,0,Normal,0.06512149002063139
-0.5644786802925077,-0.2801876827486331,0,1.656828251610088,8,7,4,4,Normal,0.08506711171612502
-0.5644786802925077,-1.1877572934857208,0,1.656828251610088,8,0,3,2,Normal,0.09456241881518457
-0.5644786802925077,-1.5019160048947129,0,-0.408913599409285,16,6,4,3,Normal,0.1070420431292311
2.7283822226826,-0.1754681122789692,0,-1.4417845249189716,23,1,3,6,Normal,0.003070475723510935
-0.5644786802925077,-1.362289910935161,0,-0.408913599409285,13,0,2,7,Normal,0.0964046325327288
-0.5644786802925077,-1.1877572934857208,0,0.6239573261004014,14,7,3,5,Normal,0.11751873141365055
0.258736545451269,-1.467009481404825,1,-0.408913599409285,19,4,0,0,Suspicious,-0.020522273470007346
-0.5644786802925077,-1.257570340465497,0,-0.408913599409285,12,5,2,0,Normal,0.12774697295602222
-0.5644786802925077,0.7321014984581184,1,1.656828251610088,12,7,0,1,Normal,0.00011187091757625112
-0.5644786802925077,0.7321014984581184,0,1.656828251610088,13,6,2,4,Normal,0.13092463186316755
-0.5644786802925077,-0.0707485418093052,0,0.6239573261004014,7,4,3,0,Normal,0.13193670079672531
1.4935593840669343,0.1386905991300228,0,0.6239573261004014,23,4,0,5,Normal,0.053679586394852485
-0.5644786802925077,-1.1528507699958328,0,1.656828251610088,5,0,0,4,Normal,0.056839538204933704
-0.5644786802925077,0.1386905991300228,0,-0.408913599409285,3,4,1,4,Normal,0.15643101234596057
-0.5644786802925077,1.1160732568468863,0,-1.4417845249189716,18,1,4,3,Normal,0.08657435089864074
-0.5644786802925077,0.7670080219480067,0,-0.408913599409285,11,1,4,1,Normal,0.12160881937745605
1.9051669969388227,1.1858863038266625,0,-0.408913599409285,2,7,0,4,Normal,0.025941129201468405
-0.5644786802925077,0.3830362635592385,0,1.656828251610088,2,0,3,3,Normal,0.09699519972637738
-0.5644786802925077,0.4528493105390145,0,-1.4417845249189716,7,1,2,4,Normal,0.13640121521325066
1.9051669969388227,1.1509797803367747,0,-1.4417845249189716,23,6,0,2,Normal,0.003762590348186823
-0.5644786802925077,-1.3273833874452727,0,-0.408913599409285,4,6,0,2,Normal,0.10008478010688437
-0.5644786802925077,0.0339710286603586,0,-1.4417845249189716,22,0,4,2,Normal,0.06947423879954262
1.081951771195046,0.8368210689277826,0,-0.408913599409285,0,0,4,7,Normal,0.01943321538751741
-0.5644786802925077,1.1160732568468863,0,0.6239573261004014,17,4,3,4,Normal,0.14723762355736847
1.081951771195046,0.2085036461097985,1,0.6239573261004014,1,1,2,5,Normal,0.014818750162580718
2.316774609810712,-1.7113551458340408,1,0.6239573261004014,0,0,2,7,Suspicious,-0.04926942279749735
-0.5644786802925077,1.0811667333569983,0,-0.408913599409285,14,7,4,3,Normal,0.11256825588314312
-0.5644786802925077,-0.908505105566617,0,-0.408913599409285,7,2,0,2,Normal,0.1297696301419743
0.6703441583231574,0.6273819279884545,0,-0.408913599409285,23,6,3,6,Normal,0.08962080491669477
2.7283822226826,0.2783166930895746,0,-0.408913599409285,19,7,3,4,Normal,0.04173253642248931
-0.1528710674206193,0.8019145454378945,0,-0.408913599409285,8,3,0,3,Normal,0.11794313848196719
1.9051669969388227,0.5924754044985666,1,1.656828251610088,3,5,3,6,Suspicious,-0.011321467713643618
-0.5644786802925077,-0.4198137767081852,1,-0.408913599409285,22,3,1,7,Normal,0.03145572237279104
2.7283822226826,-0.524533347177849,0,1.656828251610088,0,0,2,6,Normal,0.012029558106781635
-0.5644786802925077,0.1386905991300228,0,0.6239573261004014,21,2,3,5,Normal,0.14102215563162784
0.6703441583231574,-1.1528507699958328,0,-1.4417845249189716,19,7,2,2,Normal,0.06129136371068944
-0.5644786802925077,0.6273819279884545,1,-0.408913599409285,13,2,0,1,Normal,0.037922612443110904
-0.5644786802925077,-0.3500007297284091,0,-0.408913599409285,13,5,4,2,Normal,0.14713776071413098
-0.5644786802925077,0.9764471628873344,0,-0.408913599409285,13,3,3,6,Normal,0.1454457409706978
-0.5644786802925077,-1.222663816975609,0,1.656828251610088,17,6,1,3,Normal,0.10214630238749134
-0.5644786802925077,-0.1405615887890813,0,-0.408913599409285,11,2,0,2,Normal,0.14479925049345438
2.7283822226826,1.3953254447659904,0,1.656828251610088,17,0,4,3,Suspicious,-0.004642656350791197
0.6703441583231574,-0.8037855350969529,1,-0.408913599409285,7,4,1,5,Normal,0.04485699208468885
1.081951771195046,0.6622884514783427,0,-0.408913599409285,13,2,3,5,Normal,0.12328731117701813
-0.5644786802925077,1.5349515387255426,0,0.6239573261004014,18,6,0,0,Normal,0.061296155943786235
-0.5644786802925077,0.0688775521502468,0,0.6239573261004014,20,0,0,0,Normal,0.07311742914192154
-0.5644786802925077,1.5698580622154303,0,0.6239573261004014,17,3,2,1,Normal,0.11390510105586649
-0.5644786802925077,-1.292476863955385,0,-0.408913599409285,1,2,0,3,Normal,0.10895391387328907
-0.5644786802925077,0.2434101695996867,0,0.6239573261004014,17,4,1,5,Normal,0.1495217495731226
2.7283822226826,-0.873598582076729,0,0.6239573261004014,10,5,2,7,Normal,0.05658957733290959
-0.5644786802925077,0.5226623575187906,0,0.6239573261004014,9,6,2,5,Normal,0.15814025531256432
-0.5644786802925077,1.7094841561749825,0,-0.408913599409285,15,5,1,4,Normal,0.1263760012808507
-0.5644786802925077,1.604764585705318,0,-0.408913599409285,14,3,1,4,Normal,0.14160912818159
1.4935593840669343,0.9764471628873344,0,-0.408913599409285,3,3,4,3,Normal,0.07624883501329638
-0.5644786802925077,0.2085036461097985,0,0.6239573261004014,9,4,1,2,Normal,0.15588312583160002
-0.5644786802925077,-1.257570340465497,0,0.6239573261004014,0,3,1,4,Normal,0.11017663111594389
-0.5644786802925077,-0.2801876827486331,0,0.6239573261004014,0,3,0,4,Normal,0.10433369529931513
-0.5644786802925077,-0.873598582076729,0,-1.4417845249189716,7,0,2,3,Normal,0.11027522310481136
-0.5644786802925077,1.3953254447659904,1,1.656828251610088,3,5,1,0,Suspicious,-0.0011691905395834201
-0.5644786802925077,1.3953254447659904,0,-0.408913599409285,6,4,4,5,Normal,0.1126911785424064
-0.5644786802925077,-1.292476863955385,0,1.656828251610088,11,5,1,5,Normal,0.11263432155356923
-0.5644786802925077,-0.629252917647513,0,1.656828251610088,12,3,1,1,Normal,0.12885732499862096
-0.5644786802925077,-0.1754681122789692,0,1.656828251610088,10,7,2,6,Normal,0.10022059712018527
2.316774609810712,0.8368210689277826,1,-0.408913599409285,16,6,4,7,Suspicious,-0.02757775917903349
0.6703441583231574,0.9415406393974466,0,-1.4417845249189716,3,0,3,0,Normal,0.047401304922030096
-0.5644786802925077,-0.1754681122789692,0,0.6239573261004014,22,2,3,7,Normal,0.10766144143943829
2.316774609810712,1.5000450152356546,0,-0.408913599409285,16,3,0,5,Normal,0.044600394417825595
-0.5644786802925077,0.2434101695996867,0,-1.4417845249189716,8,1,2,6,Normal,0.1208298005073914
-0.5644786802925077,-0.0009354948295292,0,-1.4417845249189716,4,4,3,1,Normal,0.12009435143834424
2.316774609810712,-0.4547203001980731,0,-0.408913599409285,15,3,2,6,Normal,0.08588787623654515
1.9051669969388227,0.9415406393974466,0,-1.4417845249189716,2,1,4,2,Normal,0.025085076390261807
-0.5644786802925077,0.7321014984581184,0,1.656828251610088,16,7,1,1,Normal,0.10241116384994498
1.9051669969388227,1.4651384917457662,0,-0.408913599409285,7,3,1,1,Normal,0.07083494398429369
0.6703441583231574,-1.3273833874452727,0,-0.408913599409285,12,0,1,1,Normal,0.09519923709530476
-0.5644786802925077,-1.117944246505945,1,-0.408913599409285,5,7,4,3,Normal,0.028646869080784287
-0.5644786802925077,-1.4321029579149367,0,-1.4417845249189716,4,6,4,0,Normal,0.046025399473066386
0.6703441583231574,-0.5594398706677371,1,-0.408913599409285,3,0,2,3,Normal,0.016103513737623087
-0.5644786802925077,-1.292476863955385,0,0.6239573261004014,3,6,1,2,Normal,0.11598688564067217
-0.5644786802925077,-1.1877572934857208,0,0.6239573261004014,9,2,3,6,Normal,0.13923049419501282
-0.5644786802925077,0.3132232165794628,0,-0.408913599409285,13,3,4,2,Normal,0.1546729572133032
-0.5644786802925077,1.1160732568468863,0,-0.408913599409285,2,0,1,0,Normal,0.10288491696801871
-0.5644786802925077,-1.7113551458340408,0,0.6239573261004014,4,0,4,6,Normal,0.06161357188139949
-0.5644786802925077,-1.467009481404825,1,-1.4417845249189716,11,6,4,7,Normal,0.0022460860850052056
-0.5644786802925077,1.7094841561749825,0,-0.408913599409285,9,1,0,2,Normal,0.08302466984917511
-0.5644786802925077,-1.292476863955385,0,1.656828251610088,8,3,0,5,Normal,0.07677562470891275
1.4935593840669343,0.3481297400693506,0,0.6239573261004014,6,5,1,4,Normal,0.10163912390801566
-0.5644786802925077,-0.2801876827486331,0,-0.408913599409285,8,0,3,0,Normal,0.13022047898417732
-0.5644786802925077,-0.8037855350969529,1,1.656828251610088,1,0,0,0,Suspicious,-0.04842298078106422
2.7283822226826,0.6622884514783427,0,1.656828251610088,18,0,2,5,Normal,0.02174980083304845
-0.5644786802925077,1.5698580622154303,0,0.6239573261004014,19,0,0,7,Normal,0.039292583765461186
-0.5644786802925077,-1.117944246505945,0,-1.4417845249189716,6,1,2,3,Normal,0.11923748294412134
-0.5644786802925077,1.7094841561749825,0,-0.408913599409285,14,7,1,4,Normal,0.10100872369872937
-0.5644786802925077,1.5698580622154303,0,-0.408913599409285,12,0,3,3,Normal,0.11972617761267634
1.081951771195046,0.7670080219480067,0,-1.4417845249189716,15,1,3,6,Normal,0.06701203321438831
-0.5644786802925077,1.5349515387255426,0,-1.4417845249189716,12,0,2,0,Normal,0.07440238831226953
-0.1528710674206193,1.2906058742963262,1,0.6239573261004014,1,6,1,6,Normal,0.01298178869133304
-0.5644786802925077,-0.7688790116070651,0,-0.408913599409285,7,3,2,4,Normal,0.17650385068163088
-0.5644786802925077,-1.7113551458340408,0,0.6239573261004014,8,4,4,6,Normal,0.08090829387129594
-0.5644786802925077,-0.3500007297284091,0,0.6239573261004014,22,6,3,1,Normal,0.11111823699156259
-0.5644786802925077,-1.048131199526169,0,-0.408913599409285,12,5,1,2,Normal,0.16376282064086944
-0.5644786802925077,0.2783166930895746,1,-0.408913599409285,9,3,1,2,Normal,0.07083532546182347
-0.1528710674206193,-1.292476863955385,0,1.656828251610088,10,3,0,4,Normal,0.07119534796453442
1.9051669969388227,0.7321014984581184,0,0.6239573261004014,7,2,2,1,Normal,0.09868173742282449
-0.5644786802925077,-0.8037855350969529,0,-1.4417845249189716,22,7,0,4,Normal,0.06093808957007629
1.9051669969388227,0.2085036461097985,0,1.656828251610088,15,2,4,2,Normal,0.061514585158259916
1.081951771195046,1.6745776326850943,0,0.6239573261004014,23,4,4,6,Normal,0.031082758149660772
0.258736545451269,0.8368210689277826,0,1.656828251610088,16,5,0,4,Normal,0.07235672177341645
2.7283822226826,1.1858863038266625,0,-0.408913599409285,9,2,0,4,Normal,0.05169938705774124
-0.5644786802925077,-1.397196434425049,0,-0.408913599409285,3,1,3,3,Normal,0.13098908065945736
-0.5644786802925077,1.7094841561749825,0,-0.408913599409285,7,4,3,6,Normal,0.11460155452483844
2.7283822226826,0.5575688810086785,0,0.6239573261004014,12,1,0,0,Normal,0.037897870390164234
-0.1528710674206193,0.7321014984581184,0,0.6239573261004014,13,5,4,3,Normal,0.11663302910665369
-0.5644786802925077,1.2207928273165505,1,-1.4417845249189716,13,6,1,4,Normal,0.035580277365493296
-0.5644786802925077,-1.7113551458340408,0,-1.4417845249189716,11,6,1,2,Normal,0.09073164868028094
-0.5644786802925077,0.0688775521502468,0,-0.408913599409285,12,2,2,7,Normal,0.14902453057177245
1.4935593840669343,1.7094841561749825,0,-0.408913599409285,9,7,3,7,Normal,0.015886871076198017
0.6703441583231574,-0.210374635768857,0,1.656828251610088,17,2,1,5,Normal,0.08529244478979836
-0.5644786802925077,-0.664159441137401,0,1.656828251610088,0,0,3,7,Normal,0.041067038008474
-0.5644786802925077,0.9066341159075584,1,0.6239573261004014,10,3,3,4,Normal,0.07378178960494897
-0.5644786802925077,-1.3273833874452727,0,-1.4417845249189716,20,0,1,6,Normal,0.057351457340725887
-0.5644786802925077,-0.2452811592587452,1,1.656828251610088,0,7,1,0,Suspicious,-0.016107858646720485
-0.5644786802925077,-0.489626823687961,0,1.656828251610088,17,4,0,7,Normal,0.06356314150510134
-0.5644786802925077,0.3481297400693506,0,-0.408913599409285,15,3,4,2,Normal,0.1542429989523047
-0.5644786802925077,0.8019145454378945,0,-1.4417845249189716,20,0,1,6,Normal,0.08355448047480396
-0.5644786802925077,1.2207928273165505,0,-1.4417845249189716,10,0,1,0,Normal,0.07855789107141398
-0.5644786802925077,0.4877558340289027,0,-1.4417845249189716,13,4,2,2,Normal,0.1325047484062945
-0.5644786802925077,-0.8037855350969529,0,-0.408913599409285,8,6,3,2,Normal,0.15377138970158744
-0.5644786802925077,-0.2801876827486331,0,-0.408913599409285,23,6,0,3,Normal,0.10198340602552192
-0.5644786802925077,0.3132232165794628,0,1.656828251610088,21,3,1,7,Normal,0.07540443372029704
-0.5644786802925077,1.7094841561749825,0,0.6239573261004014,15,3,2,0,Normal,0.08936691840320665
-0.5644786802925077,-0.9783181525463928,0,-1.4417845249189716,4,5,0,1,Normal,0.0800139613651063
-0.5644786802925077,0.5924754044985666,0,0.6239573261004014,9,7,2,0,Normal,0.10900100385031097
-0.5644786802925077,0.9415406393974466,0,0.6239573261004014,0,2,1,0,Normal,0.09383456202141627
-0.5644786802925077,-0.0707485418093052,1,-0.408913599409285,7,1,0,1,Normal,0.031895248402907805
-0.5644786802925077,0.1037840756401346,0,-0.408913599409285,13,4,4,0,Normal,0.11533215774734124
2.316774609810712,-1.5717290518744889,0,0.6239573261004014,1,0,1,2,Normal,0.032282131102226885
-0.5644786802925077,-0.3150942062385213,0,-0.408913599409285,23,5,2,6,Normal,0.12719457203806206
-0.5644786802925077,-1.4321029579149367,0,0.6239573261004014,14,1,3,1,Normal,0.12983012423105256
1.9051669969388227,0.9066341159075584,1,0.6239573261004014,1,3,0,3,Suspicious,-0.011853329823299119
1.4935593840669343,0.4179427870491267,0,-0.408913599409285,16,2,1,5,Normal,0.11319315700351851
-0.1528710674206193,0.0339710286603586,0,1.656828251610088,21,6,0,5,Normal,0.05689312837784366
0.258736545451269,0.8717275924176705,0,-0.408913599409285,7,3,1,1,Normal,0.12791255396007528
2.316774609810712,-0.629252917647513,0,1.656828251610088,22,0,1,2,Normal,0.015654486824336122
-0.5644786802925077,-0.1754681122789692,0,-0.408913599409285,19,3,1,7,Normal,0.12461234164639001
0.6703441583231574,-1.5368225283846009,0,1.656828251610088,0,2,3,5,Normal,0.045307639848441994
2.316774609810712,-0.908505105566617,1,-1.4417845249189716,13,1,1,5,Suspicious,-0.009996904386930794
0.258736545451269,0.2783166930895746,1,-0.408913599409285,4,6,0,4,Normal,0.02861848447546922
-0.5644786802925077,1.3953254447659904,0,1.656828251610088,22,4,3,2,Normal,0.08256597967575785
-0.5644786802925077,-0.210374635768857,1,1.656828251610088,16,0,0,7,Suspicious,-0.030646350660211374
-0.5644786802925077,-1.1528507699958328,0,0.6239573261004014,8,4,1,5,Normal,0.1473768794240118
-0.5644786802925077,-1.6415420988542648,0,-1.4417845249189716,0,7,1,7,Normal,0.02386658508047368
-0.5644786802925077,0.4528493105390145,0,-0.408913599409285,8,3,0,6,Normal,0.13388570051062448
-0.5644786802925077,1.2207928273165505,0,1.656828251610088,18,3,3,5,Normal,0.11550581468008564
-0.5644786802925077,1.0811667333569983,0,0.6239573261004014,4,1,2,6,Normal,0.13225265158125177
0.258736545451269,0.7670080219480067,0,-0.408913599409285,12,4,2,4,Normal,0.14279500566698655
-0.5644786802925077,-1.5368225283846009,0,1.656828251610088,15,5,0,0,Normal,0.045420968056685496
-0.5644786802925077,-1.6415420988542648,0,-1.4417845249189716,0,3,2,5,Normal,0.07590136065687259
-0.5644786802925077,1.0462602098671103,0,1.656828251610088,1,2,0,3,Normal,0.07951272226211736
-0.1528710674206193,-1.222663816975609,0,-0.408913599409285,0,4,2,5,Normal,0.10730964120486702
-0.5644786802925077,-0.8386920585868409,0,1.656828251610088,23,0,4,5,Normal,0.04734445499412321
-0.5644786802925077,-0.629252917647513,0,-0.408913599409285,22,1,4,0,Normal,0.08786078217149895
2.7283822226826,-0.2452811592587452,0,0.6239573261004014,12,1,2,1,Normal,0.07780955652132737
-0.5644786802925077,1.1160732568468863,0,-1.4417845249189716,9,3,1,1,Normal,0.11093755184870796
2.316774609810712,0.5924754044985666,0,0.6239573261004014,15,3,3,0,Normal,0.07770749748059291
-0.5644786802925077,-1.0132246760362809,0,-0.408913599409285,20,3,4,6,Normal,0.11535701580620461
-0.5644786802925077,1.4302319682558782,0,-0.408913599409285,5,3,0,3,Normal,0.123295943797742
-0.5644786802925077,0.4179427870491267,1,-0.408913599409285,10,0,2,4,Normal,0.061141797459605574
-0.5644786802925077,0.6971949749682306,0,0.6239573261004014,2,0,4,6,Normal,0.08126615495090128
-0.5644786802925077,-0.3849072532182971,0,-0.408913599409285,16,3,2,5,Normal,0.16429117066816284
-0.5644786802925077,1.639671109195206,1,-1.4417845249189716,23,3,2,1,Suspicious,-0.012641150658343814
0.6703441583231574,-1.3273833874452727,0,0.6239573261004014,19,4,3,0,Normal,0.075713223773336
-0.5644786802925077,0.0339710286603586,1,-0.408913599409285,4,3,1,1,Normal,0.05030880733603993
-0.5644786802925077,-1.4321029579149367,0,-0.408913599409285,8,4,2,5,Normal,0.14332815123693754
-0.5644786802925077,1.4302319682558782,0,-0.408913599409285,16,0,4,7,Normal,0.07016112544790265
-0.5644786802925077,0.9415406393974466,0,1.656828251610088,21,3,0,0,Normal,0.04945078966655003
-0.5644786802925077,-0.1754681122789692,0,-0.408913599409285,6,7,1,0,Normal,0.11038288689489678
-0.5644786802925077,-1.7113551458340408,0,0.6239573261004014,9,3,4,7,Normal,0.07613583239240662
-0.5644786802925077,-0.0358420183194171,0,1.656828251610088,7,0,2,1,Normal,0.1017524453568085
-0.5644786802925077,1.1509797803367747,0,-1.4417845249189716,14,3,2,2,Normal,0.11466148208725019
2.7283822226826,0.2085036461097985,0,-1.4417845249189716,20,7,1,6,Normal,0.003261889810303731
-0.5644786802925077,-0.524533347177849,0,-0.408913599409285,11,0,1,5,Normal,0.15180252733366795
-0.5644786802925077,1.7443906796648705,1,-0.408913599409285,10,0,0,0,Suspicious,-0.008006988054819475
-0.1528710674206193,-1.048131199526169,0,-0.408913599409285,0,5,4,7,Normal,0.06304331117095618
-0.5644786802925077,-0.8037855350969529,0,0.6239573261004014,5,4,0,2,Normal,0.11823280083286619
-0.5644786802925077,-0.908505105566617,1,1.656828251610088,11,5,0,7,Suspicious,-0.005483796758049664
2.7283822226826,-0.0707485418093052,0,-0.408913599409285,18,5,3,2,Normal,0.06389303852332484
-0.5644786802925077,-0.2801876827486331,0,-0.408913599409285,2,2,3,2,Normal,0.15385780556781553
-0.5644786802925077,-1.3273833874452727,1,-0.408913599409285,22,1,1,4,Normal,0.029936533889418637
-0.5644786802925077,-1.467009481404825,0,0.6239573261004014,21,2,4,6,Normal,0.08744138212813135
-0.5644786802925077,-1.257570340465497,0,-1.4417845249189716,0,1,1,1,Normal,0.07588974228543499
0.6703441583231574,0.7670080219480067,0,0.6239573261004014,7,1,1,1,Normal,0.10136728427124164
1.9051669969388227,1.1509797803367747,0,-0.408913599409285,2,3,3,3,Normal,0.08588699078423623
-0.5644786802925077,-0.3849072532182971,0,-0.408913599409285,4,7,4,6,Normal,0.10227988908842456
-0.5644786802925077,-1.048131199526169,0,0.6239573261004014,17,6,0,2,Normal,0.11369761017130592
0.258736545451269,-1.6066355753643766,0,0.6239573261004014,2,3,0,5,Normal,0.06374668591596222
2.7283822226826,1.5000450152356546,1,-0.408913599409285,19,3,3,4,Suspicious,-0.02580253266948318
-0.1528710674206193,-0.629252917647513,0,-0.408913599409285,10,2,3,0,Normal,0.12016889731426894
-0.5644786802925077,0.2085036461097985,0,-0.408913599409285,19,1,2,3,Normal,0.15184360057590035
-0.5644786802925077,0.7321014984581184,0,-0.408913599409285,10,1,0,7,Normal,0.09990529878327337
-0.5644786802925077,1.2906058742963262,1,0.6239573261004014,13,2,1,2,Normal,0.046262190662441194
-0.5644786802925077,-0.524533347177849,1,0.6239573261004014,22,7,0,2,Suspicious,-0.006080058984061831
-0.1528710674206193,-1.5717290518744889,0,-0.408913599409285,12,3,1,4,Normal,0.1349497061420059
-0.5644786802925077,-0.0358420183194171,1,0.6239573261004014,6,4,2,1,Normal,0.06090903251710256
1.081951771195046,0.6273819279884545,0,-0.408913599409285,18,0,3,6,Normal,0.08598682733465235
-0.5644786802925077,1.639671109195206,0,-1.4417845249189716,10,7,3,1,Normal,0.07178070606315579
-0.5644786802925077,1.4651384917457662,0,0.6239573261004014,17,0,0,7,Normal,0.05325106888879638
-0.5644786802925077,1.0113536863772226,0,-1.4417845249189716,2,0,4,7,Normal,0.035887014382428695
-0.5644786802925077,-0.908505105566617,1,-0.408913599409285,17,2,3,2,Normal,0.05590685130857276
-0.5644786802925077,-1.4321029579149367,0,0.6239573261004014,6,4,0,6,Normal,0.08881762582558106
-0.1528710674206193,0.8717275924176705,0,-0.408913599409285,20,4,3,1,Normal,0.11279274148747465
2.7283822226826,-1.5019160048947129,0,-0.408913599409285,3,1,3,5,Normal,0.026393760304429414
-0.5644786802925077,-1.117944246505945,0,-0.408913599409285,0,0,1,5,Normal,0.10267546260461236
-0.5644786802925077,0.4179427870491267,0,0.6239573261004014,0,6,3,0,Normal,0.09093603082437351
-0.5644786802925077,-0.1754681122789692,0,-1.4417845249189716,23,1,2,0,Normal,0.07309404594010349
-0.5644786802925077,0.3830362635592385,0,-0.408913599409285,5,4,2,2,Normal,0.16261735363844204
1.9051669969388227,-0.8386920585868409,0,-0.408913599409285,5,2,1,1,Normal,0.09448080074723952
2.316774609810712,-0.1056550652991931,0,-1.4417845249189716,15,6,1,0,Normal,0.031489052340353596
-0.5644786802925077,-1.6066355753643766,0,-0.408913599409285,4,1,2,1,Normal,0.1274811586110784
-0.5644786802925077,1.3255123977862149,0,0.6239573261004014,1,5,1,5,Normal,0.12001531844358904
-0.5644786802925077,0.9764471628873344,0,-0.408913599409285,18,3,3,4,Normal,0.1566419181723071
1.9051669969388227,-1.6764486223441528,0,-0.408913599409285,21,3,0,5,Normal,0.037489878486658745
-0.5644786802925077,0.2085036461097985,0,-0.408913599409285,8,1,3,2,Normal,0.15729371773620354
-0.5644786802925077,-1.7113551458340408,0,0.6239573261004014,0,3,1,6,Normal,0.07743289405417908
-0.5644786802925077,-0.7339724881171771,1,-1.4417845249189716,14,7,2,3,Normal,0.035040468110852596
-0.1528710674206193,-0.0358420183194171,0,0.6239573261004014,6,2,2,0,Normal,0.10739996499519472
-0.5644786802925077,-0.3150942062385213,0,1.656828251610088,14,2,0,2,Normal,0.08975021732146149
-0.5644786802925077,-0.1056550652991931,0,0.6239573261004014,8,5,1,3,Normal,0.15471028748256593
-0.5644786802925077,0.2783166930895746,1,0.6239573261004014,21,0,1,0,Normal,0.00022290401206037647
0.258736545451269,0.6273819279884545,0,1.656828251610088,12,6,1,6,Normal,0.09003065494853324
0.258736545451269,0.7321014984581184,0,-0.408913599409285,0,2,4,4,Normal,0.08339853166860334
2.7283822226826,1.604764585705318,0,0.6239573261004014,15,4,4,6,Normal,0.00740562142879897
-0.5644786802925077,0.2783166930895746,0,0.6239573261004014,17,0,4,3,Normal,0.1058106904635569
2.7283822226826,-1.4321029579149367,0,0.6239573261004014,21,0,2,2,Normal,0.023395563582025436
-0.5644786802925077,-0.3150942062385213,0,0.6239573261004014,3,2,3,4,Normal,0.15116446500741526
1.4935593840669343,-1.5717290518744889,0,1.656828251610088,12,6,3,6,Normal,0.03407340945177051
-0.5644786802925077,0.6273819279884545,0,-0.408913599409285,6,3,0,2,Normal,0.13410096040525693
-0.5644786802925077,0.2434101695996867,1,1.656828251610088,20,5,4,0,Suspicious,-0.01581230073582207
0.6703441583231574,0.1386905991300228,0,1.656828251610088,1,2,3,0,Normal,0.05150566316609784
-0.5644786802925077,-1.1877572934857208,0,0.6239573261004014,4,4,3,6,Normal,0.1257101468945801
0.6703441583231574,-1.4321029579149367,0,-1.4417845249189716,11,2,3,2,Normal,0.07866924974223954
-0.5644786802925077,-0.524533347177849,0,-0.408913599409285,1,4,1,5,Normal,0.14329107466758684
-0.5644786802925077,0.9415406393974466,0,-0.408913599409285,9,6,3,2,Normal,0.14505428739618254
-0.5644786802925077,-0.8386920585868409,0,0.6239573261004014,13,4,3,0,Normal,0.12810713407822344
-0.5644786802925077,0.9066341159075584,0,-1.4417845249189716,10,1,4,6,Normal,0.08108643201901189
2.7283822226826,0.8368210689277826,0,1.656828251610088,14,4,2,7,Normal,0.021722888230837567
2.316774609810712,-0.2801876827486331,0,-1.4417845249189716,19,2,2,1,Normal,0.05603137063666097
-0.5644786802925077,1.2906058742963262,0,-0.408913599409285,13,7,4,5,Normal,0.10075850301721889
-0.5644786802925077,0.9764471628873344,0,-0.408913599409285,10,3,2,3,Normal,0.16467319144020004
-0.5644786802925077,-1.397196434425049,0,-0.408913599409285,16,0,2,1,Normal,0.11902004807638511
-0.5644786802925077,-0.210374635768857,0,0.6239573261004014,2,4,1,3,Normal,0.14006095094469467
2.316774609810712,0.7670080219480067,0,0.6239573261004014,19,5,0,0,Normal,0.040744098161943576
-0.5644786802925077,0.4877558340289027,0,-0.408913599409285,13,3,0,0,Normal,0.1072985261799248
-0.5644786802925077,-0.629252917647513,0,-1.4417845249189716,4,5,4,1,Normal,0.0935406032954389
1.9051669969388227,0.1386905991300228,1,1.656828251610088,19,1,4,4,Suspicious,-0.026384735636921453
2.7283822226826,0.6273819279884545,0,0.6239573261004014,4,6,3,4,Normal,0.04763689295892348
1.4935593840669343,0.2783166930895746,0,-1.4417845249189716,16,2,3,0,Normal,0.05830416716920095
-0.5644786802925077,1.1858863038266625,1,0.6239573261004014,8,5,1,4,Normal,0.06105171657665287
-0.5644786802925077,0.4877558340289027,0,-1.4417845249189716,4,7,0,7,Normal,0.0654704271666201
-0.5644786802925077,-0.0358420183194171,0,-0.408913599409285,4,1,3,0,Normal,0.1255216206560859
2.316774609810712,-0.5943463941576251,0,-0.408913599409285,10,4,4,6,Normal,0.05576494762352702
-0.5644786802925077,0.3830362635592385,0,-1.4417845249189716,1,0,1,1,Normal,0.08572727173948735
-0.5644786802925077,-1.048131199526169,0,0.6239573261004014,10,2,1,1,Normal,0.1499954248058235
2.7283822226826,-1.048131199526169,0,-0.408913599409285,17,6,4,3,Normal,0.031534631210103026
-0.5644786802925077,-0.489626823687961,0,-0.408913599409285,4,0,1,1,Normal,0.1393447748316083
-0.5644786802925077,-0.3500007297284091,1,0.6239573261004014,8,5,1,3,Normal,0.06347613008551878
-0.5644786802925077,0.9764471628873344,0,0.6239573261004014,2,2,0,6,Normal,0.10210859700048103
-0.5644786802925077,1.7094841561749825,0,-0.408913599409285,23,5,1,3,Normal,0.09147389095064895
0.258736545451269,-0.0009354948295292,0,-1.4417845249189716,6,6,2,6,Normal,0.1147123078928135
-0.5644786802925077,-0.943411629056505,0,1.656828251610088,19,4,3,0,Normal,0.08233705011049386
-0.5644786802925077,0.7321014984581184,0,0.6239573261004014,14,6,0,3,Normal,0.1224306230990394
-0.5644786802925077,-0.210374635768857,0,1.656828251610088,18,4,3,0,Normal,0.08833434162925713
-0.5644786802925077,1.2556993508064382,0,1.656828251610088,17,1,4,0,Normal,0.06033642225469682
-0.5644786802925077,1.6745776326850943,0,0.6239573261004014,22,1,0,3,Normal,0.0609226441007531
-0.5644786802925077,-0.489626823687961,0,-1.4417845249189716,23,2,4,2,Normal,0.08247754252798933
-0.5644786802925077,-1.292476863955385,0,-0.408913599409285,6,6,1,4,Normal,0.14671944355615874
-0.5644786802925077,1.2906058742963262,1,0.6239573261004014,12,2,1,3,Normal,0.05163907610505014
-0.5644786802925077,1.0113536863772226,0,-0.408913599409285,0,4,0,0,Normal,0.07508739685514487
-0.5644786802925077,-0.664159441137401,1,1.656828251610088,2,6,1,1,Normal,0.0051142493516295184
-0.5644786802925077,-0.8037855350969529,0,0.6239573261004014,15,2,2,7,Normal,0.13046958632574912
-0.5644786802925077,0.9764471628873344,0,0.6239573261004014,20,5,2,4,Normal,0.1456820020888524
0.258736545451269,1.2207928273165505,0,0.6239573261004014,17,4,4,5,Normal,0.0844267866544055
-0.5644786802925077,-0.908505105566617,0,0.6239573261004014,6,4,2,0,Normal,0.1310911787986469
-0.5644786802925077,0.5924754044985666,0,-1.4417845249189716,8,6,2,1,Normal,0.1255488653232792
-0.5644786802925077,1.2556993508064382,0,-0.408913599409285,17,4,2,1,Normal,0.13201850792352404
-0.5644786802925077,0.4528493105390145,0,-0.408913599409285,10,5,1,2,Normal,0.16802373006965732
2.7283822226826,0.3481297400693506,0,-0.408913599409285,12,1,3,5,Normal,0.06992987309298715
-0.5644786802925077,0.7321014984581184,1,1.656828251610088,7,0,2,6,Normal,0.011345012065330451
-0.5644786802925077,1.0113536863772226,0,-0.408913599409285,5,4,1,5,Normal,0.15013208468621714
-0.5644786802925077,-0.8386920585868409,1,-0.408913599409285,22,6,1,4,Normal,0.036431297444921795
-0.5644786802925077,-0.1754681122789692,0,0.6239573261004014,19,3,2,3,Normal,0.14951272009595762
-0.5644786802925077,-0.4198137767081852,0,-1.4417845249189716,6,5,2,0,Normal,0.11317217462357904
2.316774609810712,0.3481297400693506,1,-1.4417845249189716,23,4,4,0,Suspicious,-0.0611762931688814
-0.5644786802925077,1.2556993508064382,0,1.656828251610088,18,7,0,5,Normal,0.07633283248471423
-0.5644786802925077,0.5226623575187906,0,-0.408913599409285,13,4,2,4,Normal,0.1671531588315568
-0.5644786802925077,0.2434101695996867,0,0.6239573261004014,3,0,1,7,Normal,0.09134202280907244
2.7283822226826,0.8717275924176705,0,-0.408913599409285,5,2,1,7,Normal,0.045590910984886324
-0.5644786802925077,1.0811667333569983,1,1.656828251610088,11,4,0,5,Normal,0.01722222323087197
-0.5644786802925077,1.2906058742963262,0,-1.4417845249189716,15,0,3,1,Normal,0.08527790964544057
1.081951771195046,0.1037840756401346,0,-0.408913599409285,15,2,1,3,Normal,0.14523541246425414
-0.5644786802925077,0.8019145454378945,0,-0.408913599409285,8,6,0,2,Normal,0.12564001632429517
-0.5644786802925077,-0.3849072532182971,1,1.656828251610088,5,3,1,1,Normal,0.018027456085032312
-0.5644786802925077,-1.048131199526169,0,0.6239573261004014,4,1,3,0,Normal,0.11071475579259599
-0.5644786802925077,1.1858863038266625,0,-1.4417845249189716,6,2,1,1,Normal,0.10050999418170514
-0.5644786802925077,-1.7113551458340408,0,-1.4417845249189716,1,7,2,7,Normal,0.03885348328655036
-0.5644786802925077,1.0811667333569983,0,-1.4417845249189716,15,1,0,5,Normal,0.09374194514044343
-0.5644786802925077,0.8717275924176705,1,0.6239573261004014,16,0,3,7,Normal,0.014702554335882745
-0.1528710674206193,-0.664159441137401,0,0.6239573261004014,10,5,3,1,Normal,0.1335578591036074
-0.5644786802925077,1.2906058742963262,0,0.6239573261004014,13,2,2,5,Normal,0.14448824372709312
-0.5644786802925077,-1.362289910935161,0,0.6239573261004014,22,2,1,1,Normal,0.10894079755330877
-0.5644786802925077,1.3604189212761024,0,-0.408913599409285,10,7,1,1,Normal,0.11213741197481225
-0.5644786802925077,-0.7339724881171771,0,0.6239573261004014,3,7,3,5,Normal,0.11560348056546405
-0.5644786802925077,-0.9783181525463928,0,-0.408913599409285,8,2,2,7,Normal,0.144408455527481
2.316774609810712,0.4179427870491267,0,0.6239573261004014,15,4,2,1,Normal,0.09733378511581348
1.4935593840669343,1.0113536863772226,0,0.6239573261004014,12,1,1,1,Normal,0.10313148118783999
0.258736545451269,0.9066341159075584,1,0.6239573261004014,0,2,4,6,Suspicious,-0.009557375035899152
0.6703441583231574,-1.048131199526169,0,1.656828251610088,11,4,0,6,Normal,0.0454436362285382
-0.5644786802925077,-0.5594398706677371,0,1.656828251610088,20,1,4,3,Normal,0.0941232593991439
-0.5644786802925077,-0.3500007297284091,1,1.656828251610088,11,3,2,2,Normal,0.04233249499044256
1.9051669969388227,-1.6764486223441528,0,1.656828251610088,7,3,0,6,Normal,0.009718997923713557
-0.5644786802925077,-1.5717290518744889,0,-0.408913599409285,22,1,4,0,Normal,0.06915002449635921
0.258736545451269,1.6745776326850943,0,-1.4417845249189716,7,2,2,4,Normal,0.08299137137872392
-0.5644786802925077,-0.6990659646272891,0,-0.408913599409285,21,6,0,0,Normal,0.08319902443577032
-0.5644786802925077,1.3604189212761024,1,1.656828251610088,4,5,1,7,Normal,0.004687496696131888
-0.5644786802925077,0.3481297400693506,0,1.656828251610088,15,1,2,2,Normal,0.11880075677968482
2.316774609810712,0.5924754044985666,0,1.656828251610088,20,6,4,7,Suspicious,-0.007521482291241055
-0.5644786802925077,-0.0358420183194171,0,-1.4417845249189716,1,3,1,4,Normal,0.11891830012192373
-0.1528710674206193,0.1037840756401346,0,0.6239573261004014,15,0,4,1,Normal,0.09008335583778881
0.6703441583231574,-1.7462616693239288,0,0.6239573261004014,2,7,3,5,Normal,0.05615767200139987
-0.5644786802925077,0.0339710286603586,0,-0.408913599409285,4,6,4,2,Normal,0.12954386220536002
-0.5644786802925077,0.6273819279884545,0,-0.408913599409285,12,0,3,6,Normal,0.1319670254095493
2.316774609810712,1.5000450152356546,0,-0.408913599409285,5,1,2,1,Normal,0.0496338832489005
2.7283822226826,0.2434101695996867,0,-1.4417845249189716,15,1,2,5,Normal,0.04149128468317553
-0.5644786802925077,-0.3500007297284091,0,0.6239573261004014,15,5,2,5,Normal,0.15885749320239428
1.9051669969388227,-0.4198137767081852,0,0.6239573261004014,19,0,4,6,Normal,0.05369719814831053
0.6703441583231574,-1.3273833874452727,0,0.6239573261004014,22,1,1,0,Normal,0.058916394061492516
-0.5644786802925077,0.8019145454378945,0,0.6239573261004014,15,7,2,4,Normal,0.13675447804903157
-0.5644786802925077,-0.1754681122789692,0,-0.408913599409285,5,1,1,7,Normal,0.13223144772934214
-0.5644786802925077,0.1735971226199107,0,1.656828251610088,6,6,1,5,Normal,0.11881171909482713
-0.5644786802925077,0.2783166930895746,0,-0.408913599409285,11,3,3,3,Normal,0.17117649393990847
-0.5644786802925077,-1.5019160048947129,0,-0.408913599409285,21,1,1,6,Normal,0.10585163225253336
2.316774609810712,0.9066341159075584,0,-0.408913599409285,15,4,1,6,Normal,0.07952919158117011
-0.5644786802925077,-1.1877572934857208,0,-0.408913599409285,8,6,3,4,Normal,0.14743326526063932
-0.5644786802925077,1.3604189212761024,0,-0.408913599409285,18,2,1,4,Normal,0.1469196215182914
0.6703441583231574,-1.7113551458340408,0,-1.4417845249189716,0,5,4,6,Normal,0.022712058748310837
0.6703441583231574,-0.7339724881171771,0,0.6239573261004014,2,6,3,3,Normal,0.10299729787819634
-0.5644786802925077,-0.629252917647513,0,-0.408913599409285,1,3,0,7,Normal,0.09320040964519039
-0.5644786802925077,1.3255123977862149,1,0.6239573261004014,5,4,4,6,Normal,0.01765983673933702
-0.5644786802925077,1.0811667333569983,0,-0.408913599409285,5,6,2,6,Normal,0.14135595031906856
-0.5644786802925077,-1.222663816975609,0,-1.4417845249189716,18,7,4,1,Normal,0.06330379646072892
-0.5644786802925077,-1.5717290518744889,0,0.6239573261004014,12,0,3,7,Normal,0.07980855103023143
-0.5644786802925077,-1.222663816975609,0,-0.408913599409285,21,6,3,4,Normal,0.12388863617256007
-0.5644786802925077,1.604764585705318,0,0.6239573261004014,18,3,0,2,Normal,0.09233884003525084
-0.5644786802925077,-0.489626823687961,0,-1.4417845249189716,21,1,3,3,Normal,0.1069234707396639
-0.5644786802925077,-1.6415420988542648,1,0.6239573261004014,17,0,1,2,Normal,0.01995494727002589
-0.5644786802925077,-1.5717290518744889,0,-1.4417845249189716,3,5,0,3,Normal,0.0628546164338305
-0.5644786802925077,0.7670080219480067,0,0.6239573261004014,2,4,1,3,Normal,0.13295645370944442
0.6703441583231574,-1.6764486223441528,0,-1.4417845249189716,21,4,3,2,Normal,0.05330002196306116
-0.5644786802925077,0.5226623575187906,0,-0.408913599409285,14,4,2,1,Normal,0.1508771924241219
-0.5644786802925077,1.4302319682558782,0,1.656828251610088,14,7,2,1,Normal,0.07957758833631035
2.316774609810712,-0.1754681122789692,0,0.6239573261004014,9,2,3,2,Normal,0.09903133357086646
-0.5644786802925077,0.6622884514783427,0,-1.4417845249189716,10,0,1,7,Normal,0.08333640008018561
-0.5644786802925077,1.2556993508064382,0,-1.4417845249189716,8,7,2,6,Normal,0.0906891107446468
-0.5644786802925077,1.4302319682558782,1,-1.4417845249189716,0,4,0,2,Normal,0.0006208459314100967
-0.5644786802925077,-1.5019160048947129,0,-1.4417845249189716,9,6,0,0,Normal,0.05596138861244637
2.316774609810712,-1.3273833874452727,0,-1.4417845249189716,8,3,1,7,Normal,0.02252379728603615
1.4935593840669343,-0.873598582076729,0,-1.4417845249189716,22,6,2,7,Normal,0.03904306510623079
-0.5644786802925077,1.0811667333569983,0,-0.408913599409285,14,6,3,7,Normal,0.11842203601413814
-0.5644786802925077,-1.467009481404825,0,-0.408913599409285,1,7,1,5,Normal,0.09836341947979965
2.316774609810712,0.5924754044985666,0,-1.4417845249189716,19,7,4,7,Normal,0.00044041407253325726
-0.5644786802925077,-1.6764486223441528,0,-0.408913599409285,19,5,0,1,Normal,0.07920346408132117
-0.5644786802925077,0.1037840756401346,0,-1.4417845249189716,0,4,3,7,Normal,0.08600186904649632
-0.5644786802925077,-0.7688790116070651,0,-0.408913599409285,5,1,3,0,Normal,0.12374895404055597
-0.5644786802925077,0.8368210689277826,1,0.6239573261004014,10,3,2,5,Normal,0.07300073239583871
-0.5644786802925077,0.9764471628873344,0,-0.408913599409285,20,3,2,1,Normal,0.1343271180300019
-0.5644786802925077,-0.8037855350969529,0,-0.408913599409285,13,0,0,1,Normal,0.11236798994027752
-0.5644786802925077,-1.257570340465497,0,0.6239573261004014,14,6,1,6,Normal,0.12461719995856957
2.7283822226826,-1.6415420988542648,0,1.656828251610088,20,3,4,1,Suspicious,-0.003959316001962421
-0.5644786802925077,1.4302319682558782,0,-0.408913599409285,16,1,3,7,Normal,0.10416054658014462
-0.5644786802925077,-0.1405615887890813,1,0.6239573261004014,8,3,0,1,Normal,0.03133270155292778
-0.5644786802925077,0.6971949749682306,0,0.6239573261004014,6,2,0,2,Normal,0.12409992590563895
-0.5644786802925077,-0.943411629056505,0,-0.408913599409285,20,2,2,7,Normal,0.11973494477509566
-0.5644786802925077,0.1386905991300228,0,-1.4417845249189716,6,2,4,4,Normal,0.11049257473230761
2.316774609810712,0.3481297400693506,1,1.656828251610088,1,4,1,3,Suspicious,-0.02666351210942386
-0.5644786802925077,1.0811667333569983,0,0.6239573261004014,13,3,0,7,Normal,0.09773980149983297
-0.5644786802925077,1.2207928273165505,0,-0.408913599409285,21,7,1,5,Normal,0.10762421015856322
1.4935593840669343,-0.210374635768857,0,-1.4417845249189716,17,4,4,5,Normal,0.06708613884784076
0.258736545451269,0.6971949749682306,0,0.6239573261004014,16,1,1,4,Normal,0.11886631165223804
-0.1528710674206193,0.9764471628873344,0,-0.408913599409285,5,3,3,4,Normal,0.13828612823240416
-0.5644786802925077,0.3830362635592385,1,0.6239573261004014,21,3,3,1,Normal,0.03933019909884761
2.7283822226826,1.7094841561749825,0,1.656828251610088,5,4,2,1,Normal,0.007206616972521895
-0.5644786802925077,0.0339710286603586,0,-1.4417845249189716,8,1,4,6,Normal,0.09459783023813595
-0.5644786802925077,1.5349515387255426,0,1.656828251610088,8,2,0,0,Normal,0.04670898868564599
0.6703441583231574,-1.292476863955385,0,-0.408913599409285,10,5,0,2,Normal,0.080715433412193
-0.1528710674206193,0.6971949749682306,0,0.6239573261004014,18,3,3,6,Normal,0.1268003234257507
-0.5644786802925077,-0.3150942062385213,0,0.6239573261004014,18,5,0,0,Normal,0.09983807471442763
-0.5644786802925077,-0.7688790116070651,0,0.6239573261004014,14,7,3,6,Normal,0.11264808953012229
-0.5644786802925077,0.8019145454378945,0,-1.4417845249189716,22,4,2,7,Normal,0.10086246141213684
-0.5644786802925077,-0.908505105566617,0,-1.4417845249189716,19,4,4,4,Normal,0.0982172165646521
-0.1528710674206193,-0.0009354948295292,1,0.6239573261004014,13,1,1,2,Normal,0.044010425726596525
-0.5644786802925077,1.1160732568468863,0,1.656828251610088,9,3,3,4,Normal,0.1289096678311088
1.4935593840669343,-0.8037855350969529,0,-0.408913599409285,11,1,0,7,Normal,0.06602993299252125
-0.5644786802925077,-1.3273833874452727,0,-0.408913599409285,10,6,0,0,Normal,0.0900721302575812
-0.5644786802925077,0.7670080219480067,0,0.6239573261004014,22,6,2,4,Normal,0.12469642957208116
-0.5644786802925077,0.1037840756401346,0,-1.4417845249189716,17,2,4,2,Normal,0.10848057882059631
-0.5644786802925077,1.1509797803367747,0,0.6239573261004014,1,3,0,1,Normal,0.0957703301539683
0.258736545451269,-0.943411629056505,0,1.656828251610088,21,1,3,2,Normal,0.07601558396867925
-0.5644786802925077,1.1160732568468863,0,1.656828251610088,18,7,2,5,Normal,0.09751758433174618
-0.5644786802925077,0.3481297400693506,0,-1.4417845249189716,16,7,2,4,Normal,0.12477653837174474
2.7283822226826,-0.3849072532182971,0,-0.408913599409285,15,6,4,5,Normal,0.03140636086335491
1.081951771195046,-0.1754681122789692,0,0.6239573261004014,16,7,3,7,Normal,0.08278373829424401
-0.5644786802925077,0.7321014984581184,0,0.6239573261004014,10,6,1,7,Normal,0.12253921105920618
-0.5644786802925077,-0.5943463941576251,1,0.6239573261004014,14,6,0,7,Normal,0.018062940201390543
-0.5644786802925077,0.3132232165794628,0,-0.408913599409285,0,5,2,5,Normal,0.13908281999823136
-0.5644786802925077,-0.489626823687961,1,1.656828251610088,17,2,0,0,Suspicious,-0.01243826390616487
-0.5644786802925077,-0.2801876827486331,0,0.6239573261004014,4,4,0,5,Normal,0.12626303986517912
2.316774609810712,0.2434101695996867,0,-1.4417845249189716,14,4,2,1,Normal,0.05676257310466182
-0.5644786802925077,-0.7339724881171771,0,-1.4417845249189716,13,4,1,3,Normal,0.14001163272022304
-0.1528710674206193,1.5349515387255426,0,-0.408913599409285,0,0,1,6,Normal,0.06066053793428794
-0.5644786802925077,1.2556993508064382,0,-0.408913599409285,22,1,2,3,Normal,0.12660161171300333
-0.5644786802925077,0.4528493105390145,0,-0.408913599409285,0,6,2,0,Normal,0.10529115697990604
-0.5644786802925077,1.5698580622154303,0,-1.4417845249189716,13,6,0,7,Normal,0.06371338723187625
0.258736545451269,1.5698580622154303,1,1.656828251610088,3,0,0,1,Suspicious,-0.04231765644184449
-0.5644786802925077,-1.292476863955385,0,-0.408913599409285,19,5,2,6,Normal,0.12355881171937055
-0.5644786802925077,0.1386905991300228,0,0.6239573261004014,6,3,2,3,Normal,0.16694334265858635
-0.5644786802925077,1.5698580622154303,0,0.6239573261004014,19,2,0,0,Normal,0.05897632495919258
-0.5644786802925077,0.1735971226199107,0,-0.408913599409285,11,7,3,6,Normal,0.1393511984824865
-0.5644786802925077,-0.524533347177849,0,-0.408913599409285,13,6,3,0,Normal,0.12488136788198978
-0.5644786802925077,1.5000450152356546,0,1.656828251610088,21,7,4,7,Normal,0.01975753967102678
0.6703441583231574,0.4179427870491267,0,-0.408913599409285,11,1,1,0,Normal,0.10724179574756432
-0.1528710674206193,1.604764585705318,0,-1.4417845249189716,3,0,3,0,Normal,0.04844181037536299
-0.5644786802925077,0.9764471628873344,0,0.6239573261004014,17,2,4,3,Normal,0.12422659446116358
0.6703441583231574,1.1160732568468863,0,-0.408913599409285,2,0,2,4,Normal,0.09248445764877122
1.081951771195046,0.8368210689277826,0,0.6239573261004014,5,0,3,4,Normal,0.08208174135404045
-0.5644786802925077,0.6273819279884545,0,-0.408913599409285,15,1,3,2,Normal,0.14978647060358086
-0.5644786802925077,-1.7462616693239288,0,-0.408913599409285,1,0,2,0,Normal,0.07600566967972777
-0.5644786802925077,-1.1528507699958328,0,1.656828251610088,10,1,2,2,Normal,0.11978255342714605
-0.5644786802925077,-1.048131199526169,0,-0.408913599409285,23,0,2,3,Normal,0.11932542783802741
-0.5644786802925077,1.2906058742963262,0,-0.408913599409285,8,6,0,6,Normal,0.1075624526407088
-0.5644786802925077,1.5698580622154303,0,1.656828251610088,17,4,4,5,Normal,0.07325815815789427
1.081951771195046,-0.0358420183194171,0,-0.408913599409285,7,1,1,7,Normal,0.09718257438036026
-0.5644786802925077,-0.629252917647513,0,0.6239573261004014,8,3,0,7,Normal,0.10215838102956121
1.081951771195046,0.8717275924176705,0,-0.408913599409285,0,7,1,3,Normal,0.07478639261400988
0.258736545451269,-0.0358420183194171,0,-0.408913599409285,2,1,3,5,Normal,0.1226673476118243
-0.5644786802925077,-1.397196434425049,0,0.6239573261004014,22,4,1,1,Normal,0.10779874239029458
-0.5644786802925077,-0.8037855350969529,0,0.6239573261004014,2,5,4,6,Normal,0.1062657678161592
1.4935593840669343,0.0339710286603586,0,1.656828251610088,12,0,0,3,Normal,0.0376083773746505
-0.5644786802925077,-0.9783181525463928,0,-0.408913599409285,19,1,4,7,Normal,0.09276046047186592
-0.5644786802925077,-0.6990659646272891,0,-1.4417845249189716,22,6,4,3,Normal,0.08494102929749314
-0.5644786802925077,1.4651384917457662,0,-1.4417845249189716,21,0,2,5,Normal,0.08297729251943997
-0.1528710674206193,1.4651384917457662,0,-1.4417845249189716,22,3,3,6,Normal,0.07386198125807497
1.9051669969388227,1.3953254447659904,0,-0.408913599409285,12,6,4,6,Normal,0.04149225877643137
1.4935593840669343,0.0339710286603586,0,0.6239573261004014,21,1,3,0,Normal,0.07121137848647785
-0.5644786802925077,1.1160732568468863,0,-0.408913599409285,7,7,1,5,Normal,0.12916997009426884
1.9051669969388227,0.8368210689277826,0,0.6239573261004014,5,5,4,1,Normal,0.05543629964065899
-0.5644786802925077,-1.048131199526169,0,-1.4417845249189716,13,1,4,2,Normal,0.10113445773466878
-0.1528710674206193,-0.210374635768857,0,-0.408913599409285,22,5,0,7,Normal,0.08299809072284592
2.316774609810712,-1.7462616693239288,0,-0.408913599409285,1,4,2,7,Normal,0.015695391773653644
-0.5644786802925077,1.2207928273165505,0,1.656828251610088,3,0,2,3,Normal,0.10068137050894432
-0.5644786802925077,0.9764471628873344,0,-0.408913599409285,17,2,2,5,Normal,0.1569279289644222
-0.5644786802925077,1.6745776326850943,0,0.6239573261004014,8,4,0,3,Normal,0.0980280215645214
-0.5644786802925077,1.7094841561749825,0,-1.4417845249189716,17,5,1,1,Normal,0.07479197863393705
-0.5644786802925077,-0.5943463941576251,0,-1.4417845249189716,10,6,1,6,Normal,0.1329934744296961
1.4935593840669343,0.4528493105390145,0,-0.408913599409285,11,6,4,1,Normal,0.07975660669842954
-0.1528710674206193,-0.1754681122789692,0,-0.408913599409285,17,6,0,0,Normal,0.09049115591388479
-0.5644786802925077,-1.362289910935161,0,-1.4417845249189716,16,7,4,2,Normal,0.07326266047816576
-0.5644786802925077,-0.0358420183194171,1,-0.408913599409285,4,6,4,5,Normal,0.04825726789264251
-0.5644786802925077,-0.2452811592587452,0,0.6239573261004014,4,7,1,7,Normal,0.09112181228146898
-0.5644786802925077,0.7670080219480067,0,-0.408913599409285,19,6,2,2,Normal,0.1417537730399852
-0.5644786802925077,-0.664159441137401,1,-0.408913599409285,2,2,0,0,Suspicious,-0.0003815523245374042
0.6703441583231574,-1.048131199526169,0,-1.4417845249189716,9,7,3,4,Normal,0.08074750771533201
2.7283822226826,-1.6066355753643766,0,-1.4417845249189716,7,2,0,2,Normal,0.0009947093710254151
-0.5644786802925077,-0.664159441137401,1,-0.408913599409285,15,5,3,2,Normal,0.06729270188197367
2.7283822226826,-0.873598582076729,0,-0.408913599409285,5,7,3,1,Normal,0.030799751874147185
-0.5644786802925077,1.6745776326850943,0,-0.408913599409285,1,7,2,5,Normal,0.08564282308037574
1.9051669969388227,1.2906058742963262,0,-0.408913599409285,22,3,1,4,Normal,0.07240550143781321
2.316774609810712,0.4179427870491267,0,-1.4417845249189716,17,0,4,6,Normal,0.003355866260950857
-0.5644786802925077,0.3132232165794628,0,-0.408913599409285,2,7,4,7,Normal,0.07538698471979721
-0.5644786802925077,-0.3150942062385213,0,0.6239573261004014,4,2,0,6,Normal,0.11810289430190796
1.4935593840669343,-0.9783181525463928,0,-1.4417845249189716,15,7,2,2,Normal,0.061908966945556476
-0.5644786802925077,-0.2801876827486331,1,1.656828251610088,19,0,3,5,Normal,0.006213241638328482
-0.5644786802925077,1.5698580622154303,0,-1.4417845249189716,19,6,2,1,Normal,0.07398066749183341
1.9051669969388227,1.4651384917457662,0,1.656828251610088,15,0,3,0,Normal,0.012363475264347557
-0.5644786802925077,-1.5717290518744889,0,-1.4417845249189716,14,6,1,3,Normal,0.10669217616158916
-0.5644786802925077,1.604764585705318,0,0.6239573261004014,11,2,4,5,Normal,0.09747321157679523
-0.5644786802925077,-0.0707485418093052,0,0.6239573261004014,10,3,2,2,Normal,0.16985147673788403
-0.5644786802925077,-1.6066355753643766,0,-1.4417845249189716,7,7,0,2,Normal,0.04903876282445174
-0.5644786802925077,1.5349515387255426,0,1.656828251610088,7,2,4,4,Normal,0.08852461135636636
-0.5644786802925077,-1.5368225283846009,0,0.6239573261004014,7,7,1,1,Normal,0.09844123778437708
-0.5644786802925077,-1.5019160048947129,0,0.6239573261004014,5,1,1,4,Normal,0.12618027086660438
0.6703441583231574,-1.048131199526169,1,0.6239573261004014,23,7,1,1,Suspicious,-0.01943393927771031
-0.5644786802925077,1.4302319682558782,1,0.6239573261004014,0,6,0,5,Normal,0.010523871043287225
-0.5644786802925077,-0.664159441137401,1,0.6239573261004014,6,6,2,2,Normal,0.06403977676787576
-0.5644786802925077,0.2434101695996867,0,-1.4417845249189716,0,5,1,7,Normal,0.08160412627906521
-0.5644786802925077,-1.1528507699958328,0,-0.408913599409285,12,6,2,5,Normal,0.14989683689527666
-0.5644786802925077,-1.083037723016057,0,-0.408913599409285,7,4,0,5,Normal,0.1334409581224405
2.7283822226826,-1.362289910935161,0,-0.408913599409285,14,2,1,2,Normal,0.05654760266680403
-0.5644786802925077,-0.3500007297284091,0,-1.4417845249189716,17,2,3,4,Normal,0.1339792543920959
2.7283822226826,0.1735971226199107,0,-0.408913599409285,8,2,0,5,Normal,0.05555456739116427
0.6703441583231574,-1.6066355753643766,0,-1.4417845249189716,6,4,0,4,Normal,0.04250808954019636
-0.5644786802925077,0.6622884514783427,1,-1.4417845249189716,9,5,4,0,Normal,0.0051540661749570615
-0.5644786802925077,-0.1056550652991931,0,0.6239573261004014,7,3,1,4,Normal,0.15943398003615517
0.258736545451269,-0.5594398706677371,0,0.6239573261004014,10,3,2,2,Normal,0.1513344600986351
-0.1528710674206193,-1.117944246505945,0,0.6239573261004014,0,3,2,7,Normal,0.08979237040154686
1.9051669969388227,0.8368210689277826,0,1.656828251610088,4,5,0,6,Normal,0.020449103883628417
2.7283822226826,0.5226623575187906,1,-1.4417845249189716,16,5,3,0,Suspicious,-0.03801503185212374
-0.5644786802925077,0.3132232165794628,1,-0.408913599409285,19,7,4,7,Normal,0.007042269365047038
-0.5644786802925077,1.4651384917457662,0,-1.4417845249189716,20,3,3,2,Normal,0.09003028244135702
-0.1528710674206193,-0.0009354948295292,1,0.6239573261004014,19,1,4,3,Normal,0.017458234813320428
-0.5644786802925077,-1.6764486223441528,0,1.656828251610088,6,1,1,2,Normal,0.07927152985167674
-0.5644786802925077,-0.1056550652991931,0,1.656828251610088,23,1,4,1,Normal,0.06676068411451641
-0.5644786802925077,0.2085036461097985,0,1.656828251610088,11,5,1,3,Normal,0.13903091053915562
1.4935593840669343,-0.8037855350969529,0,-0.408913599409285,13,7,4,3,Normal,0.07825036896122572
-0.5644786802925077,-0.524533347177849,0,1.656828251610088,10,0,2,0,Normal,0.08391205640040467
-0.5644786802925077,1.4651384917457662,1,1.656828251610088,1,7,1,5,Suspicious,-0.00785402869410512
-0.5644786802925077,1.6745776326850943,0,-0.408913599409285,11,2,1,5,Normal,0.1344314371066056
-0.5644786802925077,-0.629252917647513,1,-0.408913599409285,9,1,4,6,Normal,0.0381957060235375
-0.5644786802925077,0.9764471628873344,1,-1.4417845249189716,20,6,4,3,Normal,0.010676726369053147
-0.5644786802925077,-0.210374635768857,1,-0.408913599409285,0,1,2,3,Normal,0.044018842398865
0.258736545451269,1.0811667333569983,0,-0.408913599409285,13,0,0,2,Normal,0.0744758279627491
-0.5644786802925077,-0.7339724881171771,1,0.6239573261004014,22,5,0,7,Suspicious,-0.002071220887386316
-0.5644786802925077,1.2556993508064382,0,0.6239573261004014,23,0,2,4,Normal,0.1066519698924025
-0.5644786802925077,1.2556993508064382,0,-0.408913599409285,15,4,1,2,Normal,0.15076399876189966
1.081951771195046,-1.6764486223441528,0,-0.408913599409285,19,1,3,4,Normal,0.08186376689272246
-0.5644786802925077,1.4651384917457662,0,-1.4417845249189716,20,0,3,5,Normal,0.07831974732422942
-0.5644786802925077,1.4651384917457662,0,-0.408913599409285,0,2,3,5,Normal,0.10573920797346303
2.7283822226826,-1.397196434425049,1,-0.408913599409285,19,3,4,3,Suspicious,-0.0288951709612284
-0.5644786802925077,-0.943411629056505,0,-0.408913599409285,9,7,4,3,Normal,0.11718992922951188
-0.5644786802925077,-0.0707485418093052,0,0.6239573261004014,22,6,1,3,Normal,0.12508978228562778
-0.5644786802925077,-1.5368225283846009,1,1.656828251610088,0,5,0,5,Suspicious,-0.02098176310650912
2.7283822226826,0.3481297400693506,0,-1.4417845249189716,14,6,3,6,Normal,0.025944714708329597
2.316774609810712,0.9764471628873344,0,1.656828251610088,13,4,4,0,Normal,0.012413852896966615
1.4935593840669343,1.7443906796648705,0,1.656828251610088,14,3,4,4,Normal,0.03342521779327767
-0.5644786802925077,-1.222663816975609,0,0.6239573261004014,4,1,4,5,Normal,0.10412930266312104
-0.5644786802925077,0.4528493105390145,0,-1.4417845249189716,6,7,2,7,Normal,0.10417762651997997
-0.5644786802925077,-1.083037723016057,0,0.6239573261004014,20,1,1,4,Normal,0.1283226669388684
-0.5644786802925077,0.3132232165794628,0,0.6239573261004014,19,3,1,6,Normal,0.13849721701127593
-0.5644786802925077,1.1858863038266625,1,0.6239573261004014,19,3,2,7,Normal,0.031051064248446614
-0.5644786802925077,-0.873598582076729,1,0.6239573261004014,17,3,4,4,Normal,0.035358115279276014
-0.5644786802925077,0.3830362635592385,0,-1.4417845249189716,8,0,4,4,Normal,0.08342615775512696
-0.5644786802925077,0.1037840756401346,0,1.656828251610088,7,1,4,3,Normal,0.10008250386909023
-0.5644786802925077,1.4302319682558782,0,-1.4417845249189716,8,3,1,2,Normal,0.11411457231068611
-0.1528710674206193,-1.5368225283846009,0,-0.408913599409285,7,6,1,2,Normal,0.11028677750377974
-0.5644786802925077,1.5698580622154303,0,-0.408913599409285,14,2,2,4,Normal,0.13884788610102722
-0.5644786802925077,1.4302319682558782,0,0.6239573261004014,16,1,2,2,Normal,0.1278691703835254
0.6703441583231574,0.7321014984581184,0,0.6239573261004014,17,2,3,3,Normal,0.12411183695112893
-0.1528710674206193,-0.1405615887890813,0,-0.408913599409285,2,6,0,1,Normal,0.09332909568753955
-0.5644786802925077,0.1386905991300228,0,0.6239573261004014,6,1,1,1,Normal,0.13929161402448886
-0.5644786802925077,1.1160732568468863,0,-0.408913599409285,11,4,1,2,Normal,0.1565020816084014
-0.5644786802925077,1.1509797803367747,0,-0.408913599409285,7,3,3,0,Normal,0.12847701597608635
2.7283822226826,-0.524533347177849,0,-1.4417845249189716,2,4,0,6,Normal,0.008002175493146857
2.7283822226826,-1.397196434425049,1,1.656828251610088,4,1,0,3,Suspicious,-0.05835091080561616
1.081951771195046,1.0462602098671103,0,-0.408913599409285,15,2,0,2,Normal,0.09038189502760807
1.9051669969388227,-0.4547203001980731,1,1.656828251610088,19,6,4,2,Suspicious,-0.03400062434097273
-0.5644786802925077,-0.2452811592587452,0,-0.408913599409285,12,5,2,5,Normal,0.1721668177370717
-0.5644786802925077,-0.7339724881171771,0,-1.4417845249189716,5,5,4,2,Normal,0.10387001104365567
-0.5644786802925077,-1.5019160048947129,0,-0.408913599409285,2,0,1,1,Normal,0.10465244748688096
-0.5644786802925077,0.7670080219480067,0,-0.408913599409285,13,5,3,3,Normal,0.1584449342481643
2.7283822226826,0.9764471628873344,0,-0.408913599409285,10,1,3,4,Normal,0.05900095277289341
-0.5644786802925077,0.8717275924176705,0,1.656828251610088,21,6,3,0,Normal,0.06694557506570498
2.7283822226826,-1.0132246760362809,0,-1.4417845249189716,1,1,3,0,Suspicious,-0.0014332147194934253
-0.5644786802925077,0.8019145454378945,0,-0.408913599409285,14,0,1,5,Normal,0.14207547853990138
0.6703441583231574,-1.117944246505945,0,-0.408913599409285,2,1,3,1,Normal,0.09994759307100953
-0.5644786802925077,0.7670080219480067,0,1.656828251610088,2,6,4,7,Normal,0.06086343147130013
-0.5644786802925077,1.2556993508064382,0,-1.4417845249189716,10,2,1,0,Normal,0.0921732483389196
-0.5644786802925077,-1.4321029579149367,1,1.656828251610088,13,7,2,5,Normal,0.012214541923868505
2.316774609810712,1.4651384917457662,1,0.6239573261004014,23,4,0,1,Suspicious,-0.05159095679758896
-0.5644786802925077,0.1386905991300228,1,-1.4417845249189716,22,6,2,6,Normal,0.033041935629464225
-0.5644786802925077,-1.6415420988542648,1,-0.408913599409285,10,1,1,2,Normal,0.04041994902240065
-0.5644786802925077,-1.5019160048947129,0,-0.408913599409285,16,0,0,7,Normal,0.05412267569435958
-0.5644786802925077,-0.5594398706677371,0,1.656828251610088,0,5,2,7,Normal,0.0790937833717894
-0.1528710674206193,-1.6764486223441528,1,1.656828251610088,20,6,0,2,Suspicious,-0.029930527747627944
-0.5644786802925077,0.0339710286603586,0,-0.408913599409285,16,7,1,5,Normal,0.14726772030209695
-0.5644786802925077,0.5226623575187906,0,-1.4417845249189716,12,6,0,6,Normal,0.10144975004923162
-0.5644786802925077,-0.4198137767081852,1,-1.4417845249189716,22,5,1,2,Normal,0.013088776356895315
-0.5644786802925077,-1.048131199526169,0,-1.4417845249189716,23,1,0,3,Normal,0.0626286301698945
-0.5644786802925077,1.0462602098671103,0,-0.408913599409285,4,3,0,7,Normal,0.0986532288845503
-0.5644786802925077,-1.1877572934857208,0,-0.408913599409285,22,0,0,3,Normal,0.08077008428705279
-0.5644786802925077,1.0462602098671103,0,-0.408913599409285,1,3,0,6,Normal,0.10826151925120475
-0.5644786802925077,-0.8386920585868409,0,-1.4417845249189716,19,6,1,4,Normal,0.113657323195401
2.7283822226826,-1.7462616693239288,0,0.6239573261004014,0,0,1,6,Suspicious,-0.0011391653384310585
-0.5644786802925077,0.3481297400693506,1,0.6239573261004014,3,0,1,0,Normal,0.01338170671931782
1.4935593840669343,-0.4198137767081852,1,-0.408913599409285,10,3,2,5,Normal,0.04258768708406668
2.7283822226826,1.2556993508064382,0,-0.408913599409285,20,3,3,0,Normal,0.024218279621645245
-0.5644786802925077,1.4302319682558782,0,-0.408913599409285,1,3,1,0,Normal,0.10122590926837949
-0.5644786802925077,-1.6764486223441528,0,1.656828251610088,19,6,0,5,Normal,0.05535683010009962
-0.5644786802925077,1.0811667333569983,0,0.6239573261004014,16,0,1,3,Normal,0.13077795089922611
-0.5644786802925077,-1.048131199526169,0,-1.4417845249189716,19,2,4,7,Normal,0.07360447003853254
-0.5644786802925077,-1.048131199526169,0,-1.4417845249189716,22,3,0,6,Normal,0.06754333580711391
0.258736545451269,-1.6066355753643766,0,-1.4417845249189716,4,4,4,5,Normal,0.04317007458418076
-0.5644786802925077,-0.1754681122789692,1,-0.408913599409285,13,7,1,5,Normal,0.05546671645374701
1.4935593840669343,1.6745776326850943,0,0.6239573261004014,15,7,1,7,Normal,0.018598301207217727
-0.5644786802925077,-0.9783181525463928,0,-0.408913599409285,4,7,1,3,Normal,0.13446583027031428
-0.5644786802925077,0.3481297400693506,0,-0.408913599409285,13,1,2,5,Normal,0.1621818201401451
-0.5644786802925077,-0.664159441137401,0,-1.4417845249189716,16,0,2,6,Normal,0.0930451051583625
-0.5644786802925077,-0.4198137767081852,0,1.656828251610088,17,2,0,4,Normal,0.0970715749518597
-0.5644786802925077,0.9764471628873344,0,0.6239573261004014,15,4,2,4,Normal,0.15591088275049098
2.316774609810712,-1.397196434425049,0,-0.408913599409285,20,4,0,2,Normal,0.03383905000210863
-0.5644786802925077,0.8019145454378945,0,0.6239573261004014,21,2,3,4,Normal,0.13937250150122632
2.7283822226826,-1.6066355753643766,0,-0.408913599409285,8,7,3,7,Suspicious,-0.0018560563194950364
-0.5644786802925077,0.6971949749682306,0,-0.408913599409285,17,1,0,0,Normal,0.09288699450679505
-0.1528710674206193,-0.5943463941576251,0,-0.408913599409285,7,2,1,1,Normal,0.14267413958917102
-0.5644786802925077,0.6971949749682306,0,0.6239573261004014,10,0,2,3,Normal,0.1337131847219339
-0.5644786802925077,-0.8037855350969529,0,0.6239573261004014,6,6,1,6,Normal,0.13803882691243546
-0.5644786802925077,1.5000450152356546,0,0.6239573261004014,5,3,0,4,Normal,0.11454199787714009
0.6703441583231574,1.2906058742963262,0,0.6239573261004014,20,3,1,6,Normal,0.09332029666273889
-0.5644786802925077,1.0113536863772226,0,-1.4417845249189716,11,1,4,1,Normal,0.08489866748756558
1.4935593840669343,-0.2801876827486331,1,-0.408913599409285,18,1,2,0,Suspicious,-0.0018957076692931452
-0.5644786802925077,-0.7339724881171771,0,-0.408913599409285,0,6,1,1,Normal,0.11438027799166567
1.9051669969388227,-0.1405615887890813,0,0.6239573261004014,2,3,2,5,Normal,0.10084817855827777
-0.5644786802925077,1.7443906796648705,0,-0.408913599409285,4,5,2,4,Normal,0.1263746161289357
-0.5644786802925077,0.6971949749682306,0,0.6239573261004014,4,0,0,7,Normal,0.06633807009394888
-0.5644786802925077,-0.873598582076729,0,-0.408913599409285,20,4,4,2,Normal,0.11979647873057514
-0.5644786802925077,-0.8037855350969529,0,1.656828251610088,3,4,2,6,Normal,0.11767419132263407
-0.5644786802925077,0.1037840756401346,0,0.6239573261004014,12,3,0,3,Normal,0.13824202969141935
-0.5644786802925077,-1.6415420988542648,0,-0.408913599409285,14,7,2,1,Normal,0.11485449686865068
-0.5644786802925077,0.2783166930895746,0,-0.408913599409285,3,3,4,5,Normal,0.13422476443584475
1.081951771195046,-0.2801876827486331,1,0.6239573261004014,20,5,1,2,Normal,0.011297589680955511
-0.5644786802925077,-1.083037723016057,0,-1.4417845249189716,17,6,4,7,Normal,0.0685047030121757
-0.1528710674206193,1.3255123977862149,0,0.6239573261004014,13,6,1,3,Normal,0.11733465350676159
2.7283822226826,1.4651384917457662,1,-0.408913599409285,9,7,1,6,Suspicious,-0.03442966198588804
-0.1528710674206193,-0.3500007297284091,1,-0.408913599409285,7,0,4,2,Normal,0.02352907744006738
2.316774609810712,0.3830362635592385,0,-0.408913599409285,15,2,1,1,Normal,0.09969193281321886
2.7283822226826,-0.1405615887890813,0,-1.4417845249189716,6,3,2,5,Normal,0.044568697949494473
-0.5644786802925077,-1.3273833874452727,0,0.6239573261004014,16,4,3,1,Normal,0.12755657374317442
-0.5644786802925077,-1.467009481404825,0,-1.4417845249189716,13,5,1,3,Normal,0.11591156760286436
-0.1528710674206193,1.604764585705318,0,-0.408913599409285,22,6,0,7,Normal,0.043761986873942504
-0.5644786802925077,1.3604189212761024,0,-1.4417845249189716,15,3,4,5,Normal,0.08801765725545585
0.258736545451269,0.8019145454378945,1,-1.4417845249189716,2,0,1,0,Suspicious,-0.021154176347998543
-0.5644786802925077,-0.2801876827486331,0,0.6239573261004014,21,4,3,3,Normal,0.13945235627499275
-0.5644786802925077,-0.489626823687961,0,1.656828251610088,2,1,2,7,Normal,0.08999752863791566
-0.5644786802925077,-1.6764486223441528,0,1.656828251610088,23,7,0,1,Normal,0.018311853409803125
-0.1528710674206193,-0.0358420183194171,0,-0.408913599409285,22,6,0,4,Normal,0.09182565772267237
2.7283822226826,0.8019145454378945,0,0.6239573261004014,19,6,2,5,Normal,0.04018915020877489
-0.5644786802925077,-0.943411629056505,0,0.6239573261004014,12,5,1,5,Normal,0.16143697732932782
-0.5644786802925077,0.6273819279884545,0,-0.408913599409285,19,1,1,1,Normal,0.13201507023881093
1.081951771195046,-0.5943463941576251,0,-0.408913599409285,14,5,2,5,Normal,0.12781886433657275
0.6703441583231574,0.4528493105390145,0,0.6239573261004014,15,0,1,4,Normal,0.10789818818702945
-0.5644786802925077,1.3953254447659904,0,0.6239573261004014,19,6,1,0,Normal,0.09511630153909145
-0.5644786802925077,0.9764471628873344,1,0.6239573261004014,11,1,2,1,Normal,0.043513617739704746
-0.5644786802925077,-1.7113551458340408,0,-0.408913599409285,8,0,3,5,Normal,0.11021031701096923
-0.5644786802925077,-1.397196434425049,0,0.6239573261004014,22,5,1,4,Normal,0.10594849998826544
-0.5644786802925077,-0.943411629056505,1,-0.408913599409285,12,5,4,7,Normal,0.028236380009119655
1.9051669969388227,1.639671109195206,0,-0.408913599409285,12,6,0,6,Normal,0.036173887154167805
-0.5644786802925077,0.8717275924176705,1,-1.4417845249189716,2,4,0,0,Suspicious,-0.00831385843701904
1.081951771195046,1.0811667333569983,1,-0.408913599409285,6,2,1,0,Normal,0.01225995168367211
-0.5644786802925077,0.7670080219480067,0,-0.408913599409285,23,3,3,3,Normal,0.12857037739007326
-0.5644786802925077,-0.5943463941576251,0,-0.408913599409285,12,2,2,1,Normal,0.17055972641805223
-0.5644786802925077,1.3953254447659904,0,0.6239573261004014,1,2,4,0,Normal,0.07568750405641056
-0.5644786802925077,-0.908505105566617,1,-0.408913599409285,16,1,3,1,Normal,0.05326429752179751
-0.5644786802925077,0.6971949749682306,0,-0.408913599409285,21,3,3,3,Normal,0.14777941535250322
-0.5644786802925077,0.7670080219480067,0,0.6239573261004014,22,1,0,0,Normal,0.065770050084203
-0.5644786802925077,0.6971949749682306,0,-1.4417845249189716,5,5,3,3,Normal,0.12584255329618094
-0.5644786802925077,1.2906058742963262,0,0.6239573261004014,23,6,3,0,Normal,0.07142452430868385
1.4935593840669343,0.2783166930895746,0,0.6239573261004014,22,0,1,5,Normal,0.06885075484112668
-0.5644786802925077,-0.3500007297284091,0,-0.408913599409285,6,6,3,0,Normal,0.12411572687814237
-0.5644786802925077,0.4528493105390145,0,-1.4417845249189716,20,4,0,4,Normal,0.09984511303200316
1.9051669969388227,1.0113536863772226,0,0.6239573261004014,14,0,0,0,Normal,0.03649076841783738
-0.5644786802925077,-1.0132246760362809,0,0.6239573261004014,16,3,4,3,Normal,0.13242910435660737
-0.5644786802925077,0.7670080219480067,0,-0.408913599409285,9,6,2,5,Normal,0.1653836158528703
-0.5644786802925077,1.0113536863772226,0,-0.408913599409285,16,1,1,2,Normal,0.14419092437791026
-0.5644786802925077,-0.8037855350969529,1,0.6239573261004014,15,3,2,5,Normal,0.06068863219544185
-0.5644786802925077,0.4179427870491267,0,1.656828251610088,7,1,4,7,Normal,0.06999893711705552
-0.5644786802925077,-1.7462616693239288,0,-0.408913599409285,1,7,4,4,Normal,0.0684576649919737
-0.5644786802925077,0.7321014984581184,1,0.6239573261004014,20,0,1,7,Normal,0.005131284069681663
-0.5644786802925077,-0.210374635768857,0,-0.408913599409285,13,6,1,6,Normal,0.15393882208688803
-0.5644786802925077,1.2556993508064382,0,-0.408913599409285,3,3,0,5,Normal,0.11791842681809972
1.081951771195046,-1.117944246505945,0,-0.408913599409285,4,0,1,4,Normal,0.08929473453468151
-0.5644786802925077,-1.467009481404825,1,1.656828251610088,20,6,1,2,Suspicious,-0.00206887788715282
-0.5644786802925077,-1.292476863955385,1,-0.408913599409285,16,6,2,0,Normal,0.030231123076361888
-0.5644786802925077,-0.6990659646272891,0,0.6239573261004014,23,2,4,1,Normal,0.09381872388174417
0.6703441583231574,-0.3150942062385213,1,-0.408913599409285,20,5,4,0,Suspicious,-0.017216933974319115
-0.5644786802925077,-1.467009481404825,0,0.6239573261004014,10,7,0,5,Normal,0.08843925611091763
-0.5644786802925077,1.1160732568468863,1,-0.408913599409285,7,4,3,6,Normal,0.05603662402837828
2.316774609810712,0.4179427870491267,0,-0.408913599409285,0,3,1,5,Normal,0.07350515296548077
0.258736545451269,0.6971949749682306,0,0.6239573261004014,21,2,2,7,Normal,0.0889747947803804
-0.5644786802925077,1.2906058742963262,0,-0.408913599409285,18,7,2,7,Normal,0.08277946632161415
0.6703441583231574,-0.4547203001980731,0,1.656828251610088,11,4,1,6,Normal,0.08741239844264814
-0.5644786802925077,-0.0358420183194171,0,-0.408913599409285,17,7,2,0,Normal,0.11206414086399252
-0.5644786802925077,0.9764471628873344,0,1.656828251610088,19,5,4,2,Normal,0.09427568991343771
1.4935593840669343,0.7670080219480067,1,-1.4417845249189716,22,1,1,6,Suspicious,-0.02000027543194771
-0.5644786802925077,0.4877558340289027,1,-0.408913599409285,8,5,3,4,Normal,0.08043046250950825
-0.5644786802925077,1.639671109195206,1,0.6239573261004014,1,1,1,6,Normal,0.00324490102831565
-0.5644786802925077,-0.4547203001980731,0,-0.408913599409285,0,2,1,5,Normal,0.13284536092124716
2.316774609810712,1.0811667333569983,0,0.6239573261004014,8,1,1,0,Normal,0.05793741138565922
-0.5644786802925077,0.4528493105390145,0,0.6239573261004014,21,0,4,3,Normal,0.09371219129918218
-0.5644786802925077,-1.6764486223441528,0,-1.4417845249189716,13,7,3,1,Normal,0.07393015465919306
0.6703441583231574,1.0113536863772226,0,-0.408913599409285,2,2,2,0,Normal,0.0871900597347347
-0.5644786802925077,-1.1877572934857208,0,-0.408913599409285,14,0,4,2,Normal,0.12029082862172757
-0.5644786802925077,0.1386905991300228,0,0.6239573261004014,19,1,4,5,Normal,0.11546824957497892
2.7283822226826,0.2783166930895746,0,0.6239573261004014,6,1,0,7,Normal,0.03479566124653677
-0.5644786802925077,0.1735971226199107,0,0.6239573261004014,23,3,3,0,Normal,0.09390511743186625
2.316774609810712,0.0339710286603586,0,0.6239573261004014,7,1,0,5,Normal,0.07129466760473968
-0.5644786802925077,1.5000450152356546,0,0.6239573261004014,21,0,3,6,Normal,0.09776410334395258
-0.5644786802925077,1.2906058742963262,0,-0.408913599409285,12,1,0,1,Normal,0.10659068492049045
-0.5644786802925077,-0.5943463941576251,0,-0.408913599409285,3,6,0,6,Normal,0.11963387515384277
2.7283822226826,-0.524533347177849,0,0.6239573261004014,7,6,3,5,Normal,0.06082194310417355
-0.5644786802925077,-0.5943463941576251,1,0.6239573261004014,1,6,3,2,Normal,0.03447781658715199
-0.5644786802925077,0.6273819279884545,0,0.6239573261004014,10,4,0,6,Normal,0.12023469840391676
-0.5644786802925077,1.604764585705318,0,1.656828251610088,10,3,2,4,Normal,0.1162479564024464
2.316774609810712,-0.7688790116070651,0,-0.408913599409285,15,6,2,5,Normal,0.07812041028049077
-0.5644786802925077,-1.1877572934857208,0,-0.408913599409285,0,4,2,1,Normal,0.12114993089411097
-0.5644786802925077,-0.0009354948295292,0,-1.4417845249189716,16,6,3,4,Normal,0.13741987348404416
2.7283822226826,0.9415406393974466,0,0.6239573261004014,13,1,1,4,Normal,0.06892963992911694
-0.5644786802925077,1.3953254447659904,0,1.656828251610088,9,7,2,4,Normal,0.09659948742379543
-0.5644786802925077,0.4528493105390145,0,-0.408913599409285,16,5,1,0,Normal,0.12460049290867253
-0.5644786802925077,-0.210374635768857,0,1.656828251610088,9,4,0,4,Normal,0.10257953658984431
-0.5644786802925077,-1.3273833874452727,0,-0.408913599409285,10,1,2,3,Normal,0.15385954862806672
-0.5644786802925077,-1.362289910935161,0,1.656828251610088,9,0,4,0,Normal,0.05087574972454545
1.9051669969388227,-1.0132246760362809,0,1.656828251610088,12,0,4,1,Normal,0.02161804481398477
-0.5644786802925077,-1.467009481404825,1,1.656828251610088,20,7,2,3,Suspicious,-0.005472564043749073
-0.5644786802925077,1.604764585705318,0,-0.408913599409285,4,2,4,1,Normal,0.10364519942735706
-0.5644786802925077,-1.5717290518744889,0,-0.408913599409285,11,6,4,5,Normal,0.0974290632143161
0.258736545451269,-0.2452811592587452,0,0.6239573261004014,20,4,2,0,Normal,0.09586610007982344
-0.5644786802925077,-0.873598582076729,0,-0.408913599409285,15,5,3,1,Normal,0.14846267844668742
1.9051669969388227,1.1509797803367747,0,-1.4417845249189716,13,2,1,0,Normal,0.04836468865317001
-0.5644786802925077,-1.117944246505945,1,-1.4417845249189716,0,0,2,5,Suspicious,-0.007696617769606506
-0.5644786802925077,-1.362289910935161,0,-0.408913599409285,12,6,3,6,Normal,0.12259395923575334
-0.5644786802925077,-0.8386920585868409,0,0.6239573261004014,22,6,4,2,Normal,0.08797424119875308
-0.5644786802925077,-1.5717290518744889,0,0.6239573261004014,21,4,2,2,Normal,0.11508828726466136
-0.5644786802925077,-0.943411629056505,0,-0.408913599409285,16,3,2,7,Normal,0.12551224392568744
-0.5644786802925077,-0.0707485418093052,0,-0.408913599409285,10,2,2,0,Normal,0.14647256629506988
-0.5644786802925077,1.1858863038266625,0,1.656828251610088,17,5,4,4,Normal,0.09927612194315683
-0.5644786802925077,1.4651384917457662,0,-1.4417845249189716,6,7,1,6,Normal,0.07994678820638212
-0.5644786802925077,0.9764471628873344,0,-1.4417845249189716,12,3,1,0,Normal,0.10556397858416344
1.081951771195046,-0.9783181525463928,0,-0.408913599409285,19,1,1,6,Normal,0.09439988269946176
-0.5644786802925077,-1.292476863955385,0,0.6239573261004014,12,6,2,1,Normal,0.13286733149507945
-0.5644786802925077,0.6273819279884545,0,1.656828251610088,5,7,4,5,Normal,0.07670320674932563
-0.5644786802925077,-1.048131199526169,0,0.6239573261004014,18,3,2,3,Normal,0.14925769910589526
-0.5644786802925077,0.2783166930895746,0,0.6239573261004014,19,6,1,1,Normal,0.13008963927191436
-0.5644786802925077,-1.6764486223441528,0,-0.408913599409285,3,5,2,2,Normal,0.11038445649585021
-0.5644786802925077,-0.1056550652991931,0,-0.408913599409285,19,4,3,4,Normal,0.15926717806941565
-0.5644786802925077,0.0688775521502468,1,1.656828251610088,8,3,4,0,Normal,0.003676302749949123
1.9051669969388227,1.4302319682558782,0,-1.4417845249189716,0,7,4,6,Suspicious,-0.011196841781658584
1.4935593840669343,-0.489626823687961,0,0.6239573261004014,3,1,1,0,Normal,0.06771192641687207
-0.5644786802925077,0.5924754044985666,0,1.656828251610088,0,2,3,3,Normal,0.09983663277214916
2.316774609810712,-0.4198137767081852,0,-1.4417845249189716,10,0,3,1,Normal,0.036196619822353004
-0.5644786802925077,-0.873598582076729,1,0.6239573261004014,16,2,1,3,Normal,0.05402211928161005
-0.5644786802925077,-1.3273833874452727,0,1.656828251610088,2,0,2,3,Normal,0.08784069565264818
0.258736545451269,1.604764585705318,0,0.6239573261004014,5,3,4,4,Normal,0.07918819335701222
-0.5644786802925077,-1.6066355753643766,0,-0.408913599409285,7,7,1,1,Normal,0.10360506830985139
-0.5644786802925077,-1.467009481404825,0,0.6239573261004014,8,1,0,4,Normal,0.10435711173836948
-0.5644786802925077,0.2085036461097985,0,0.6239573261004014,1,0,4,1,Normal,0.0878917566610935
2.7283822226826,0.5226623575187906,0,-0.408913599409285,14,1,2,6,Normal,0.061440169972010183
-0.5644786802925077,-0.0009354948295292,1,-1.4417845249189716,3,2,2,2,Normal,0.038774471999805216
1.4935593840669343,-1.4321029579149367,1,0.6239573261004014,1,4,1,4,Suspicious,-0.004163650648021933
-0.5644786802925077,1.3255123977862149,0,-0.408913599409285,22,5,2,4,Normal,0.1279659529101574
-0.5644786802925077,-1.117944246505945,0,0.6239573261004014,4,2,2,4,Normal,0.1558606249318223
-0.5644786802925077,-1.292476863955385,0,1.656828251610088,14,1,4,3,Normal,0.09830860271955277
-0.5644786802925077,0.3132232165794628,0,1.656828251610088,2,0,1,2,Normal,0.08393437236510037
-0.5644786802925077,0.2783166930895746,1,-0.408913599409285,13,1,4,3,Normal,0.05145117494827356
-0.5644786802925077,-0.210374635768857,0,0.6239573261004014,7,5,3,7,Normal,0.1283373831000888
-0.5644786802925077,-1.362289910935161,1,0.6239573261004014,4,3,1,3,Normal,0.045364301281955344
-0.5644786802925077,-0.8037855350969529,0,-0.408913599409285,4,1,2,1,Normal,0.154612653073618
2.316774609810712,-1.048131199526169,0,-1.4417845249189716,5,4,0,7,Normal,0.007940561180479588
-0.5644786802925077,0.9764471628873344,0,-0.408913599409285,15,1,4,7,Normal,0.09967619094587432
-0.5644786802925077,0.3132232165794628,0,0.6239573261004014,7,2,1,3,Normal,0.15342531982125412
-0.5644786802925077,0.5575688810086785,0,0.6239573261004014,7,4,2,2,Normal,0.1553810167967335
0.6703441583231574,1.0811667333569983,0,-0.408913599409285,0,2,0,5,Normal,0.07251801404984726
-0.5644786802925077,-0.8386920585868409,0,0.6239573261004014,4,5,3,0,Normal,0.11322790125689203
-0.5644786802925077,1.7094841561749825,1,1.656828251610088,20,4,3,1,Suspicious,-0.012409820132625149
-0.5644786802925077,0.3132232165794628,0,1.656828251610088,22,4,0,2,Normal,0.0766903355888312
0.258736545451269,-0.0009354948295292,0,-1.4417845249189716,22,0,0,0,Normal,0.020825919112933966
-0.5644786802925077,-0.1405615887890813,1,0.6239573261004014,21,7,1,4,Normal,0.015917241692072093
2.7283822226826,-1.397196434425049,0,-0.408913599409285,7,2,1,4,Normal,0.049096307385807614
-0.5644786802925077,0.3481297400693506,1,1.656828251610088,3,0,2,3,Normal,0.00938825431608592
-0.5644786802925077,1.5349515387255426,0,-1.4417845249189716,1,6,1,1,Normal,0.0766234219726093
-0.5644786802925077,-1.397196434425049,0,0.6239573261004014,6,4,0,7,Normal,0.08008525444650039
1.081951771195046,0.4877558340289027,0,-0.408913599409285,17,6,4,0,Normal,0.06682481710114696
-0.5644786802925077,-0.210374635768857,0,-1.4417845249189716,23,1,1,0,Normal,0.06676939210264721
1.9051669969388227,0.3830362635592385,0,-0.408913599409285,21,5,2,3,Normal,0.09790015055821832
-0.5644786802925077,0.5575688810086785,1,-1.4417845249189716,22,1,2,3,Normal,0.019797597991712323
-0.5644786802925077,-0.7339724881171771,1,0.6239573261004014,8,7,2,3,Normal,0.05228665317333303
-0.5644786802925077,-0.664159441137401,0,-1.4417845249189716,8,6,3,1,Normal,0.12082045928200391
-0.5644786802925077,0.2085036461097985,1,-0.408913599409285,9,7,0,0,Normal,0.008973544381746579
-0.5644786802925077,-0.2452811592587452,0,-1.4417845249189716,0,3,3,7,Normal,0.08969502880101543
0.258736545451269,-1.6764486223441528,0,-0.408913599409285,0,7,1,3,Normal,0.06053108576741972
2.7283822226826,-1.6764486223441528,0,0.6239573261004014,11,2,1,4,Normal,0.054414598587453566
1.4935593840669343,-1.3273833874452727,0,-0.408913599409285,0,6,2,1,Normal,0.07394157069499097
-0.5644786802925077,-0.2452811592587452,0,-0.408913599409285,10,0,4,4,Normal,0.12663345799717302
0.258736545451269,-0.524533347177849,0,-0.408913599409285,5,1,4,1,Normal,0.1086425294673492
-0.5644786802925077,-1.048131199526169,0,0.6239573261004014,18,7,1,5,Normal,0.11519828085750727
2.7283822226826,-0.873598582076729,0,-1.4417845249189716,23,7,4,7,Suspicious,-0.030015176293817114
-0.5644786802925077,1.5698580622154303,0,-1.4417845249189716,21,1,1,4,Normal,0.08628737736532344
-0.5644786802925077,1.4651384917457662,1,-0.408913599409285,19,0,0,3,Normal,0.01355691889684929
-0.5644786802925077,-0.664159441137401,0,-1.4417845249189716,11,0,0,5,Normal,0.08682288444969344
-0.5644786802925077,-0.1754681122789692,0,0.6239573261004014,14,0,3,3,Normal,0.13533729558194468
-0.1528710674206193,1.4302319682558782,0,-0.408913599409285,6,7,0,1,Normal,0.054313109975417384
1.4935593840669343,0.5226623575187906,0,0.6239573261004014,8,4,0,2,Normal,0.08984739530709818
-0.5644786802925077,0.7321014984581184,0,0.6239573261004014,21,1,1,7,Normal,0.10001952147574267
-0.5644786802925077,0.8019145454378945,0,-1.4417845249189716,5,0,0,1,Normal,0.06347295641037132
-0.5644786802925077,-0.1056550652991931,0,-0.408913599409285,10,7,3,6,Normal,0.13533343971333045
1.4935593840669343,1.0113536863772226,0,0.6239573261004014,13,5,4,4,Normal,0.07559254948671223
-0.5644786802925077,-0.1405615887890813,0,1.656828251610088,23,2,4,2,Normal,0.07341454351812271
-0.5644786802925077,1.2906058742963262,1,-0.408913599409285,13,1,1,6,Normal,0.042926507781714696
-0.5644786802925077,-1.5019160048947129,0,0.6239573261004014,1,5,2,2,Normal,0.11380001314878563
-0.5644786802925077,0.0339710286603586,0,0.6239573261004014,11,3,2,5,Normal,0.16858355732146502
-0.5644786802925077,-1.222663816975609,0,-1.4417845249189716,6,3,1,7,Normal,0.0983868482469551
-0.5644786802925077,0.9764471628873344,0,-1.4417845249189716,16,1,4,3,Normal,0.0971679795773791
0.6703441583231574,0.8717275924176705,0,1.656828251610088,6,1,0,6,Normal,0.03768907505809893
-0.5644786802925077,0.1735971226199107,0,1.656828251610088,2,1,0,3,Normal,0.07471762569084206
1.9051669969388227,0.1386905991300228,0,-1.4417845249189716,21,7,3,3,Normal,0.04145512018587083
-0.5644786802925077,-1.1528507699958328,1,-1.4417845249189716,5,1,0,4,Normal,0.014349877911582709
0.258736545451269,0.4877558340289027,0,-0.408913599409285,20,0,1,1,Normal,0.09640148527106296
-0.5644786802925077,-1.6066355753643766,0,0.6239573261004014,11,1,3,3,Normal,0.13756730088201757
-0.5644786802925077,0.0339710286603586,0,-0.408913599409285,4,5,2,0,Normal,0.13590874017272447
-0.5644786802925077,-1.6415420988542648,0,0.6239573261004014,15,3,2,1,Normal,0.132045399396503
-0.5644786802925077,-1.292476863955385,0,-0.408913599409285,18,0,1,1,Normal,0.11775666481044661
2.7283822226826,0.4528493105390145,0,0.6239573261004014,19,5,0,2,Normal,0.049484053486938295
1.4935593840669343,1.2906058742963262,1,-1.4417845249189716,6,7,4,3,Suspicious,-0.04043659275121192
-0.5644786802925077,-0.1405615887890813,0,-1.4417845249189716,11,4,0,2,Normal,0.1172232514604643
-0.5644786802925077,-1.117944246505945,0,0.6239573261004014,7,4,4,6,Normal,0.11195254885718664
-0.5644786802925077,-0.7688790116070651,0,0.6239573261004014,14,2,2,5,Normal,0.1602727343614831
1.081951771195046,-0.908505105566617,0,0.6239573261004014,12,3,2,3,Normal,0.13425979626592116
0.258736545451269,1.2207928273165505,0,-1.4417845249189716,13,6,4,5,Normal,0.07015924386056527
-0.5644786802925077,-1.3273833874452727,0,-0.408913599409285,1,6,0,5,Normal,0.09591328016792688
-0.5644786802925077,-0.873598582076729,1,1.656828251610088,11,5,0,2,Normal,0.014195081890595151
-0.5644786802925077,-0.1056550652991931,1,-0.408913599409285,2,7,0,7,Normal,0.008629354560950597
2.316774609810712,-0.3500007297284091,1,-0.408913599409285,11,2,0,4,Normal,0.0006350810760835657
-0.5644786802925077,1.5349515387255426,0,-0.408913599409285,4,6,3,4,Normal,0.12376888050452411
-0.5644786802925077,-0.3150942062385213,0,1.656828251610088,9,5,3,4,Normal,0.13166737929593697
-0.5644786802925077,-1.5717290518744889,0,-1.4417845249189716,4,4,2,5,Normal,0.10190761441292995
-0.5644786802925077,-0.5594398706677371,0,-0.408913599409285,19,0,1,4,Normal,0.14183784726345938
1.4935593840669343,-1.6764486223441528,0,-0.408913599409285,13,7,3,7,Normal,0.03437433639923193
-0.1528710674206193,0.8717275924176705,0,0.6239573261004014,3,3,4,5,Normal,0.1013999673036392
-0.5644786802925077,0.6622884514783427,0,-0.408913599409285,5,2,4,3,Normal,0.14154976848222345
-0.5644786802925077,0.7670080219480067,0,0.6239573261004014,3,7,4,2,Normal,0.08744445482686902
-0.5644786802925077,0.3481297400693506,0,-0.408913599409285,9,1,0,6,Normal,0.12658259608845984
-0.5644786802925077,-0.210374635768857,0,0.6239573261004014,6,4,0,4,Normal,0.13111311787474805
-0.5644786802925077,1.7094841561749825,0,0.6239573261004014,7,0,4,2,Normal,0.0635169535800506
-0.5644786802925077,-0.1056550652991931,0,0.6239573261004014,11,7,3,0,Normal,0.10939684256981441
1.081951771195046,0.9415406393974466,0,0.6239573261004014,2,0,4,4,Normal,0.04943912600014522
-0.5644786802925077,1.2556993508064382,1,-0.408913599409285,2,4,1,4,Normal,0.04316120158659409
-0.5644786802925077,0.6273819279884545,1,-0.408913599409285,21,3,0,6,Normal,0.03278107155380383
-0.5644786802925077,1.2906058742963262,0,-0.408913599409285,11,3,1,1,Normal,0.14779492163936703
-0.5644786802925077,-0.629252917647513,0,0.6239573261004014,11,4,3,0,Normal,0.13104434405555293
1.4935593840669343,0.3132232165794628,0,0.6239573261004014,19,5,3,2,Normal,0.10423045351966587
-0.5644786802925077,1.639671109195206,1,-1.4417845249189716,11,7,4,1,Suspicious,-0.01904408170306293
-0.5644786802925077,1.3255123977862149,0,1.656828251610088,20,5,2,1,Normal,0.09433627734747974
1.4935593840669343,1.1858863038266625,0,0.6239573261004014,11,1,0,2,Normal,0.07472648939750903
-0.1528710674206193,0.7321014984581184,0,1.656828251610088,20,5,4,2,Normal,0.06782170124714659
-0.5644786802925077,-1.6066355753643766,0,-0.408913599409285,6,1,3,0,Normal,0.1111262699174374
-0.5644786802925077,0.6971949749682306,0,1.656828251610088,15,3,4,3,Normal,0.12061951512882568
1.9051669969388227,1.4302319682558782,0,-0.408913599409285,6,2,1,4,Normal,0.08485118781809242
2.316774609810712,1.1509797803367747,0,0.6239573261004014,12,5,3,2,Normal,0.07892333932646578
1.9051669969388227,0.7670080219480067,0,0.6239573261004014,22,1,0,3,Normal,0.05054107937275487
-0.5644786802925077,1.1509797803367747,0,-0.408913599409285,22,2,1,7,Normal,0.10118434379911978
-0.5644786802925077,1.639671109195206,0,-0.408913599409285,0,0,4,4,Normal,0.06759262824139312
-0.5644786802925077,-0.489626823687961,0,-1.4417845249189716,11,0,3,7,Normal,0.08127449691937294
1.9051669969388227,0.0339710286603586,0,-0.408913599409285,13,7,3,2,Normal,0.09493329008995643
-0.5644786802925077,-1.5717290518744889,0,-0.408913599409285,15,7,4,4,Normal,0.09522462806856491
-0.5644786802925077,1.0811667333569983,0,1.656828251610088,2,1,4,6,Normal,0.07544417355245081
-0.5644786802925077,0.8019145454378945,0,-1.4417845249189716,23,0,2,1,Normal,0.0652448119875152
-0.5644786802925077,-0.0358420183194171,0,-0.408913599409285,11,3,0,0,Normal,0.11843932927360984
1.081951771195046,-0.4547203001980731,0,1.656828251610088,21,3,1,4,Normal,0.07576327517184933
0.258736545451269,-0.4198137767081852,0,-1.4417845249189716,10,1,2,0,Normal,0.08949738083483849
1.081951771195046,0.7670080219480067,0,-0.408913599409285,18,2,3,6,Normal,0.10748646718712246
-0.5644786802925077,1.0462602098671103,0,1.656828251610088,15,5,1,3,Normal,0.13333521701402956
1.081951771195046,0.6273819279884545,0,0.6239573261004014,16,7,2,4,Normal,0.09958431287871472
0.258736545451269,-0.1754681122789692,1,0.6239573261004014,4,6,0,7,Normal,0.00829823941437835
-0.5644786802925077,0.1037840756401346,0,0.6239573261004014,4,7,4,4,Normal,0.10090762337101167
-0.5644786802925077,-0.8037855350969529,0,0.6239573261004014,17,7,1,5,Normal,0.12489290231559746
-0.5644786802925077,-1.117944246505945,0,-0.408913599409285,3,6,3,4,Normal,0.13658848120253336
-0.5644786802925077,-1.6764486223441528,0,0.6239573261004014,11,0,3,6,Normal,0.10504384269239159
1.081951771195046,0.6273819279884545,0,0.6239573261004014,9,5,4,5,Normal,0.09412601796731379
-0.5644786802925077,0.5226623575187906,0,-0.408913599409285,22,2,0,0,Normal,0.07729529035302019
2.7283822226826,0.2434101695996867,0,0.6239573261004014,0,6,1,4,Normal,0.04662787486309772
-0.5644786802925077,0.9764471628873344,0,1.656828251610088,3,0,3,7,Normal,0.06083038547538888
1.081951771195046,-0.2801876827486331,0,-1.4417845249189716,13,4,4,4,Normal,0.08467980036478928
-0.5644786802925077,-0.7688790116070651,0,-1.4417845249189716,8,7,1,6,Normal,0.11018235908843599
-0.5644786802925077,0.4179427870491267,1,1.656828251610088,1,7,0,5,Suspicious,-0.005573803796242172
-0.5644786802925077,0.4528493105390145,0,1.656828251610088,0,2,3,6,Normal,0.09178884252583452
-0.5644786802925077,-0.0707485418093052,0,-1.4417845249189716,4,7,2,7,Normal,0.09468957403359823
-0.5644786802925077,-1.292476863955385,0,1.656828251610088,9,0,3,4,Normal,0.09632681837058055
-0.5644786802925077,0.9415406393974466,0,0.6239573261004014,13,5,2,5,Normal,0.1536100112279774
-0.5644786802925077,0.1037840756401346,0,-0.408913599409285,2,3,4,6,Normal,0.1268260287656135
-0.5644786802925077,1.1858863038266625,0,-0.408913599409285,20,6,2,4,Normal,0.1371896446988472
-0.5644786802925077,-0.664159441137401,0,-0.408913599409285,10,7,0,4,Normal,0.12485389196515784
0.6703441583231574,1.5000450152356546,0,1.656828251610088,15,3,4,2,Normal,0.06748541611939118
-0.5644786802925077,-1.6764486223441528,0,0.6239573261004014,21,2,3,3,Normal,0.11446554402943432
1.9051669969388227,1.1858863038266625,0,-1.4417845249189716,8,4,1,2,Normal,0.06217905036278004
0.6703441583231574,1.6745776326850943,1,-0.408913599409285,18,7,1,1,Suspicious,-0.022268089534247637
-0.5644786802925077,1.0113536863772226,0,0.6239573261004014,13,1,4,2,Normal,0.1216583353887481
-0.5644786802925077,0.7670080219480067,0,1.656828251610088,7,7,4,5,Normal,0.08291587285246649
-0.5644786802925077,-1.083037723016057,0,0.6239573261004014,1,7,4,0,Normal,0.04967657300265582
0.258736545451269,1.1858863038266625,0,0.6239573261004014,3,2,1,4,Normal,0.11329031346666485
-0.5644786802925077,-1.222663816975609,0,0.6239573261004014,18,7,1,6,Normal,0.09793500742528094
1.9051669969388227,0.1386905991300228,1,0.6239573261004014,0,1,0,3,Suspicious,-0.011960028396881817
2.316774609810712,-0.6990659646272891,0,0.6239573261004014,4,4,4,1,Normal,0.04080462251920802
-0.5644786802925077,0.4528493105390145,0,-0.408913599409285,18,3,3,5,Normal,0.1572070456632239
-0.5644786802925077,-0.6990659646272891,0,0.6239573261004014,6,0,4,5,Normal,0.10313269059196672
-0.5644786802925077,1.5000450152356546,1,-1.4417845249189716,23,5,0,3,Suspicious,-0.013513502655972176
1.4935593840669343,-1.6066355753643766,0,-0.408913599409285,12,1,0,5,Normal,0.05554681375870629
-0.5644786802925077,1.2556993508064382,0,-0.408913599409285,7,1,3,4,Normal,0.14658962734601122
-0.5644786802925077,0.1735971226199107,0,-0.408913599409285,8,3,4,7,Normal,0.12165781180906149
0.258736545451269,1.5000450152356546,0,-0.408913599409285,19,3,4,7,Normal,0.060463211003008
-0.5644786802925077,-0.3150942062385213,0,-0.408913599409285,21,0,3,5,Normal,0.13420102968628234
1.9051669969388227,-1.6764486223441528,0,-1.4417845249189716,4,1,2,7,Normal,0.025467173685811084
-0.5644786802925077,1.6745776326850943,0,0.6239573261004014,1,1,3,7,Normal,0.06480922426692493
-0.5644786802925077,1.1160732568468863,0,0.6239573261004014,1,7,2,2,Normal,0.09694498798860818
-0.5644786802925077,1.639671109195206,0,0.6239573261004014,18,2,1,6,Normal,0.10819871194697184
-0.5644786802925077,-1.048131199526169,0,0.6239573261004014,16,6,4,5,Normal,0.11223914270932284
-0.5644786802925077,-0.2452811592587452,0,0.6239573261004014,10,7,4,2,Normal,0.11854390515137847
-0.5644786802925077,1.0811667333569983,0,-0.408913599409285,15,2,3,5,Normal,0.1517051992570282
-0.5644786802925077,0.3830362635592385,0,0.6239573261004014,6,3,1,1,Normal,0.14499503750768705
-0.5644786802925077,-0.3849072532182971,0,-0.408913599409285,6,4,4,1,Normal,0.13217290943985627
-0.5644786802925077,1.2906058742963262,0,0.6239573261004014,5,2,3,3,Normal,0.14107244973702565
-0.5644786802925077,-0.943411629056505,0,0.6239573261004014,19,0,4,7,Normal,0.06217718500536318
0.258736545451269,-0.8386920585868409,0,1.656828251610088,16,0,4,6,Normal,0.036441699193745736
-0.5644786802925077,-0.664159441137401,0,0.6239573261004014,10,4,3,2,Normal,0.15800642220974703
-0.5644786802925077,-0.629252917647513,0,0.6239573261004014,12,6,3,3,Normal,0.14971113706038058
2.7283822226826,-1.5368225283846009,0,0.6239573261004014,20,4,0,1,Normal,0.02445801277471249
-0.5644786802925077,1.3604189212761024,0,-0.408913599409285,0,7,1,1,Normal,0.07843063160719665
-0.5644786802925077,-0.2801876827486331,0,-0.408913599409285,12,3,0,7,Normal,0.12208077103635312
0.258736545451269,-0.3849072532182971,0,-1.4417845249189716,15,5,3,7,Normal,0.09394001068203228
1.4935593840669343,-0.5594398706677371,0,1.656828251610088,23,3,1,6,Normal,0.042962228925246704
1.081951771195046,-1.0132246760362809,0,0.6239573261004014,22,1,2,5,Normal,0.08992683142629931
-0.5644786802925077,-1.4321029579149367,0,-1.4417845249189716,3,5,4,1,Normal,0.06331630739083516
-0.5644786802925077,0.2085036461097985,0,-0.408913599409285,7,2,2,0,Normal,0.1406592358476334
-0.5644786802925077,-0.3150942062385213,0,-0.408913599409285,15,5,1,6,Normal,0.1589401195767659
-0.5644786802925077,1.3953254447659904,0,-0.408913599409285,22,1,0,7,Normal,0.06159205883272001
-0.5644786802925077,-0.1056550652991931,0,-0.408913599409285,23,7,1,5,Normal,0.10377416090643954
-0.5644786802925077,-0.8037855350969529,0,0.6239573261004014,12,2,0,5,Normal,0.1320821288625325
2.7283822226826,-0.3500007297284091,0,0.6239573261004014,16,4,1,1,Normal,0.07848979489580665
-0.5644786802925077,-0.3849072532182971,0,0.6239573261004014,3,6,0,3,Normal,0.1222249572805042
-0.5644786802925077,-0.0707485418093052,1,-0.408913599409285,23,0,3,3,Normal,0.035642864510012306
-0.5644786802925077,-1.362289910935161,0,0.6239573261004014,14,6,3,2,Normal,0.12855561842857016
-0.5644786802925077,0.0688775521502468,0,1.656828251610088,20,0,0,7,Normal,0.025958527545672738
2.7283822226826,0.3830362635592385,0,-1.4417845249189716,11,4,0,1,Normal,0.025569184630422348
-0.5644786802925077,0.1037840756401346,1,0.6239573261004014,13,0,2,0,Normal,0.02847356042007998
-0.5644786802925077,-0.3849072532182971,0,1.656828251610088,5,7,0,7,Normal,0.04691828129389142
-0.5644786802925077,-0.6990659646272891,0,-0.408913599409285,12,1,0,0,Normal,0.11086016510821889
-0.5644786802925077,-0.943411629056505,1,0.6239573261004014,4,7,4,6,Normal,0.014440816796584488
-0.5644786802925077,-0.210374635768857,0,-0.408913599409285,11,3,1,0,Normal,0.14755785328074744
-0.5644786802925077,0.9764471628873344,1,-1.4417845249189716,13,6,0,0,Suspicious,-0.00013566213314630815
0.6703441583231574,-0.7688790116070651,0,-0.408913599409285,19,1,4,7,Normal,0.0714897402976652
-0.5644786802925077,0.4179427870491267,0,-0.408913599409285,10,5,4,4,Normal,0.13986934553987707
-0.5644786802925077,0.1735971226199107,0,-0.408913599409285,2,4,2,3,Normal,0.15912045281908377
-0.5644786802925077,1.2207928273165505,1,-0.408913599409285,14,6,3,4,Normal,0.06119984669063483
1.081951771195046,1.1160732568468863,0,1.656828251610088,4,4,0,0,Normal,0.02280299934314456
1.4935593840669343,1.5349515387255426,0,-1.4417845249189716,0,5,4,0,Suspicious,-0.00324005082131007
-0.5644786802925077,0.3132232165794628,1,0.6239573261004014,19,7,4,4,Normal,0.014764842904016917
-0.5644786802925077,1.5698580622154303,0,1.656828251610088,9,6,2,7,Normal,0.06545750166975361
-0.5644786802925077,-0.489626823687961,0,0.6239573261004014,10,4,0,0,Normal,0.11265612368517247
0.258736545451269,-1.6764486223441528,0,-1.4417845249189716,4,3,1,1,Normal,0.05664349160748827
-0.5644786802925077,-0.3849072532182971,0,-1.4417845249189716,22,0,4,4,Normal,0.0693395161313356
-0.5644786802925077,0.3481297400693506,0,0.6239573261004014,16,4,1,0,Normal,0.12575837062787476
2.7283822226826,-0.0009354948295292,0,0.6239573261004014,17,1,0,5,Normal,0.0432483307142163
-0.5644786802925077,0.4528493105390145,0,0.6239573261004014,9,0,0,1,Normal,0.10034338210214144
-0.5644786802925077,-0.3150942062385213,0,-0.408913599409285,16,3,4,0,Normal,0.12336901341550427
-0.5644786802925077,0.9066341159075584,0,0.6239573261004014,0,4,4,2,Normal,0.09711273659834041
-0.5644786802925077,-1.6066355753643766,0,-0.408913599409285,13,7,3,1,Normal,0.11121215535558027
1.9051669969388227,-0.5594398706677371,1,-0.408913599409285,13,1,3,5,Normal,0.018993778183333254
2.7283822226826,1.2207928273165505,0,0.6239573261004014,16,2,1,7,Normal,0.0405727689069012
-0.5644786802925077,0.9764471628873344,0,-0.408913599409285,19,0,3,1,Normal,0.12123254175937215
-0.5644786802925077,0.0688775521502468,0,-1.4417845249189716,6,3,1,3,Normal,0.13836457467815905
-0.5644786802925077,-1.467009481404825,0,0.6239573261004014,14,1,3,2,Normal,0.13692688917755208
-0.1528710674206193,0.2085036461097985,0,-0.408913599409285,15,7,2,4,Normal,0.12878809891122384
1.9051669969388227,-0.1754681122789692,1,-0.408913599409285,3,5,1,7,Normal,0.010046308067412357
-0.5644786802925077,1.3953254447659904,0,-0.408913599409285,3,6,3,3,Normal,0.12432586505261456
1.081951771195046,-0.1056550652991931,0,-1.4417845249189716,8,3,1,6,Normal,0.09942144396327857
-0.5644786802925077,-1.5717290518744889,0,0.6239573261004014,5,2,0,2,Normal,0.0954059328204856
-0.5644786802925077,1.2207928273165505,0,0.6239573261004014,9,7,1,2,Normal,0.1172847169109345
-0.5644786802925077,0.3481297400693506,1,0.6239573261004014,12,0,0,5,Normal,0.018552145589946223
0.6703441583231574,1.6745776326850943,0,-0.408913599409285,20,1,4,1,Normal,0.04176668727036981
1.081951771195046,-0.0707485418093052,0,-0.408913599409285,4,2,3,3,Normal,0.12709439764404118
-0.5644786802925077,-1.5368225283846009,0,-1.4417845249189716,7,1,2,5,Normal,0.10399525873699833
-0.5644786802925077,-1.397196434425049,0,1.656828251610088,2,5,1,2,Normal,0.09465538252704819
-0.5644786802925077,0.3830362635592385,0,-0.408913599409285,22,3,3,6,Normal,0.13702387101355706
0.6703441583231574,-0.3150942062385213,0,-0.408913599409285,13,2,4,0,Normal,0.09748479843661895
-0.5644786802925077,-1.5019160048947129,0,1.656828251610088,20,6,4,7,Normal,0.031627655663446275
2.316774609810712,-0.3849072532182971,1,-1.4417845249189716,16,4,2,5,Normal,0.0030113891550419547
-0.5644786802925077,1.0113536863772226,0,0.6239573261004014,7,0,0,1,Normal,0.09645814261405805
0.6703441583231574,-0.4547203001980731,0,-0.408913599409285,1,4,0,0,Normal,0.05945520241784008
-0.5644786802925077,-0.3849072532182971,0,0.6239573261004014,18,1,2,6,Normal,0.13959963762038807
-0.5644786802925077,-1.6066355753643766,0,0.6239573261004014,5,4,2,0,Normal,0.09891478738240722
-0.5644786802925077,0.2783166930895746,0,-0.408913599409285,2,4,2,0,Normal,0.12771816014754084
-0.5644786802925077,-0.0707485418093052,0,0.6239573261004014,15,6,0,0,Normal,0.10386429868507052
-0.5644786802925077,-0.873598582076729,1,-0.408913599409285,20,0,3,0,Normal,0.014969895775157394
1.9051669969388227,0.0339710286603586,0,-0.408913599409285,11,2,4,5,Normal,0.08719813412111654
2.7283822226826,1.4651384917457662,0,0.6239573261004014,11,0,1,4,Normal,0.03594935656319187
1.9051669969388227,1.3604189212761024,1,-1.4417845249189716,5,7,3,5,Suspicious,-0.02961063521542362
1.4935593840669343,0.1037840756401346,0,0.6239573261004014,20,0,3,6,Normal,0.08029241543837184
-0.5644786802925077,-0.8037855350969529,0,0.6239573261004014,6,6,1,7,Normal,0.11638578930682547
0.6703441583231574,0.6273819279884545,0,-0.408913599409285,15,4,0,2,Normal,0.10408310790429764
-0.5644786802925077,-1.362289910935161,0,-0.408913599409285,0,0,2,7,Normal,0.06601095507865529
-0.5644786802925077,-1.6415420988542648,0,-0.408913599409285,22,1,1,7,Normal,0.08068261369054897
1.4935593840669343,-1.6066355753643766,0,1.656828251610088,19,3,0,7,Normal,0.00883303516419176
1.081951771195046,0.9066341159075584,0,1.656828251610088,4,3,1,5,Normal,0.06358244369542498
-0.5644786802925077,1.2556993508064382,0,0.6239573261004014,17,4,2,1,Normal,0.1322910855565949
1.9051669969388227,-1.397196434425049,0,0.6239573261004014,22,3,1,2,Normal,0.07145069896114731
-0.5644786802925077,0.5575688810086785,0,0.6239573261004014,1,3,3,6,Normal,0.1312101797846264
-0.5644786802925077,0.7321014984581184,0,-0.408913599409285,3,6,2,7,Normal,0.1262165279609449
2.7283822226826,-0.5943463941576251,0,-0.408913599409285,16,7,3,7,Normal,0.028353538058808136
2.316774609810712,-1.1528507699958328,0,-0.408913599409285,16,7,0,6,Normal,0.02742808366499272
-0.5644786802925077,-0.3849072532182971,0,-1.4417845249189716,1,1,4,0,Normal,0.0705326844120604
-0.5644786802925077,0.7670080219480067,0,0.6239573261004014,11,4,4,3,Normal,0.13322146502282378
-0.5644786802925077,0.8717275924176705,0,0.6239573261004014,7,4,0,0,Normal,0.09447858843338408
-0.5644786802925077,0.2783166930895746,0,-0.408913599409285,13,4,2,0,Normal,0.13343184931148755
1.081951771195046,0.5924754044985666,1,-0.408913599409285,9,1,3,1,Normal,0.025690884865533836
-0.5644786802925077,-0.908505105566617,0,-1.4417845249189716,19,1,2,6,Normal,0.1014263177483955
0.6703441583231574,1.604764585705318,0,0.6239573261004014,0,3,1,2,Normal,0.0674574267290231
1.4935593840669343,0.2783166930895746,0,0.6239573261004014,2,4,2,7,Normal,0.08495993030751203
-0.5644786802925077,-0.9783181525463928,0,0.6239573261004014,7,2,0,0,Normal,0.09753335555709353
-0.5644786802925077,-1.3273833874452727,0,-0.408913599409285,15,4,3,4,Normal,0.14402914579534354
-0.5644786802925077,0.8368210689277826,0,-0.408913599409285,13,6,1,7,Normal,0.12931438876565537
1.081951771195046,1.0462602098671103,0,-0.408913599409285,1,2,4,1,Normal,0.07025209249091935
-0.5644786802925077,-0.1405615887890813,1,0.6239573261004014,23,5,3,2,Normal,0.03711486118481244
-0.5644786802925077,-0.4198137767081852,0,1.656828251610088,8,2,2,3,Normal,0.12718139579999527
-0.5644786802925077,-0.4198137767081852,1,-0.408913599409285,10,5,4,1,Normal,0.047452604269974885
0.6703441583231574,-1.083037723016057,0,-0.408913599409285,4,2,3,7,Normal,0.08797858846382356
-0.5644786802925077,1.7094841561749825,0,0.6239573261004014,19,4,0,2,Normal,0.0819356922266965
-0.5644786802925077,-0.873598582076729,0,-1.4417845249189716,17,2,0,6,Normal,0.08982179044312055
1.9051669969388227,-0.4547203001980731,0,-0.408913599409285,9,3,3,6,Normal,0.10783219510357672
1.081951771195046,1.1858863038266625,0,-1.4417845249189716,3,1,3,2,Normal,0.06217318625921864
0.6703441583231574,0.5575688810086785,0,0.6239573261004014,16,5,1,1,Normal,0.12141676843630816
-0.5644786802925077,0.5226623575187906,0,0.6239573261004014,3,0,2,6,Normal,0.12582229099634878
-0.1528710674206193,-0.524533347177849,0,-0.408913599409285,22,0,1,7,Normal,0.07935151159899079
-0.5644786802925077,-1.5717290518744889,0,-1.4417845249189716,11,5,0,0,Normal,0.05696199593589091
-0.5644786802925077,1.0113536863772226,0,-0.408913599409285,9,0,0,7,Normal,0.0864006281277121
-0.5644786802925077,-0.3500007297284091,0,1.656828251610088,0,2,0,2,Normal,0.06576752388755713
-0.5644786802925077,-0.0009354948295292,1,0.6239573261004014,10,6,0,7,Normal,0.02596908244926366
-0.5644786802925077,1.7443906796648705,0,-0.408913599409285,20,7,4,3,Normal,0.07933650682912186
-0.5644786802925077,-1.397196434425049,0,0.6239573261004014,11,3,0,5,Normal,0.1179895399523479
-0.5644786802925077,0.6971949749682306,0,-0.408913599409285,7,7,0,4,Normal,0.11404197343000744
1.4935593840669343,0.1735971226199107,0,-0.408913599409285,3,2,1,4,Normal,0.11508600373092298
-0.5644786802925077,-1.5019160048947129,0,-0.408913599409285,15,5,4,5,Normal,0.09932751143862484
-0.1528710674206193,0.3132232165794628,1,-0.408913599409285,16,4,1,7,Normal,0.04518238400817565
2.7283822226826,-1.117944246505945,1,0.6239573261004014,20,2,2,1,Suspicious,-0.025993001944746186
-0.1528710674206193,-0.2452811592587452,0,-0.408913599409285,11,6,4,3,Normal,0.1289822128970674
-0.5644786802925077,1.0462602098671103,1,0.6239573261004014,3,2,0,4,Normal,0.03271963055665683
2.7283822226826,0.9764471628873344,0,0.6239573261004014,0,1,1,5,Normal,0.04580497803676675
2.7283822226826,0.5575688810086785,0,0.6239573261004014,17,2,4,3,Normal,0.055412923946701165
-0.5644786802925077,0.4528493105390145,0,1.656828251610088,2,1,3,4,Normal,0.11937187783930858
-0.5644786802925077,0.3481297400693506,0,-1.4417845249189716,8,3,3,4,Normal,0.1407667581191771
2.7283822226826,-0.0707485418093052,0,-0.408913599409285,5,7,1,6,Normal,0.042976236811284485
-0.5644786802925077,0.9415406393974466,0,-0.408913599409285,20,3,4,1,Normal,0.11597198422471278
1.081951771195046,0.2434101695996867,1,1.656828251610088,0,0,2,2,Suspicious,-0.02840279260741918
-0.5644786802925077,-1.048131199526169,0,0.6239573261004014,12,2,3,1,Normal,0.14903436180578628
-0.1528710674206193,1.1160732568468863,0,0.6239573261004014,15,3,2,3,Normal,0.13600648175761293
-0.5644786802925077,-0.2801876827486331,0,-0.408913599409285,12,4,2,7,Normal,0.14572034898354963
-0.5644786802925077,-0.943411629056505,0,1.656828251610088,15,4,3,0,Normal,0.09912849911473931
-0.5644786802925077,-0.2801876827486331,0,-0.408913599409285,22,0,2,0,Normal,0.10013441575036164
-0.5644786802925077,1.5000450152356546,0,-0.408913599409285,4,5,2,4,Normal,0.1449488362408421
-0.1528710674206193,-0.4198137767081852,0,-0.408913599409285,20,0,0,5,Normal,0.0858468581942996
-0.5644786802925077,0.5924754044985666,1,0.6239573261004014,16,6,4,2,Normal,0.03920065716929577
-0.5644786802925077,-0.0009354948295292,0,1.656828251610088,5,5,4,5,Normal,0.10018635160434497
-0.5644786802925077,1.7094841561749825,0,-0.408913599409285,15,0,4,3,Normal,0.0927265640213486
-0.5644786802925077,-1.4321029579149367,0,-0.408913599409285,22,2,3,2,Normal,0.11591732974741775
-0.5644786802925077,1.6745776326850943,0,0.6239573261004014,1,2,2,0,Normal,0.07846251200578558
-0.1528710674206193,0.8717275924176705,0,-1.4417845249189716,23,3,1,2,Normal,0.07181733904656484
-0.5644786802925077,-1.1877572934857208,0,0.6239573261004014,22,4,3,1,Normal,0.11104563969148085
-0.5644786802925077,1.2207928273165505,1,1.656828251610088,6,0,0,1,Suspicious,-0.013207570943862379
-0.5644786802925077,-0.5943463941576251,1,-0.408913599409285,6,5,2,7,Normal,0.05899625840526601
-0.5644786802925077,-0.1056550652991931,1,-1.4417845249189716,6,7,0,5,Normal,0.022654802606508984
-0.5644786802925077,-0.7339724881171771,0,-0.408913599409285,3,5,2,7,Normal,0.12964453745083693
2.7283822226826,0.6971949749682306,0,-0.408913599409285,23,7,3,4,Normal,0.013541299680320584
-0.5644786802925077,-0.5943463941576251,0,-0.408913599409285,1,3,1,0,Normal,0.11585201234250181
-0.5644786802925077,1.1509797803367747,1,-0.408913599409285,15,0,2,3,Normal,0.04259616013333534
0.6703441583231574,1.0113536863772226,0,-1.4417845249189716,13,1,3,1,Normal,0.07817956265118542
2.7283822226826,0.2085036461097985,0,-0.408913599409285,10,4,3,5,Normal,0.07123431568011607
-0.5644786802925077,0.4179427870491267,0,-0.408913599409285,13,5,4,4,Normal,0.14149040822297193
-0.5644786802925077,1.0811667333569983,0,1.656828251610088,0,3,1,0,Normal,0.06333289574358414
-0.5644786802925077,-0.4547203001980731,0,-1.4417845249189716,20,2,4,7,Normal,0.08040405633624481
-0.5644786802925077,1.3953254447659904,0,-0.408913599409285,10,5,4,7,Normal,0.08433948022543714
-0.1528710674206193,0.1735971226199107,0,-0.408913599409285,13,2,1,2,Normal,0.15065551678970884
-0.5644786802925077,0.3481297400693506,0,0.6239573261004014,20,2,3,0,Normal,0.11489147399355026
-0.5644786802925077,-0.2801876827486331,0,0.6239573261004014,3,3,1,3,Normal,0.15070839076343318
1.081951771195046,-0.3150942062385213,0,-1.4417845249189716,11,1,4,1,Normal,0.06289881432252098
-0.5644786802925077,-0.2801876827486331,0,0.6239573261004014,3,6,3,0,Normal,0.10650057337450819
2.7283822226826,-0.873598582076729,0,0.6239573261004014,4,6,1,6,Normal,0.045330853328441445
-0.5644786802925077,-1.6415420988542648,0,0.6239573261004014,23,2,4,4,Normal,0.07395641466472358
-0.1528710674206193,-1.5019160048947129,0,-1.4417845249189716,9,6,2,0,Normal,0.07202924795772048
-0.5644786802925077,-0.524533347177849,0,0.6239573261004014,11,6,3,4,Normal,0.15557896051734277
-0.5644786802925077,-1.4321029579149367,0,1.656828251610088,20,3,0,2,Normal,0.05809642927557257
1.9051669969388227,1.3953254447659904,0,1.656828251610088,2,1,2,0,Normal,0.021139896826755766
-0.5644786802925077,0.4179427870491267,0,-1.4417845249189716,22,0,0,2,Normal,0.05399696808818921
1.4935593840669343,-1.6066355753643766,0,0.6239573261004014,0,7,4,1,Normal,0.02257412791757285
-0.5644786802925077,0.1735971226199107,1,0.6239573261004014,1,7,3,7,Normal,0.014069137362864526
-0.5644786802925077,1.5000450152356546,0,-0.408913599409285,19,6,4,0,Normal,0.06949925088489894
2.7283822226826,-0.873598582076729,0,1.656828251610088,9,6,0,6,Suspicious,-0.002707604979073741
-0.5644786802925077,-1.6415420988542648,0,-1.4417845249189716,12,1,2,0,Normal,0.08803093417832797
-0.5644786802925077,-1.292476863955385,0,-0.408913599409285,6,7,2,6,Normal,0.10674699845085245
-0.5644786802925077,0.9066341159075584,0,0.6239573261004014,2,5,1,7,Normal,0.10289214801371271
2.7283822226826,-0.2801876827486331,0,0.6239573261004014,16,4,1,2,Normal,0.08060471085655996
-0.5644786802925077,-1.5019160048947129,0,0.6239573261004014,17,5,4,6,Normal,0.08539980475331121
-0.5644786802925077,-1.3273833874452727,0,0.6239573261004014,21,1,4,0,Normal,0.07302686773260603
-0.5644786802925077,1.1858863038266625,0,-1.4417845249189716,8,1,4,3,Normal,0.08781901114428858
-0.1528710674206193,1.604764585705318,0,0.6239573261004014,19,7,2,5,Normal,0.06706554553783661
-0.5644786802925077,0.8019145454378945,0,0.6239573261004014,22,6,0,2,Normal,0.09886575763724081
-0.5644786802925077,1.6745776326850943,0,1.656828251610088,13,5,4,3,Normal,0.08729668854419104
-0.5644786802925077,1.0462602098671103,0,0.6239573261004014,16,4,2,4,Normal,0.15534920323549828
-0.5644786802925077,-0.2452811592587452,0,-0.408913599409285,14,1,1,3,Normal,0.16788419537875837
-0.5644786802925077,0.9415406393974466,0,-0.408913599409285,18,5,3,4,Normal,0.1539163467146356
-0.5644786802925077,-0.4198137767081852,1,-0.408913599409285,3,4,2,6,Normal,0.05795412178631498
-0.5644786802925077,-1.1528507699958328,0,0.6239573261004014,18,2,3,5,Normal,0.13546856803871005
2.7283822226826,0.6971949749682306,0,0.6239573261004014,17,4,3,1,Normal,0.07031318221322536
-0.5644786802925077,-0.524533347177849,0,-0.408913599409285,5,0,0,1,Normal,0.10685822005476908
1.081951771195046,-0.0358420183194171,0,0.6239573261004014,2,7,1,2,Normal,0.0843505493194151
-0.5644786802925077,-1.1877572934857208,0,1.656828251610088,1,2,0,3,Normal,0.0713178700293503
-0.5644786802925077,0.1386905991300228,0,0.6239573261004014,21,2,2,6,Normal,0.14197464812650173
1.9051669969388227,1.1160732568468863,0,-0.408913599409285,7,5,1,0,Normal,0.057788684204264085
-0.5644786802925077,1.3255123977862149,1,0.6239573261004014,15,0,2,1,Normal,0.02122211620612313
1.9051669969388227,-0.664159441137401,0,0.6239573261004014,3,5,4,6,Normal,0.05876359095449013
-0.5644786802925077,1.7094841561749825,0,-0.408913599409285,17,0,1,0,Normal,0.07727824287243612
0.6703441583231574,0.7321014984581184,0,0.6239573261004014,2,1,0,5,Normal,0.06871066874267984
-0.5644786802925077,1.6745776326850943,0,0.6239573261004014,9,6,0,1,Normal,0.08254292130647312
-0.5644786802925077,0.3481297400693506,0,-0.408913599409285,12,3,1,1,Normal,0.16318575250397233
0.6703441583231574,1.5349515387255426,0,0.6239573261004014,7,0,1,2,Normal,0.07094366429684129
-0.5644786802925077,1.7094841561749825,1,0.6239573261004014,2,1,3,0,Suspicious,-0.01298543521809159
0.258736545451269,0.5226623575187906,0,0.6239573261004014,3,5,4,2,Normal,0.09489539522376711
2.316774609810712,1.604764585705318,0,-0.408913599409285,5,7,1,3,Normal,0.03661071148820927
-0.5644786802925077,-0.0358420183194171,0,-1.4417845249189716,5,6,2,0,Normal,0.10195464482232408
2.7283822226826,-0.7339724881171771,0,-0.408913599409285,19,4,4,7,Normal,0.017049589157967948
2.316774609810712,0.6273819279884545,0,1.656828251610088,16,3,1,7,Normal,0.03228710947665958
-0.5644786802925077,-0.664159441137401,0,0.6239573261004014,12,6,2,4,Normal,0.15808934599883784
-0.5644786802925077,0.3830362635592385,0,0.6239573261004014,3,5,2,0,Normal,0.12139253823560514
0.258736545451269,-0.8037855350969529,0,-0.408913599409285,1,5,4,2,Normal,0.09754690874556393
-0.5644786802925077,0.7670080219480067,0,-0.408913599409285,11,0,0,3,Normal,0.10995464555131107
-0.5644786802925077,0.4877558340289027,1,1.656828251610088,3,6,1,5,Normal,0.030108600986952228
-0.5644786802925077,-0.873598582076729,0,-1.4417845249189716,21,1,2,0,Normal,0.08646972516478324
-0.5644786802925077,0.3830362635592385,1,-0.408913599409285,0,0,0,2,Normal,0.01032625017466493
-0.5644786802925077,0.1037840756401346,0,-0.408913599409285,2,2,3,4,Normal,0.15209578985277822
-0.5644786802925077,0.8368210689277826,1,1.656828251610088,12,1,0,7,Suspicious,-0.018447736990393482
-0.1528710674206193,-1.048131199526169,0,-0.408913599409285,2,3,1,5,Normal,0.12866061159650094
-0.5644786802925077,-1.397196434425049,0,-0.408913599409285,22,4,4,5,Normal,0.0914713040217412
-0.5644786802925077,1.5349515387255426,0,-0.408913599409285,14,6,4,5,Normal,0.10057451358625336
2.7283822226826,-0.908505105566617,0,0.6239573261004014,5,6,0,0,Normal,0.01623183298720876
-0.5644786802925077,-0.489626823687961,1,-1.4417845249189716,16,3,4,4,Normal,0.03577744963132201
1.081951771195046,0.8717275924176705,0,1.656828251610088,20,0,3,1,Normal,0.03686176447378464
-0.5644786802925077,1.4651384917457662,0,-1.4417845249189716,23,6,2,5,Normal,0.08477767380381662
-0.5644786802925077,-0.873598582076729,0,-0.408913599409285,9,4,3,3,Normal,0.1636737436967013
0.258736545451269,0.1386905991300228,0,-1.4417845249189716,6,1,4,4,Normal,0.07870408102547544
-0.5644786802925077,0.6971949749682306,1,1.656828251610088,10,5,3,7,Normal,0.031474157196623054
-0.5644786802925077,1.2207928273165505,0,0.6239573261004014,19,6,4,1,Normal,0.09711916121735842
-0.5644786802925077,-0.1754681122789692,1,0.6239573261004014,12,2,0,5,Normal,0.03924062569519138
1.4935593840669343,1.1509797803367747,0,0.6239573261004014,4,2,4,1,Normal,0.0632195651619546
-0.5644786802925077,-0.7339724881171771,0,0.6239573261004014,8,4,2,3,Normal,0.16254075992002698
-0.5644786802925077,0.3481297400693506,0,1.656828251610088,0,5,4,1,Normal,0.08082913523516
-0.5644786802925077,0.2085036461097985,0,0.6239573261004014,8,1,0,2,Normal,0.11787884614364097
-0.5644786802925077,-0.2452811592587452,0,0.6239573261004014,20,6,4,1,Normal,0.10531624005528312
2.316774609810712,-0.0707485418093052,0,-0.408913599409285,8,3,2,7,Normal,0.08365621464692241
-0.5644786802925077,1.7094841561749825,0,-0.408913599409285,11,1,4,4,Normal,0.09575423755842671
-0.5644786802925077,-0.6990659646272891,0,0.6239573261004014,2,6,0,0,Normal,0.07696647193640982
-0.5644786802925077,-0.3500007297284091,0,-0.408913599409285,20,3,0,3,Normal,0.12194166530131267
1.9051669969388227,0.7321014984581184,1,0.6239573261004014,8,5,4,2,Suspicious,-0.01367266998687644
-0.5644786802925077,0.4877558340289027,0,1.656828251610088,15,2,1,2,Normal,0.12725087135965008
-0.5644786802925077,0.1735971226199107,0,0.6239573261004014,15,2,3,0,Normal,0.13173383725329624
-0.5644786802925077,-1.6415420988542648,0,-1.4417845249189716,2,6,4,0,Normal,0.02892182380720898
-0.5644786802925077,0.4528493105390145,0,-0.408913599409285,17,4,3,3,Normal,0.16119698623486994
-0.5644786802925077,1.1160732568468863,0,-0.408913599409285,21,0,4,1,Normal,0.08578140579672922
2.316774609810712,-1.1877572934857208,1,-0.408913599409285,1,5,2,3,Normal,0.0015680809708505938
-0.5644786802925077,0.1386905991300228,0,0.6239573261004014,9,0,0,6,Normal,0.1034953336370037
-0.5644786802925077,-0.943411629056505,1,0.6239573261004014,19,1,3,1,Normal,0.030567048786812046
1.4935593840669343,0.4179427870491267,0,-1.4417845249189716,17,6,4,1,Normal,0.04180936827030235
0.6703441583231574,0.9415406393974466,0,0.6239573261004014,18,5,3,3,Normal,0.11158791487663039
-0.5644786802925077,-0.4547203001980731,0,0.6239573261004014,21,0,1,6,Normal,0.10910828327205851
1.4935593840669343,-1.1528507699958328,0,1.656828251610088,22,6,2,7,Normal,0.014956212253601997
2.316774609810712,-0.873598582076729,1,1.656828251610088,23,3,4,6,Suspicious,-0.05356812076947726
0.258736545451269,-0.524533347177849,0,1.656828251610088,19,4,2,7,Normal,0.06611474951475449
-0.5644786802925077,0.5575688810086785,0,0.6239573261004014,18,0,0,4,Normal,0.10431235913813341
-0.5644786802925077,0.4528493105390145,1,-0.408913599409285,21,7,1,6,Normal,0.026900759004227837
-0.5644786802925077,0.8019145454378945,0,-1.4417845249189716,5,3,2,5,Normal,0.1342914666423951
2.316774609810712,-0.524533347177849,0,-0.408913599409285,11,3,1,1,Normal,0.09502401765478818
-0.5644786802925077,-0.1405615887890813,0,0.6239573261004014,7,0,3,5,Normal,0.13487314498648628
2.316774609810712,0.6971949749682306,0,-1.4417845249189716,13,7,2,1,Normal,0.03939945851827964
-0.1528710674206193,-0.873598582076729,0,1.656828251610088,22,7,3,0,Normal,0.02825050917296379
0.6703441583231574,-0.1405615887890813,0,-1.4417845249189716,13,0,2,6,Normal,0.07303496427183631
-0.5644786802925077,0.6273819279884545,0,0.6239573261004014,13,7,1,0,Normal,0.10804640510803076
1.9051669969388227,0.6273819279884545,0,1.656828251610088,8,4,3,1,Normal,0.0639608541159783
-0.5644786802925077,-0.873598582076729,0,-1.4417845249189716,7,5,2,3,Normal,0.13504555125391882
-0.5644786802925077,-0.6990659646272891,0,0.6239573261004014,15,7,4,3,Normal,0.11838965937414098
-0.5644786802925077,0.8368210689277826,0,-0.408913599409285,19,0,2,2,Normal,0.12895836402624855
-0.5644786802925077,-0.5943463941576251,1,-0.408913599409285,14,2,2,3,Normal,0.07729670195990357
-0.5644786802925077,1.0113536863772226,1,-0.408913599409285,17,5,4,1,Normal,0.024850131622701332
2.316774609810712,0.2783166930895746,0,1.656828251610088,9,6,3,3,Normal,0.053859516928792206
-0.5644786802925077,1.3604189212761024,0,0.6239573261004014,1,0,4,2,Normal,0.08227607330075715
-0.5644786802925077,1.2906058742963262,0,-0.408913599409285,11,4,3,7,Normal,0.12295344647536349
0.258736545451269,-1.4321029579149367,0,-0.408913599409285,7,7,3,6,Normal,0.07124873400767417
2.7283822226826,-0.5943463941576251,0,-0.408913599409285,19,6,2,2,Normal,0.053246021647290975
-0.5644786802925077,0.1735971226199107,0,-0.408913599409285,15,4,1,7,Normal,0.14061089873084048
-0.5644786802925077,0.5226623575187906,0,-1.4417845249189716,17,6,0,1,Normal,0.09402440907023601
1.9051669969388227,-0.524533347177849,1,1.656828251610088,18,2,4,1,Suspicious,-0.02880839594655482
-0.5644786802925077,1.7094841561749825,0,1.656828251610088,13,1,3,5,Normal,0.08172818499536882
-0.5644786802925077,-1.6066355753643766,0,0.6239573261004014,21,6,4,2,Normal,0.07280224277596048
-0.5644786802925077,0.2085036461097985,0,-0.408913599409285,12,2,3,0,Normal,0.14047775395371026
-0.5644786802925077,0.8368210689277826,0,0.6239573261004014,18,3,4,6,Normal,0.11543879615165081
-0.5644786802925077,-0.0707485418093052,0,-1.4417845249189716,14,7,4,7,Normal,0.08143418664583824
-0.5644786802925077,-1.257570340465497,0,0.6239573261004014,12,4,0,6,Normal,0.10578536811904038
-0.5644786802925077,-0.210374635768857,0,0.6239573261004014,6,6,1,7,Normal,0.11899198184345272
-0.5644786802925077,-0.8037855350969529,1,0.6239573261004014,14,0,2,6,Normal,0.03539383026144549
-0.5644786802925077,0.4528493105390145,1,1.656828251610088,15,2,1,1,Normal,0.022893106631657556
-0.5644786802925077,-1.0132246760362809,1,-1.4417845249189716,14,1,2,3,Normal,0.039700821873757675
-0.5644786802925077,1.0462602098671103,1,0.6239573261004014,17,5,2,4,Normal,0.062048010839297896
-0.1528710674206193,0.4179427870491267,0,-1.4417845249189716,19,4,4,1,Normal,0.08176292727527268
1.081951771195046,-1.397196434425049,0,-0.408913599409285,16,7,4,0,Normal,0.03839459250438593
-0.5644786802925077,0.3830362635592385,0,-0.408913599409285,0,6,0,7,Normal,0.07466936967358506
-0.5644786802925077,-1.083037723016057,0,-0.408913599409285,4,2,4,0,Normal,0.10642756007154142
-0.5644786802925077,0.5226623575187906,0,0.6239573261004014,19,1,2,5,Normal,0.14161439787408064
-0.5644786802925077,-0.3849072532182971,0,0.6239573261004014,18,2,3,2,Normal,0.14262622550339982
-0.5644786802925077,-0.5943463941576251,0,0.6239573261004014,13,0,1,1,Normal,0.13176352485416165
-0.5644786802925077,-1.117944246505945,0,-1.4417845249189716,5,0,1,3,Normal,0.102780800293237
1.081951771195046,1.4651384917457662,0,-0.408913599409285,8,4,3,6,Normal,0.09043639961398986
-0.5644786802925077,-0.664159441137401,0,-0.408913599409285,15,4,4,3,Normal,0.14796936852970627
1.9051669969388227,-0.4198137767081852,0,-1.4417845249189716,8,1,4,2,Normal,0.04361096054555025
0.258736545451269,-0.7688790116070651,0,-0.408913599409285,12,0,4,7,Normal,0.07397205478605484
-0.5644786802925077,-1.083037723016057,0,0.6239573261004014,5,1,1,1,Normal,0.1308410652324008
-0.1528710674206193,1.2556993508064382,0,0.6239573261004014,12,7,1,7,Normal,0.07316388537158425
-0.1528710674206193,1.6745776326850943,0,-1.4417845249189716,17,4,1,2,Normal,0.08431224678709293
-0.5644786802925077,1.0113536863772226,1,-0.408913599409285,10,3,1,1,Normal,0.058983954902302016
-0.5644786802925077,-1.397196434425049,0,0.6239573261004014,21,7,3,5,Normal,0.0939018447580201
0.258736545451269,-1.6415420988542648,0,-0.408913599409285,19,1,0,0,Normal,0.04095484745226119
-0.5644786802925077,-0.8386920585868409,0,0.6239573261004014,19,4,4,3,Normal,0.12030959846349781
-0.5644786802925077,1.639671109195206,0,1.656828251610088,21,2,1,4,Normal,0.08734471256748999
-0.5644786802925077,-1.292476863955385,0,1.656828251610088,8,7,1,2,Normal,0.08450073684323278
1.081951771195046,1.5000450152356546,0,0.6239573261004014,23,1,2,0,Normal,0.033533797480817085
-0.5644786802925077,-0.5594398706677371,0,-0.408913599409285,20,2,4,3,Normal,0.13849162363770978
-0.5644786802925077,1.0113536863772226,0,-0.408913599409285,4,7,1,4,Normal,0.13138183696034467
2.316774609810712,-0.0358420183194171,0,1.656828251610088,12,7,4,0,Normal,0.0003732365074272659
-0.5644786802925077,1.0811667333569983,0,0.6239573261004014,17,0,1,1,Normal,0.11924147316290423
-0.5644786802925077,-0.4547203001980731,1,-0.408913599409285,17,3,4,2,Normal,0.044054246677109554
-0.5644786802925077,-0.2452811592587452,0,-0.408913599409285,14,0,2,1,Normal,0.1465969362976297
-0.5644786802925077,1.2207928273165505,0,-0.408913599409285,4,1,2,3,Normal,0.1482896855406704
-0.5644786802925077,-1.6066355753643766,0,-1.4417845249189716,11,3,3,1,Normal,0.09799056586485133
-0.5644786802925077,0.9415406393974466,0,0.6239573261004014,12,1,0,5,Normal,0.12022499722837393
0.258736545451269,-0.3500007297284091,0,-0.408913599409285,11,3,2,2,Normal,0.15620765387308028
1.4935593840669343,-0.7339724881171771,0,0.6239573261004014,3,4,4,1,Normal,0.06815033642059476
-0.1528710674206193,-0.0358420183194171,0,-0.408913599409285,22,0,3,2,Normal,0.1068842533568844
1.081951771195046,0.7321014984581184,0,-0.408913599409285,0,1,2,7,Normal,0.06794659547862758
2.7283822226826,-0.1405615887890813,1,-1.4417845249189716,6,7,0,5,Suspicious,-0.039704838568688006
0.6703441583231574,0.4528493105390145,1,0.6239573261004014,5,0,0,6,Suspicious,-0.003467373026378784
-0.5644786802925077,-1.7462616693239288,1,-1.4417845249189716,9,2,2,3,Normal,0.02367162792565025
-0.5644786802925077,-0.524533347177849,0,-0.408913599409285,5,3,3,6,Normal,0.15326045695275875
-0.5644786802925077,0.5575688810086785,0,-1.4417845249189716,23,5,4,7,Normal,0.07684349552260672
1.081951771195046,-1.117944246505945,0,0.6239573261004014,8,7,0,7,Normal,0.032958303411345646
-0.5644786802925077,0.7670080219480067,0,-1.4417845249189716,17,5,2,7,Normal,0.11073433672981314
-0.5644786802925077,-0.524533347177849,0,0.6239573261004014,0,6,2,5,Normal,0.1305985725032746
-0.5644786802925077,-1.5368225283846009,0,-0.408913599409285,10,2,1,7,Normal,0.1149501297292378
-0.5644786802925077,-0.524533347177849,1,0.6239573261004014,3,0,1,2,Normal,0.029210959898622213
1.081951771195046,-1.1877572934857208,1,-1.4417845249189716,11,6,2,3,Normal,0.012732725910958975
-0.5644786802925077,-1.6415420988542648,0,-1.4417845249189716,20,6,3,7,Normal,0.05998880785853555
-0.5644786802925077,0.8717275924176705,0,-1.4417845249189716,8,6,4,0,Normal,0.06615223039742146
-0.5644786802925077,0.5575688810086785,0,-0.408913599409285,18,3,3,0,Normal,0.12911791107175036
-0.1528710674206193,1.2207928273165505,0,0.6239573261004014,19,2,2,5,Normal,0.11263029892270399
-0.5644786802925077,-1.4321029579149367,0,-0.408913599409285,21,0,3,2,Normal,0.10632333953932477
-0.5644786802925077,-1.292476863955385,0,-1.4417845249189716,19,3,0,5,Normal,0.07250825309845599
-0.5644786802925077,1.4651384917457662,0,-0.408913599409285,15,6,0,7,Normal,0.092998373496473
-0.5644786802925077,-1.7113551458340408,0,-0.408913599409285,15,2,2,6,Normal,0.12129999927192497
1.081951771195046,-1.083037723016057,0,-1.4417845249189716,22,3,2,0,Normal,0.04085147441823023
-0.5644786802925077,1.5349515387255426,1,-0.408913599409285,21,6,2,1,Normal,0.005170953551422275
-0.5644786802925077,-0.210374635768857,0,-1.4417845249189716,16,0,0,0,Normal,0.06688814618834127
-0.5644786802925077,-0.9783181525463928,0,-0.408913599409285,2,1,4,6,Normal,0.1061864384752646
-0.5644786802925077,0.7321014984581184,1,1.656828251610088,14,5,2,4,Normal,0.06481212605353415
-0.1528710674206193,-0.6990659646272891,0,1.656828251610088,0,3,0,5,Normal,0.04781726057308733
1.9051669969388227,1.1160732568468863,0,-0.408913599409285,5,0,0,6,Normal,0.04294499383001937
1.9051669969388227,1.1509797803367747,0,0.6239573261004014,21,5,3,6,Normal,0.06873779833360838
-0.5644786802925077,-0.664159441137401,0,-0.408913599409285,8,4,1,4,Normal,0.17453661857869046
-0.5644786802925077,1.3953254447659904,1,-0.408913599409285,17,5,4,4,Normal,0.018667014537827376
-0.5644786802925077,0.6273819279884545,0,0.6239573261004014,8,7,4,3,Normal,0.11184667477375948
-0.5644786802925077,-0.3500007297284091,0,0.6239573261004014,15,6,3,7,Normal,0.1182768018098509
-0.5644786802925077,1.5698580622154303,0,0.6239573261004014,8,7,4,2,Normal,0.07365277351796795
-0.5644786802925077,-1.6415420988542648,0,0.6239573261004014,21,7,3,3,Normal,0.09084507225428196
2.316774609810712,-0.1754681122789692,0,-1.4417845249189716,3,2,3,1,Normal,0.04353816828692203
2.7283822226826,-0.908505105566617,0,0.6239573261004014,16,4,4,2,Normal,0.05312874772675924
-0.5644786802925077,-1.6066355753643766,0,-1.4417845249189716,0,1,2,2,Normal,0.07685328204062192
2.7283822226826,0.3132232165794628,0,-0.408913599409285,20,1,1,3,Normal,0.06847578748093974
1.4935593840669343,-0.2452811592587452,0,0.6239573261004014,12,6,2,7,Normal,0.09127898439556736
-0.5644786802925077,-0.5943463941576251,0,0.6239573261004014,9,0,1,3,Normal,0.1336252300813734
2.316774609810712,-0.1754681122789692,0,0.6239573261004014,20,2,0,7,Normal,0.02003883475316992
-0.5644786802925077,1.7094841561749825,1,-0.408913599409285,11,2,0,1,Normal,0.009107699576232808
2.316774609810712,-1.048131199526169,0,0.6239573261004014,23,2,4,6,Normal,0.026527899233042107
-0.5644786802925077,-0.6990659646272891,1,-0.408913599409285,11,7,0,0,Normal,0.0065152274448497804
1.9051669969388227,0.9415406393974466,0,-0.408913599409285,17,4,3,7,Normal,0.07581831929994709
-0.5644786802925077,0.1386905991300228,0,-1.4417845249189716,4,0,0,1,Normal,0.07899833954824009
0.6703441583231574,-0.3150942062385213,1,-1.4417845249189716,12,1,0,1,Suspicious,-0.006408572245559241
-0.5644786802925077,0.4179427870491267,0,0.6239573261004014,0,0,1,4,Normal,0.10685726601871165
-0.5644786802925077,1.1858863038266625,0,0.6239573261004014,17,7,4,4,Normal,0.10055333054322702
-0.5644786802925077,1.2207928273165505,0,-1.4417845249189716,15,4,0,3,Normal,0.09813380395281512
-0.5644786802925077,-0.524533347177849,0,-0.408913599409285,10,0,2,5,Normal,0.1525347662110984
-0.5644786802925077,-1.6415420988542648,0,-0.408913599409285,23,1,4,3,Normal,0.07953380748704819
-0.5644786802925077,-1.3273833874452727,0,1.656828251610088,1,0,4,2,Normal,0.05878584739562365
2.316774609810712,-0.0707485418093052,0,-0.408913599409285,10,0,0,2,Normal,0.05864235433602838
-0.1528710674206193,-0.943411629056505,0,-1.4417845249189716,4,7,0,5,Normal,0.061596731288519946
-0.5644786802925077,1.1160732568468863,0,-0.408913599409285,18,2,1,1,Normal,0.1322230039823471
-0.5644786802925077,1.1858863038266625,0,0.6239573261004014,5,7,0,7,Normal,0.06521589566657027
1.4935593840669343,1.2207928273165505,0,0.6239573261004014,0,1,1,0,Normal,0.052433176662135206
-0.5644786802925077,0.7321014984581184,1,-0.408913599409285,17,1,2,4,Normal,0.061797117983933614
-0.5644786802925077,0.5226623575187906,0,0.6239573261004014,10,6,4,7,Normal,0.10174531880270676
-0.5644786802925077,-0.1754681122789692,0,-0.408913599409285,16,7,0,0,Normal,0.08739323250662256
-0.5644786802925077,-1.4321029579149367,1,1.656828251610088,22,5,3,0,Suspicious,-0.01817093051271379
-0.1528710674206193,0.2085036461097985,0,0.6239573261004014,8,3,3,4,Normal,0.1407669550471649
0.6703441583231574,1.0462602098671103,0,0.6239573261004014,0,4,2,5,Normal,0.09352863383567267
2.7283822226826,0.1735971226199107,1,0.6239573261004014,19,3,1,5,Suspicious,-0.008742693045063699
-0.5644786802925077,-0.5594398706677371,1,0.6239573261004014,22,1,2,3,Normal,0.03491921172021428
1.4935593840669343,1.1509797803367747,1,-0.408913599409285,22,7,2,4,Suspicious,-0.016253196003253145
-0.5644786802925077,-1.5717290518744889,1,-0.408913599409285,13,7,2,1,Normal,0.024800945042922184
-0.5644786802925077,-0.210374635768857,0,0.6239573261004014,7,4,4,1,Normal,0.1223896026582062
-0.5644786802925077,0.1735971226199107,1,0.6239573261004014,17,0,4,3,Normal,0.015851444365007072
-0.5644786802925077,0.2434101695996867,1,-0.408913599409285,8,2,1,0,Normal,0.05008586190998465
1.4935593840669343,-0.2801876827486331,0,-0.408913599409285,22,5,3,1,Normal,0.08391770076910376
-0.5644786802925077,0.5226623575187906,0,0.6239573261004014,14,5,0,3,Normal,0.12878647655791475
-0.5644786802925077,-0.873598582076729,0,0.6239573261004014,14,7,4,5,Normal,0.10745937001056582
-0.5644786802925077,-1.257570340465497,0,-1.4417845249189716,3,0,3,0,Normal,0.06982315343924383
-0.5644786802925077,1.3604189212761024,0,-1.4417845249189716,11,6,3,1,Normal,0.10023125805235089
-0.5644786802925077,0.5575688810086785,0,-0.408913599409285,18,3,4,7,Normal,0.11616998760584407
0.258736545451269,1.2556993508064382,0,0.6239573261004014,2,0,2,0,Normal,0.07039582511995701
-0.5644786802925077,-0.6990659646272891,0,-0.408913599409285,11,2,4,3,Normal,0.15254345936873598
-0.5644786802925077,0.9066341159075584,0,0.6239573261004014,10,5,4,7,Normal,0.09580696739202699
-0.5644786802925077,1.0811667333569983,0,-0.408913599409285,6,7,3,2,Normal,0.11487567506230223
-0.5644786802925077,-1.7113551458340408,0,-0.408913599409285,11,6,0,4,Normal,0.09961512484468671
-0.5644786802925077,-0.489626823687961,0,-1.4417845249189716,9,7,0,1,Normal,0.0826712616037647
-0.5644786802925077,-0.3500007297284091,0,-1.4417845249189716,3,1,4,7,Normal,0.07799013127517274
-0.5644786802925077,0.1037840756401346,1,-0.408913599409285,18,4,0,5,Normal,0.04214189432753579
-0.5644786802925077,-1.397196434425049,0,-0.408913599409285,21,4,0,5,Normal,0.09862894059222616
-0.5644786802925077,-1.362289910935161,1,-1.4417845249189716,8,1,4,6,Normal,0.00020191952383297185
-0.5644786802925077,1.604764585705318,0,-1.4417845249189716,4,3,0,5,Normal,0.07842214145963144
-0.5644786802925077,-0.2801876827486331,0,-0.408913599409285,13,0,2,0,Normal,0.13536887128526814
-0.5644786802925077,0.4877558340289027,0,0.6239573261004014,1,6,1,4,Normal,0.13597615304097377
2.316774609810712,0.5575688810086785,1,-0.408913599409285,2,0,2,1,Suspicious,-0.019292390814083182
-0.5644786802925077,1.3604189212761024,1,0.6239573261004014,9,1,0,1,Normal,0.015577064818019681
-0.5644786802925077,-0.210374635768857,0,-0.408913599409285,21,4,1,7,Normal,0.11817404677184401
-0.5644786802925077,-1.362289910935161,0,1.656828251610088,3,3,4,3,Normal,0.09657396782521477
-0.5644786802925077,1.2207928273165505,0,-1.4417845249189716,11,4,1,3,Normal,0.13365592485166894
1.4935593840669343,1.1160732568468863,0,-1.4417845249189716,9,6,4,0,Normal,0.014384435041383092
-0.5644786802925077,-1.3273833874452727,0,-1.4417845249189716,2,3,1,0,Normal,0.06552236749258333
-0.5644786802925077,-1.1528507699958328,1,-0.408913599409285,14,7,3,6,Normal,0.04572059161317954
2.7283822226826,1.4302319682558782,0,-1.4417845249189716,13,5,2,0,Normal,0.01675935948906926
-0.5644786802925077,-1.117944246505945,0,1.656828251610088,1,3,2,4,Normal,0.1131964212044087
-0.5644786802925077,-1.083037723016057,0,-1.4417845249189716,6,0,2,3,Normal,0.1049349061326913
-0.5644786802925077,0.1037840756401346,1,-1.4417845249189716,9,7,2,3,Normal,0.04219211092404851
-0.5644786802925077,-1.0132246760362809,0,0.6239573261004014,13,0,4,4,Normal,0.10685047906949208
1.9051669969388227,0.8368210689277826,0,-0.408913599409285,8,5,4,0,Normal,0.047825083175293215
-0.5644786802925077,0.6273819279884545,0,1.656828251610088,15,6,2,1,Normal,0.11922337380700782
0.258736545451269,-0.489626823687961,0,1.656828251610088,21,5,3,2,Normal,0.08244406341967181
1.9051669969388227,-1.5368225283846009,0,-1.4417845249189716,2,3,4,4,Normal,0.015106744390576021
-0.5644786802925077,0.9415406393974466,1,-0.408913599409285,14,5,4,1,Normal,0.044178218527087476
2.316774609810712,0.8019145454378945,0,0.6239573261004014,13,1,1,7,Normal,0.0555221970019959
0.258736545451269,-0.908505105566617,0,-0.408913599409285,9,4,1,4,Normal,0.1452193584340597
-0.5644786802925077,-0.9783181525463928,0,0.6239573261004014,17,4,3,3,Normal,0.14733217452335207
1.081951771195046,-1.1528507699958328,0,-0.408913599409285,10,0,4,5,Normal,0.06207249119708158
-0.5644786802925077,-1.048131199526169,0,1.656828251610088,20,7,4,7,Normal,0.029639012656731745
-0.5644786802925077,1.0113536863772226,0,-1.4417845249189716,0,1,4,7,Normal,0.04112777091181041
-0.5644786802925077,-0.2452811592587452,0,-0.408913599409285,10,3,0,7,Normal,0.12162248824929817
-0.5644786802925077,-1.257570340465497,0,1.656828251610088,11,5,0,2,Normal,0.08214943517785955
-0.5644786802925077,-0.210374635768857,0,-0.408913599409285,5,6,4,1,Normal,0.1236892265676412
-0.5644786802925077,-1.362289910935161,0,-0.408913599409285,5,0,3,5,Normal,0.11602000486915104
-0.5644786802925077,0.1037840756401346,0,-1.4417845249189716,9,2,4,0,Normal,0.08984398882892164
-0.1528710674206193,-1.257570340465497,1,-1.4417845249189716,10,7,2,0,Suspicious,-0.019840383885760482
-0.5644786802925077,1.639671109195206,0,-1.4417845249189716,22,0,2,2,Normal,0.057581317658038755
2.316774609810712,-0.943411629056505,0,-0.408913599409285,11,1,0,0,Normal,0.0445116136115864
-0.5644786802925077,1.6745776326850943,0,1.656828251610088,21,4,4,2,Normal,0.05068451496038762
-0.5644786802925077,-0.908505105566617,1,1.656828251610088,20,7,4,3,Suspicious,-0.011398968443087742
0.258736545451269,0.6622884514783427,0,0.6239573261004014,22,1,4,5,Normal,0.07228984864642352
-0.5644786802925077,1.4651384917457662,0,0.6239573261004014,20,0,3,2,Normal,0.10037451255167906
0.6703441583231574,-0.210374635768857,0,-0.408913599409285,12,3,4,0,Normal,0.10331306740775326
-0.5644786802925077,-0.7688790116070651,0,-1.4417845249189716,7,0,3,7,Normal,0.082256043998569
-0.5644786802925077,-0.664159441137401,0,1.656828251610088,3,0,0,6,Normal,0.04678184118486017
-0.5644786802925077,1.2906058742963262,0,1.656828251610088,12,3,0,1,Normal,0.08766861288467553
-0.5644786802925077,-1.1528507699958328,0,-0.408913599409285,18,4,3,3,Normal,0.1440222764848864
1.9051669969388227,-0.1405615887890813,0,0.6239573261004014,23,2,1,2,Normal,0.08966851884655003
-0.5644786802925077,0.3132232165794628,1,-0.408913599409285,18,7,4,0,Normal,0.00784661182016022
-0.5644786802925077,0.7670080219480067,1,0.6239573261004014,14,3,1,7,Normal,0.04785594214405808
0.6703441583231574,0.2434101695996867,1,1.656828251610088,15,0,2,1,Suspicious,-0.020323694356022992
-0.5644786802925077,1.2906058742963262,0,-1.4417845249189716,14,0,2,7,Normal,0.06421858582065598
2.316774609810712,-1.5717290518744889,0,-0.408913599409285,18,4,4,1,Normal,0.039348999208122626
-0.1528710674206193,0.0339710286603586,0,-0.408913599409285,16,3,4,7,Normal,0.1111713352501133
-0.5644786802925077,-0.873598582076729,1,-0.408913599409285,7,4,3,1,Normal,0.05626552375552685
-0.5644786802925077,-1.117944246505945,1,-1.4417845249189716,7,7,2,4,Normal,0.027777104921508644
-0.5644786802925077,1.3953254447659904,1,-1.4417845249189716,10,5,2,1,Normal,0.022905077842805932
1.4935593840669343,-0.210374635768857,0,0.6239573261004014,9,1,1,6,Normal,0.10052405366531447
-0.5644786802925077,1.0113536863772226,0,0.6239573261004014,15,6,2,4,Normal,0.15081073756857355
-0.5644786802925077,0.5575688810086785,0,-1.4417845249189716,0,2,4,3,Normal,0.08263388424805496
0.258736545451269,-1.397196434425049,0,-1.4417845249189716,12,5,1,6,Normal,0.08331124510124588
2.7283822226826,-1.257570340465497,0,-1.4417845249189716,17,0,1,6,Suspicious,-0.010923056970774447
-0.5644786802925077,0.1386905991300228,0,-0.408913599409285,13,5,2,6,Normal,0.16154539608180934
1.4935593840669343,-1.083037723016057,1,0.6239573261004014,11,6,3,6,Normal,0.010396713192258211
2.316774609810712,1.4302319682558782,0,1.656828251610088,23,1,1,1,Normal,0.008712317699428263
-0.5644786802925077,-0.8386920585868409,0,-1.4417845249189716,22,2,2,4,Normal,0.11268724376656264
0.6703441583231574,-0.1754681122789692,0,0.6239573261004014,2,6,2,4,Normal,0.11657349096580044
-0.5644786802925077,1.639671109195206,0,-1.4417845249189716,0,5,1,1,Normal,0.07044053437912001
0.6703441583231574,-1.1877572934857208,0,-1.4417845249189716,0,5,2,0,Normal,0.054851999846981414
-0.5644786802925077,-0.629252917647513,0,1.656828251610088,6,5,3,6,Normal,0.10958890762571927
1.081951771195046,-0.9783181525463928,0,0.6239573261004014,21,2,2,3,Normal,0.11012497805552096
-0.5644786802925077,-0.664159441137401,1,0.6239573261004014,10,4,0,1,Normal,0.022368840120836397
-0.5644786802925077,-0.5594398706677371,0,0.6239573261004014,1,2,3,6,Normal,0.12729799894528032
-0.5644786802925077,1.1858863038266625,0,1.656828251610088,2,0,3,7,Normal,0.058230222886607175
1.4935593840669343,-1.5717290518744889,0,-0.408913599409285,0,2,1,1,Normal,0.06734417322209996
-0.5644786802925077,1.0811667333569983,0,-0.408913599409285,14,3,2,6,Normal,0.14764120002051118
-0.5644786802925077,0.3132232165794628,0,1.656828251610088,16,7,4,1,Normal,0.08595239627051088
-0.5644786802925077,-1.6066355753643766,0,-0.408913599409285,1,0,4,6,Normal,0.07000875870906398
-0.5644786802925077,-1.222663816975609,0,-0.408913599409285,14,7,2,1,Normal,0.1273366574115148
0.6703441583231574,1.0462602098671103,0,0.6239573261004014,4,0,3,2,Normal,0.08831759145626983
-0.5644786802925077,1.2906058742963262,0,1.656828251610088,6,3,4,2,Normal,0.0976206262358541
-0.5644786802925077,-1.048131199526169,1,0.6239573261004014,11,0,1,4,Normal,0.03668638207792407
-0.5644786802925077,-1.362289910935161,0,-0.408913599409285,13,6,3,5,Normal,0.13183450179818845
-0.5644786802925077,-1.6764486223441528,1,0.6239573261004014,1,7,0,3,Suspicious,-0.015484601152146227
2.7283822226826,1.1160732568468863,0,1.656828251610088,20,1,2,3,Normal,0.027318460573292014
-0.5644786802925077,-1.5368225283846009,0,0.6239573261004014,19,1,4,7,Normal,0.06496939765513576
-0.5644786802925077,1.1858863038266625,0,-1.4417845249189716,1,1,2,3,Normal,0.10429915106628962
1.9051669969388227,-1.4321029579149367,0,-0.408913599409285,9,0,2,5,Normal,0.06885796461547988
-0.5644786802925077,-1.5368225283846009,1,-0.408913599409285,10,1,4,3,Normal,0.01924054542858422
-0.5644786802925077,1.4651384917457662,0,-0.408913599409285,17,4,3,3,Normal,0.1448991531888209
-0.5644786802925077,-1.362289910935161,0,1.656828251610088,10,6,1,1,Normal,0.10523492893124131
-0.5644786802925077,0.1386905991300228,0,-1.4417845249189716,18,6,0,7,Normal,0.07527382328316212
-0.5644786802925077,0.6622884514783427,0,0.6239573261004014,3,4,3,1,Normal,0.1353318457045818
-0.5644786802925077,-0.5594398706677371,0,-0.408913599409285,7,6,0,4,Normal,0.13922726768351062
0.6703441583231574,-1.6415420988542648,0,-0.408913599409285,13,3,4,3,Normal,0.08749425452763293
-0.5644786802925077,1.5000450152356546,0,-1.4417845249189716,14,6,1,2,Normal,0.10772145268028827
-0.5644786802925077,1.1509797803367747,0,-1.4417845249189716,15,2,4,3,Normal,0.09435195048371814
-0.5644786802925077,-0.0707485418093052,1,0.6239573261004014,6,4,2,7,Normal,0.05645905851729027
-0.5644786802925077,-0.8386920585868409,0,1.656828251610088,21,0,0,0,Normal,0.0282733751776727
-0.5644786802925077,1.5698580622154303,0,-1.4417845249189716,9,6,1,5,Normal,0.11308464690489323
2.316774609810712,-1.467009481404825,0,0.6239573261004014,9,1,2,5,Normal,0.06544302828266702
-0.5644786802925077,0.3830362635592385,0,0.6239573261004014,3,3,4,7,Normal,0.10476686720538797
-0.5644786802925077,1.5000450152356546,0,1.656828251610088,12,3,4,1,Normal,0.0911269046112847
-0.1528710674206193,0.8368210689277826,0,-0.408913599409285,2,6,0,1,Normal,0.08443755568629352
-0.5644786802925077,-1.397196434425049,0,-0.408913599409285,21,1,4,3,Normal,0.10208922400324771
0.6703441583231574,1.2207928273165505,0,0.6239573261004014,8,3,2,0,Normal,0.09015880978190172
2.7283822226826,0.0688775521502468,0,-0.408913599409285,17,7,1,5,Normal,0.04577252595194159
-0.1528710674206193,0.3481297400693506,0,0.6239573261004014,15,5,4,1,Normal,0.1127680983267379
1.081951771195046,0.1735971226199107,0,0.6239573261004014,5,1,1,0,Normal,0.08101724820325207
-0.5644786802925077,0.2085036461097985,0,0.6239573261004014,1,1,4,0,Normal,0.08515365728908575
1.4935593840669343,0.4528493105390145,0,0.6239573261004014,9,6,4,2,Normal,0.0778588401277438
-0.5644786802925077,0.2783166930895746,0,1.656828251610088,0,6,0,7,Normal,0.04407142190213631
1.9051669969388227,1.0462602098671103,0,-1.4417845249189716,4,7,4,4,Normal,0.011066234035665201
1.9051669969388227,0.8368210689277826,0,-0.408913599409285,18,6,2,4,Normal,0.08754075043215348
-0.5644786802925077,-0.0358420183194171,0,-1.4417845249189716,12,4,3,0,Normal,0.10879406049950013
1.9051669969388227,-1.6415420988542648,0,-0.408913599409285,14,3,4,0,Normal,0.033169373486547804
-0.5644786802925077,-0.4198137767081852,0,0.6239573261004014,23,7,2,2,Normal,0.09905374276262047
-0.5644786802925077,-0.4547203001980731,0,1.656828251610088,7,2,0,2,Normal,0.08684552953925817
-0.5644786802925077,-1.117944246505945,0,0.6239573261004014,5,5,0,6,Normal,0.10652423465882105
1.4935593840669343,1.2207928273165505,0,0.6239573261004014,21,7,4,3,Normal,0.04563905450678629
-0.5644786802925077,-0.3500007297284091,0,-0.408913599409285,14,7,1,5,Normal,0.1497184737080618
-0.5644786802925077,-0.1056550652991931,0,0.6239573261004014,3,3,4,1,Normal,0.11939155360421966
0.6703441583231574,-1.467009481404825,0,0.6239573261004014,14,5,1,6,Normal,0.09023697615857162
-0.5644786802925077,-0.629252917647513,0,-1.4417845249189716,6,3,3,6,Normal,0.1285889222910584
-0.5644786802925077,-0.873598582076729,0,1.656828251610088,2,3,3,6,Normal,0.10864369701015741
-0.5644786802925077,-1.4321029579149367,0,-0.408913599409285,18,7,2,0,Normal,0.08504056538215621
-0.5644786802925077,-1.083037723016057,0,0.6239573261004014,19,3,2,6,Normal,0.1334731700698275
-0.5644786802925077,-0.7339724881171771,0,1.656828251610088,17,0,2,6,Normal,0.07861244108636778
-0.5644786802925077,-0.210374635768857,0,-1.4417845249189716,0,1,1,3,Normal,0.10703438440951457
-0.5644786802925077,-0.3150942062385213,0,-0.408913599409285,21,2,3,0,Normal,0.11739523301253196
-0.5644786802925077,0.4877558340289027,1,1.656828251610088,4,4,3,0,Normal,0.012894959179156729
1.4935593840669343,1.5698580622154303,0,0.6239573261004014,7,5,2,1,Normal,0.06894774520477032
2.316774609810712,1.1509797803367747,0,-0.408913599409285,13,6,1,0,Normal,0.04819528213197499
-0.5644786802925077,-1.5019160048947129,0,-0.408913599409285,9,3,3,2,Normal,0.13918159548698916
-0.5644786802925077,-0.1405615887890813,0,1.656828251610088,23,1,4,3,Normal,0.0789724310899963
-0.5644786802925077,-1.5717290518744889,0,0.6239573261004014,16,3,3,3,Normal,0.1356895577380054
1.4935593840669343,-0.5594398706677371,0,0.6239573261004014,11,4,4,2,Normal,0.09728349672909309
1.4935593840669343,-1.4321029579149367,0,0.6239573261004014,15,4,4,1,Normal,0.07622899011984319
1.081951771195046,-0.3849072532182971,1,-1.4417845249189716,5,6,4,1,Suspicious,-0.009379867175861367
-0.5644786802925077,0.7670080219480067,0,0.6239573261004014,17,1,0,5,Normal,0.11223680491450833
-0.5644786802925077,-0.489626823687961,0,0.6239573261004014,11,4,0,4,Normal,0.13784528492622433
-0.5644786802925077,-0.8386920585868409,0,0.6239573261004014,6,2,0,5,Normal,0.12718549330837997
1.081951771195046,0.6622884514783427,0,-1.4417845249189716,13,6,3,3,Normal,0.09524691989940881
1.4935593840669343,1.1160732568468863,0,-0.408913599409285,14,6,2,5,Normal,0.09802392742228183
2.7283822226826,0.3481297400693506,1,-0.408913599409285,6,0,4,2,Suspicious,-0.04129447974171929
-0.5644786802925077,0.2783166930895746,0,1.656828251610088,11,1,3,1,Normal,0.11870473733564546
2.316774609810712,0.3132232165794628,0,-0.408913599409285,23,4,1,0,Normal,0.03805148254818491
-0.5644786802925077,-0.489626823687961,0,-0.408913599409285,16,1,4,1,Normal,0.13191082517376407
-0.5644786802925077,1.6745776326850943,0,-0.408913599409285,23,2,3,1,Normal,0.07611629398568565
-0.5644786802925077,0.3132232165794628,0,1.656828251610088,13,0,1,3,Normal,0.1009953163645424
-0.5644786802925077,1.0811667333569983,0,0.6239573261004014,1,6,2,0,Normal,0.09568135223965435
-0.5644786802925077,-1.7113551458340408,0,0.6239573261004014,23,0,0,0,Normal,0.02883509690303354
1.4935593840669343,-0.2452811592587452,0,-0.408913599409285,19,3,3,2,Normal,0.12060353583500011
-0.5644786802925077,-0.5943463941576251,0,-0.408913599409285,11,0,4,2,Normal,0.13201257775111802
-0.5644786802925077,1.3255123977862149,0,1.656828251610088,21,5,4,1,Normal,0.0605912120470109
1.4935593840669343,-1.6764486223441528,0,-0.408913599409285,12,2,0,6,Normal,0.05475732108178122
-0.5644786802925077,1.5698580622154303,0,-0.408913599409285,23,1,0,6,Normal,0.06269348572818356
-0.5644786802925077,1.604764585705318,1,-0.408913599409285,11,1,1,1,Normal,0.038086429294581725
-0.5644786802925077,1.3255123977862149,0,1.656828251610088,0,5,1,5,Normal,0.08305233493053499
-0.5644786802925077,0.1386905991300228,1,-0.408913599409285,14,2,2,3,Normal,0.0812247543860306
-0.5644786802925077,1.0811667333569983,1,1.656828251610088,6,6,3,6,Normal,0.032823780141650216
-0.5644786802925077,-0.5594398706677371,0,-0.408913599409285,7,3,2,0,Normal,0.14927801439792032
2.316774609810712,-0.8386920585868409,0,0.6239573261004014,1,0,0,5,Normal,0.03962963393932195
-0.5644786802925077,1.5698580622154303,1,-0.408913599409285,8,4,0,4,Normal,0.038762506165675115
-0.5644786802925077,-1.0132246760362809,1,0.6239573261004014,21,6,1,0,Normal,0.005951233675189682
-0.5644786802925077,-0.4198137767081852,0,-0.408913599409285,7,4,2,6,Normal,0.16438019419889388
-0.5644786802925077,1.1160732568468863,1,-1.4417845249189716,8,3,3,3,Normal,0.04211299852268913
-0.5644786802925077,-1.397196434425049,0,-1.4417845249189716,12,0,1,2,Normal,0.09285083792657223
0.6703441583231574,-0.873598582076729,1,0.6239573261004014,23,0,2,4,Normal,0.00451393781945475
-0.5644786802925077,0.3132232165794628,1,-1.4417845249189716,4,7,3,5,Normal,0.03743832180060269
1.9051669969388227,0.2085036461097985,0,-1.4417845249189716,23,3,3,3,Normal,0.05157039803641961
-0.5644786802925077,0.5575688810086785,0,-1.4417845249189716,9,6,4,6,Normal,0.09847828529624858
-0.5644786802925077,0.9066341159075584,0,-0.408913599409285,3,2,3,0,Normal,0.12229109315605302
-0.5644786802925077,1.3604189212761024,0,0.6239573261004014,6,2,3,0,Normal,0.11649250538434652
-0.5644786802925077,0.7670080219480067,1,-1.4417845249189716,6,3,3,2,Normal,0.05026962313497996
-0.5644786802925077,-0.524533347177849,0,-0.408913599409285,19,0,1,2,Normal,0.13603550686921767
-0.5644786802925077,0.5575688810086785,0,1.656828251610088,6,0,1,6,Normal,0.089629949481291
-0.5644786802925077,-0.9783181525463928,0,-0.408913599409285,14,1,0,3,Normal,0.13040169893659198
-0.5644786802925077,-0.5943463941576251,0,-1.4417845249189716,4,7,0,6,Normal,0.07886290870883372
-0.5644786802925077,1.3604189212761024,0,-1.4417845249189716,6,3,0,7,Normal,0.07767359558610865
-0.5644786802925077,-0.2452811592587452,0,0.6239573261004014,0,2,0,3,Normal,0.1059306970829062
-0.5644786802925077,-0.1754681122789692,0,1.656828251610088,23,3,0,6,Normal,0.052681762507911345
-0.5644786802925077,-0.3150942062385213,0,-0.408913599409285,10,5,0,0,Normal,0.11711192181431035
1.081951771195046,1.2906058742963262,0,-0.408913599409285,10,5,4,6,Normal,0.07344145387051104
-0.5644786802925077,-0.1056550652991931,0,1.656828251610088,7,4,2,1,Normal,0.12857110967717267
-0.1528710674206193,0.3830362635592385,0,1.656828251610088,4,0,1,5,Normal,0.07880581650419383
-0.5644786802925077,-1.6066355753643766,0,-1.4417845249189716,13,6,2,2,Normal,0.09832419500845602
-0.5644786802925077,-1.292476863955385,0,1.656828251610088,14,3,1,1,Normal,0.11132756201001953
-0.5644786802925077,-0.1056550652991931,0,-0.408913599409285,4,2,4,6,Normal,0.13440676230227017
-0.5644786802925077,1.5698580622154303,0,-0.408913599409285,13,4,4,5,Normal,0.10351890513079554
-0.5644786802925077,-0.4547203001980731,0,-1.4417845249189716,12,3,0,0,Normal,0.0938067405547065
-0.5644786802925077,1.1509797803367747,0,-1.4417845249189716,12,3,1,0,Normal,0.09988155839963542
-0.5644786802925077,0.4877558340289027,0,1.656828251610088,5,1,4,5,Normal,0.09219842294042657
-0.5644786802925077,0.4179427870491267,0,1.656828251610088,7,1,0,7,Normal,0.05501994615854999
0.6703441583231574,0.7321014984581184,0,1.656828251610088,6,4,4,5,Normal,0.06462129784301618
0.6703441583231574,-1.397196434425049,1,0.6239573261004014,5,7,0,2,Suspicious,-0.021580870732876956
-0.5644786802925077,-0.210374635768857,0,0.6239573261004014,14,0,1,2,Normal,0.13573836808850254
1.4935593840669343,-0.943411629056505,0,0.6239573261004014,8,1,0,4,Normal,0.08945050483319905
-0.5644786802925077,0.3830362635592385,0,0.6239573261004014,12,1,1,7,Normal,0.12179543389522607
-0.5644786802925077,-1.048131199526169,0,-0.408913599409285,7,5,1,4,Normal,0.16243830032431983
-0.5644786802925077,-1.083037723016057,0,0.6239573261004014,8,3,1,2,Normal,0.15073215962375808
-0.5644786802925077,-0.664159441137401,0,-0.408913599409285,19,6,0,2,Normal,0.11693716566976381
-0.5644786802925077,0.7670080219480067,0,-1.4417845249189716,3,2,4,0,Normal,0.06710787418764264
-0.5644786802925077,1.4302319682558782,0,-0.408913599409285,2,1,1,7,Normal,0.08801764625906605
-0.5644786802925077,1.639671109195206,0,0.6239573261004014,0,7,0,0,Normal,0.02477601880314262
-0.5644786802925077,0.1386905991300228,0,0.6239573261004014,3,4,1,0,Normal,0.11875684478941045
-0.5644786802925077,0.3481297400693506,0,-1.4417845249189716,16,2,0,3,Normal,0.106802370295001
-0.5644786802925077,-0.908505105566617,0,1.656828251610088,7,1,3,2,Normal,0.11428808403434687
-0.5644786802925077,1.0462602098671103,0,-0.408913599409285,2,5,3,1,Normal,0.12604491238534388
-0.5644786802925077,-1.362289910935161,0,1.656828251610088,11,0,1,4,Normal,0.09033269373338415
1.4935593840669343,-0.1056550652991931,0,0.6239573261004014,17,0,1,4,Normal,0.09169305666721006
-0.5644786802925077,1.2207928273165505,0,0.6239573261004014,2,4,2,0,Normal,0.1101749841613241
-0.5644786802925077,-0.9783181525463928,0,-0.408913599409285,13,6,2,1,Normal,0.1548487476948705
0.258736545451269,-0.0358420183194171,0,1.656828251610088,2,6,1,1,Normal,0.07959161271613313
-0.5644786802925077,1.7094841561749825,0,-0.408913599409285,0,1,1,3,Normal,0.09219095257713261
-0.5644786802925077,0.2434101695996867,0,0.6239573261004014,23,3,4,4,Normal,0.10230520792138897
-0.5644786802925077,-0.873598582076729,0,-1.4417845249189716,6,7,4,3,Normal,0.0936898346311883
0.6703441583231574,1.3604189212761024,0,1.656828251610088,7,2,3,5,Normal,0.06926679631444643
-0.5644786802925077,1.0462602098671103,0,-1.4417845249189716,15,3,1,3,Normal,0.12852496780833855
-0.5644786802925077,-0.0009354948295292,0,-0.408913599409285,7,5,0,0,Normal,0.10281494904880717
-0.5644786802925077,1.5698580622154303,1,0.6239573261004014,20,0,4,3,Suspicious,-0.009567586064584188
-0.5644786802925077,0.9415406393974466,1,-1.4417845249189716,6,2,0,6,Normal,0.02759953051209152
-0.5644786802925077,-0.0358420183194171,0,1.656828251610088,18,7,4,5,Normal,0.078330229668233
-0.5644786802925077,-1.5019160048947129,0,-1.4417845249189716,23,3,2,5,Normal,0.07217270072948012
-0.5644786802925077,-0.0707485418093052,0,-1.4417845249189716,1,4,4,0,Normal,0.07312889423730218
-0.5644786802925077,-0.2452811592587452,0,-0.408913599409285,20,5,1,6,Normal,0.13964604274483483
2.316774609810712,-1.292476863955385,1,1.656828251610088,8,3,2,1,Suspicious,-0.03081650839360839
0.6703441583231574,-0.7688790116070651,1,-1.4417845249189716,3,5,2,5,Normal,0.027023417406041972
-0.5644786802925077,-0.489626823687961,0,-0.408913599409285,21,2,0,7,Normal,0.09127363128012889
-0.5644786802925077,-0.6990659646272891,0,-1.4417845249189716,22,7,2,2,Normal,0.08949723297999401
-0.5644786802925077,1.3953254447659904,0,-0.408913599409285,9,6,0,0,Normal,0.08437442239352178
-0.5644786802925077,0.6273819279884545,1,1.656828251610088,9,2,0,1,Normal,0.006874616048033522
-0.5644786802925077,-0.908505105566617,0,-1.4417845249189716,23,0,0,1,Normal,0.04194190613918436
-0.5644786802925077,0.7321014984581184,0,-0.408913599409285,9,2,4,6,Normal,0.1305559068087891
1.9051669969388227,-0.0358420183194171,0,0.6239573261004014,11,7,2,7,Normal,0.06863773966422337
-0.5644786802925077,1.3953254447659904,0,0.6239573261004014,20,4,0,3,Normal,0.10289734884384516
-0.5644786802925077,1.0811667333569983,0,-0.408913599409285,10,2,3,4,Normal,0.1577955126402828
-0.5644786802925077,0.8717275924176705,0,-0.408913599409285,14,1,4,6,Normal,0.12012660369699951
-0.5644786802925077,-1.6066355753643766,0,0.6239573261004014,13,5,0,1,Normal,0.09816244739648661
-0.5644786802925077,-1.4321029579149367,0,-0.408913599409285,1,7,4,5,Normal,0.07333857571869107
1.081951771195046,-0.524533347177849,0,-0.408913599409285,12,0,2,6,Normal,0.10117358594176085
1.9051669969388227,1.5349515387255426,0,0.6239573261004014,7,5,0,6,Normal,0.03548906789113071
1.9051669969388227,1.7094841561749825,1,-0.408913599409285,15,3,2,3,Suspicious,-0.005654360531153091
2.7283822226826,0.8019145454378945,0,-0.408913599409285,16,6,0,6,Normal,0.03488082113543711
2.316774609810712,0.2085036461097985,1,-0.408913599409285,3,7,2,3,Normal,0.0034982858104876113
-0.5644786802925077,1.5349515387255426,0,0.6239573261004014,3,7,4,1,Normal,0.05450592383821573
-0.5644786802925077,-0.908505105566617,0,-0.408913599409285,17,3,0,0,Normal,0.10639258259100176
1.9051669969388227,-1.1528507699958328,0,1.656828251610088,15,6,1,7,Normal,0.02128694505507589
-0.5644786802925077,0.9066341159075584,0,1.656828251610088,13,6,4,3,Normal,0.11044076150184468
-0.5644786802925077,1.6745776326850943,0,0.6239573261004014,22,3,0,4,Normal,0.07251467295196845
-0.5644786802925077,-0.9783181525463928,0,0.6239573261004014,15,6,2,2,Normal,0.15475839483919734
2.316774609810712,-1.362289910935161,0,0.6239573261004014,20,3,2,7,Normal,0.039561883169346945
-0.5644786802925077,1.0462602098671103,0,0.6239573261004014,14,3,1,6,Normal,0.1415197815709579
-0.5644786802925077,0.0339710286603586,0,1.656828251610088,8,4,2,6,Normal,0.12330027884543543
-0.5644786802925077,-1.0132246760362809,0,0.6239573261004014,5,1,0,5,Normal,0.115964686814856
-0.5644786802925077,-0.9783181525463928,0,-0.408913599409285,17,7,2,2,Normal,0.1288507958826352
-0.5644786802925077,0.7321014984581184,0,-1.4417845249189716,11,5,3,3,Normal,0.1370941513203766
0.258736545451269,-1.048131199526169,1,-1.4417845249189716,22,7,4,1,Suspicious,-0.03423471926689492
1.081951771195046,1.0811667333569983,0,0.6239573261004014,0,5,4,5,Normal,0.058328532606933714
0.258736545451269,-1.048131199526169,0,-0.408913599409285,17,2,3,2,Normal,0.12890073017844622
1.081951771195046,-1.083037723016057,0,-1.4417845249189716,6,4,1,2,Normal,0.08221688958908269
0.258736545451269,0.9764471628873344,0,-1.4417845249189716,15,0,3,1,Normal,0.07071055542236249
1.4935593840669343,-1.4321029579149367,0,-0.408913599409285,19,0,4,2,Normal,0.05098129357890213
-0.5644786802925077,1.5000450152356546,0,1.656828251610088,1,4,4,3,Normal,0.08009023463090936
1.4935593840669343,-0.4198137767081852,0,0.6239573261004014,1,5,4,3,Normal,0.07465552675826437
-0.5644786802925077,-0.2801876827486331,0,1.656828251610088,12,3,2,3,Normal,0.139111388565331
1.9051669969388227,-1.6066355753643766,0,0.6239573261004014,8,7,3,2,Normal,0.057537090434147786
-0.5644786802925077,0.3481297400693506,0,0.6239573261004014,2,2,0,3,Normal,0.1183887469753162
-0.5644786802925077,0.9764471628873344,0,0.6239573261004014,12,7,1,7,Normal,0.10016379035409662
-0.5644786802925077,0.9066341159075584,0,1.656828251610088,3,0,1,2,Normal,0.0857412743361845
-0.5644786802925077,1.2906058742963262,0,-0.408913599409285,6,6,1,0,Normal,0.10555616347057395
-0.5644786802925077,1.7094841561749825,0,0.6239573261004014,22,1,4,1,Normal,0.0436571898958763
-0.5644786802925077,1.2906058742963262,0,0.6239573261004014,23,6,3,4,Normal,0.1003559432506741
-0.5644786802925077,-0.5943463941576251,0,-1.4417845249189716,3,6,2,4,Normal,0.13899884613384517
-0.5644786802925077,1.2906058742963262,0,1.656828251610088,8,3,3,2,Normal,0.11398867509944388
2.316774609810712,0.6622884514783427,0,-0.408913599409285,9,6,1,0,Normal,0.06441700578524878
-0.5644786802925077,1.1509797803367747,0,-0.408913599409285,7,7,2,5,Normal,0.12932942802177938
-0.5644786802925077,-1.467009481404825,0,0.6239573261004014,4,2,3,6,Normal,0.11615007395987265
-0.5644786802925077,-0.0358420183194171,1,1.656828251610088,21,1,2,0,Suspicious,-0.019082883637833503
-0.5644786802925077,0.1386905991300228,0,0.6239573261004014,19,5,0,6,Normal,0.11092050122471298
-0.5644786802925077,-0.3150942062385213,0,-0.408913599409285,11,6,4,0,Normal,0.10889813784954722
-0.5644786802925077,-1.362289910935161,0,0.6239573261004014,17,7,3,3,Normal,0.11025836016572754
-0.5644786802925077,-0.210374635768857,0,-1.4417845249189716,1,0,1,7,Normal,0.06753151620781805
-0.5644786802925077,0.3481297400693506,0,0.6239573261004014,8,0,4,7,Normal,0.0724997783464364
-0.1528710674206193,0.6622884514783427,0,1.656828251610088,4,6,3,0,Normal,0.06760058725779083
-0.5644786802925077,0.6622884514783427,0,-0.408913599409285,20,0,2,2,Normal,0.12878304563928455
-0.5644786802925077,-0.489626823687961,0,-0.408913599409285,23,7,3,4,Normal,0.10131884399503999
-0.5644786802925077,-1.3273833874452727,1,-0.408913599409285,0,1,3,2,Normal,0.024758281765589918
-0.5644786802925077,-0.4198137767081852,0,0.6239573261004014,18,3,3,2,Normal,0.14658969518570225
-0.5644786802925077,0.9415406393974466,0,-1.4417845249189716,0,1,2,5,Normal,0.09527997273348932
-0.5644786802925077,0.9415406393974466,0,-1.4417845249189716,15,0,0,0,Normal,0.056721940600291676
-0.5644786802925077,0.6273819279884545,0,-0.408913599409285,23,4,4,7,Normal,0.09004377279587983
-0.5644786802925077,0.1735971226199107,0,1.656828251610088,23,7,2,6,Normal,0.06373706810741098
-0.5644786802925077,-0.2801876827486331,0,-0.408913599409285,15,5,0,3,Normal,0.1419663577300072
-0.5644786802925077,1.639671109195206,1,-1.4417845249189716,9,4,4,0,Suspicious,-0.01394235246781661
0.258736545451269,0.6971949749682306,0,0.6239573261004014,11,2,1,6,Normal,0.12386031692581412
-0.5644786802925077,0.5226623575187906,0,0.6239573261004014,10,4,4,1,Normal,0.12465450523551003
1.4935593840669343,0.3481297400693506,1,0.6239573261004014,23,4,4,7,Suspicious,-0.02151560964053134
-0.5644786802925077,0.2085036461097985,0,0.6239573261004014,19,4,1,7,Normal,0.11608552599718497
-0.5644786802925077,-0.5943463941576251,0,0.6239573261004014,18,5,4,2,Normal,0.116599152785333
-0.1528710674206193,-1.7113551458340408,0,-1.4417845249189716,6,6,2,0,Normal,0.04923737281200724
-0.5644786802925077,-0.0707485418093052,0,0.6239573261004014,4,3,1,3,Normal,0.15134539340431197
-0.1528710674206193,-0.524533347177849,0,1.656828251610088,11,4,1,5,Normal,0.11841029863715263
-0.5644786802925077,-0.0009354948295292,0,1.656828251610088,16,5,0,5,Normal,0.09952597376471273
-0.5644786802925077,1.5698580622154303,0,-1.4417845249189716,1,3,3,6,Normal,0.08209073218115115
2.316774609810712,1.5698580622154303,0,1.656828251610088,18,3,2,4,Normal,0.031188678357643163
-0.5644786802925077,-0.1056550652991931,0,-1.4417845249189716,22,7,4,2,Normal,0.07713116163318923
-0.5644786802925077,0.9066341159075584,1,0.6239573261004014,7,3,2,4,Normal,0.07702469737888251
1.9051669969388227,0.4528493105390145,0,0.6239573261004014,21,1,0,7,Normal,0.03186028134508623
-0.5644786802925077,0.8019145454378945,0,0.6239573261004014,0,5,2,7,Normal,0.097801864295324
-0.5644786802925077,-0.3150942062385213,1,-1.4417845249189716,5,6,1,7,Normal,0.039201988239009444
1.9051669969388227,-1.5717290518744889,0,1.656828251610088,14,0,4,4,Normal,0.024180028940519183
2.316774609810712,-1.083037723016057,0,-0.408913599409285,1,0,0,0,Normal,0.004979906814487789
-0.5644786802925077,0.8368210689277826,0,1.656828251610088,16,3,2,3,Normal,0.13036761135866837
-0.5644786802925077,0.9764471628873344,0,-1.4417845249189716,12,6,0,2,Normal,0.10076711935917904
-0.5644786802925077,1.639671109195206,0,1.656828251610088,2,6,2,1,Normal,0.07022591689302937
1.9051669969388227,-0.4547203001980731,0,1.656828251610088,13,4,3,5,Normal,0.07579091105977664
-0.5644786802925077,-0.2801876827486331,0,-0.408913599409285,21,6,2,1,Normal,0.1345161879099781
-0.5644786802925077,-0.6990659646272891,0,0.6239573261004014,9,4,4,3,Normal,0.13275534116789556
-0.5644786802925077,1.3255123977862149,0,0.6239573261004014,8,2,2,7,Normal,0.11362085992471305
-0.5644786802925077,-0.0707485418093052,0,-0.408913599409285,16,4,2,2,Normal,0.16234004379624423
-0.5644786802925077,0.3132232165794628,0,-0.408913599409285,1,1,0,1,Normal,0.10242838345360006
-0.5644786802925077,1.5349515387255426,0,-0.408913599409285,21,1,0,4,Normal,0.08940104180841446
2.7283822226826,-1.467009481404825,0,0.6239573261004014,16,4,1,0,Normal,0.02949482108917678
1.4935593840669343,0.7321014984581184,0,-1.4417845249189716,7,1,1,7,Normal,0.052598356372740795
-0.5644786802925077,-0.1405615887890813,0,-0.408913599409285,22,0,3,1,Normal,0.11595675708534386
-0.5644786802925077,1.3604189212761024,0,-0.408913599409285,15,1,0,0,Normal,0.08638625560916013
-0.1528710674206193,1.0462602098671103,0,0.6239573261004014,21,0,3,6,Normal,0.0970812776934914
-0.5644786802925077,0.3132232165794628,0,-0.408913599409285,22,5,4,2,Normal,0.11341564894807388
-0.1528710674206193,-1.0132246760362809,0,-1.4417845249189716,5,1,3,2,Normal,0.10093329194699985
-0.5644786802925077,-1.1877572934857208,0,-0.408913599409285,22,3,0,7,Normal,0.06848005748115948
-0.5644786802925077,0.8368210689277826,0,-0.408913599409285,4,7,0,0,Normal,0.07402174725164767
-0.5644786802925077,1.4302319682558782,0,1.656828251610088,4,1,0,7,Normal,0.04783196068741735
-0.5644786802925077,-0.524533347177849,0,-0.408913599409285,3,6,1,1,Normal,0.14221263958446062
0.258736545451269,-1.048131199526169,0,0.6239573261004014,22,2,4,2,Normal,0.07662048111523223
0.258736545451269,0.8717275924176705,0,0.6239573261004014,16,7,3,3,Normal,0.10166591277396442
-0.5644786802925077,-0.1405615887890813,0,1.656828251610088,21,3,3,4,Normal,0.11335034561182372
-0.5644786802925077,-0.3849072532182971,0,-1.4417845249189716,13,1,0,2,Normal,0.10459287347640656
-0.5644786802925077,-0.0009354948295292,0,1.656828251610088,10,7,1,5,Normal,0.11418212678241652
-0.5644786802925077,-1.6764486223441528,1,-1.4417845249189716,21,7,4,4,Suspicious,-0.02240214557426856
-0.5644786802925077,0.0339710286603586,0,-0.408913599409285,10,5,2,4,Normal,0.17879497155148122
-0.5644786802925077,0.5575688810086785,0,-0.408913599409285,7,3,2,6,Normal,0.16144970843580758
-0.5644786802925077,1.3255123977862149,0,0.6239573261004014,19,2,3,2,Normal,0.12751543313476738
0.258736545451269,1.3604189212761024,0,0.6239573261004014,12,7,3,0,Normal,0.0627634069942774
2.7283822226826,-0.664159441137401,0,0.6239573261004014,4,6,4,2,Normal,0.021640947802793242
2.316774609810712,1.5000450152356546,0,-0.408913599409285,6,7,4,7,Suspicious,-0.005770949284923499
-0.5644786802925077,-0.1056550652991931,0,-0.408913599409285,11,6,1,6,Normal,0.16269080019589238
-0.5644786802925077,-0.3150942062385213,1,1.656828251610088,10,4,1,7,Normal,0.022515649176586883
-0.5644786802925077,-0.5594398706677371,1,-0.408913599409285,17,5,0,3,Normal,0.029681241487393484
-0.5644786802925077,-0.2801876827486331,0,-0.408913599409285,15,7,4,7,Normal,0.09294195124290261
-0.1528710674206193,0.1037840756401346,0,-0.408913599409285,13,2,4,1,Normal,0.1282683032878214
-0.5644786802925077,-1.1877572934857208,0,-1.4417845249189716,8,4,3,4,Normal,0.1334344732136707
-0.5644786802925077,0.4528493105390145,0,0.6239573261004014,21,1,1,3,Normal,0.12687153569154735
-0.5644786802925077,0.3830362635592385,0,-1.4417845249189716,11,1,2,5,Normal,0.13496307324075196
-0.5644786802925077,-1.048131199526169,0,1.656828251610088,3,7,0,7,Normal,0.02605031637222699
2.7283822226826,0.8019145454378945,0,1.656828251610088,20,5,4,2,Normal,0.0019767610671979075
-0.5644786802925077,0.3132232165794628,1,-0.408913599409285,8,4,1,1,Normal,0.057186140901044236
-0.1528710674206193,-0.0707485418093052,0,-0.408913599409285,9,3,2,7,Normal,0.13939589373332484
-0.5644786802925077,-1.048131199526169,0,1.656828251610088,23,6,4,3,Normal,0.05891216359719986
1.9051669969388227,0.7670080219480067,0,-0.408913599409285,7,6,3,5,Normal,0.08724985600110513
-0.5644786802925077,-1.1877572934857208,1,1.656828251610088,6,4,1,3,Normal,0.02824574803119706
-0.5644786802925077,-1.1877572934857208,0,-1.4417845249189716,18,7,3,1,Normal,0.08042875918395465
-0.5644786802925077,0.6622884514783427,1,1.656828251610088,4,2,4,0,Suspicious,-0.006953682664021521
2.7283822226826,-0.4198137767081852,0,-0.408913599409285,4,2,1,1,Normal,0.06627916126830236
-0.5644786802925077,1.5349515387255426,0,-0.408913599409285,3,2,0,3,Normal,0.11038899438697597
-0.5644786802925077,-1.222663816975609,0,0.6239573261004014,20,1,3,5,Normal,0.1212887643271302
-0.5644786802925077,-1.048131199526169,0,-0.408913599409285,1,1,2,3,Normal,0.14405137245737065
2.7283822226826,0.5924754044985666,0,-1.4417845249189716,4,6,2,5,Normal,0.034513087410750876
-0.5644786802925077,-1.1528507699958328,0,0.6239573261004014,16,7,0,6,Normal,0.08506881523800403
-0.5644786802925077,-0.7688790116070651,1,0.6239573261004014,19,3,1,0,Normal,0.023708715197122365
-0.5644786802925077,1.3604189212761024,0,-1.4417845249189716,4,0,2,5,Normal,0.09969697271197497
-0.5644786802925077,0.8368210689277826,0,-0.408913599409285,12,6,3,2,Normal,0.14867542430123704
1.081951771195046,-1.467009481404825,1,-0.408913599409285,1,7,3,7,Suspicious,-0.025701901300477448
-0.5644786802925077,0.2783166930895746,0,-0.408913599409285,11,3,0,2,Normal,0.14237127563210422
-0.5644786802925077,-0.7688790116070651,0,-1.4417845249189716,19,4,4,6,Normal,0.09735241132744521
-0.5644786802925077,0.9415406393974466,0,-1.4417845249189716,17,1,0,6,Normal,0.08104043240718328
-0.5644786802925077,0.9066341159075584,0,0.6239573261004014,5,1,1,7,Normal,0.10691694548079184
-0.5644786802925077,1.0462602098671103,0,0.6239573261004014,13,2,4,2,Normal,0.12782008386867627
-0.5644786802925077,-0.4547203001980731,0,1.656828251610088,20,6,1,7,Normal,0.06745488755854667
-0.1528710674206193,-1.5368225283846009,0,-1.4417845249189716,16,6,2,3,Normal,0.08157839309156945
-0.1528710674206193,0.1735971226199107,0,-0.408913599409285,1,2,2,0,Normal,0.10610372120073747
-0.5644786802925077,1.0462602098671103,0,-1.4417845249189716,13,5,2,1,Normal,0.11295368661470118
2.316774609810712,0.1735971226199107,0,-0.408913599409285,22,2,1,4,Normal,0.07023725527003044
-0.5644786802925077,-0.8386920585868409,0,-0.408913599409285,12,2,3,5,Normal,0.1626513797780212
-0.5644786802925077,-0.0358420183194171,1,-0.408913599409285,6,7,3,2,Normal,0.0496288983245009
-0.5644786802925077,-1.397196434425049,0,-0.408913599409285,19,2,2,1,Normal,0.13298379158089013
0.6703441583231574,-1.5717290518744889,0,-1.4417845249189716,5,5,2,4,Normal,0.06988346368734422
-0.5644786802925077,-0.4547203001980731,0,-0.408913599409285,5,0,4,7,Normal,0.08754765614743798
-0.5644786802925077,-0.0358420183194171,0,-1.4417845249189716,21,2,3,4,Normal,0.1235908383330308
-0.5644786802925077,-0.873598582076729,0,1.656828251610088,6,1,4,3,Normal,0.10153514262764562
-0.5644786802925077,-0.210374635768857,0,0.6239573261004014,2,1,0,1,Normal,0.10274797086817256
2.7283822226826,0.3132232165794628,0,-1.4417845249189716,20,3,4,7,Normal,0.0002757374106314714
-0.5644786802925077,0.3132232165794628,0,-0.408913599409285,16,6,0,0,Normal,0.09822019633363033
-0.5644786802925077,0.6273819279884545,0,0.6239573261004014,20,3,1,3,Normal,0.1395070855928327
-0.5644786802925077,-0.2801876827486331,0,1.656828251610088,17,1,0,7,Normal,0.050605532086754446
-0.5644786802925077,0.2434101695996867,0,0.6239573261004014,9,5,1,1,Normal,0.1480656263430502
-0.5644786802925077,0.1037840756401346,0,-1.4417845249189716,6,2,3,4,Normal,0.13637451368681414
-0.5644786802925077,1.3604189212761024,1,-0.408913599409285,12,6,0,0,Normal,0.006409295645335655
2.316774609810712,1.1858863038266625,0,0.6239573261004014,1,7,0,0,Normal,0.003448652140771613
-0.5644786802925077,0.9415406393974466,0,-0.408913599409285,9,6,2,6,Normal,0.1494661054156738
-0.5644786802925077,-1.292476863955385,0,-0.408913599409285,7,0,2,7,Normal,0.10032341782461873
-0.5644786802925077,-0.7339724881171771,0,-0.408913599409285,11,3,2,1,Normal,0.17020861258919712
-0.5644786802925077,1.5698580622154303,0,0.6239573261004014,22,1,3,5,Normal,0.09781308274836709
-0.5644786802925077,-1.7113551458340408,0,-0.408913599409285,18,4,4,6,Normal,0.08702495576028135
-0.5644786802925077,0.6622884514783427,0,1.656828251610088,19,1,2,4,Normal,0.1187845110342125
-0.5644786802925077,0.5924754044985666,0,1.656828251610088,10,2,1,6,Normal,0.11712640272178831
-0.5644786802925077,0.8368210689277826,1,-0.408913599409285,21,3,2,4,Normal,0.05789131541722203
-0.5644786802925077,-0.8386920585868409,0,0.6239573261004014,10,4,4,3,Normal,0.13713041963889677
-0.5644786802925077,1.5000450152356546,0,-0.408913599409285,23,3,1,3,Normal,0.10494396200808143
-0.5644786802925077,-0.8037855350969529,0,0.6239573261004014,9,4,0,6,Normal,0.12119842571836004
-0.5644786802925077,0.8717275924176705,0,-0.408913599409285,9,5,2,0,Normal,0.12997624860604667
-0.5644786802925077,-0.664159441137401,0,0.6239573261004014,13,1,1,0,Normal,0.1277895741013676
-0.1528710674206193,-0.873598582076729,0,0.6239573261004014,14,3,0,4,Normal,0.11700739044224934
-0.5644786802925077,-0.1405615887890813,0,0.6239573261004014,11,1,1,6,Normal,0.14468404287093434
0.6703441583231574,-1.1528507699958328,0,-0.408913599409285,15,6,1,7,Normal,0.08869168166346064
0.258736545451269,-1.5717290518744889,1,0.6239573261004014,3,2,4,3,Normal,0.002921789569892752
-0.5644786802925077,-0.2452811592587452,0,-0.408913599409285,19,5,1,6,Normal,0.14387441573530807
-0.5644786802925077,0.1735971226199107,0,1.656828251610088,11,1,0,7,Normal,0.06390786587318953
2.7283822226826,0.1386905991300228,0,-0.408913599409285,19,3,2,0,Normal,0.04527011761433952
-0.5644786802925077,0.6971949749682306,0,-1.4417845249189716,16,1,3,0,Normal,0.08694008834062794
-0.5644786802925077,1.7443906796648705,0,-1.4417845249189716,17,3,1,3,Normal,0.09297649004323327
-0.5644786802925077,-1.1877572934857208,0,-0.408913599409285,17,3,4,3,Normal,0.1298566341371583
-0.5644786802925077,-0.3150942062385213,0,0.6239573261004014,12,3,2,1,Normal,0.16196156731578754
-0.5644786802925077,-0.8386920585868409,1,0.6239573261004014,5,4,1,5,Normal,0.05731851788051823
0.6703441583231574,-1.3273833874452727,0,-0.408913599409285,8,3,4,2,Normal,0.10512069689728365
-0.5644786802925077,1.2906058742963262,0,-0.408913599409285,14,2,1,0,Normal,0.124727520148401
-0.5644786802925077,-0.4198137767081852,0,-0.408913599409285,1,5,1,5,Normal,0.1454550204698093
-0.5644786802925077,0.8717275924176705,0,-1.4417845249189716,9,6,4,2,Normal,0.0941630835487236
-0.5644786802925077,1.3604189212761024,0,-0.408913599409285,23,5,3,5,Normal,0.1100826704401267
-0.5644786802925077,-1.4321029579149367,0,0.6239573261004014,6,0,2,7,Normal,0.0866150851667753
-0.5644786802925077,-1.292476863955385,0,0.6239573261004014,20,0,0,4,Normal,0.08136352641322175
1.4935593840669343,0.3481297400693506,0,-1.4417845249189716,5,4,4,0,Normal,0.03383991885268611
-0.5644786802925077,1.0462602098671103,0,1.656828251610088,21,5,4,2,Normal,0.07428567236869266
-0.5644786802925077,-1.362289910935161,0,0.6239573261004014,19,3,1,3,Normal,0.13311293682270126
-0.5644786802925077,-0.210374635768857,0,-0.408913599409285,1,6,3,0,Normal,0.1070477211156225
-0.5644786802925077,-0.7339724881171771,0,-0.408913599409285,0,6,2,2,Normal,0.13096587375399887
-0.5644786802925077,-0.489626823687961,0,-0.408913599409285,2,6,1,5,Normal,0.15092531379636298
-0.5644786802925077,-0.3150942062385213,0,0.6239573261004014,15,1,1,3,Normal,0.15547120950136345
-0.5644786802925077,1.3604189212761024,0,0.6239573261004014,15,7,2,2,Normal,0.11178021720222586
2.7283822226826,0.7321014984581184,0,-0.408913599409285,15,6,3,5,Normal,0.057808397404174316
-0.5644786802925077,-1.083037723016057,1,-1.4417845249189716,7,6,3,2,Normal,0.029900167870556937
-0.5644786802925077,-1.6066355753643766,0,0.6239573261004014,9,3,1,4,Normal,0.13836754724809663
-0.5644786802925077,-1.467009481404825,0,-0.408913599409285,16,3,1,0,Normal,0.11184748162180408
0.6703441583231574,-0.8386920585868409,0,0.6239573261004014,3,3,3,7,Normal,0.09929860640528998
1.9051669969388227,-1.6415420988542648,0,1.656828251610088,11,7,1,4,Normal,0.03570044045216725
-0.5644786802925077,0.4179427870491267,1,-0.408913599409285,6,2,1,3,Normal,0.072676593033423
-0.5644786802925077,-0.3150942062385213,0,1.656828251610088,20,7,3,0,Normal,0.050709396224948744
1.4935593840669343,0.5924754044985666,0,-1.4417845249189716,14,4,4,3,Normal,0.06711804918694853
-0.5644786802925077,-1.467009481404825,0,0.6239573261004014,22,4,2,5,Normal,0.10567928146332134
-0.5644786802925077,-0.9783181525463928,0,0.6239573261004014,23,3,2,6,Normal,0.11775768357125616
-0.5644786802925077,0.8368210689277826,0,-0.408913599409285,11,5,4,0,Normal,0.10573248412687147
-0.1528710674206193,-0.1405615887890813,0,-0.408913599409285,4,5,3,1,Normal,0.13649118929392484
-0.5644786802925077,-1.048131199526169,0,-0.408913599409285,18,5,0,0,Normal,0.08970882896805277
-0.5644786802925077,1.639671109195206,0,0.6239573261004014,18,5,0,4,Normal,0.09724367120694821
-0.5644786802925077,0.6971949749682306,0,1.656828251610088,16,5,1,6,Normal,0.11905392534999482
2.316774609810712,0.9415406393974466,0,0.6239573261004014,5,0,0,7,Normal,0.018535559543834568
-0.5644786802925077,1.7094841561749825,0,1.656828251610088,18,7,2,3,Normal,0.07090395614827794
-0.5644786802925077,0.9415406393974466,0,0.6239573261004014,11,5,0,0,Normal,0.10419615681176186
-0.5644786802925077,-1.257570340465497,0,-0.408913599409285,17,1,3,6,Normal,0.12006208068399382
-0.5644786802925077,-0.2452811592587452,0,-0.408913599409285,5,0,3,6,Normal,0.13192503224216018
-0.5644786802925077,-1.257570340465497,0,-0.408913599409285,18,4,0,3,Normal,0.11182459857257415
2.316774609810712,-0.4198137767081852,0,0.6239573261004014,5,7,1,2,Normal,0.06981798138924267
1.9051669969388227,-0.524533347177849,0,-0.408913599409285,14,0,3,6,Normal,0.08196667240608024
-0.5644786802925077,-1.7113551458340408,0,-0.408913599409285,5,1,0,7,Normal,0.05995311092597122
-0.5644786802925077,0.0339710286603586,0,-1.4417845249189716,19,0,2,0,Normal,0.07943978437177279
-0.5644786802925077,0.1735971226199107,0,-0.408913599409285,20,2,2,0,Normal,0.12193812166357038
-0.5644786802925077,-1.4321029579149367,0,0.6239573261004014,5,0,2,6,Normal,0.10262361113679319
2.7283822226826,0.2783166930895746,0,0.6239573261004014,22,7,3,1,Normal,0.029847948409633784
-0.5644786802925077,1.4302319682558782,0,-0.408913599409285,15,7,2,4,Normal,0.12403528015581322
2.316774609810712,1.639671109195206,0,0.6239573261004014,6,1,3,3,Normal,0.04902999901841898
-0.5644786802925077,-1.083037723016057,0,-0.408913599409285,3,6,1,4,Normal,0.14430624482333798
1.081951771195046,0.6622884514783427,0,1.656828251610088,8,6,4,5,Normal,0.06048635370745792
-0.5644786802925077,-0.908505105566617,0,-0.408913599409285,9,2,0,1,Normal,0.13507363196108202
1.081951771195046,0.3481297400693506,0,-0.408913599409285,22,4,3,7,Normal,0.08082813675716527
-0.5644786802925077,0.8717275924176705,0,-1.4417845249189716,12,7,1,7,Normal,0.09459942347059525
-0.5644786802925077,1.0811667333569983,0,-0.408913599409285,18,0,2,3,Normal,0.13354132362125792
-0.5644786802925077,-0.5594398706677371,0,-0.408913599409285,8,6,2,5,Normal,0.16656200223559708
2.7283822226826,0.6273819279884545,0,-0.408913599409285,0,6,2,4,Normal,0.05070561774692406
0.258736545451269,-1.117944246505945,0,-1.4417845249189716,15,2,0,6,Normal,0.06012416349074845
2.316774609810712,-0.1754681122789692,0,0.6239573261004014,17,5,4,7,Normal,0.054106118165245576
-0.5644786802925077,-0.489626823687961,1,-1.4417845249189716,14,0,1,7,Normal,0.011342864144812781
-0.5644786802925077,1.7094841561749825,1,-0.408913599409285,7,2,3,0,Normal,0.01767289903039626
-0.5644786802925077,1.604764585705318,0,-1.4417845249189716,11,6,3,3,Normal,0.10576465194453166
-0.5644786802925077,0.0339710286603586,1,-1.4417845249189716,14,4,0,0,Suspicious,-0.00011660308688221654
-0.5644786802925077,-0.3150942062385213,0,-1.4417845249189716,4,6,1,5,Normal,0.13570058916851763
1.081951771195046,1.7443906796648705,1,1.656828251610088,23,5,3,1,Suspicious,-0.04125054720565624
2.7283822226826,-0.873598582076729,0,1.656828251610088,13,6,0,2,Normal,0.016154275616900082
-0.5644786802925077,-0.2801876827486331,0,0.6239573261004014,7,1,4,2,Normal,0.1217962926884158
-0.5644786802925077,-1.083037723016057,1,0.6239573261004014,13,1,0,2,Normal,0.020606271949408672
-0.5644786802925077,-0.2801876827486331,0,0.6239573261004014,23,4,0,6,Normal,0.08579808133640243
-0.5644786802925077,-0.0707485418093052,1,-0.408913599409285,19,4,1,5,Normal,0.057739688091732466
-0.5644786802925077,-0.524533347177849,0,-0.408913599409285,4,1,4,0,Normal,0.11262362014203581
-0.5644786802925077,0.6273819279884545,0,-0.408913599409285,4,2,2,0,Normal,0.1391982377241449
0.258736545451269,-1.397196434425049,0,0.6239573261004014,1,6,1,1,Normal,0.07461627922373615
-0.5644786802925077,-0.1754681122789692,1,-0.408913599409285,18,1,4,3,Normal,0.04118842667884892
-0.5644786802925077,0.1386905991300228,0,-0.408913599409285,20,0,4,7,Normal,0.08342028524795586
-0.5644786802925077,1.5349515387255426,0,-1.4417845249189716,18,6,3,7,Normal,0.08086160500218054
-0.5644786802925077,0.4179427870491267,0,-0.408913599409285,16,0,1,5,Normal,0.14301938337931863
-0.5644786802925077,-0.0358420183194171,0,0.6239573261004014,5,5,1,0,Normal,0.11976122225237323
-0.5644786802925077,-1.292476863955385,1,0.6239573261004014,3,3,0,1,Normal,0.0035465489254354887
-0.1528710674206193,0.4528493105390145,0,0.6239573261004014,2,3,1,2,Normal,0.11931513671217214
0.6703441583231574,1.4302319682558782,0,-1.4417845249189716,19,0,2,7,Normal,0.020448157324216787
-0.1528710674206193,-0.2452811592587452,0,1.656828251610088,10,0,4,4,Normal,0.06346998726675768
-0.5644786802925077,1.6745776326850943,0,0.6239573261004014,15,5,4,7,Normal,0.06889463951173336
-0.5644786802925077,1.7094841561749825,0,1.656828251610088,18,7,0,7,Normal,0.026050159189593303
1.9051669969388227,-1.397196434425049,0,-0.408913599409285,23,1,3,3,Normal,0.06983536371649912
-0.5644786802925077,0.9764471628873344,0,-1.4417845249189716,12,6,3,6,Normal,0.11721461101570202
-0.5644786802925077,-1.257570340465497,0,-0.408913599409285,17,5,0,0,Normal,0.08158733150653186
-0.5644786802925077,1.3255123977862149,0,1.656828251610088,13,7,2,5,Normal,0.09549331761944624
-0.5644786802925077,0.6622884514783427,0,0.6239573261004014,18,0,1,7,Normal,0.08811031563899252
-0.5644786802925077,-1.5717290518744889,0,-0.408913599409285,7,7,4,7,Normal,0.05032523442100467
1.081951771195046,-1.257570340465497,0,0.6239573261004014,23,4,0,0,Normal,0.024598870359550995
1.9051669969388227,0.5575688810086785,0,-1.4417845249189716,1,1,3,6,Normal,0.04695544153937914
-0.5644786802925077,0.5575688810086785,0,-1.4417845249189716,9,3,1,7,Normal,0.1204929170349257
-0.5644786802925077,-0.943411629056505,0,0.6239573261004014,21,6,2,0,Normal,0.10305751776471328
-0.5644786802925077,-1.467009481404825,0,-0.408913599409285,2,3,2,3,Normal,0.13914858698790727
-0.5644786802925077,-0.3500007297284091,0,0.6239573261004014,7,6,2,7,Normal,0.130780219970615
-0.5644786802925077,-0.8386920585868409,0,1.656828251610088,0,5,2,0,Normal,0.08005917998647105
-0.5644786802925077,-0.908505105566617,0,-0.408913599409285,19,0,0,4,Normal,0.11189977360253461
-0.5644786802925077,-1.222663816975609,0,-0.408913599409285,21,1,1,3,Normal,0.130137136188972
1.081951771195046,-0.9783181525463928,0,0.6239573261004014,22,6,2,0,Normal,0.05655090889954839
-0.5644786802925077,-0.908505105566617,0,0.6239573261004014,7,6,4,6,Normal,0.10813249857870016
-0.5644786802925077,-0.2452811592587452,1,-0.408913599409285,5,7,0,5,Normal,0.03277507806010871
-0.5644786802925077,-0.2801876827486331,0,0.6239573261004014,1,7,4,6,Normal,0.0819039834116212
-0.5644786802925077,-0.1056550652991931,0,-0.408913599409285,0,2,1,2,Normal,0.1352034586280716
-0.5644786802925077,0.9415406393974466,1,-0.408913599409285,14,0,0,2,Normal,0.024740137471224943
1.9051669969388227,-1.222663816975609,0,-0.408913599409285,5,7,4,1,Normal,0.02620367745625396
1.081951771195046,1.5698580622154303,0,-1.4417845249189716,18,6,3,4,Normal,0.06189194386557262
-0.5644786802925077,1.5698580622154303,1,1.656828251610088,18,1,4,2,Suspicious,-0.016281011894052844
-0.5644786802925077,0.9066341159075584,0,-1.4417845249189716,18,2,1,3,Normal,0.11810950403622161
2.7283822226826,1.2207928273165505,0,-0.408913599409285,19,3,1,2,Normal,0.048475868418925816
-0.5644786802925077,-0.5594398706677371,0,-1.4417845249189716,18,5,0,4,Normal,0.10348504718286256
-0.5644786802925077,0.9764471628873344,0,1.656828251610088,20,5,3,3,Normal,0.12015212433023137
-0.5644786802925077,1.0113536863772226,0,-1.4417845249189716,17,3,1,2,Normal,0.11634015221568017
-0.5644786802925077,-0.943411629056505,1,0.6239573261004014,20,5,0,3,Normal,0.022879735828578385
1.9051669969388227,1.639671109195206,0,0.6239573261004014,0,5,0,7,Normal,0.004719899533055627
-0.5644786802925077,-1.1528507699958328,0,-0.408913599409285,1,1,0,4,Normal,0.10523736068360429
-0.5644786802925077,-0.2801876827486331,0,0.6239573261004014,17,7,4,2,Normal,0.10866021861305847
-0.5644786802925077,-0.3150942062385213,0,1.656828251610088,19,6,4,5,Normal,0.08894017908092722
-0.5644786802925077,-0.5943463941576251,0,-0.408913599409285,11,1,0,0,Normal,0.11553518252630435
1.081951771195046,-1.5019160048947129,0,-0.408913599409285,18,0,4,4,Normal,0.05888682970615822
-0.5644786802925077,1.5698580622154303,0,1.656828251610088,5,4,2,4,Normal,0.1093144355056197
-0.5644786802925077,0.6971949749682306,0,1.656828251610088,14,1,0,6,Normal,0.07338845875559719
-0.5644786802925077,1.2556993508064382,0,-1.4417845249189716,6,7,2,7,Normal,0.07746109397520651
1.081951771195046,1.3953254447659904,0,0.6239573261004014,20,0,0,3,Normal,0.041510936319296476
-0.5644786802925077,-0.943411629056505,0,-0.408913599409285,16,1,2,4,Normal,0.1592711164850355
-0.5644786802925077,1.2207928273165505,0,0.6239573261004014,10,2,0,6,Normal,0.11697698838464382
1.4935593840669343,-0.0358420183194171,0,0.6239573261004014,18,5,3,6,Normal,0.1019759063389023
0.258736545451269,-1.7462616693239288,0,0.6239573261004014,12,5,4,1,Normal,0.07160345927700362
1.081951771195046,0.3830362635592385,0,-1.4417845249189716,19,2,3,7,Normal,0.06704289435645239
1.4935593840669343,0.1037840756401346,0,0.6239573261004014,22,2,0,5,Normal,0.060982602534981
-0.5644786802925077,-1.3273833874452727,1,0.6239573261004014,12,7,3,6,Normal,0.02861531106582249
-0.5644786802925077,1.1160732568468863,0,1.656828251610088,4,7,2,6,Normal,0.0727384624825832
0.6703441583231574,-1.117944246505945,0,-0.408913599409285,4,7,1,3,Normal,0.09405214963234731
1.081951771195046,1.5349515387255426,1,-0.408913599409285,15,1,4,2,Suspicious,-0.012299627293016147
-0.5644786802925077,0.1037840756401346,0,-0.408913599409285,15,7,1,0,Normal,0.11860646196229807
0.258736545451269,0.5575688810086785,0,-0.408913599409285,16,1,2,6,Normal,0.12281552169732385
2.7283822226826,1.1509797803367747,0,0.6239573261004014,11,4,1,6,Normal,0.05226926181957925
-0.5644786802925077,0.8717275924176705,1,0.6239573261004014,20,2,1,6,Normal,0.04255796749569096
-0.5644786802925077,-0.3500007297284091,0,0.6239573261004014,4,7,2,6,Normal,0.11456395252460161
-0.5644786802925077,-1.6066355753643766,1,0.6239573261004014,11,4,1,7,Normal,0.03111431237919171
-0.5644786802925077,1.0113536863772226,0,-0.408913599409285,5,0,1,4,Normal,0.14581424771992774
-0.5644786802925077,-1.048131199526169,0,1.656828251610088,19,2,1,5,Normal,0.10434593193631558
-0.5644786802925077,0.0688775521502468,1,-1.4417845249189716,2,4,3,4,Normal,0.042142487563230135
-0.5644786802925077,0.8717275924176705,1,0.6239573261004014,3,5,4,4,Normal,0.03949225896004105
-0.5644786802925077,1.1160732568468863,1,-1.4417845249189716,5,0,4,0,Suspicious,-0.01600670122559633
-0.5644786802925077,-1.6764486223441528,1,-0.408913599409285,2,7,3,3,Normal,0.01886277526246871
-0.5644786802925077,1.639671109195206,0,-0.408913599409285,12,2,0,0,Normal,0.08227923235473322
-0.5644786802925077,1.604764585705318,0,0.6239573261004014,17,7,0,4,Normal,0.08822067352013796
-0.5644786802925077,-0.489626823687961,0,1.656828251610088,13,7,4,7,Normal,0.0584660888894748
-0.5644786802925077,-0.3500007297284091,0,-1.4417845249189716,23,3,3,4,Normal,0.10948778231298911
2.7283822226826,-0.8037855350969529,0,-0.408913599409285,8,6,2,3,Normal,0.06734685324802459
2.7283822226826,-0.2452811592587452,0,0.6239573261004014,20,4,1,1,Normal,0.05644800914241088
-0.5644786802925077,-0.873598582076729,0,0.6239573261004014,8,0,3,4,Normal,0.13551861506791335
-0.5644786802925077,-1.222663816975609,0,-0.408913599409285,0,2,2,3,Normal,0.1247135169740381
-0.5644786802925077,-1.6764486223441528,0,-0.408913599409285,23,6,4,4,Normal,0.055846531215439366
-0.5644786802925077,1.2556993508064382,0,0.6239573261004014,17,2,0,1,Normal,0.11164760284027653
-0.5644786802925077,-0.873598582076729,0,-0.408913599409285,13,4,0,7,Normal,0.10943348703948208
1.4935593840669343,0.3132232165794628,0,1.656828251610088,2,2,4,1,Normal,0.054485353217246124
0.258736545451269,1.3953254447659904,0,0.6239573261004014,16,1,1,4,Normal,0.10067525529379584
-0.1528710674206193,-0.8037855350969529,0,-0.408913599409285,6,7,2,7,Normal,0.09569006523542545
-0.5644786802925077,-1.7113551458340408,0,0.6239573261004014,10,2,3,3,Normal,0.1348446435731257
-0.5644786802925077,1.0462602098671103,0,-0.408913599409285,4,3,2,0,Normal,0.13163111537835215
-0.5644786802925077,-1.7113551458340408,1,0.6239573261004014,16,3,1,1,Normal,0.026361527953471908
-0.5644786802925077,0.9764471628873344,1,1.656828251610088,2,4,3,1,Normal,0.021532265724311106
-0.5644786802925077,0.5924754044985666,0,-0.408913599409285,1,5,1,4,Normal,0.14075192857775137
1.081951771195046,-1.3273833874452727,0,-0.408913599409285,14,5,3,3,Normal,0.11356969685006807
1.4935593840669343,-1.362289910935161,0,0.6239573261004014,14,0,0,1,Normal,0.045666449391813746
-0.5644786802925077,-0.0358420183194171,1,-0.408913599409285,7,7,1,4,Normal,0.06055221106005493
2.316774609810712,-0.0707485418093052,0,-1.4417845249189716,4,1,0,3,Normal,0.0420543433937981
-0.5644786802925077,-0.629252917647513,1,-0.408913599409285,11,0,2,7,Normal,0.03764496955504082
1.4935593840669343,-0.3500007297284091,0,0.6239573261004014,15,2,1,4,Normal,0.12030333169293123
-0.5644786802925077,-0.1754681122789692,0,-1.4417845249189716,12,1,4,0,Normal,0.0872838532838408
-0.5644786802925077,0.4179427870491267,0,0.6239573261004014,19,1,2,4,Normal,0.1453543490866432
-0.5644786802925077,-1.1877572934857208,0,-0.408913599409285,3,3,2,6,Normal,0.1379086544797472
2.316774609810712,1.2207928273165505,0,-0.408913599409285,22,0,1,5,Normal,0.026660077473656063
-0.5644786802925077,0.8717275924176705,1,-0.408913599409285,15,0,1,6,Normal,0.048970285864935126
2.7283822226826,-0.5594398706677371,0,0.6239573261004014,8,7,2,7,Normal,0.03387741480625339
1.4935593840669343,-0.664159441137401,0,0.6239573261004014,7,1,2,7,Normal,0.0914248527485948
-0.1528710674206193,0.4877558340289027,1,-0.408913599409285,20,1,1,5,Normal,0.037377750185066394
-0.1528710674206193,-1.3273833874452727,0,1.656828251610088,16,4,3,1,Normal,0.08876162327926995
1.081951771195046,-1.5368225283846009,0,-1.4417845249189716,13,6,4,4,Normal,0.04638008018854867
-0.5644786802925077,-0.3150942062385213,0,0.6239573261004014,8,5,3,0,Normal,0.12123354282072213
-0.5644786802925077,-0.3849072532182971,0,-0.408913599409285,9,4,3,7,Normal,0.1358269445842254
1.9051669969388227,-1.6066355753643766,1,1.656828251610088,5,4,3,6,Suspicious,-0.020424926899226814
-0.5644786802925077,1.0113536863772226,0,1.656828251610088,11,6,0,1,Normal,0.09798006812437021
-0.5644786802925077,-1.222663816975609,0,1.656828251610088,17,5,4,6,Normal,0.07346401834727823
0.258736545451269,1.5349515387255426,0,1.656828251610088,15,2,1,5,Normal,0.08261768738375952
1.081951771195046,-1.4321029579149367,0,0.6239573261004014,21,3,1,6,Normal,0.07086735638915775
-0.5644786802925077,-0.489626823687961,0,-0.408913599409285,10,7,4,3,Normal,0.12709796324627987
-0.5644786802925077,-1.5368225283846009,0,-1.4417845249189716,8,2,0,2,Normal,0.08098614848762309
1.4935593840669343,1.3255123977862149,0,-0.408913599409285,9,3,0,1,Normal,0.07567748086579662
1.4935593840669343,0.1037840756401346,0,0.6239573261004014,23,3,4,0,Normal,0.04936742492274693
-0.5644786802925077,-0.524533347177849,0,-1.4417845249189716,6,5,4,7,Normal,0.09341072594773858
-0.5644786802925077,0.4877558340289027,0,0.6239573261004014,20,4,0,2,Normal,0.11715826867778062
-0.5644786802925077,-0.4547203001980731,0,1.656828251610088,11,2,4,7,Normal,0.08844239514283125
-0.5644786802925077,-0.7339724881171771,0,0.6239573261004014,8,6,4,6,Normal,0.10923609630484393
-0.5644786802925077,-0.5943463941576251,0,-1.4417845249189716,6,0,1,3,Normal,0.11477513052711119
-0.5644786802925077,0.2783166930895746,0,-0.408913599409285,19,4,3,2,Normal,0.1527139540091958
1.081951771195046,1.1858863038266625,0,-0.408913599409285,21,7,3,1,Normal,0.056779065259135675
-0.5644786802925077,-0.524533347177849,0,-1.4417845249189716,17,5,1,3,Normal,0.12997958521094422
1.4935593840669343,-0.4547203001980731,1,0.6239573261004014,7,0,2,1,Normal,0.001727679740240351
1.9051669969388227,0.2783166930895746,0,1.656828251610088,4,5,0,5,Normal,0.02953403170444091
-0.5644786802925077,0.5924754044985666,1,-1.4417845249189716,23,6,4,5,Normal,0.005853985070501833
2.7283822226826,-0.1754681122789692,1,1.656828251610088,3,7,3,4,Suspicious,-0.0269927398549632
-0.5644786802925077,0.2434101695996867,1,1.656828251610088,19,5,3,7,Normal,0.012559467956378523
-0.5644786802925077,0.6622884514783427,0,-0.408913599409285,2,6,0,5,Normal,0.1203144185000029
2.316774609810712,-1.6066355753643766,0,-0.408913599409285,21,0,4,5,Normal,0.010322703972859615
-0.5644786802925077,0.8368210689277826,1,1.656828251610088,20,7,2,0,Suspicious,-0.01657064765663907
2.7283822226826,0.2085036461097985,0,-1.4417845249189716,11,6,0,5,Normal,0.019707541719341748
2.316774609810712,-0.7688790116070651,1,-0.408913599409285,5,1,2,5,Normal,0.01080630612222433
-0.5644786802925077,0.7321014984581184,0,-1.4417845249189716,22,4,0,2,Normal,0.08337028467278906
2.7283822226826,0.8368210689277826,0,0.6239573261004014,12,4,4,0,Normal,0.030367228238268873
-0.5644786802925077,-1.6764486223441528,0,1.656828251610088,7,5,0,4,Normal,0.066751569932477
-0.5644786802925077,0.6273819279884545,0,-0.408913599409285,22,0,4,0,Normal,0.07037924663915618
-0.5644786802925077,0.3481297400693506,0,0.6239573261004014,11,3,0,5,Normal,0.1362646109256176
-0.5644786802925077,-1.1877572934857208,0,0.6239573261004014,12,0,0,2,Normal,0.10259700808630567
-0.5644786802925077,1.3255123977862149,0,1.656828251610088,2,7,2,0,Normal,0.045926476747203404
-0.5644786802925077,-0.4198137767081852,0,-0.408913599409285,6,3,1,2,Normal,0.16493693875145127
-0.5644786802925077,-1.083037723016057,0,-0.408913599409285,3,1,1,1,Normal,0.1384524247325662
-0.5644786802925077,-1.1528507699958328,0,0.6239573261004014,12,2,3,0,Normal,0.12170957865688264
-0.5644786802925077,1.604764585705318,0,1.656828251610088,3,6,4,6,Normal,0.05582752344892583
-0.5644786802925077,-0.8386920585868409,0,0.6239573261004014,14,0,2,1,Normal,0.13388282169106064
-0.5644786802925077,0.9415406393974466,0,-1.4417845249189716,16,0,1,0,Normal,0.08146767450571901
0.258736545451269,-0.7688790116070651,0,-1.4417845249189716,14,3,4,4,Normal,0.08902114180549525
-0.5644786802925077,-0.629252917647513,0,-0.408913599409285,1,4,2,6,Normal,0.14124005318268895
-0.5644786802925077,-0.943411629056505,0,-0.408913599409285,7,3,0,0,Normal,0.10979535756061054
-0.5644786802925077,0.2085036461097985,0,0.6239573261004014,18,7,0,3,Normal,0.10764404857359816
-0.5644786802925077,-0.6990659646272891,0,-1.4417845249189716,19,3,4,1,Normal,0.09425951027719948
2.7283822226826,-0.1754681122789692,1,-0.408913599409285,13,0,1,6,Suspicious,-0.010145302580365723
-0.5644786802925077,0.3830362635592385,1,-1.4417845249189716,7,0,0,0,Suspicious,-0.012086116423992599
1.9051669969388227,-0.3849072532182971,1,-1.4417845249189716,9,5,2,6,Normal,0.013949506173714266
-0.5644786802925077,-0.3500007297284091,0,1.656828251610088,3,4,0,5,Normal,0.08842253509083131
-0.5644786802925077,-0.629252917647513,0,-0.408913599409285,5,7,2,4,Normal,0.14767753435458747
-0.5644786802925077,-0.6990659646272891,0,0.6239573261004014,12,1,1,5,Normal,0.1566454675025548
-0.5644786802925077,0.2085036461097985,0,-1.4417845249189716,19,6,1,7,Normal,0.0950144258519322
-0.5644786802925077,-1.6066355753643766,0,0.6239573261004014,12,0,0,4,Normal,0.0866569306527365
1.4935593840669343,1.5000450152356546,0,0.6239573261004014,15,4,4,2,Normal,0.06887113977673365
-0.5644786802925077,-0.2801876827486331,0,-0.408913599409285,4,4,0,3,Normal,0.13900696418895436
-0.5644786802925077,1.7094841561749825,0,0.6239573261004014,19,5,0,5,Normal,0.08620942813220844
-0.1528710674206193,-1.397196434425049,0,-1.4417845249189716,16,7,3,3,Normal,0.07535282306967783
-0.5644786802925077,-0.0009354948295292,0,0.6239573261004014,3,3,4,4,Normal,0.12848650249477223
1.081951771195046,-1.467009481404825,0,0.6239573261004014,11,7,4,6,Normal,0.0557161899174885
2.7283822226826,0.3830362635592385,0,1.656828251610088,9,2,3,1,Normal,0.050624380301126704
2.7283822226826,-0.3849072532182971,0,-0.408913599409285,0,6,4,5,Normal,0.011674234654725835
2.316774609810712,1.3604189212761024,0,0.6239573261004014,14,1,4,5,Normal,0.042935038270835224
-0.5644786802925077,-1.5019160048947129,0,1.656828251610088,0,3,2,5,Normal,0.08104208316150197
-0.5644786802925077,-0.5594398706677371,0,-1.4417845249189716,23,4,4,7,Normal,0.07198736428916486
-0.5644786802925077,-0.524533347177849,1,-0.408913599409285,16,1,2,4,Normal,0.0668232055881175
-0.5644786802925077,1.0462602098671103,0,0.6239573261004014,11,5,0,5,Normal,0.13097244549015274
-0.5644786802925077,1.6745776326850943,0,1.656828251610088,6,6,2,6,Normal,0.07716229139801578
-0.5644786802925077,1.1509797803367747,0,1.656828251610088,8,1,0,7,Normal,0.05513172876235406
-0.5644786802925077,0.5924754044985666,1,0.6239573261004014,14,4,2,2,Normal,0.07212191348555241
-0.5644786802925077,0.5226623575187906,0,0.6239573261004014,13,6,2,3,Normal,0.1529928088395503
1.081951771195046,0.9415406393974466,0,0.6239573261004014,23,3,4,5,Normal,0.0631598813482015
-0.5644786802925077,1.2556993508064382,0,-0.408913599409285,18,4,0,5,Normal,0.11872093428036629
1.4935593840669343,1.1858863038266625,0,-1.4417845249189716,12,2,4,5,Normal,0.040056629360320506
-0.5644786802925077,-1.4321029579149367,0,-0.408913599409285,21,1,4,4,Normal,0.09739721009138524
1.4935593840669343,0.3481297400693506,0,-1.4417845249189716,4,6,2,0,Normal,0.04838892838287334
-0.5644786802925077,0.6971949749682306,0,-1.4417845249189716,12,1,0,4,Normal,0.10474203545730609
-0.5644786802925077,-1.6764486223441528,0,1.656828251610088,10,6,1,0,Normal,0.06164567066706417
-0.5644786802925077,0.8019145454378945,0,-1.4417845249189716,22,5,2,0,Normal,0.06891802760988686
-0.5644786802925077,-0.664159441137401,1,0.6239573261004014,2,1,0,6,Normal,0.004944689233204236
-0.5644786802925077,1.2906058742963262,0,1.656828251610088,5,4,2,1,Normal,0.10785183887633731
-0.1528710674206193,1.3953254447659904,1,-0.408913599409285,23,1,3,2,Suspicious,-0.005604262724693276
-0.5644786802925077,-1.397196434425049,0,-1.4417845249189716,10,1,3,2,Normal,0.10167821823138212
-0.5644786802925077,-0.9783181525463928,0,0.6239573261004014,18,0,1,1,Normal,0.12143695425117512
-0.5644786802925077,-1.7113551458340408,0,1.656828251610088,18,7,2,6,Normal,0.05269274529230494
-0.5644786802925077,0.3481297400693506,0,0.6239573261004014,7,4,1,1,Normal,0.14516151996051574
-0.5644786802925077,-1.048131199526169,0,1.656828251610088,23,0,4,3,Normal,0.0472004507138879
-0.1528710674206193,1.4302319682558782,0,0.6239573261004014,1,6,3,2,Normal,0.08707589220692125
0.6703441583231574,-0.8386920585868409,0,-1.4417845249189716,16,4,3,3,Normal,0.09260543999793847
-0.5644786802925077,0.6273819279884545,1,-1.4417845249189716,13,2,1,4,Normal,0.054459642906258376
2.316774609810712,-0.7339724881171771,0,0.6239573261004014,11,5,3,6,Normal,0.08373368172674966
-0.1528710674206193,1.0462602098671103,0,-0.408913599409285,3,1,0,5,Normal,0.10060674926142621
-0.5644786802925077,1.3255123977862149,0,0.6239573261004014,20,6,1,6,Normal,0.10910725845962943
-0.5644786802925077,-1.0132246760362809,0,0.6239573261004014,5,7,2,1,Normal,0.11946893573307393
-0.5644786802925077,0.9415406393974466,0,-0.408913599409285,18,1,4,7,Normal,0.09626194845770675
2.316774609810712,-1.6066355753643766,0,-0.408913599409285,1,3,3,5,Normal,0.038114728264257214
-0.5644786802925077,0.2085036461097985,0,0.6239573261004014,20,0,3,7,Normal,0.08556466862287815
0.6703441583231574,0.4179427870491267,1,-0.408913599409285,21,7,3,2,Suspicious,-0.004198194597473837
-0.5644786802925077,-1.257570340465497,0,-0.408913599409285,0,0,0,1,Normal,0.06380337696697902
2.7283822226826,0.9066341159075584,0,1.656828251610088,21,4,4,3,Normal,0.012916588681302299
-0.5644786802925077,0.2434101695996867,0,-1.4417845249189716,12,1,2,7,Normal,0.10676095881160991
-0.5644786802925077,-0.7339724881171771,0,-0.408913599409285,12,7,2,3,Normal,0.15155693191102565
-0.5644786802925077,-1.0132246760362809,0,0.6239573261004014,3,4,4,7,Normal,0.09503292176343858
-0.5644786802925077,-0.2801876827486331,0,-1.4417845249189716,1,3,0,7,Normal,0.07350461617742632
-0.5644786802925077,1.7094841561749825,0,1.656828251610088,0,1,3,3,Normal,0.06059080077175827
-0.1528710674206193,0.0339710286603586,0,0.6239573261004014,15,4,2,2,Normal,0.1454509905864212
0.258736545451269,1.4302319682558782,0,1.656828251610088,4,2,3,2,Normal,0.08627095893622416
-0.5644786802925077,0.5226623575187906,0,-0.408913599409285,6,4,1,3,Normal,0.16650411523785652
-0.5644786802925077,1.3255123977862149,0,-0.408913599409285,13,6,4,2,Normal,0.11978782015724082
-0.5644786802925077,-1.6764486223441528,0,-1.4417845249189716,15,1,4,5,Normal,0.059434022850102686
-0.5644786802925077,0.3481297400693506,0,-1.4417845249189716,17,7,2,7,Normal,0.09413999251144078
-0.5644786802925077,-0.5943463941576251,0,-0.408913599409285,20,3,2,6,Normal,0.14250082033081046
-0.5644786802925077,-1.7113551458340408,0,-1.4417845249189716,20,4,1,0,Normal,0.06195639647965068
-0.5644786802925077,1.5349515387255426,0,-0.408913599409285,9,6,3,7,Normal,0.10287093309587136
2.7283822226826,-1.222663816975609,0,-0.408913599409285,4,6,0,0,Normal,0.006916928530394939
1.9051669969388227,0.2085036461097985,1,0.6239573261004014,9,5,0,7,Suspicious,-0.01194459142157489
-0.5644786802925077,0.5924754044985666,0,1.656828251610088,9,4,0,7,Normal,0.0660026037789605
-0.1528710674206193,0.9764471628873344,0,-0.408913599409285,4,1,0,6,Normal,0.10003927852396988
-0.5644786802925077,-0.0707485418093052,0,0.6239573261004014,23,5,2,2,Normal,0.12679032252761402
0.258736545451269,-1.257570340465497,0,-0.408913599409285,18,1,1,0,Normal,0.08747249211400565
1.4935593840669343,0.3481297400693506,0,-0.408913599409285,4,6,0,0,Normal,0.05074252410576685
2.7283822226826,1.3953254447659904,0,1.656828251610088,9,0,4,1,Suspicious,-0.012649405799665447
-0.5644786802925077,-0.2801876827486331,0,-0.408913599409285,2,0,3,1,Normal,0.13162426520038079
-0.5644786802925077,-0.943411629056505,0,0.6239573261004014,11,4,1,0,Normal,0.13500189110011002
-0.5644786802925077,-0.9783181525463928,0,-0.408913599409285,21,7,2,5,Normal,0.11973390593252331
-0.5644786802925077,-1.1877572934857208,0,0.6239573261004014,17,7,4,1,Normal,0.09007358006640964
2.7283822226826,0.3830362635592385,0,0.6239573261004014,0,5,3,3,Normal,0.05572585121963558
1.4935593840669343,-0.8037855350969529,0,-0.408913599409285,7,1,1,3,Normal,0.12058848776838244
1.4935593840669343,-1.6764486223441528,0,-1.4417845249189716,22,6,0,6,Suspicious,-0.007948057620101978
-0.5644786802925077,0.2783166930895746,1,-1.4417845249189716,4,5,2,2,Normal,0.04813442718659666
0.6703441583231574,1.639671109195206,0,1.656828251610088,1,4,1,1,Normal,0.032868204893376496
-0.5644786802925077,1.604764585705318,1,-1.4417845249189716,14,4,0,7,Suspicious,-0.00022891585554074556
-0.1528710674206193,0.7321014984581184,1,-0.408913599409285,16,2,2,4,Normal,0.06395382933502525
-0.5644786802925077,1.0462602098671103,1,0.6239573261004014,3,4,0,0,Normal,0.0021593335435778904
-0.5644786802925077,-0.0707485418093052,1,0.6239573261004014,14,6,1,1,Normal,0.056230352804818806
-0.5644786802925077,-0.908505105566617,0,-0.408913599409285,12,6,1,4,Normal,0.16563864795723027
-0.5644786802925077,0.0339710286603586,1,1.656828251610088,4,4,4,3,Normal,0.03131441866850415
-0.5644786802925077,-1.5368225283846009,0,0.6239573261004014,17,6,2,4,Normal,0.11902448276868832
2.7283822226826,-0.1754681122789692,0,-1.4417845249189716,0,2,0,1,Suspicious,-0.0018958599339016224
-0.5644786802925077,-0.3849072532182971,1,1.656828251610088,5,0,0,7,Suspicious,-0.03569085241596559
-0.5644786802925077,-0.489626823687961,0,-1.4417845249189716,6,4,0,3,Normal,0.10718859690038213
-0.5644786802925077,-0.489626823687961,0,-0.408913599409285,12,3,3,5,Normal,0.17038645201963698
-0.5644786802925077,-1.1877572934857208,0,0.6239573261004014,3,0,2,3,Normal,0.12581111053543337
1.9051669969388227,1.2906058742963262,1,-0.408913599409285,13,4,0,3,Suspicious,-0.00694715080577657
-0.5644786802925077,-1.6066355753643766,0,-0.408913599409285,17,1,2,5,Normal,0.12105830566069653
1.081951771195046,-1.5368225283846009,0,0.6239573261004014,1,5,1,1,Normal,0.060977489473902025
-0.5644786802925077,-0.5594398706677371,0,0.6239573261004014,0,1,1,3,Normal,0.12443732809759606
-0.5644786802925077,0.1037840756401346,0,-0.408913599409285,5,2,3,3,Normal,0.1608605927597151
-0.5644786802925077,0.6273819279884545,0,-0.408913599409285,12,5,2,5,Normal,0.1702493461721476
2.7283822226826,-1.6764486223441528,0,-0.408913599409285,23,6,4,4,Suspicious,-0.012514644561718913
2.7283822226826,0.3830362635592385,1,0.6239573261004014,5,0,1,2,Suspicious,-0.017923328088126356
-0.5644786802925077,1.0811667333569983,0,0.6239573261004014,2,0,1,0,Normal,0.09643949114035077
-0.5644786802925077,1.639671109195206,0,1.656828251610088,4,4,2,7,Normal,0.06432268277303299
-0.5644786802925077,1.5000450152356546,0,1.656828251610088,1,1,1,3,Normal,0.09023994425647086
-0.5644786802925077,1.5000450152356546,0,-0.408913599409285,10,7,3,2,Normal,0.10923553614029041
-0.5644786802925077,-1.467009481404825,0,0.6239573261004014,17,0,0,5,Normal,0.07502644918660151
-0.5644786802925077,-0.2801876827486331,0,1.656828251610088,22,3,3,7,Normal,0.07688370759127694
-0.5644786802925077,-0.524533347177849,0,1.656828251610088,20,7,0,3,Normal,0.07454806426608418
-0.5644786802925077,0.7321014984581184,0,0.6239573261004014,15,3,1,7,Normal,0.12565033726446911
-0.5644786802925077,0.1735971226199107,0,-0.408913599409285,20,6,2,2,Normal,0.1446340271282422
-0.5644786802925077,0.7321014984581184,0,0.6239573261004014,6,3,2,7,Normal,0.13207008919592111
1.9051669969388227,0.3830362635592385,0,-1.4417845249189716,0,2,3,4,Normal,0.05287696836797695
1.081951771195046,1.2207928273165505,0,0.6239573261004014,10,5,4,2,Normal,0.08318552408512303
-0.5644786802925077,-0.4198137767081852,0,-1.4417845249189716,14,2,2,3,Normal,0.13540767662986675
-0.5644786802925077,0.8019145454378945,0,-0.408913599409285,16,4,4,1,Normal,0.13019721667364348
-0.5644786802925077,-1.5368225283846009,0,-0.408913599409285,0,5,0,0,Normal,0.052346574868022966
-0.5644786802925077,1.2906058742963262,1,-0.408913599409285,3,6,3,3,Normal,0.043511860632300614
-0.5644786802925077,-1.117944246505945,0,-0.408913599409285,23,0,0,3,Normal,0.0752248134320409
-0.5644786802925077,-1.397196434425049,0,0.6239573261004014,20,6,1,2,Normal,0.11339729125787934
-0.5644786802925077,-0.943411629056505,0,0.6239573261004014,6,0,0,2,Normal,0.10001090228057852
-0.5644786802925077,0.4528493105390145,0,1.656828251610088,18,6,1,6,Normal,0.10535979116871863
-0.5644786802925077,-0.4198137767081852,0,-1.4417845249189716,20,4,2,5,Normal,0.11777340883112497
1.4935593840669343,1.5000450152356546,0,0.6239573261004014,7,2,0,3,Normal,0.0702608928187568
2.7283822226826,-1.6066355753643766,0,0.6239573261004014,12,4,2,0,Normal,0.03030437795167762
-0.5644786802925077,-0.5594398706677371,1,0.6239573261004014,1,1,4,7,Suspicious,-0.007883844040798782
-0.5644786802925077,0.3132232165794628,0,-1.4417845249189716,21,5,0,0,Normal,0.05968656296440977
-0.5644786802925077,1.6745776326850943,0,1.656828251610088,14,6,4,6,Normal,0.055963042432723764
-0.5644786802925077,0.1037840756401346,0,-1.4417845249189716,17,0,3,5,Normal,0.10220150089272462
-0.5644786802925077,-0.7339724881171771,0,1.656828251610088,6,2,2,6,Normal,0.11955096732897702
-0.5644786802925077,-0.8386920585868409,1,-0.408913599409285,16,0,1,7,Normal,0.025942309280689302
-0.5644786802925077,-1.5019160048947129,0,1.656828251610088,13,4,0,7,Normal,0.043259547109322005
-0.5644786802925077,0.5575688810086785,0,-0.408913599409285,17,6,3,5,Normal,0.14905627633319984
-0.5644786802925077,-0.8037855350969529,0,0.6239573261004014,8,0,2,2,Normal,0.14078105590502615
-0.5644786802925077,1.3604189212761024,0,-0.408913599409285,16,6,4,2,Normal,0.11516086064552333
-0.5644786802925077,1.3953254447659904,0,-0.408913599409285,7,1,1,2,Normal,0.1382940515660741
-0.5644786802925077,0.7321014984581184,0,-0.408913599409285,15,6,0,6,Normal,0.12147429950598365
-0.5644786802925077,1.7094841561749825,0,-0.408913599409285,13,6,3,0,Normal,0.0802233231014019
-0.5644786802925077,0.0339710286603586,0,1.656828251610088,15,2,1,5,Normal,0.1297117440986199
0.258736545451269,1.1858863038266625,0,-0.408913599409285,18,7,1,4,Normal,0.08481233650714348
1.081951771195046,-0.2801876827486331,0,0.6239573261004014,20,3,1,7,Normal,0.08344634925055605
-0.5644786802925077,-0.8037855350969529,0,-1.4417845249189716,7,1,3,4,Normal,0.13503035745659137
1.9051669969388227,0.5226623575187906,0,-0.408913599409285,22,3,3,3,Normal,0.10000468374044014
-0.5644786802925077,-1.362289910935161,0,-0.408913599409285,6,5,3,7,Normal,0.10676023342628271
-0.5644786802925077,-0.0358420183194171,0,0.6239573261004014,2,5,2,2,Normal,0.14919507699952478
-0.5644786802925077,-0.7339724881171771,0,-0.408913599409285,20,1,1,2,Normal,0.14163721496323312
-0.5644786802925077,-0.5943463941576251,0,-0.408913599409285,12,7,3,5,Normal,0.14488353707182844
-0.5644786802925077,0.1735971226199107,0,-0.408913599409285,17,7,0,7,Normal,0.08815552759152712
-0.5644786802925077,-1.6415420988542648,0,0.6239573261004014,7,0,2,5,Normal,0.11187735402340154
1.4935593840669343,0.6273819279884545,0,0.6239573261004014,1,4,3,7,Normal,0.06827268719586665
-0.5644786802925077,-0.5594398706677371,0,-0.408913599409285,22,2,4,3,Normal,0.12064106660947771
-0.5644786802925077,0.2434101695996867,1,0.6239573261004014,22,6,0,2,Normal,0.014155497596818667
-0.5644786802925077,-0.8386920585868409,0,0.6239573261004014,16,7,0,3,Normal,0.10448626315686504
-0.5644786802925077,0.5226623575187906,0,0.6239573261004014,1,2,2,4,Normal,0.14882044180509163
-0.5644786802925077,1.0113536863772226,0,1.656828251610088,16,7,1,1,Normal,0.10111651768252283
1.081951771195046,-0.8037855350969529,0,-1.4417845249189716,7,2,1,6,Normal,0.08792044328950843
-0.5644786802925077,0.4877558340289027,0,-1.4417845249189716,11,1,2,0,Normal,0.10488380485200716
-0.5644786802925077,-1.5368225283846009,0,0.6239573261004014,23,4,2,5,Normal,0.09471132777086999
0.258736545451269,-0.4198137767081852,0,0.6239573261004014,15,5,4,6,Normal,0.10393309107498039
0.6703441583231574,0.5924754044985666,0,-1.4417845249189716,15,0,1,1,Normal,0.0704653159036569
-0.5644786802925077,-0.5594398706677371,0,-1.4417845249189716,23,2,3,7,Normal,0.08091153845540322
2.7283822226826,-0.524533347177849,0,0.6239573261004014,12,4,1,4,Normal,0.08296804216107101
-0.5644786802925077,-0.0009354948295292,0,0.6239573261004014,7,1,2,1,Normal,0.14742424634411805
-0.5644786802925077,-0.629252917647513,0,-0.408913599409285,10,5,0,3,Normal,0.14065393431771295
-0.5644786802925077,0.6273819279884545,0,1.656828251610088,17,4,4,1,Normal,0.09509968384834566
1.9051669969388227,0.9764471628873344,1,1.656828251610088,8,0,3,2,Suspicious,-0.028969572952233347
-0.5644786802925077,0.4877558340289027,0,-1.4417845249189716,22,0,2,1,Normal,0.08018124827404916
0.258736545451269,0.3132232165794628,0,-0.408913599409285,15,4,2,4,Normal,0.14334248828116836
-0.5644786802925077,1.2906058742963262,0,-1.4417845249189716,14,4,3,3,Normal,0.11538448318570366
2.316774609810712,1.4651384917457662,0,0.6239573261004014,7,4,0,2,Normal,0.04713333379319473
-0.5644786802925077,1.0113536863772226,0,1.656828251610088,7,4,0,7,Normal,0.06024641066181202
-0.5644786802925077,1.604764585705318,0,-0.408913599409285,11,2,0,6,Normal,0.10964243881851282
-0.5644786802925077,1.0462602098671103,0,1.656828251610088,22,0,0,1,Normal,0.038880833293902684
-0.5644786802925077,-0.489626823687961,0,0.6239573261004014,18,7,3,2,Normal,0.11758263718323947
-0.1528710674206193,-0.8037855350969529,0,-1.4417845249189716,17,5,1,2,Normal,0.10589084195574616
-0.5644786802925077,-1.397196434425049,0,0.6239573261004014,19,6,0,7,Normal,0.06292438410855772
-0.5644786802925077,-1.6415420988542648,0,0.6239573261004014,0,6,3,7,Normal,0.05071944907278547
-0.5644786802925077,-0.1056550652991931,0,-1.4417845249189716,17,5,1,0,Normal,0.10051392078539645
-0.5644786802925077,0.1735971226199107,0,1.656828251610088,5,0,0,0,Normal,0.038307509208546864
-0.5644786802925077,1.3604189212761024,0,0.6239573261004014,5,0,3,6,Normal,0.10930520149052353
0.6703441583231574,0.4528493105390145,0,1.656828251610088,14,4,2,5,Normal,0.0991300495940366
-0.5644786802925077,-0.6990659646272891,0,-0.408913599409285,10,7,0,0,Normal,0.08932661993147673
-0.5644786802925077,0.0688775521502468,0,0.6239573261004014,10,2,0,0,Normal,0.10856194423710835
-0.5644786802925077,0.8368210689277826,0,-1.4417845249189716,23,7,3,6,Normal,0.07591914869513061
1.081951771195046,0.2085036461097985,0,0.6239573261004014,9,4,1,1,Normal,0.11350686853439262
-0.5644786802925077,-1.1528507699958328,0,-1.4417845249189716,15,1,2,7,Normal,0.09037595077609217
-0.5644786802925077,-0.664159441137401,0,-1.4417845249189716,15,6,3,1,Normal,0.11228934105692023
-0.5644786802925077,1.3953254447659904,1,0.6239573261004014,23,4,0,1,Suspicious,-0.010597091995332097
-0.5644786802925077,-1.0132246760362809,0,0.6239573261004014,5,6,3,3,Normal,0.13259528247262908
1.4935593840669343,-1.117944246505945,1,0.6239573261004014,18,7,0,4,Suspicious,-0.02193505112828298
-0.5644786802925077,0.9415406393974466,0,-0.408913599409285,3,3,4,1,Normal,0.12242074464430397
2.316774609810712,0.6273819279884545,0,0.6239573261004014,10,4,3,7,Normal,0.06843096744146748
1.4935593840669343,-1.5019160048947129,0,0.6239573261004014,0,3,1,2,Normal,0.06903136561496526
-0.5644786802925077,1.0811667333569983,1,-1.4417845249189716,9,6,0,4,Normal,0.026187538810438893
-0.5644786802925077,1.7094841561749825,0,-0.408913599409285,14,2,0,5,Normal,0.09402615585313379
2.316774609810712,1.3604189212761024,0,-0.408913599409285,9,3,0,0,Normal,0.04327255208421288
-0.5644786802925077,-1.5717290518744889,0,1.656828251610088,23,1,1,3,Normal,0.07167108429723124
-0.5644786802925077,1.3255123977862149,0,-0.408913599409285,16,3,4,5,Normal,0.12241302039026386
0.258736545451269,-1.1528507699958328,0,0.6239573261004014,15,6,1,5,Normal,0.1200052819759665
-0.1528710674206193,-0.1056550652991931,0,-0.408913599409285,20,4,4,7,Normal,0.10000792134429026
-0.5644786802925077,1.0462602098671103,0,-1.4417845249189716,12,1,0,0,Normal,0.06958417078890378
-0.5644786802925077,0.1735971226199107,0,-0.408913599409285,6,3,2,2,Normal,0.1716229978042496
-0.5644786802925077,0.7670080219480067,0,-0.408913599409285,5,5,3,5,Normal,0.15260292199641412
-0.5644786802925077,-0.629252917647513,0,0.6239573261004014,3,5,1,0,Normal,0.11557217896398575
0.258736545451269,0.6273819279884545,0,0.6239573261004014,4,3,1,4,Normal,0.1288757574418155
-0.5644786802925077,-1.6066355753643766,0,-0.408913599409285,15,1,1,4,Normal,0.13562063678918135
-0.5644786802925077,-1.5368225283846009,0,0.6239573261004014,2,3,3,6,Normal,0.1098165996695844
2.316774609810712,1.604764585705318,1,-0.408913599409285,23,0,0,7,Suspicious,-0.06856327782698823
-0.5644786802925077,-0.2452811592587452,0,1.656828251610088,20,7,2,5,Normal,0.0872654957397927
-0.5644786802925077,0.1037840756401346,1,-0.408913599409285,1,4,0,7,Normal,0.016673976277955416
-0.5644786802925077,0.5924754044985666,0,0.6239573261004014,4,0,4,3,Normal,0.09790997997532602
-0.5644786802925077,-1.257570340465497,1,1.656828251610088,10,0,4,0,Suspicious,-0.025296189428788418
0.6703441583231574,-0.9783181525463928,0,0.6239573261004014,15,2,2,2,Normal,0.13571257143329168
0.6703441583231574,0.9764471628873344,0,-0.408913599409285,16,7,3,4,Normal,0.10213764750412169
-0.5644786802925077,-1.7113551458340408,0,-1.4417845249189716,18,5,4,0,Normal,0.03947414466955923
-0.5644786802925077,-1.0132246760362809,1,-0.408913599409285,5,1,4,4,Normal,0.03482205189194498
-0.5644786802925077,0.7670080219480067,0,0.6239573261004014,3,2,1,5,Normal,0.14366713762735256
-0.5644786802925077,1.4651384917457662,0,0.6239573261004014,17,0,2,5,Normal,0.11074211588416177
-0.1528710674206193,-1.1528507699958328,0,0.6239573261004014,19,1,4,7,Normal,0.0760291616883857
0.6703441583231574,-0.2452811592587452,0,-0.408913599409285,5,3,4,3,Normal,0.11851044071197658
1.9051669969388227,-0.943411629056505,0,-0.408913599409285,17,4,1,3,Normal,0.10451082406582413
-0.5644786802925077,-0.5943463941576251,1,0.6239573261004014,16,1,4,7,Normal,0.009436797332631475
0.6703441583231574,0.8717275924176705,0,0.6239573261004014,3,0,0,5,Normal,0.05943709729186275
-0.5644786802925077,-1.3273833874452727,0,-0.408913599409285,11,2,2,5,Normal,0.15286758637518755
-0.1528710674206193,0.6622884514783427,0,-0.408913599409285,7,1,0,3,Normal,0.10520508294736336
-0.5644786802925077,-0.5594398706677371,0,-0.408913599409285,11,5,2,6,Normal,0.16473312645549487
-0.5644786802925077,-0.0358420183194171,0,1.656828251610088,22,0,3,7,Normal,0.04623222767412172
-0.5644786802925077,0.1386905991300228,1,-1.4417845249189716,14,0,4,2,Normal,0.014169540591974061
2.7283822226826,0.4179427870491267,0,0.6239573261004014,13,2,4,3,Normal,0.05711824828949219
-0.5644786802925077,0.2783166930895746,0,1.656828251610088,17,0,1,3,Normal,0.09828943248407662
0.258736545451269,-0.3849072532182971,0,-0.408913599409285,20,7,3,7,Normal,0.0810580066125981
-0.5644786802925077,-0.2452811592587452,0,0.6239573261004014,16,7,4,2,Normal,0.11631771472188329
-0.5644786802925077,-1.257570340465497,0,-0.408913599409285,13,4,1,3,Normal,0.1505997567825933
-0.5644786802925077,1.5698580622154303,0,1.656828251610088,5,5,2,0,Normal,0.07334784618418189
-0.5644786802925077,0.4528493105390145,1,0.6239573261004014,6,2,4,4,Normal,0.041954245598940565
1.4935593840669343,0.6273819279884545,0,0.6239573261004014,7,4,0,5,Normal,0.07440562236518367
-0.5644786802925077,0.5226623575187906,0,0.6239573261004014,4,0,2,3,Normal,0.138123788479605
-0.5644786802925077,0.6971949749682306,0,0.6239573261004014,19,0,1,2,Normal,0.11901813801266703
2.316774609810712,-0.3500007297284091,0,-0.408913599409285,8,6,1,3,Normal,0.08669861720320204
-0.5644786802925077,1.7443906796648705,0,0.6239573261004014,5,5,1,3,Normal,0.11133644757287559
-0.5644786802925077,-0.0358420183194171,0,-0.408913599409285,3,0,3,3,Normal,0.1427888043788827
-0.5644786802925077,-1.083037723016057,0,-1.4417845249189716,14,5,2,0,Normal,0.0957700083696359
-0.5644786802925077,0.2783166930895746,0,-1.4417845249189716,20,1,2,5,Normal,0.12022881223453574
-0.5644786802925077,-0.3500007297284091,0,-0.408913599409285,10,7,2,2,Normal,0.14574731123775597
1.4935593840669343,0.9415406393974466,0,0.6239573261004014,5,6,1,3,Normal,0.08818906288914397
-0.5644786802925077,0.9764471628873344,1,-1.4417845249189716,20,0,3,2,Normal,0.0002096885841041951
-0.1528710674206193,-1.1877572934857208,0,-0.408913599409285,16,6,1,0,Normal,0.09380295885797008
-0.5644786802925077,0.5575688810086785,0,-0.408913599409285,13,1,4,4,Normal,0.14142690811674813
-0.5644786802925077,-0.1754681122789692,0,1.656828251610088,8,7,1,3,Normal,0.10796640895163845
-0.5644786802925077,0.2085036461097985,0,-1.4417845249189716,10,5,4,3,Normal,0.11853468299567899
-0.5644786802925077,0.4877558340289027,0,0.6239573261004014,1,7,1,4,Normal,0.12012395424707561
1.9051669969388227,1.639671109195206,0,-1.4417845249189716,22,5,1,2,Normal,0.021445237859673894
-0.5644786802925077,0.7670080219480067,0,-0.408913599409285,4,0,2,4,Normal,0.1478590800545741
1.9051669969388227,1.4302319682558782,0,0.6239573261004014,2,5,4,0,Normal,0.016769381408348716
-0.5644786802925077,-0.0009354948295292,1,-0.408913599409285,14,0,0,6,Normal,0.0355803879168991
-0.5644786802925077,-0.5594398706677371,0,-0.408913599409285,17,1,3,4,Normal,0.1571041817842283
0.6703441583231574,0.3830362635592385,1,-0.408913599409285,6,1,3,6,Normal,0.02994018339002269
1.081951771195046,1.1858863038266625,0,0.6239573261004014,12,0,0,7,Normal,0.03611400316546309
2.7283822226826,1.0462602098671103,0,-1.4417845249189716,7,2,0,7,Suspicious,-0.002824573439035083
1.081951771195046,1.5000450152356546,0,-0.408913599409285,3,6,2,5,Normal,0.08522391271201524
1.081951771195046,-0.3150942062385213,0,1.656828251610088,12,5,1,4,Normal,0.08685534014613883
-0.5644786802925077,0.2085036461097985,1,-0.408913599409285,11,4,4,3,Normal,0.05698375852050075
-0.5644786802925077,-0.0707485418093052,1,-0.408913599409285,11,3,4,4,Normal,0.06701027538972404
-0.5644786802925077,1.3255123977862149,0,0.6239573261004014,10,0,2,1,Normal,0.11762589433034693
1.4935593840669343,-0.0009354948295292,1,-1.4417845249189716,8,0,4,4,Suspicious,-0.02643888060561639
-0.5644786802925077,-0.8037855350969529,0,-1.4417845249189716,8,0,4,1,Normal,0.07896968472673804
1.4935593840669343,1.639671109195206,0,1.656828251610088,18,6,1,6,Normal,0.016539848404965585
-0.5644786802925077,-0.7339724881171771,0,0.6239573261004014,3,2,1,6,Normal,0.13642154705192028
-0.5644786802925077,-0.4547203001980731,0,-1.4417845249189716,16,7,4,7,Normal,0.07736396321602268
1.081951771195046,-1.048131199526169,0,-0.408913599409285,9,0,3,2,Normal,0.10816544854639937
2.316774609810712,-0.943411629056505,1,-0.408913599409285,12,6,3,1,Suspicious,-0.0063026271106361165
-0.5644786802925077,1.5349515387255426,0,-0.408913599409285,14,4,0,5,Normal,0.10942452437746797
-0.5644786802925077,-1.397196434425049,0,-0.408913599409285,8,6,0,4,Normal,0.11560994220687953
-0.1528710674206193,1.5349515387255426,0,-0.408913599409285,23,4,1,0,Normal,0.04507809833433585
1.4935593840669343,-0.8037855350969529,0,-0.408913599409285,10,6,3,7,Normal,0.08280493970986402
-0.5644786802925077,-0.0358420183194171,0,0.6239573261004014,2,1,3,1,Normal,0.13391980533934894
0.6703441583231574,0.4528493105390145,0,1.656828251610088,19,0,1,3,Normal,0.06345267848932912
2.7283822226826,0.2783166930895746,0,1.656828251610088,19,5,1,4,Normal,0.026196066135256713
-0.5644786802925077,-1.5368225283846009,0,-1.4417845249189716,7,6,2,5,Normal,0.10760988072363004
-0.5644786802925077,1.2906058742963262,0,-1.4417845249189716,8,7,1,0,Normal,0.06994820876651708
-0.5644786802925077,0.6971949749682306,0,0.6239573261004014,23,1,1,3,Normal,0.11498384287908447
-0.5644786802925077,1.5000450152356546,0,-1.4417845249189716,22,2,1,1,Normal,0.06809483522194193
1.081951771195046,-0.1754681122789692,0,-0.408913599409285,3,5,4,3,Normal,0.10061782980204492
-0.5644786802925077,-1.5717290518744889,0,1.656828251610088,0,7,2,6,Normal,0.03925280574925849
-0.5644786802925077,-0.8386920585868409,0,-1.4417845249189716,2,1,3,0,Normal,0.08239000834008836
-0.5644786802925077,-0.0009354948295292,1,0.6239573261004014,4,1,1,5,Normal,0.037679993554504354
-0.5644786802925077,0.6622884514783427,0,0.6239573261004014,2,0,0,0,Normal,0.06931076530855995
-0.5644786802925077,-1.292476863955385,0,0.6239573261004014,3,3,3,5,Normal,0.13272628931930036
-0.5644786802925077,-1.292476863955385,0,1.656828251610088,5,2,4,3,Normal,0.09515057012047812
-0.5644786802925077,1.6745776326850943,0,-0.408913599409285,15,3,1,6,Normal,0.12240335276486153
1.081951771195046,0.9066341159075584,0,-1.4417845249189716,23,2,3,0,Normal,0.02598620683326658
-0.5644786802925077,-1.292476863955385,0,1.656828251610088,9,2,4,0,Normal,0.07060762649926167
-0.5644786802925077,1.1858863038266625,0,-0.408913599409285,7,4,4,3,Normal,0.12812128875567924
-0.5644786802925077,1.2207928273165505,0,0.6239573261004014,14,7,0,0,Normal,0.07834942771734865
-0.5644786802925077,0.5924754044985666,0,-1.4417845249189716,3,6,2,1,Normal,0.11529370520294496
-0.5644786802925077,1.3255123977862149,0,-0.408913599409285,13,6,1,5,Normal,0.1428936239018111
-0.5644786802925077,0.4877558340289027,0,-0.408913599409285,10,5,1,2,Normal,0.1679249477893674
-0.5644786802925077,0.4528493105390145,0,-0.408913599409285,21,1,4,6,Normal,0.1142733322041335
-0.1528710674206193,-0.5943463941576251,0,-0.408913599409285,22,4,0,2,Normal,0.10062576531108702
-0.5644786802925077,0.8717275924176705,0,-1.4417845249189716,7,7,1,3,Normal,0.1128296311769334
-0.5644786802925077,-0.1754681122789692,1,-0.408913599409285,18,1,1,1,Normal,0.049592376498868274
-0.1528710674206193,-1.6066355753643766,0,0.6239573261004014,19,7,3,2,Normal,0.08243510779351781
-0.5644786802925077,0.2434101695996867,0,-0.408913599409285,11,1,0,6,Normal,0.13084043365621145
-0.5644786802925077,0.5924754044985666,0,0.6239573261004014,5,0,0,0,Normal,0.07631442271479338
-0.5644786802925077,1.4302319682558782,0,0.6239573261004014,16,1,3,2,Normal,0.12613744546528943
0.6703441583231574,0.9415406393974466,1,-0.408913599409285,15,7,2,3,Normal,0.019696846138117174
-0.5644786802925077,1.604764585705318,0,0.6239573261004014,18,5,4,4,Normal,0.09915456340309725
2.316774609810712,-1.292476863955385,0,1.656828251610088,22,2,4,3,Normal,0.008937918115577759
-0.5644786802925077,-1.467009481404825,0,-1.4417845249189716,11,2,1,4,Normal,0.1151124656794798
-0.5644786802925077,-0.1405615887890813,0,-1.4417845249189716,1,5,2,2,Normal,0.12032186260931643
0.6703441583231574,-0.664159441137401,1,0.6239573261004014,5,7,1,0,Suspicious,-0.007883996573691876
-0.5644786802925077,-1.467009481404825,0,0.6239573261004014,20,4,1,6,Normal,0.10534749401149757
-0.5644786802925077,-0.2801876827486331,0,-0.408913599409285,2,0,4,5,Normal,0.1095525343580242
0.6703441583231574,0.8717275924176705,0,-1.4417845249189716,4,1,0,2,Normal,0.05394179662445242
0.258736545451269,0.4528493105390145,0,-1.4417845249189716,0,5,2,7,Normal,0.08802905089374768
0.258736545451269,-0.0009354948295292,1,-0.408913599409285,7,5,4,7,Normal,0.019903111158547038
-0.5644786802925077,-0.9783181525463928,0,-0.408913599409285,16,2,4,7,Normal,0.10616216333995848
-0.5644786802925077,-1.5019160048947129,0,0.6239573261004014,11,6,1,5,Normal,0.12924517467987945
-0.1528710674206193,1.639671109195206,0,-0.408913599409285,19,3,4,7,Normal,0.06351738681434416
-0.5644786802925077,-1.4321029579149367,0,0.6239573261004014,23,6,4,7,Normal,0.04969806967578416
-0.5644786802925077,-0.7339724881171771,1,-0.408913599409285,6,0,0,4,Normal,0.030114498838062498
-0.5644786802925077,-1.397196434425049,0,-0.408913599409285,13,3,2,7,Normal,0.1212756184698916
-0.5644786802925077,1.0113536863772226,0,0.6239573261004014,3,1,1,0,Normal,0.10932553138336387
-0.5644786802925077,-0.943411629056505,0,0.6239573261004014,7,1,4,0,Normal,0.10048511437484342
-0.5644786802925077,0.7670080219480067,0,1.656828251610088,10,1,4,2,Normal,0.08786293755255581
-0.5644786802925077,-1.467009481404825,0,0.6239573261004014,22,3,2,7,Normal,0.08579441127928067
-0.5644786802925077,1.2207928273165505,0,-0.408913599409285,5,1,4,2,Normal,0.11932362484048792
2.7283822226826,-0.489626823687961,0,-1.4417845249189716,4,7,2,7,Normal,0.014742220470520762
1.4935593840669343,0.9066341159075584,0,-0.408913599409285,2,1,0,4,Normal,0.07223708023614939
-0.1528710674206193,-1.4321029579149367,0,0.6239573261004014,0,2,0,6,Normal,0.056208773772145504
-0.5644786802925077,1.1160732568468863,0,-0.408913599409285,13,5,0,7,Normal,0.10168318736532489
-0.5644786802925077,1.5000450152356546,1,-0.408913599409285,7,4,1,5,Normal,0.05332114733201876
-0.5644786802925077,1.7094841561749825,0,0.6239573261004014,7,1,1,6,Normal,0.09671697802594503
-0.5644786802925077,-1.5019160048947129,0,1.656828251610088,3,6,3,2,Normal,0.08478606315968995
-0.5644786802925077,-1.083037723016057,0,-0.408913599409285,22,0,1,3,Normal,0.12252811037465766
1.4935593840669343,-1.1528507699958328,1,-0.408913599409285,0,5,0,3,Suspicious,-0.011229627267188347
2.316774609810712,0.4528493105390145,0,-1.4417845249189716,14,4,0,7,Normal,0.02712815714485861
-0.5644786802925077,-0.2801876827486331,0,-0.408913599409285,7,2,0,7,Normal,0.11619602089325387
-0.5644786802925077,-0.3150942062385213,0,-0.408913599409285,17,6,3,1,Normal,0.14070237672294583
-0.5644786802925077,0.6273819279884545,0,0.6239573261004014,6,3,2,3,Normal,0.1610576506704688
0.6703441583231574,-0.2801876827486331,0,0.6239573261004014,5,2,3,2,Normal,0.12592244591598695
-0.5644786802925077,0.9415406393974466,0,-0.408913599409285,18,5,0,3,Normal,0.12187488310925015
-0.1528710674206193,0.7670080219480067,0,-1.4417845249189716,20,4,4,7,Normal,0.07247130052726292
-0.5644786802925077,0.0339710286603586,0,0.6239573261004014,19,5,1,5,Normal,0.13952311939361117
1.4935593840669343,-1.5019160048947129,0,-0.408913599409285,15,0,4,4,Normal,0.05408373994564286
1.9051669969388227,-1.292476863955385,0,0.6239573261004014,3,2,2,7,Normal,0.06296361811782591
-0.5644786802925077,0.5575688810086785,0,0.6239573261004014,18,4,1,2,Normal,0.15010423110063353
-0.5644786802925077,0.6971949749682306,0,-0.408913599409285,3,3,2,7,Normal,0.12979065074399504
-0.5644786802925077,0.3132232165794628,0,1.656828251610088,16,1,4,1,Normal,0.09863904475607621
-0.5644786802925077,0.3132232165794628,0,-0.408913599409285,15,1,2,7,Normal,0.13409906286527762
1.4935593840669343,-1.362289910935161,0,1.656828251610088,3,3,1,1,Normal,0.04931354749634531
-0.5644786802925077,-1.362289910935161,0,-0.408913599409285,5,3,2,2,Normal,0.14484361371885407
-0.5644786802925077,-1.048131199526169,0,-0.408913599409285,19,6,0,1,Normal,0.10504030798314523
2.7283822226826,0.7670080219480067,0,1.656828251610088,6,4,2,1,Normal,0.03946105353380325
-0.5644786802925077,-0.9783181525463928,0,-1.4417845249189716,14,7,3,2,Normal,0.10842882285501859
2.316774609810712,-0.524533347177849,0,1.656828251610088,7,2,4,3,Normal,0.03648742603922739
2.7283822226826,1.1858863038266625,0,0.6239573261004014,23,2,4,7,Normal,0.000285747897711075
1.4935593840669343,1.3953254447659904,0,1.656828251610088,5,2,0,5,Normal,0.030795895478373914
-0.5644786802925077,-1.467009481404825,0,0.6239573261004014,14,7,1,5,Normal,0.11614988444586866
-0.5644786802925077,-1.3273833874452727,0,0.6239573261004014,5,1,1,3,Normal,0.13551749191844464
1.9051669969388227,-0.0358420183194171,0,1.656828251610088,16,1,3,2,Normal,0.07357645675639757
1.4935593840669343,-0.4198137767081852,0,-1.4417845249189716,12,3,4,0,Normal,0.04359963144014678
-0.5644786802925077,-0.629252917647513,0,1.656828251610088,2,5,3,0,Normal,0.08307549228451128
-0.5644786802925077,0.7321014984581184,0,-0.408913599409285,2,5,0,0,Normal,0.08488080653994956
-0.5644786802925077,-0.8037855350969529,0,0.6239573261004014,15,6,1,4,Normal,0.15647140365606688
-0.5644786802925077,0.9415406393974466,0,0.6239573261004014,0,4,1,3,Normal,0.1204650729622494
-0.5644786802925077,0.5924754044985666,0,1.656828251610088,13,6,0,4,Normal,0.10422597029166925
-0.5644786802925077,0.8368210689277826,0,0.6239573261004014,6,0,0,7,Normal,0.07168936482037036
-0.5644786802925077,-0.873598582076729,1,1.656828251610088,9,2,1,6,Normal,0.021810639972180246
-0.5644786802925077,0.7670080219480067,1,-1.4417845249189716,16,4,3,5,Normal,0.05418135828180537
-0.5644786802925077,0.1386905991300228,0,0.6239573261004014,3,1,2,2,Normal,0.1520258951708155
-0.5644786802925077,-1.467009481404825,1,-0.408913599409285,10,0,1,3,Normal,0.03999840849369973
0.6703441583231574,0.2434101695996867,0,-0.408913599409285,6,3,0,4,Normal,0.10547459371779444
-0.5644786802925077,1.5698580622154303,0,1.656828251610088,17,4,3,0,Normal,0.0675986925121741
-0.5644786802925077,0.3132232165794628,1,-1.4417845249189716,23,5,2,4,Normal,0.024326043023761734
-0.5644786802925077,0.1037840756401346,0,1.656828251610088,18,7,4,5,Normal,0.08224239910200815
0.258736545451269,-0.7688790116070651,0,0.6239573261004014,18,3,0,5,Normal,0.09364676591547094
-0.5644786802925077,-0.6990659646272891,0,-1.4417845249189716,17,4,2,1,Normal,0.11397188679001602
-0.5644786802925077,-0.8386920585868409,0,0.6239573261004014,5,1,1,2,Normal,0.14007352736713036
-0.5644786802925077,1.7094841561749825,0,0.6239573261004014,18,7,4,4,Normal,0.07828965294949386
1.9051669969388227,-1.257570340465497,0,-0.408913599409285,14,6,2,5,Normal,0.08147577818619045
1.4935593840669343,-0.1754681122789692,0,0.6239573261004014,22,5,3,0,Normal,0.0626624319834157
1.081951771195046,-0.0707485418093052,0,-0.408913599409285,20,1,4,3,Normal,0.10027519545087415
0.258736545451269,0.8368210689277826,0,0.6239573261004014,22,0,3,7,Normal,0.0480901113265676
-0.5644786802925077,-0.873598582076729,0,-0.408913599409285,23,0,4,0,Normal,0.06381193707952837
-0.5644786802925077,1.7094841561749825,0,-1.4417845249189716,16,2,3,0,Normal,0.05812625279207684
-0.5644786802925077,-1.083037723016057,0,0.6239573261004014,5,2,0,2,Normal,0.1115104551422792
1.081951771195046,-1.3273833874452727,1,-0.408913599409285,3,7,2,3,Normal,0.0136813270039573
-0.5644786802925077,0.5575688810086785,0,0.6239573261004014,5,0,0,4,Normal,0.11013825012123807
-0.5644786802925077,0.4179427870491267,0,-0.408913599409285,2,2,4,2,Normal,0.1361003054780967
-0.5644786802925077,-0.2452811592587452,1,-0.408913599409285,21,5,2,1,Normal,0.03079007401553102
-0.5644786802925077,-0.7339724881171771,0,-0.408913599409285,14,7,4,2,Normal,0.12951343901382562
-0.5644786802925077,-1.3273833874452727,0,0.6239573261004014,16,0,4,4,Normal,0.09367272394297665
-0.5644786802925077,-0.7688790116070651,0,-1.4417845249189716,22,0,3,7,Normal,0.05966967495757314
-0.5644786802925077,-1.3273833874452727,0,-0.408913599409285,23,3,4,6,Normal,0.0852062969344125
-0.5644786802925077,-1.7113551458340408,1,-1.4417845249189716,18,6,2,4,Normal,0.016488427928359917
-0.5644786802925077,-1.222663816975609,0,0.6239573261004014,11,6,1,3,Normal,0.13921361251990355
-0.5644786802925077,-0.873598582076729,0,-0.408913599409285,10,6,2,4,Normal,0.16874629766799115
-0.5644786802925077,1.4302319682558782,0,-0.408913599409285,12,7,1,4,Normal,0.1279777830655332
-0.5644786802925077,0.8368210689277826,0,-0.408913599409285,13,1,4,2,Normal,0.1354186954908579
1.081951771195046,0.1037840756401346,1,0.6239573261004014,2,7,1,0,Suspicious,-0.013525848253585826
2.316774609810712,-1.7113551458340408,0,1.656828251610088,15,5,3,3,Normal,0.0361669708031358
-0.5644786802925077,-1.1877572934857208,0,-1.4417845249189716,12,4,4,6,Normal,0.09283433202064972
-0.5644786802925077,0.8717275924176705,0,-1.4417845249189716,15,4,4,4,Normal,0.10408731799093529
-0.5644786802925077,-0.7339724881171771,0,1.656828251610088,13,1,3,4,Normal,0.13150130868745202
-0.1528710674206193,-0.0009354948295292,0,1.656828251610088,20,7,0,3,Normal,0.05762924629219124
-0.1528710674206193,0.6622884514783427,0,-1.4417845249189716,5,1,1,0,Normal,0.07825653154169832
-0.5644786802925077,-0.7688790116070651,0,-0.408913599409285,9,3,3,1,Normal,0.16057702281560993
-0.5644786802925077,-1.6415420988542648,0,-1.4417845249189716,20,5,1,3,Normal,0.09317464000243347
-0.5644786802925077,-0.5594398706677371,0,-1.4417845249189716,6,2,3,0,Normal,0.10242966099586825
-0.5644786802925077,-0.524533347177849,1,-0.408913599409285,21,6,4,3,Normal,0.03334152274755253
2.316774609810712,-0.908505105566617,0,-1.4417845249189716,2,6,4,2,Suspicious,-0.0001139262086823356
-0.5644786802925077,-1.362289910935161,0,0.6239573261004014,22,0,0,1,Normal,0.0656902363227404
0.6703441583231574,-0.943411629056505,0,-0.408913599409285,21,3,0,4,Normal,0.09543868152363444
2.316774609810712,-0.524533347177849,0,0.6239573261004014,21,3,2,6,Normal,0.07351005557600909
-0.5644786802925077,0.6971949749682306,0,0.6239573261004014,1,6,3,7,Normal,0.09515432125750267
2.7283822226826,-0.5943463941576251,0,-0.408913599409285,13,6,3,3,Normal,0.07380572002628238
-0.5644786802925077,-0.489626823687961,0,1.656828251610088,23,4,2,6,Normal,0.08797901907113992
-0.5644786802925077,0.9066341159075584,0,0.6239573261004014,5,6,3,1,Normal,0.12588458263042002
-0.5644786802925077,-0.3500007297284091,0,-1.4417845249189716,23,6,2,5,Normal,0.10527589304394575
-0.5644786802925077,-0.5594398706677371,1,-0.408913599409285,23,0,2,6,Normal,0.02762554292659225
-0.5644786802925077,1.1858863038266625,0,0.6239573261004014,11,0,0,3,Normal,0.10186047886467853
2.7283822226826,0.5924754044985666,0,0.6239573261004014,21,7,3,7,Normal,0.006113755194671278
-0.5644786802925077,0.0688775521502468,1,-0.408913599409285,7,5,0,4,Normal,0.05050125963076735
-0.5644786802925077,1.1509797803367747,0,0.6239573261004014,17,4,2,2,Normal,0.14348415997376762
-0.5644786802925077,-1.048131199526169,0,0.6239573261004014,8,2,1,4,Normal,0.15594172313930937
2.316774609810712,0.6971949749682306,0,-0.408913599409285,17,4,4,3,Normal,0.07098126288719453
1.9051669969388227,-1.5368225283846009,0,-0.408913599409285,0,7,0,3,Normal,0.026536511651486627
-0.5644786802925077,0.7670080219480067,0,1.656828251610088,1,1,4,4,Normal,0.08405282034913408
-0.5644786802925077,0.0688775521502468,0,0.6239573261004014,21,1,2,0,Normal,0.10249914944463034
-0.5644786802925077,1.0811667333569983,1,0.6239573261004014,0,1,2,7,Normal,0.007309031483194173
-0.5644786802925077,0.7670080219480067,0,0.6239573261004014,1,0,0,3,Normal,0.08677988418016025
-0.5644786802925077,-0.943411629056505,0,1.656828251610088,11,7,3,5,Normal,0.09916485971421851
-0.1528710674206193,-0.629252917647513,0,0.6239573261004014,20,2,1,6,Normal,0.11836363887502321
-0.5644786802925077,-1.5019160048947129,0,-1.4417845249189716,21,4,4,4,Normal,0.06698064121202063
2.316774609810712,1.1858863038266625,0,-0.408913599409285,17,7,1,0,Normal,0.03125527599718836
2.7283822226826,0.4179427870491267,1,-1.4417845249189716,14,3,2,4,Suspicious,-0.009576463846748373
-0.5644786802925077,-0.8386920585868409,0,0.6239573261004014,9,0,1,3,Normal,0.13122785765937478
-0.5644786802925077,-0.0358420183194171,1,-1.4417845249189716,7,5,4,5,Normal,0.03538249795009407
-0.5644786802925077,0.1037840756401346,0,-1.4417845249189716,20,0,2,6,Normal,0.09367137650504842
-0.5644786802925077,0.7670080219480067,0,0.6239573261004014,11,5,1,0,Normal,0.12652710938594075
-0.5644786802925077,1.1509797803367747,1,0.6239573261004014,10,6,1,2,Normal,0.046974030153935864
-0.5644786802925077,0.9066341159075584,0,-0.408913599409285,20,3,1,0,Normal,0.11003051536099046
-0.5644786802925077,-1.5717290518744889,0,-0.408913599409285,12,0,0,2,Normal,0.09040022606829079
-0.1528710674206193,1.5349515387255426,0,-0.408913599409285,0,6,1,6,Normal,0.07058811124452269
-0.1528710674206193,-0.3849072532182971,0,-1.4417845249189716,14,3,4,0,Normal,0.06679482910860945
-0.5644786802925077,-0.1056550652991931,0,-0.408913599409285,3,6,0,7,Normal,0.10132988048263392
-0.5644786802925077,-0.3500007297284091,0,1.656828251610088,11,4,3,7,Normal,0.09923615240851247
-0.5644786802925077,-1.6415420988542648,0,-0.408913599409285,15,7,0,6,Normal,0.06752109239212434
-0.5644786802925077,-0.7688790116070651,1,-1.4417845249189716,4,5,0,5,Normal,0.021075681183759576
-0.5644786802925077,0.2434101695996867,0,-0.408913599409285,20,0,3,6,Normal,0.1260807400722606
-0.5644786802925077,-0.7688790116070651,0,-1.4417845249189716,18,6,3,0,Normal,0.08384171493670489
0.6703441583231574,1.0113536863772226,0,0.6239573261004014,3,3,4,3,Normal,0.08336119278249776
0.6703441583231574,1.2556993508064382,0,0.6239573261004014,16,3,0,6,Normal,0.07679505350433435
2.7283822226826,1.2556993508064382,1,-1.4417845249189716,5,1,1,1,Suspicious,-0.036776353427893316
1.4935593840669343,0.9415406393974466,0,-0.408913599409285,7,1,2,5,Normal,0.0983549320316186
0.258736545451269,-1.292476863955385,0,1.656828251610088,23,5,2,2,Normal,0.06226630878019923
-0.5644786802925077,0.7321014984581184,1,0.6239573261004014,20,7,2,1,Normal,0.022071392077252172
-0.5644786802925077,-0.7688790116070651,0,1.656828251610088,9,6,0,3,Normal,0.09228998414568801
-0.5644786802925077,1.2556993508064382,0,1.656828251610088,3,6,0,6,Normal,0.07038857461639547
-0.5644786802925077,0.6622884514783427,0,1.656828251610088,9,5,3,3,Normal,0.12880243862993557
-0.5644786802925077,1.4302319682558782,0,-1.4417845249189716,9,1,3,0,Normal,0.0853815737264404
-0.5644786802925077,-1.222663816975609,0,-0.408913599409285,21,3,3,6,Normal,0.12908456431938442
-0.5644786802925077,1.1160732568468863,0,0.6239573261004014,10,0,2,5,Normal,0.131194418017668
-0.5644786802925077,1.0462602098671103,0,0.6239573261004014,11,7,3,7,Normal,0.09102397838148513
-0.5644786802925077,1.3604189212761024,0,0.6239573261004014,20,2,1,3,Normal,0.13227694879604096
-0.5644786802925077,1.0113536863772226,0,0.6239573261004014,20,1,0,2,Normal,0.10357450349002872
-0.5644786802925077,-0.524533347177849,0,-0.408913599409285,18,0,1,0,Normal,0.11744313025604802
-0.5644786802925077,-0.0009354948295292,0,-0.408913599409285,2,6,4,1,Normal,0.11266507223484784
1.9051669969388227,1.2556993508064382,0,-1.4417845249189716,18,4,3,1,Normal,0.04903728002981955
-0.5644786802925077,-1.7113551458340408,0,-0.408913599409285,23,1,1,3,Normal,0.10309691993113712
-0.5644786802925077,1.639671109195206,0,-0.408913599409285,14,5,3,1,Normal,0.11849900215688874
-0.5644786802925077,-1.3273833874452727,1,-0.408913599409285,21,0,2,5,Normal,0.029290065731601533
-0.5644786802925077,0.2783166930895746,0,1.656828251610088,23,6,1,5,Normal,0.08324404043580746
2.7283822226826,1.639671109195206,0,0.6239573261004014,6,2,1,1,Normal,0.034302034308321794
-0.5644786802925077,-0.2452811592587452,0,1.656828251610088,23,4,3,0,Normal,0.0640608275698259
-0.5644786802925077,1.7094841561749825,0,-0.408913599409285,1,3,3,7,Normal,0.07092795316467027
-0.5644786802925077,-1.222663816975609,0,-0.408913599409285,11,7,0,0,Normal,0.07232886533223926
1.9051669969388227,-1.083037723016057,0,0.6239573261004014,15,7,2,2,Normal,0.07901123759198769
-0.5644786802925077,-1.222663816975609,0,-1.4417845249189716,11,7,1,6,Normal,0.09500262178821739
-0.5644786802925077,1.2207928273165505,1,-1.4417845249189716,13,4,3,6,Normal,0.0444084687015156
-0.5644786802925077,1.0462602098671103,0,0.6239573261004014,19,2,0,1,Normal,0.10983039717143278
-0.5644786802925077,-0.5594398706677371,0,-0.408913599409285,20,1,1,2,Normal,0.14148950419918987
1.4935593840669343,0.2783166930895746,0,0.6239573261004014,7,5,0,2,Normal,0.08641138763290679
-0.5644786802925077,1.2556993508064382,0,-1.4417845249189716,16,4,3,4,Normal,0.12497945240544461
-0.5644786802925077,0.8717275924176705,0,0.6239573261004014,4,0,0,5,Normal,0.10076126833827104
-0.5644786802925077,-0.0009354948295292,1,-1.4417845249189716,11,0,3,2,Normal,0.024946127128173012
0.258736545451269,0.3830362635592385,0,0.6239573261004014,1,2,0,2,Normal,0.08228635319698174
-0.5644786802925077,-0.7688790116070651,0,-0.408913599409285,18,4,0,4,Normal,0.13370411507375118
-0.5644786802925077,0.6622884514783427,0,0.6239573261004014,11,7,2,4,Normal,0.14655599357647697
-0.5644786802925077,0.0688775521502468,0,0.6239573261004014,3,5,0,7,Normal,0.09063338825889677
-0.5644786802925077,0.9415406393974466,0,1.656828251610088,7,7,1,6,Normal,0.08170039128128126
1.081951771195046,-0.1405615887890813,0,-0.408913599409285,21,5,3,2,Normal,0.11417144880622082
-0.5644786802925077,-0.2801876827486331,0,-0.408913599409285,11,4,1,6,Normal,0.16283817637087955
-0.5644786802925077,1.2556993508064382,0,-0.408913599409285,7,3,0,3,Normal,0.12972253251377136
2.7283822226826,1.7094841561749825,0,0.6239573261004014,13,4,4,4,Normal,0.013098697315356178
-0.5644786802925077,-0.8386920585868409,0,0.6239573261004014,5,4,2,0,Normal,0.12748823566583406
0.258736545451269,1.5000450152356546,0,-1.4417845249189716,15,6,2,5,Normal,0.094082028549763
-0.5644786802925077,1.4302319682558782,0,0.6239573261004014,3,0,3,6,Normal,0.1023721707928773
-0.5644786802925077,-0.4547203001980731,0,0.6239573261004014,6,3,4,3,Normal,0.1346329636762369
-0.5644786802925077,0.5575688810086785,0,0.6239573261004014,1,0,1,4,Normal,0.11871386493552771
0.6703441583231574,-0.664159441137401,0,-0.408913599409285,0,0,1,1,Normal,0.07109373727117108
1.081951771195046,1.5698580622154303,0,0.6239573261004014,8,2,4,7,Normal,0.04104897867069657
2.7283822226826,0.1386905991300228,0,1.656828251610088,22,4,1,0,Suspicious,-0.0021117697587216266
-0.5644786802925077,1.3604189212761024,0,-1.4417845249189716,0,3,2,1,Normal,0.08120807017750675
-0.5644786802925077,1.0811667333569983,0,-0.408913599409285,13,7,4,4,Normal,0.11207120867869885
-0.1528710674206193,-1.6415420988542648,0,0.6239573261004014,9,7,1,5,Normal,0.0908552525023808
-0.5644786802925077,-1.222663816975609,1,0.6239573261004014,17,4,2,6,Normal,0.04255485254816771
-0.5644786802925077,0.2434101695996867,0,-0.408913599409285,5,3,3,4,Normal,0.15995086435818173
-0.5644786802925077,1.5349515387255426,0,-1.4417845249189716,4,2,1,2,Normal,0.09569558140350776
-0.5644786802925077,-0.210374635768857,0,1.656828251610088,1,3,2,4,Normal,0.11997532651670889
-0.5644786802925077,-1.7113551458340408,0,0.6239573261004014,3,7,3,0,Normal,0.05135972451006754
-0.5644786802925077,0.4877558340289027,0,-0.408913599409285,1,1,0,2,Normal,0.10551542796080338
2.316774609810712,1.0462602098671103,0,-0.408913599409285,0,1,3,4,Normal,0.05116771717169655
0.6703441583231574,0.7670080219480067,0,-1.4417845249189716,11,0,2,4,Normal,0.07522971955202107
-0.5644786802925077,0.5575688810086785,0,1.656828251610088,13,0,1,1,Normal,0.08997131023758542
-0.5644786802925077,-0.1056550652991931,0,-0.408913599409285,23,0,2,6,Normal,0.1122328563818682
-0.5644786802925077,-0.0009354948295292,0,-0.408913599409285,16,6,3,0,Normal,0.12336973848856886
-0.5644786802925077,-1.362289910935161,0,0.6239573261004014,22,5,3,3,Normal,0.10853035195542454
-0.5644786802925077,-0.5943463941576251,0,-1.4417845249189716,12,3,0,5,Normal,0.11089012890623295
-0.1528710674206193,-1.083037723016057,0,-1.4417845249189716,18,0,1,3,Normal,0.08267702993498605
-0.5644786802925077,-0.3150942062385213,0,-0.408913599409285,23,6,0,3,Normal,0.10057183906928258
-0.5644786802925077,0.8368210689277826,0,-0.408913599409285,1,4,2,7,Normal,0.11354993573756289
-0.5644786802925077,-0.629252917647513,0,-1.4417845249189716,18,4,0,2,Normal,0.10516081818470618
-0.5644786802925077,-1.1528507699958328,0,1.656828251610088,22,1,0,6,Normal,0.04631718869662704
-0.5644786802925077,0.2783166930895746,0,-0.408913599409285,17,1,1,7,Normal,0.1231027741824463
0.6703441583231574,-0.4547203001980731,1,-1.4417845249189716,20,1,2,3,Normal,0.005487757734172205
0.258736545451269,-0.1405615887890813,0,-0.408913599409285,12,6,4,2,Normal,0.12124340666788325
-0.5644786802925077,0.4528493105390145,0,-1.4417845249189716,16,1,0,2,Normal,0.08941643235522823
-0.5644786802925077,0.3830362635592385,0,0.6239573261004014,3,6,4,4,Normal,0.11508539782188926
1.9051669969388227,-1.117944246505945,1,0.6239573261004014,0,3,2,7,Suspicious,-0.007072410319769018
-0.1528710674206193,-0.524533347177849,0,-1.4417845249189716,9,3,3,6,Normal,0.11714027122058596
-0.5644786802925077,0.4877558340289027,0,-0.408913599409285,9,6,3,1,Normal,0.1522705682367999
2.7283822226826,-1.1528507699958328,0,0.6239573261004014,9,2,3,3,Normal,0.07792014516909285
-0.5644786802925077,-1.7113551458340408,1,0.6239573261004014,12,4,3,7,Normal,0.023684515957874908
-0.5644786802925077,-0.664159441137401,0,0.6239573261004014,17,2,1,3,Normal,0.1523859883159846
-0.5644786802925077,-1.5019160048947129,0,0.6239573261004014,10,7,0,0,Normal,0.06469609852075076
0.6703441583231574,-1.3273833874452727,0,-0.408913599409285,10,2,4,3,Normal,0.10060644955668396
-0.5644786802925077,0.9764471628873344,1,0.6239573261004014,21,3,2,1,Normal,0.03122222393370755
-0.5644786802925077,-0.7688790116070651,0,0.6239573261004014,7,7,1,5,Normal,0.13657244967092724
-0.5644786802925077,-0.5943463941576251,1,-1.4417845249189716,20,4,1,1,Normal,0.018386727509037915
-0.5644786802925077,1.0811667333569983,0,0.6239573261004014,13,6,3,4,Normal,0.142324840161132
-0.5644786802925077,1.0113536863772226,1,0.6239573261004014,4,1,4,1,Normal,0.016891695381356375
-0.5644786802925077,1.7094841561749825,0,-0.408913599409285,4,6,1,4,Normal,0.11462806289509508
0.6703441583231574,0.0688775521502468,0,0.6239573261004014,2,6,2,7,Normal,0.09318053402467541
0.258736545451269,0.1386905991300228,0,-0.408913599409285,23,4,3,6,Normal,0.1040885941448837
-0.5644786802925077,1.639671109195206,1,0.6239573261004014,14,7,1,6,Normal,0.0202747738342971
-0.5644786802925077,1.2207928273165505,0,1.656828251610088,2,0,3,4,Normal,0.09139996776389747
-0.5644786802925077,-0.4547203001980731,0,-1.4417845249189716,14,7,3,2,Normal,0.11457267987989378
-0.5644786802925077,0.5924754044985666,0,0.6239573261004014,3,7,1,7,Normal,0.08333797014896116
0.258736545451269,-1.4321029579149367,0,0.6239573261004014,3,6,0,5,Normal,0.07034761086852881
-0.5644786802925077,-0.1056550652991931,0,-1.4417845249189716,8,3,2,2,Normal,0.13795704474513049
-0.5644786802925077,-1.1877572934857208,0,-0.408913599409285,7,1,2,2,Normal,0.1542171635947469
-0.5644786802925077,1.2906058742963262,0,0.6239573261004014,15,2,2,7,Normal,0.11459449828610702
1.081951771195046,-1.222663816975609,0,-0.408913599409285,6,5,0,3,Normal,0.07196177020766215
-0.5644786802925077,-1.467009481404825,0,0.6239573261004014,8,7,4,2,Normal,0.08887300097796957
-0.5644786802925077,0.1735971226199107,0,0.6239573261004014,8,7,4,6,Normal,0.09977966156982243
-0.5644786802925077,-0.3150942062385213,0,-0.408913599409285,9,4,0,3,Normal,0.14276982654404446
-0.5644786802925077,0.3481297400693506,0,-0.408913599409285,18,2,1,2,Normal,0.15931877216900325
-0.5644786802925077,0.2085036461097985,0,0.6239573261004014,1,1,2,2,Normal,0.139229639531058
1.9051669969388227,-0.9783181525463928,0,1.656828251610088,17,2,2,3,Normal,0.07258007753771045
0.258736545451269,1.5000450152356546,1,0.6239573261004014,6,2,3,1,Normal,0.020778018097382445
-0.5644786802925077,-1.397196434425049,0,-0.408913599409285,12,4,4,7,Normal,0.09578929014409576
-0.5644786802925077,-0.7688790116070651,0,1.656828251610088,15,2,2,2,Normal,0.1332427419312308
-0.5644786802925077,-0.873598582076729,0,0.6239573261004014,20,4,4,0,Normal,0.0843616512171178
1.9051669969388227,1.5000450152356546,0,-0.408913599409285,3,7,0,3,Normal,0.024804893329476774
-0.5644786802925077,-0.2801876827486331,0,-1.4417845249189716,4,6,3,3,Normal,0.1302099274797895
-0.5644786802925077,-0.3500007297284091,0,-0.408913599409285,17,2,0,1,Normal,0.1346022434715911
-0.5644786802925077,1.4651384917457662,0,0.6239573261004014,8,4,4,0,Normal,0.08716248215476385
-0.5644786802925077,-1.3273833874452727,0,-0.408913599409285,12,6,4,0,Normal,0.09376222283331115
-0.5644786802925077,-1.048131199526169,0,-0.408913599409285,21,1,3,1,Normal,0.12752807001184058
2.316774609810712,-1.362289910935161,0,-0.408913599409285,6,3,0,6,Normal,0.033183042747913505
-0.1528710674206193,-0.5943463941576251,0,-1.4417845249189716,7,0,3,6,Normal,0.08466055912157944
-0.5644786802925077,-1.0132246760362809,1,-0.408913599409285,20,0,2,4,Normal,0.04484632972451086
-0.5644786802925077,-0.210374635768857,0,1.656828251610088,4,2,1,2,Normal,0.11318884815659302
-0.5644786802925077,-0.0358420183194171,0,-1.4417845249189716,10,5,4,7,Normal,0.09216408334373127
-0.5644786802925077,0.2434101695996867,0,0.6239573261004014,21,1,1,2,Normal,0.12509288613782787
-0.5644786802925077,-0.908505105566617,0,-0.408913599409285,21,6,1,5,Normal,0.13289521931938908
-0.1528710674206193,-1.292476863955385,0,0.6239573261004014,20,2,0,4,Normal,0.08376484704097187
-0.5644786802925077,0.9415406393974466,0,0.6239573261004014,11,2,2,0,Normal,0.12884649378320306
-0.5644786802925077,-0.4547203001980731,0,0.6239573261004014,7,2,1,0,Normal,0.1283329515937916
-0.5644786802925077,0.8717275924176705,0,-1.4417845249189716,5,0,2,1,Normal,0.10263084521772936
0.258736545451269,0.8368210689277826,1,0.6239573261004014,11,0,1,6,Normal,0.02040664380778201
-0.5644786802925077,1.2207928273165505,0,-0.408913599409285,19,6,3,6,Normal,0.12707263562135018
0.258736545451269,1.7094841561749825,1,1.656828251610088,22,5,3,4,Suspicious,-0.01534237612160938
-0.5644786802925077,-1.257570340465497,0,0.6239573261004014,11,7,0,3,Normal,0.09689332056114808
-0.5644786802925077,0.2085036461097985,0,-0.408913599409285,17,4,2,1,Normal,0.1471898695785856
-0.5644786802925077,-0.629252917647513,0,0.6239573261004014,14,1,2,3,Normal,0.1598164472395689
1.4935593840669343,0.4528493105390145,0,-1.4417845249189716,9,4,4,7,Normal,0.050726966527132045
-0.5644786802925077,-1.0132246760362809,0,-0.408913599409285,18,3,3,0,Normal,0.12444109266612297
1.9051669969388227,-1.5368225283846009,0,1.656828251610088,13,7,3,0,Normal,0.006180909167698978
-0.5644786802925077,1.1509797803367747,0,-0.408913599409285,8,0,4,5,Normal,0.10877223503288985
0.258736545451269,1.639671109195206,0,0.6239573261004014,23,0,2,0,Normal,0.029755060453557913
-0.5644786802925077,0.7670080219480067,0,0.6239573261004014,15,5,0,2,Normal,0.1275634699957523
-0.5644786802925077,-1.117944246505945,0,-1.4417845249189716,16,2,1,0,Normal,0.0922889577689402
1.9051669969388227,0.9066341159075584,0,0.6239573261004014,6,2,0,0,Normal,0.057835961666786284
-0.5644786802925077,-0.1405615887890813,0,0.6239573261004014,22,5,0,5,Normal,0.10520504638750683
-0.5644786802925077,-0.3500007297284091,0,-1.4417845249189716,17,4,3,4,Normal,0.13760825797343434
1.9051669969388227,-0.2801876827486331,0,-1.4417845249189716,10,4,3,7,Normal,0.062280044273318125
-0.5644786802925077,-1.5717290518744889,1,-0.408913599409285,21,5,1,5,Normal,0.03120356971936178
-0.5644786802925077,0.4528493105390145,1,0.6239573261004014,3,1,4,0,Suspicious,-0.0022564627520124114
-0.5644786802925077,0.6971949749682306,0,1.656828251610088,13,5,1,5,Normal,0.13088841069702994
-0.5644786802925077,-1.6066355753643766,0,0.6239573261004014,11,2,2,1,Normal,0.14093449898615745
-0.5644786802925077,-0.873598582076729,0,-0.408913599409285,12,3,2,1,Normal,0.16961282859286336
-0.5644786802925077,-0.943411629056505,1,0.6239573261004014,7,2,3,7,Normal,0.04212757272014089
-0.5644786802925077,-0.1754681122789692,0,-0.408913599409285,11,3,3,6,Normal,0.16338595571302678
1.4935593840669343,-0.873598582076729,0,0.6239573261004014,16,2,2,2,Normal,0.11987422038268203
0.258736545451269,0.4877558340289027,0,0.6239573261004014,18,4,3,5,Normal,0.12040437654515046
-0.5644786802925077,1.4302319682558782,0,-1.4417845249189716,13,7,4,4,Normal,0.07595936119792868
-0.5644786802925077,-0.489626823687961,0,-0.408913599409285,22,2,3,3,Normal,0.14092347458998572
-0.5644786802925077,1.5698580622154303,0,-1.4417845249189716,13,0,2,0,Normal,0.07049865049896231
-0.5644786802925077,-1.1528507699958328,0,0.6239573261004014,12,1,1,4,Normal,0.14711615951973567
-0.5644786802925077,0.7321014984581184,0,-0.408913599409285,20,2,1,1,Normal,0.13215220562912283
-0.5644786802925077,0.0688775521502468,0,-0.408913599409285,9,7,3,4,Normal,0.1520780968216639
-0.5644786802925077,1.3953254447659904,0,-0.408913599409285,6,1,0,7,Normal,0.0867581258039517
-0.5644786802925077,0.3481297400693506,0,-1.4417845249189716,20,3,1,2,Normal,0.11363270810371395
-0.5644786802925077,0.4528493105390145,0,-1.4417845249189716,12,7,0,3,Normal,0.09756855083447147
-0.5644786802925077,-0.2452811592587452,0,-0.408913599409285,11,2,0,0,Normal,0.12585219091435568
-0.5644786802925077,-0.908505105566617,0,-0.408913599409285,17,2,3,7,Normal,0.1171991318595954
2.316774609810712,0.1735971226199107,0,0.6239573261004014,9,0,3,1,Normal,0.07371650675062502
-0.5644786802925077,1.2556993508064382,1,-1.4417845249189716,1,2,0,6,Normal,0.003943317460486706
1.4935593840669343,-1.7462616693239288,0,-1.4417845249189716,22,5,0,3,Normal,0.009787023339649759
-0.5644786802925077,1.639671109195206,0,1.656828251610088,13,7,0,3,Normal,0.06833672178396644
-0.5644786802925077,-1.1528507699958328,0,0.6239573261004014,1,1,3,3,Normal,0.12454067992224621
-0.5644786802925077,0.9066341159075584,1,-0.408913599409285,14,2,4,0,Normal,0.02774820230215369
2.7283822226826,-1.5368225283846009,1,1.656828251610088,18,5,4,0,Suspicious,-0.06836196799671601
-0.5644786802925077,0.2085036461097985,0,0.6239573261004014,4,6,1,4,Normal,0.14932284393259931
0.6703441583231574,0.3132232165794628,0,-0.408913599409285,21,2,4,4,Normal,0.10244205296240139
-0.5644786802925077,1.2207928273165505,0,0.6239573261004014,8,6,1,6,Normal,0.12600378305253246
2.7283822226826,0.3830362635592385,0,-0.408913599409285,5,1,4,7,Normal,0.020143733484458748
-0.5644786802925077,-1.4321029579149367,0,1.656828251610088,13,0,3,1,Normal,0.08491376304317122
1.9051669969388227,0.4179427870491267,0,-0.408913599409285,2,3,3,4,Normal,0.0978757383768134
-0.5644786802925077,0.1386905991300228,0,-0.408913599409285,8,2,4,5,Normal,0.14425632678097977
-0.5644786802925077,-1.6415420988542648,1,0.6239573261004014,2,3,3,2,Normal,0.028062747883704664
2.7283822226826,1.0811667333569983,1,0.6239573261004014,3,7,3,2,Suspicious,-0.03803821456793244
-0.5644786802925077,1.5000450152356546,0,0.6239573261004014,18,2,4,3,Normal,0.10430085560094038
-0.5644786802925077,0.5226623575187906,1,-0.408913599409285,16,3,0,2,Normal,0.05227358891583456
-0.5644786802925077,0.6622884514783427,0,-0.408913599409285,20,5,3,3,Normal,0.1463103799621403
-0.1528710674206193,-0.664159441137401,0,0.6239573261004014,12,1,4,3,Normal,0.11807830058528745
-0.5644786802925077,1.0113536863772226,0,-1.4417845249189716,6,0,2,0,Normal,0.0946596592069292
-0.5644786802925077,0.8717275924176705,0,-1.4417845249189716,21,6,1,1,Normal,0.09388610640724238
-0.5644786802925077,-0.3150942062385213,0,-0.408913599409285,23,7,4,7,Normal,0.0653091615826712
0.258736545451269,0.1386905991300228,1,-1.4417845249189716,9,1,1,4,Normal,0.030304662225657863
0.6703441583231574,-0.629252917647513,0,1.656828251610088,22,1,1,4,Normal,0.0718561193226257
-0.5644786802925077,-1.5717290518744889,0,-0.408913599409285,22,1,1,1,Normal,0.11018023640249375
-0.5644786802925077,0.0688775521502468,0,1.656828251610088,11,2,2,6,Normal,0.1242265694099079
0.258736545451269,0.7321014984581184,1,-1.4417845249189716,1,6,1,1,Normal,0.004527499443100047
-0.5644786802925077,1.4651384917457662,0,-1.4417845249189716,6,6,3,6,Normal,0.10277104801427184
-0.5644786802925077,1.3604189212761024,0,0.6239573261004014,19,0,0,1,Normal,0.08319412830665629
-0.5644786802925077,0.1037840756401346,0,-0.408913599409285,9,0,4,1,Normal,0.1187412745557036
-0.5644786802925077,0.8368210689277826,0,-1.4417845249189716,11,3,3,6,Normal,0.12505761643567648
2.7283822226826,1.5349515387255426,0,1.656828251610088,22,5,0,0,Suspicious,-0.02830891113879197
-0.5644786802925077,-1.6415420988542648,0,-0.408913599409285,18,4,2,5,Normal,0.11772453853733944
2.316774609810712,-0.3849072532182971,0,0.6239573261004014,10,7,0,2,Normal,0.06191357626704019
-0.5644786802925077,-1.117944246505945,0,1.656828251610088,0,2,2,0,Normal,0.07321399522891436
-0.5644786802925077,0.7321014984581184,1,-0.408913599409285,22,3,2,6,Normal,0.05098228261226989
-0.5644786802925077,-0.1056550652991931,0,0.6239573261004014,22,0,3,6,Normal,0.11053196216857486
0.258736545451269,-0.0707485418093052,0,-0.408913599409285,16,6,2,6,Normal,0.1264050862333166
-0.5644786802925077,-1.4321029579149367,0,-0.408913599409285,22,5,1,5,Normal,0.11036362937660471
2.316774609810712,1.5349515387255426,0,-0.408913599409285,17,0,1,0,Normal,0.020586712665299656
-0.5644786802925077,-0.1754681122789692,0,-0.408913599409285,14,0,3,3,Normal,0.14929112247870685
-0.5644786802925077,-0.1056550652991931,0,-0.408913599409285,22,5,4,7,Normal,0.09756458128501722
-0.5644786802925077,0.3830362635592385,0,1.656828251610088,3,7,0,4,Normal,0.07591962145606734
-0.5644786802925077,1.4651384917457662,0,1.656828251610088,19,2,1,2,Normal,0.10270558037551303
-0.5644786802925077,-0.1056550652991931,0,-0.408913599409285,23,7,4,3,Normal,0.09690082809838141
-0.5644786802925077,-1.467009481404825,0,-0.408913599409285,2,6,4,4,Normal,0.0955885925851967
-0.5644786802925077,-1.6066355753643766,0,-0.408913599409285,5,0,1,2,Normal,0.11487908679978659
-0.5644786802925077,0.7321014984581184,1,-0.408913599409285,3,7,4,0,Normal,0.008399151290443996
1.081951771195046,0.2085036461097985,0,0.6239573261004014,13,0,0,3,Normal,0.07426030770621705
-0.5644786802925077,-0.3500007297284091,0,-0.408913599409285,11,7,0,3,Normal,0.11954957914411118
-0.5644786802925077,-1.362289910935161,0,-1.4417845249189716,11,3,0,7,Normal,0.061782525276221856
-0.5644786802925077,-0.3849072532182971,0,-0.408913599409285,1,3,1,2,Normal,0.14202422753931432
-0.5644786802925077,-0.3849072532182971,1,-0.408913599409285,1,7,4,6,Normal,0.014368043188310864
-0.5644786802925077,1.4302319682558782,0,1.656828251610088,17,7,1,5,Normal,0.09315571210601636
-0.5644786802925077,-0.0358420183194171,0,1.656828251610088,5,7,2,3,Normal,0.109448483763389
1.9051669969388227,-0.2452811592587452,0,1.656828251610088,3,6,4,1,Normal,0.02188690860099507
1.081951771195046,-0.0707485418093052,0,1.656828251610088,20,7,2,5,Normal,0.059279660069747164
-0.5644786802925077,-0.629252917647513,0,0.6239573261004014,7,4,1,0,Normal,0.12969496428268523
-0.5644786802925077,0.5226623575187906,0,-0.408913599409285,4,0,3,2,Normal,0.14213034984310008
-0.5644786802925077,-1.048131199526169,1,-0.408913599409285,20,6,4,6,Normal,0.024584531208006855
-0.5644786802925077,0.8368210689277826,0,0.6239573261004014,18,7,3,5,Normal,0.12078311795638691
-0.5644786802925077,1.639671109195206,0,-1.4417845249189716,2,1,4,7,Normal,0.03694144762984597
-0.1528710674206193,-1.292476863955385,0,0.6239573261004014,11,2,3,5,Normal,0.1280647690241366
-0.5644786802925077,0.6622884514783427,0,0.6239573261004014,9,2,2,1,Normal,0.14839676531144314
-0.5644786802925077,0.9764471628873344,1,0.6239573261004014,18,4,0,3,Normal,0.02983074286697751
1.9051669969388227,1.1858863038266625,0,1.656828251610088,9,3,0,7,Normal,0.021722449786990672
-0.5644786802925077,0.2085036461097985,0,-0.408913599409285,12,1,4,1,Normal,0.1330533242682066
-0.5644786802925077,-1.7113551458340408,0,-1.4417845249189716,11,4,3,5,Normal,0.09586305832920317
-0.5644786802925077,0.5226623575187906,1,-0.408913599409285,15,7,4,1,Normal,0.030027611507748242
-0.5644786802925077,-1.1877572934857208,0,-0.408913599409285,6,1,1,7,Normal,0.11897932915122172
-0.5644786802925077,-1.7113551458340408,0,-0.408913599409285,6,7,4,5,Normal,0.06884112796881281
-0.5644786802925077,0.3132232165794628,0,-0.408913599409285,1,2,2,4,Normal,0.1520509879166732
0.258736545451269,1.5698580622154303,0,-1.4417845249189716,10,1,4,4,Normal,0.048601673593134165
1.9051669969388227,-0.5943463941576251,0,-0.408913599409285,18,5,1,2,Normal,0.10327140501566945
-0.5644786802925077,-0.1754681122789692,0,-0.408913599409285,19,4,3,6,Normal,0.1487508301291705
-0.5644786802925077,-0.943411629056505,1,-0.408913599409285,14,7,4,0,Normal,0.014088743607865495
1.081951771195046,0.3132232165794628,0,-1.4417845249189716,22,5,3,5,Normal,0.07138437762059124
-0.5644786802925077,0.9764471628873344,0,-1.4417845249189716,9,7,4,2,Normal,0.08072594584453063
-0.5644786802925077,-0.489626823687961,0,-0.408913599409285,21,6,3,1,Normal,0.12289669246249191
-0.1528710674206193,1.3953254447659904,0,1.656828251610088,0,1,0,7,Normal,0.021322546764023564
0.258736545451269,1.604764585705318,0,-0.408913599409285,12,6,4,3,Normal,0.08049217463094327
-0.5644786802925077,-0.0707485418093052,0,-0.408913599409285,7,7,4,1,Normal,0.11080289623170464
-0.5644786802925077,-0.6990659646272891,0,0.6239573261004014,0,6,2,0,Normal,0.09860945171289959
-0.5644786802925077,0.5226623575187906,0,1.656828251610088,23,3,2,1,Normal,0.08681128199068178
-0.5644786802925077,0.7670080219480067,0,-0.408913599409285,15,5,2,2,Normal,0.15791902350634385
2.7283822226826,1.0113536863772226,0,-1.4417845249189716,4,2,4,6,Suspicious,-0.012093869657439749
-0.5644786802925077,-1.6415420988542648,0,0.6239573261004014,7,6,1,6,Normal,0.10288756916453501
2.316774609810712,0.4179427870491267,0,1.656828251610088,5,4,0,7,Normal,0.012752161413889684
-0.5644786802925077,-0.7688790116070651,0,-0.408913599409285,12,5,3,0,Normal,0.13499713840931293
-0.5644786802925077,-1.6066355753643766,0,-1.4417845249189716,13,2,1,5,Normal,0.09990060510273613
-0.5644786802925077,0.1386905991300228,0,-0.408913599409285,1,7,0,0,Normal,0.06643649480038882
-0.5644786802925077,0.2434101695996867,0,-0.408913599409285,21,5,3,4,Normal,0.14268137890146376
-0.5644786802925077,-1.0132246760362809,0,0.6239573261004014,21,4,2,4,Normal,0.1370874455468153
-0.5644786802925077,-0.4198137767081852,0,0.6239573261004014,8,6,3,4,Normal,0.1482392529108139
0.6703441583231574,1.1160732568468863,0,-0.408913599409285,6,7,1,2,Normal,0.07866668665244014
-0.5644786802925077,0.6273819279884545,0,0.6239573261004014,8,0,2,1,Normal,0.12971655436803242
-0.5644786802925077,-0.7688790116070651,0,-0.408913599409285,16,1,0,1,Normal,0.12133916361912145
-0.5644786802925077,-1.7113551458340408,0,-0.408913599409285,0,5,0,3,Normal,0.06572986261197256
-0.5644786802925077,0.3132232165794628,0,0.6239573261004014,4,2,2,2,Normal,0.15312335115073533
-0.5644786802925077,-0.873598582076729,1,0.6239573261004014,10,7,0,2,Normal,0.018285669966284668
1.081951771195046,1.7443906796648705,0,-0.408913599409285,0,2,1,5,Normal,0.05459908945132064
-0.5644786802925077,1.3255123977862149,0,-0.408913599409285,14,0,4,7,Normal,0.07480762201960911
-0.1528710674206193,1.5698580622154303,0,-0.408913599409285,6,6,0,3,Normal,0.0843643016497464
1.4935593840669343,-0.5594398706677371,0,1.656828251610088,8,1,3,6,Normal,0.06569279119542037
-0.5644786802925077,0.8019145454378945,0,0.6239573261004014,2,1,3,5,Normal,0.12947035114653527
-0.5644786802925077,0.6273819279884545,0,0.6239573261004014,16,1,4,0,Normal,0.09936726723341227
-0.5644786802925077,0.4877558340289027,0,0.6239573261004014,5,4,1,0,Normal,0.12035732881692263
-0.5644786802925077,-0.3150942062385213,0,0.6239573261004014,23,7,0,6,Normal,0.06158036042406445
-0.5644786802925077,-0.8037855350969529,1,-0.408913599409285,18,3,4,0,Normal,0.019337021176105584
-0.5644786802925077,-0.943411629056505,0,1.656828251610088,22,3,3,4,Normal,0.09850685474250953
-0.5644786802925077,-1.117944246505945,1,0.6239573261004014,1,6,3,7,Normal,0.01182790535713818
-0.5644786802925077,1.3953254447659904,1,-0.408913599409285,8,6,4,1,Normal,0.019142322885220997
-0.1528710674206193,1.4302319682558782,0,1.656828251610088,20,1,0,5,Normal,0.05029648061585723
-0.5644786802925077,-1.3273833874452727,1,-0.408913599409285,20,3,0,1,Normal,0.005724309708471376
-0.5644786802925077,1.3255123977862149,0,-0.408913599409285,19,4,2,1,Normal,0.12740700686570428
-0.5644786802925077,-0.0009354948295292,0,-1.4417845249189716,8,4,2,0,Normal,0.11316206708908655
-0.5644786802925077,0.6622884514783427,0,-1.4417845249189716,22,2,0,6,Normal,0.06684532094967788
-0.5644786802925077,1.3255123977862149,1,1.656828251610088,20,6,0,4,Suspicious,-0.0029556271605946094
-0.5644786802925077,-0.3849072532182971,0,0.6239573261004014,19,1,2,5,Normal,0.14282816582566976
-0.5644786802925077,1.1858863038266625,0,-0.408913599409285,12,6,2,5,Normal,0.15411680730319244
-0.5644786802925077,-0.8037855350969529,0,-1.4417845249189716,5,2,2,2,Normal,0.1274203335907534
-0.5644786802925077,0.2783166930895746,0,0.6239573261004014,15,2,2,1,Normal,0.15026605288877054
-0.5644786802925077,-1.222663816975609,0,-0.408913599409285,1,6,2,3,Normal,0.12984254216542623
2.7283822226826,1.1160732568468863,0,1.656828251610088,6,1,3,2,Normal,0.028774248546090453
-0.5644786802925077,0.4528493105390145,0,-1.4417845249189716,6,2,3,5,Normal,0.1326700305387063
1.081951771195046,-1.292476863955385,0,-0.408913599409285,5,6,1,3,Normal,0.09821018483540311
-0.5644786802925077,0.0688775521502468,0,-1.4417845249189716,11,4,1,5,Normal,0.14811584118877014
-0.5644786802925077,0.2085036461097985,0,0.6239573261004014,7,7,3,0,Normal,0.09869791779140191
-0.5644786802925077,0.3132232165794628,0,1.656828251610088,1,0,4,4,Normal,0.07140515703093597
-0.5644786802925077,0.3481297400693506,1,-0.408913599409285,23,1,2,6,Normal,0.03609245677292128
-0.5644786802925077,-1.467009481404825,0,-0.408913599409285,15,4,1,7,Normal,0.10695078361580712
1.9051669969388227,-0.1056550652991931,0,-1.4417845249189716,5,0,4,7,Normal,0.0068212715817640435
-0.5644786802925077,0.6971949749682306,0,-0.408913599409285,13,5,0,4,Normal,0.13485440339527116
-0.5644786802925077,-0.524533347177849,0,0.6239573261004014,16,0,2,3,Normal,0.13251589916102902
1.4935593840669343,-1.5019160048947129,1,-1.4417845249189716,19,7,1,1,Suspicious,-0.032470095227680185
-0.5644786802925077,-1.292476863955385,0,0.6239573261004014,2,2,0,1,Normal,0.09311692428467278
1.9051669969388227,0.4528493105390145,0,-0.408913599409285,22,1,4,7,Normal,0.04608543704725765
-0.5644786802925077,-1.292476863955385,0,0.6239573261004014,12,0,4,1,Normal,0.09288301327036752
-0.5644786802925077,-0.943411629056505,0,-0.408913599409285,5,0,0,1,Normal,0.10272593689617726
-0.5644786802925077,1.639671109195206,0,-0.408913599409285,5,6,4,4,Normal,0.09362509173532496
-0.5644786802925077,-0.5943463941576251,0,-0.408913599409285,9,1,0,0,Normal,0.11285314701024801
-0.5644786802925077,-0.0707485418093052,1,0.6239573261004014,18,5,1,3,Normal,0.054074787378434075
-0.1528710674206193,-0.7339724881171771,0,0.6239573261004014,8,1,3,0,Normal,0.10001888788923119
-0.5644786802925077,0.2783166930895746,0,0.6239573261004014,7,0,0,6,Normal,0.10232954465028388
-0.5644786802925077,1.2207928273165505,0,0.6239573261004014,17,4,2,4,Normal,0.14934122459802546
-0.1528710674206193,0.9764471628873344,0,-0.408913599409285,22,0,1,1,Normal,0.08153409193309413
-0.5644786802925077,1.639671109195206,0,1.656828251610088,6,3,4,6,Normal,0.07454192287447226
0.258736545451269,1.1858863038266625,0,-1.4417845249189716,12,0,0,1,Normal,0.04241999942065788
-0.5644786802925077,-0.9783181525463928,1,-1.4417845249189716,16,0,1,4,Normal,0.01877876273766621
-0.5644786802925077,0.5226623575187906,0,-0.408913599409285,9,4,4,4,Normal,0.13985059510417658
-0.5644786802925077,-0.873598582076729,0,0.6239573261004014,1,6,0,7,Normal,0.07074153669320227
-0.5644786802925077,-0.8386920585868409,0,0.6239573261004014,18,2,3,4,Normal,0.148493073931799
-0.5644786802925077,-1.3273833874452727,0,1.656828251610088,7,4,0,2,Normal,0.07535165775351504
-0.5644786802925077,-0.0358420183194171,0,0.6239573261004014,10,6,3,0,Normal,0.12368005575724794
1.081951771195046,1.2556993508064382,0,-1.4417845249189716,18,7,1,7,Normal,0.03539355889474116
-0.5644786802925077,-1.222663816975609,0,-1.4417845249189716,1,4,3,2,Normal,0.10047579904449855
1.4935593840669343,-0.6990659646272891,0,1.656828251610088,19,1,3,3,Normal,0.0810740291497607
-0.5644786802925077,-0.1754681122789692,0,-0.408913599409285,10,4,1,4,Normal,0.17667315478166934
1.9051669969388227,-0.1405615887890813,0,0.6239573261004014,1,7,3,5,Normal,0.07211340254219001
-0.5644786802925077,-0.7688790116070651,0,0.6239573261004014,3,1,0,6,Normal,0.1066594040996906
-0.5644786802925077,-0.210374635768857,0,0.6239573261004014,21,7,2,4,Normal,0.11724953203970578
-0.5644786802925077,0.0339710286603586,0,1.656828251610088,19,4,4,7,Normal,0.0699293330280032
-0.5644786802925077,-0.3150942062385213,0,-1.4417845249189716,21,0,3,6,Normal,0.09101325407218719
-0.5644786802925077,1.6745776326850943,0,-1.4417845249189716,2,6,2,2,Normal,0.09449283300877043
-0.5644786802925077,-1.222663816975609,1,-0.408913599409285,20,7,2,1,Normal,0.016118815426894195
0.6703441583231574,1.2207928273165505,0,1.656828251610088,14,0,1,4,Normal,0.0645413572250485
-0.5644786802925077,1.0113536863772226,1,0.6239573261004014,2,2,3,5,Normal,0.03753247624331191
-0.5644786802925077,0.1735971226199107,0,0.6239573261004014,23,5,0,1,Normal,0.09278786280762641
-0.5644786802925077,-0.3150942062385213,0,1.656828251610088,12,4,1,0,Normal,0.10436149026037789
1.081951771195046,-0.8037855350969529,1,-0.408913599409285,11,7,4,3,Normal,0.013902685798713676
1.9051669969388227,-0.0358420183194171,0,-0.408913599409285,11,1,0,6,Normal,0.08198142067793934
-0.5644786802925077,1.0811667333569983,0,0.6239573261004014,9,5,3,6,Normal,0.13328683215353276
-0.5644786802925077,-0.5594398706677371,0,-0.408913599409285,2,4,1,3,Normal,0.1528377326826692
-0.5644786802925077,0.1037840756401346,0,-0.408913599409285,11,7,2,7,Normal,0.12157064050206129
-0.1528710674206193,0.3830362635592385,0,-0.408913599409285,21,2,4,5,Normal,0.11147645907064191
-0.5644786802925077,-1.5368225283846009,0,-0.408913599409285,1,7,2,6,Normal,0.08220941972006013
-0.5644786802925077,1.4651384917457662,0,0.6239573261004014,15,4,2,3,Normal,0.1428325919463665
-0.5644786802925077,-1.5368225283846009,0,0.6239573261004014,16,7,4,1,Normal,0.08463322024737563
-0.5644786802925077,0.4528493105390145,0,0.6239573261004014,20,4,0,4,Normal,0.112862483076764
-0.5644786802925077,0.8019145454378945,0,-0.408913599409285,13,4,0,2,Normal,0.13041791656780793
-0.5644786802925077,-0.8386920585868409,0,0.6239573261004014,10,0,1,5,Normal,0.13480392636097654
1.4935593840669343,-0.210374635768857,0,-0.408913599409285,10,6,0,7,Normal,0.06724288553750002
-0.5644786802925077,1.1858863038266625,1,-0.408913599409285,11,6,4,2,Normal,0.030764493025300266
-0.5644786802925077,-0.3150942062385213,0,-0.408913599409285,0,5,4,0,Normal,0.08964474935581013
-0.5644786802925077,1.2556993508064382,0,0.6239573261004014,22,2,2,4,Normal,0.12660209005191275
-0.5644786802925077,-1.5019160048947129,0,-1.4417845249189716,4,4,0,7,Normal,0.045892301516291534
-0.5644786802925077,-0.1754681122789692,0,-1.4417845249189716,6,4,1,0,Normal,0.10948787837062934
-0.5644786802925077,1.0113536863772226,0,-1.4417845249189716,6,2,0,7,Normal,0.07525014679800535
0.6703441583231574,-0.5943463941576251,0,0.6239573261004014,5,7,3,1,Normal,0.1022794147916497
1.4935593840669343,-1.6066355753643766,0,-0.408913599409285,21,2,0,3,Normal,0.05447942299624109
2.316774609810712,-0.0009354948295292,0,0.6239573261004014,18,5,3,0,Normal,0.06752880356772772
2.7283822226826,-0.1405615887890813,0,1.656828251610088,19,7,1,0,Suspicious,-0.01040573522754662
-0.5644786802925077,0.2434101695996867,0,1.656828251610088,22,7,1,6,Normal,0.07425249100785691
-0.5644786802925077,-1.222663816975609,0,-1.4417845249189716,11,7,2,4,Normal,0.11286018576053664
-0.5644786802925077,-0.524533347177849,0,-1.4417845249189716,18,5,3,5,Normal,0.12298681617858614
-0.5644786802925077,-1.6066355753643766,0,0.6239573261004014,18,1,1,2,Normal,0.12033405017251386
-0.5644786802925077,-1.467009481404825,0,-0.408913599409285,8,4,0,4,Normal,0.11748324487380873
-0.5644786802925077,1.604764585705318,1,-0.408913599409285,11,3,2,1,Normal,0.0465563048008808
2.316774609810712,-1.6764486223441528,0,-0.408913599409285,10,1,2,4,Normal,0.062488337580979825
-0.5644786802925077,1.0462602098671103,0,0.6239573261004014,11,2,1,7,Normal,0.12203660427811225
-0.5644786802925077,1.1509797803367747,1,0.6239573261004014,10,5,0,2,Normal,0.029027466574252148
-0.5644786802925077,0.4877558340289027,0,1.656828251610088,8,5,2,4,Normal,0.13966539250888776
-0.5644786802925077,1.3953254447659904,1,-0.408913599409285,22,3,3,2,Normal,0.02276663170518034
-0.5644786802925077,-1.5019160048947129,0,-0.408913599409285,10,4,0,4,Normal,0.11288924520890492
2.7283822226826,0.8368210689277826,0,-0.408913599409285,16,4,1,6,Normal,0.05807256262312044
0.258736545451269,0.5575688810086785,0,-0.408913599409285,23,7,3,4,Normal,0.0843832348748077
-0.5644786802925077,1.5349515387255426,0,-0.408913599409285,15,1,0,3,Normal,0.10302192024111267
-0.5644786802925077,0.7321014984581184,1,-0.408913599409285,11,3,1,6,Normal,0.06894408048823386
-0.5644786802925077,-1.467009481404825,0,1.656828251610088,6,1,4,1,Normal,0.0803602655807153
-0.5644786802925077,-1.083037723016057,0,-1.4417845249189716,10,4,3,5,Normal,0.1238556075013123
2.316774609810712,-0.664159441137401,0,-0.408913599409285,13,3,3,4,Normal,0.10071081359215595
1.081951771195046,1.3604189212761024,0,-1.4417845249189716,2,6,0,0,Normal,0.013240669622298418
-0.5644786802925077,-0.5594398706677371,0,-0.408913599409285,11,5,3,0,Normal,0.13128575281215504
-0.5644786802925077,-0.5943463941576251,0,-0.408913599409285,7,1,2,1,Normal,0.16082185836510654
-0.5644786802925077,-1.222663816975609,0,-0.408913599409285,7,2,1,6,Normal,0.14118540156318554
0.258736545451269,-1.257570340465497,0,0.6239573261004014,18,1,4,2,Normal,0.08797427888173648
-0.5644786802925077,0.1735971226199107,0,1.656828251610088,18,4,2,0,Normal,0.08212287326011825
2.7283822226826,1.7443906796648705,0,1.656828251610088,5,5,3,0,Suspicious,-0.02134711769115072
-0.5644786802925077,-0.943411629056505,0,-0.408913599409285,19,2,1,1,Normal,0.14168900039522175
-0.1528710674206193,-1.1877572934857208,0,0.6239573261004014,13,5,3,5,Normal,0.1280566528006853
2.316774609810712,1.604764585705318,0,-0.408913599409285,9,6,1,5,Normal,0.05291025074250233
-0.5644786802925077,1.2556993508064382,0,-0.408913599409285,11,3,1,4,Normal,0.16255549716223122
-0.1528710674206193,1.3255123977862149,1,0.6239573261004014,9,3,4,6,Normal,0.013309212537962356
-0.5644786802925077,1.5349515387255426,0,0.6239573261004014,0,5,1,3,Normal,0.10388651149830042
-0.5644786802925077,-0.8037855350969529,1,-0.408913599409285,15,7,2,5,Normal,0.0515671045910614
-0.5644786802925077,0.4877558340289027,0,-1.4417845249189716,7,4,1,7,Normal,0.120485600822054
-0.5644786802925077,-1.5368225283846009,0,1.656828251610088,10,5,3,5,Normal,0.09526873050772977
-0.5644786802925077,-0.629252917647513,0,1.656828251610088,14,6,3,6,Normal,0.09984905176431436
-0.5644786802925077,1.1509797803367747,0,-1.4417845249189716,16,3,3,0,Normal,0.08865188329868501
-0.5644786802925077,1.639671109195206,0,0.6239573261004014,15,2,2,5,Normal,0.1261174959429962
2.316774609810712,-1.6066355753643766,0,-1.4417845249189716,21,0,4,0,Suspicious,-0.024669991676911862
-0.5644786802925077,-0.5943463941576251,1,1.656828251610088,8,4,3,4,Normal,0.05346814258510535
-0.5644786802925077,-1.5717290518744889,0,-0.408913599409285,23,5,3,4,Normal,0.09900119955334374
1.4935593840669343,-1.5717290518744889,0,-1.4417845249189716,16,4,0,2,Normal,0.03913269103455186
-0.5644786802925077,1.0113536863772226,0,-0.408913599409285,12,3,0,3,Normal,0.13885515101206075
-0.5644786802925077,0.1735971226199107,0,1.656828251610088,0,7,0,4,Normal,0.06037555544322104
0.6703441583231574,0.3481297400693506,0,-1.4417845249189716,0,7,2,4,Normal,0.07522128052071808
-0.5644786802925077,-0.4198137767081852,0,1.656828251610088,1,7,2,3,Normal,0.099086828904143
-0.1528710674206193,1.3604189212761024,0,-1.4417845249189716,6,1,2,3,Normal,0.09993304079226462
-0.5644786802925077,-0.873598582076729,0,-0.408913599409285,5,1,2,2,Normal,0.15624423499417972
-0.5644786802925077,1.4302319682558782,0,1.656828251610088,13,5,0,4,Normal,0.09251446719035361
-0.5644786802925077,-0.943411629056505,1,1.656828251610088,21,2,4,0,Suspicious,-0.016302940673477706
-0.5644786802925077,0.2783166930895746,0,0.6239573261004014,6,2,3,7,Normal,0.1272520946756192
0.258736545451269,-0.0358420183194171,0,-0.408913599409285,2,7,3,0,Normal,0.07566660282102389
0.6703441583231574,0.9415406393974466,0,-1.4417845249189716,17,6,4,3,Normal,0.07062204600146327
-0.5644786802925077,1.0811667333569983,0,0.6239573261004014,10,0,1,6,Normal,0.116653087050608
-0.5644786802925077,0.3830362635592385,0,-0.408913599409285,5,0,4,3,Normal,0.11594834920172148
-0.1528710674206193,1.3604189212761024,0,-1.4417845249189716,7,6,3,7,Normal,0.08322689017101448
0.6703441583231574,-0.489626823687961,0,0.6239573261004014,21,1,2,7,Normal,0.08799681841420937
-0.5644786802925077,0.8368210689277826,0,1.656828251610088,23,0,2,6,Normal,0.06881116001243415
-0.5644786802925077,-0.664159441137401,0,-0.408913599409285,7,1,1,3,Normal,0.1639314698501868
-0.1528710674206193,-0.2801876827486331,1,0.6239573261004014,19,3,0,0,Normal,0.007365418977033911
2.316774609810712,1.604764585705318,0,-1.4417845249189716,7,7,3,0,Suspicious,-0.006019684201212905
-0.5644786802925077,0.8019145454378945,1,0.6239573261004014,11,0,0,2,Normal,0.019401779647699513
-0.5644786802925077,-0.7339724881171771,0,-0.408913599409285,6,7,0,6,Normal,0.099882771056514
0.258736545451269,-1.6415420988542648,0,-0.408913599409285,4,0,0,2,Normal,0.048994550937392356
-0.5644786802925077,1.7094841561749825,0,-1.4417845249189716,0,6,3,1,Normal,0.0605897691954187
0.258736545451269,0.8717275924176705,0,-1.4417845249189716,11,3,0,6,Normal,0.0761188922317203
-0.5644786802925077,-0.5943463941576251,0,1.656828251610088,23,1,3,1,Normal,0.0845595008667922
-0.1528710674206193,0.5575688810086785,0,0.6239573261004014,14,1,2,5,Normal,0.13504692745183572
1.9051669969388227,-0.4198137767081852,0,0.6239573261004014,20,2,0,2,Normal,0.06653747813312283
-0.5644786802925077,0.6971949749682306,1,0.6239573261004014,9,1,2,0,Normal,0.03463193634393025
0.258736545451269,-0.0707485418093052,1,-0.408913599409285,12,3,1,4,Normal,0.061979027977410395
-0.5644786802925077,-0.5594398706677371,0,-0.408913599409285,22,7,3,0,Normal,0.07793485185686355
-0.5644786802925077,1.4302319682558782,0,0.6239573261004014,20,0,3,4,Normal,0.11512457299527884
1.4935593840669343,1.5000450152356546,0,1.656828251610088,4,5,1,3,Normal,0.044118584271604755
0.6703441583231574,1.3604189212761024,0,-0.408913599409285,12,6,0,6,Normal,0.07820840858602085
-0.5644786802925077,-0.6990659646272891,0,1.656828251610088,4,2,2,1,Normal,0.12210774069395697
2.7283822226826,0.9066341159075584,0,0.6239573261004014,14,5,3,1,Normal,0.06566160253834719
-0.5644786802925077,0.0339710286603586,0,0.6239573261004014,20,6,1,1,Normal,0.1247393796325793
-0.5644786802925077,0.1037840756401346,1,-1.4417845249189716,11,1,0,6,Normal,0.02777577754285865
-0.5644786802925077,-1.4321029579149367,0,0.6239573261004014,21,0,3,1,Normal,0.09343398986674356
-0.5644786802925077,-1.6415420988542648,0,0.6239573261004014,21,3,2,7,Normal,0.0873598012578315
-0.5644786802925077,-0.6990659646272891,0,0.6239573261004014,5,4,4,0,Normal,0.09968097028628076
-0.5644786802925077,1.5000450152356546,0,-0.408913599409285,14,2,4,7,Normal,0.09360367914838263
-0.5644786802925077,-1.397196434425049,0,-0.408913599409285,16,0,2,5,Normal,0.1194952251959992
-0.5644786802925077,-0.2801876827486331,0,-0.408913599409285,12,5,1,5,Normal,0.17294897844458085
0.258736545451269,1.5698580622154303,0,-0.408913599409285,18,0,1,6,Normal,0.06802731458029576
-0.5644786802925077,0.1386905991300228,0,-0.408913599409285,22,5,2,5,Normal,0.1423405535789708
2.7283822226826,0.8019145454378945,1,-0.408913599409285,23,3,2,5,Suspicious,-0.024762981694711472
0.6703441583231574,1.2207928273165505,0,-0.408913599409285,7,1,2,1,Normal,0.10624790655571642
1.4935593840669343,0.8368210689277826,0,0.6239573261004014,21,2,3,4,Normal,0.09146625796245433
-0.5644786802925077,-0.7688790116070651,0,-0.408913599409285,0,0,0,3,Normal,0.09298817796690173
-0.5644786802925077,1.5000450152356546,1,-1.4417845249189716,1,7,3,3,Suspicious,-0.004170462937989949
0.6703441583231574,-0.4547203001980731,0,-0.408913599409285,16,1,4,0,Normal,0.08403056351463267
-0.5644786802925077,-0.908505105566617,0,0.6239573261004014,19,0,1,2,Normal,0.1232091297290015
0.6703441583231574,-1.4321029579149367,0,-0.408913599409285,8,5,2,5,Normal,0.11046821940171325
-0.5644786802925077,0.5924754044985666,0,1.656828251610088,23,2,1,1,Normal,0.08334141569582598
-0.5644786802925077,1.604764585705318,0,-0.408913599409285,9,3,4,3,Normal,0.11563998361528066
-0.5644786802925077,-1.5368225283846009,0,0.6239573261004014,8,3,2,0,Normal,0.11245306290010654
-0.5644786802925077,-1.5019160048947129,1,-1.4417845249189716,19,0,4,1,Suspicious,-0.02736504615374713
0.258736545451269,-0.2801876827486331,1,1.656828251610088,3,6,1,6,Normal,0.010480300256137776
-0.5644786802925077,0.0688775521502468,1,1.656828251610088,23,4,0,5,Suspicious,-0.005933068130507868
0.258736545451269,-1.362289910935161,0,0.6239573261004014,1,7,1,1,Normal,0.06276838881983804
1.4935593840669343,-1.5368225283846009,0,-0.408913599409285,9,0,1,2,Normal,0.07145734660058767
-0.5644786802925077,1.2207928273165505,0,-0.408913599409285,19,6,0,1,Normal,0.1012788377291226
-0.5644786802925077,-0.3150942062385213,0,-1.4417845249189716,8,1,3,7,Normal,0.11043703597553683
2.7283822226826,0.9415406393974466,0,-0.408913599409285,0,6,1,6,Normal,0.034802982859246656
-0.5644786802925077,1.0811667333569983,0,-0.408913599409285,22,6,4,7,Normal,0.08209156245149718
-0.5644786802925077,0.5575688810086785,0,-1.4417845249189716,0,3,2,6,Normal,0.10272009861797327
-0.5644786802925077,0.9066341159075584,0,-1.4417845249189716,21,3,4,7,Normal,0.0791299662894338
0.6703441583231574,-0.7688790116070651,0,-0.408913599409285,11,3,2,2,Normal,0.15533190180320772
1.081951771195046,0.8019145454378945,0,0.6239573261004014,16,1,3,1,Normal,0.09776271891929533
0.6703441583231574,1.2906058742963262,0,-1.4417845249189716,14,5,3,6,Normal,0.08384797561415225
-0.5644786802925077,0.5924754044985666,1,-0.408913599409285,3,0,0,3,Normal,0.03009411044591226
-0.5644786802925077,1.3953254447659904,0,-0.408913599409285,12,6,3,6,Normal,0.12455266002312904
-0.5644786802925077,-0.2801876827486331,0,0.6239573261004014,23,1,1,2,Normal,0.11690245136936223
-0.5644786802925077,0.2434101695996867,0,-0.408913599409285,19,5,4,2,Normal,0.12975728109057288
-0.5644786802925077,1.1509797803367747,0,-0.408913599409285,17,7,1,2,Normal,0.12130928931436546
-0.5644786802925077,0.8717275924176705,0,0.6239573261004014,11,7,3,7,Normal,0.09743341412985607
2.316774609810712,0.1037840756401346,0,0.6239573261004014,3,0,0,6,Normal,0.04203958059070678
1.081951771195046,-0.210374635768857,0,-0.408913599409285,2,0,4,4,Normal,0.07149380938095107
-0.5644786802925077,-0.3150942062385213,0,0.6239573261004014,7,3,4,5,Normal,0.1311065842650767
-0.5644786802925077,0.2085036461097985,1,0.6239573261004014,6,4,3,7,Normal,0.04403671357357852
1.081951771195046,-0.7688790116070651,0,0.6239573261004014,13,3,3,0,Normal,0.10475865870322354
-0.5644786802925077,1.0113536863772226,0,-1.4417845249189716,16,3,1,0,Normal,0.09394746053884317
1.9051669969388227,-1.7113551458340408,1,-0.408913599409285,17,5,4,7,Suspicious,-0.028453483282716685
-0.5644786802925077,-1.397196434425049,0,1.656828251610088,3,6,4,2,Normal,0.0765934716288843
-0.5644786802925077,0.0339710286603586,0,0.6239573261004014,14,3,2,2,Normal,0.1637982956697347
-0.5644786802925077,0.1386905991300228,1,-0.408913599409285,4,1,1,3,Normal,0.060235550897632884
1.4935593840669343,-1.0132246760362809,1,-1.4417845249189716,18,2,2,5,Normal,0.00580874659400521
2.316774609810712,1.2207928273165505,0,0.6239573261004014,9,2,2,4,Normal,0.07869064789259816
-0.5644786802925077,1.4651384917457662,0,-1.4417845249189716,12,4,1,0,Normal,0.09527230781377871
-0.5644786802925077,1.2906058742963262,0,1.656828251610088,13,3,3,2,Normal,0.11785705556463072
-0.5644786802925077,-0.4547203001980731,0,0.6239573261004014,12,6,2,5,Normal,0.1564122583861588
-0.5644786802925077,-0.8386920585868409,0,0.6239573261004014,17,5,2,1,Normal,0.13879528096504884
-0.5644786802925077,0.2085036461097985,0,-0.408913599409285,17,3,1,3,Normal,0.16618933598227753
-0.5644786802925077,0.1037840756401346,1,-0.408913599409285,1,1,3,1,Normal,0.029604099309980203
-0.1528710674206193,1.3255123977862149,0,0.6239573261004014,3,4,3,1,Normal,0.10742869647184833
-0.5644786802925077,0.2434101695996867,0,-0.408913599409285,12,7,1,5,Normal,0.15379589463275262
-0.5644786802925077,1.1858863038266625,0,1.656828251610088,22,3,4,2,Normal,0.0600747340390726
-0.5644786802925077,0.9415406393974466,0,0.6239573261004014,14,4,0,5,Normal,0.11795936590352685
-0.5644786802925077,1.1160732568468863,0,-1.4417845249189716,14,3,3,3,Normal,0.11958670029246082
-0.5644786802925077,0.4877558340289027,0,-0.408913599409285,13,2,0,6,Normal,0.1326826803917287
-0.5644786802925077,1.5000450152356546,0,-0.408913599409285,2,4,0,1,Normal,0.08509366192212453
0.6703441583231574,0.9066341159075584,0,0.6239573261004014,22,1,2,4,Normal,0.09029735853747223
-0.5644786802925077,1.4302319682558782,1,-1.4417845249189716,5,3,3,6,Normal,0.029154403443900523
-0.5644786802925077,-1.222663816975609,0,-0.408913599409285,1,6,2,1,Normal,0.11815255256008572
-0.5644786802925077,0.5924754044985666,0,1.656828251610088,8,6,3,3,Normal,0.12054664537381571
2.7283822226826,-0.6990659646272891,0,-1.4417845249189716,0,5,4,1,Suspicious,-0.007854275407919498
-0.1528710674206193,0.2783166930895746,0,1.656828251610088,18,5,2,5,Normal,0.10820347023568411
1.4935593840669343,0.8019145454378945,1,-1.4417845249189716,5,2,2,3,Normal,0.014896534879972223
-0.5644786802925077,0.6622884514783427,1,1.656828251610088,7,1,2,2,Normal,0.02055355025116412
-0.5644786802925077,0.6971949749682306,0,-0.408913599409285,5,3,1,5,Normal,0.1605623255861155
-0.5644786802925077,0.2085036461097985,0,-1.4417845249189716,4,7,0,0,Normal,0.05101158740993361
-0.5644786802925077,-1.6415420988542648,0,-1.4417845249189716,2,4,3,3,Normal,0.08879993052701896
-0.5644786802925077,1.5698580622154303,0,0.6239573261004014,18,4,2,7,Normal,0.08714427551902049
-0.5644786802925077,-0.0358420183194171,1,0.6239573261004014,9,2,0,1,Normal,0.027939159737027652
-0.5644786802925077,1.639671109195206,1,-0.408913599409285,22,1,0,3,Normal,0.006742058036136256
0.258736545451269,-0.5943463941576251,0,-1.4417845249189716,23,4,3,2,Normal,0.08248199088826957
-0.5644786802925077,-0.8037855350969529,0,-0.408913599409285,19,3,3,4,Normal,0.15862514630434943
-0.5644786802925077,1.1160732568468863,0,-1.4417845249189716,0,4,2,1,Normal,0.09094704833966505
-0.5644786802925077,-0.0707485418093052,0,0.6239573261004014,16,5,1,7,Normal,0.12719412982858225
-0.5644786802925077,-0.1405615887890813,0,0.6239573261004014,2,4,3,7,Normal,0.11906623591801363
-0.5644786802925077,1.1160732568468863,0,0.6239573261004014,0,3,1,0,Normal,0.09167009346379762
2.316774609810712,1.0811667333569983,0,1.656828251610088,19,2,0,3,Normal,0.02207036870703538
-0.5644786802925077,1.1160732568468863,1,1.656828251610088,9,2,4,0,Suspicious,-0.0035630817825423877
2.7283822226826,0.4179427870491267,1,-0.408913599409285,16,3,0,6,Suspicious,-0.014891432735111731
-0.5644786802925077,0.4528493105390145,0,0.6239573261004014,10,7,0,7,Normal,0.09049153960788381
-0.5644786802925077,-0.5594398706677371,0,-0.408913599409285,2,1,2,6,Normal,0.143103880865596
1.081951771195046,-0.8037855350969529,0,-0.408913599409285,0,3,2,2,Normal,0.1149204831817669
-0.5644786802925077,1.4651384917457662,0,1.656828251610088,2,6,4,5,Normal,0.06725214246067568
-0.5644786802925077,-1.5019160048947129,1,0.6239573261004014,8,6,2,2,Normal,0.04586612976392168
2.316774609810712,-1.048131199526169,1,-0.408913599409285,4,6,2,0,Suspicious,-0.02167926217419458
0.258736545451269,0.6971949749682306,0,0.6239573261004014,7,3,1,7,Normal,0.09698835801464578
-0.5644786802925077,-0.3150942062385213,0,-1.4417845249189716,5,5,1,0,Normal,0.10338216537038203
-0.1528710674206193,0.8019145454378945,0,-0.408913599409285,11,5,1,6,Normal,0.1400717989998475
-0.5644786802925077,-0.1405615887890813,1,-0.408913599409285,9,6,3,6,Normal,0.07089322752907434
-0.5644786802925077,1.0113536863772226,0,-0.408913599409285,17,6,4,5,Normal,0.11716551846871309
-0.5644786802925077,0.5226623575187906,0,-0.408913599409285,19,1,2,7,Normal,0.11970956389820114
1.9051669969388227,0.9764471628873344,0,1.656828251610088,23,5,1,7,Normal,0.02130079995312395
-0.5644786802925077,-0.5943463941576251,1,-0.408913599409285,2,2,4,7,Normal,0.02324332531393325
-0.5644786802925077,-0.4547203001980731,0,-0.408913599409285,11,7,0,4,Normal,0.12700765208212506
0.6703441583231574,-0.4547203001980731,1,-1.4417845249189716,10,7,1,4,Normal,0.0071079192767981025
-0.5644786802925077,-1.6066355753643766,0,0.6239573261004014,4,6,1,1,Normal,0.10388659482436025
-0.5644786802925077,-0.629252917647513,0,-0.408913599409285,12,1,1,0,Normal,0.13868529889662695
-0.5644786802925077,0.6273819279884545,1,-1.4417845249189716,0,5,4,1,Suspicious,-0.0021888187838299267
-0.5644786802925077,-0.0358420183194171,0,-0.408913599409285,12,6,3,2,Normal,0.16218873591917454
-0.5644786802925077,1.5349515387255426,0,-0.408913599409285,0,1,4,2,Normal,0.09125373348732857
0.6703441583231574,-1.5368225283846009,0,0.6239573261004014,10,1,4,1,Normal,0.07924715331310905
-0.5644786802925077,-0.0358420183194171,0,-0.408913599409285,20,1,4,4,Normal,0.13147170228383737
-0.5644786802925077,1.2906058742963262,0,0.6239573261004014,14,1,2,3,Normal,0.1390791795390795
-0.5644786802925077,0.1386905991300228,0,-0.408913599409285,14,4,2,5,Normal,0.16460442178185208
-0.5644786802925077,-0.524533347177849,0,-0.408913599409285,17,3,0,1,Normal,0.13125202213873988
-0.5644786802925077,0.6622884514783427,0,-1.4417845249189716,11,0,4,6,Normal,0.06882147645244752
-0.5644786802925077,1.4651384917457662,1,-1.4417845249189716,21,5,1,2,Normal,0.0007965522262859404
0.258736545451269,0.9764471628873344,0,1.656828251610088,15,0,1,2,Normal,0.0722670107578599
1.4935593840669343,-1.5717290518744889,0,0.6239573261004014,11,4,2,4,Normal,0.08863917523968456
-0.5644786802925077,1.2906058742963262,0,1.656828251610088,1,4,4,7,Normal,0.055931809166085866
2.316774609810712,-0.524533347177849,0,0.6239573261004014,12,2,4,7,Normal,0.05817141209823695
-0.5644786802925077,0.7670080219480067,1,-1.4417845249189716,15,1,1,4,Normal,0.044217732285990685
-0.5644786802925077,-0.5943463941576251,0,-0.408913599409285,13,5,0,1,Normal,0.12963554578799014
-0.5644786802925077,0.3132232165794628,0,-0.408913599409285,13,1,3,5,Normal,0.15569542553843896
-0.5644786802925077,0.2434101695996867,0,-0.408913599409285,4,2,3,5,Normal,0.1542359520435918
1.081951771195046,0.0688775521502468,0,-0.408913599409285,12,6,0,6,Normal,0.08683237836301427
-0.5644786802925077,-0.0358420183194171,0,-0.408913599409285,15,2,1,4,Normal,0.17736804746995455
-0.5644786802925077,0.5575688810086785,0,-1.4417845249189716,13,1,3,5,Normal,0.12555255093873052
0.6703441583231574,-1.7462616693239288,0,-0.408913599409285,14,1,4,1,Normal,0.07117561194182154
0.6703441583231574,0.1735971226199107,0,0.6239573261004014,17,6,3,6,Normal,0.10765707498929339
-0.5644786802925077,-0.5943463941576251,0,0.6239573261004014,18,5,4,0,Normal,0.09425454554857315
-0.5644786802925077,1.639671109195206,0,-1.4417845249189716,23,4,3,2,Normal,0.06314570572186295
-0.5644786802925077,1.1160732568468863,0,-1.4417845249189716,5,0,1,5,Normal,0.10709931922979493
-0.5644786802925077,1.7443906796648705,0,1.656828251610088,22,6,4,6,Normal,0.03190796687298714
-0.5644786802925077,-0.664159441137401,0,0.6239573261004014,17,1,4,1,Normal,0.10972727197830373
-0.5644786802925077,-1.117944246505945,0,0.6239573261004014,16,7,1,0,Normal,0.09674194987550133
-0.5644786802925077,-1.1877572934857208,0,0.6239573261004014,21,2,4,2,Normal,0.10259595324915083
1.9051669969388227,1.639671109195206,1,-0.408913599409285,17,3,3,7,Suspicious,-0.027693449427187655
-0.5644786802925077,0.2434101695996867,0,0.6239573261004014,9,4,0,3,Normal,0.13247938647266666
-0.5644786802925077,0.5924754044985666,0,-1.4417845249189716,7,3,4,2,Normal,0.10344139902140981
2.316774609810712,-0.3150942062385213,0,-0.408913599409285,20,0,0,3,Normal,0.032794628043162244
1.9051669969388227,-0.0358420183194171,0,0.6239573261004014,15,4,0,1,Normal,0.08265505820082564
-0.5644786802925077,-1.6764486223441528,0,0.6239573261004014,15,5,0,4,Normal,0.10430363522535435
1.4935593840669343,-0.908505105566617,0,1.656828251610088,8,2,0,4,Normal,0.054559952619373075
2.7283822226826,1.0113536863772226,0,0.6239573261004014,10,5,0,7,Normal,0.02446699058388846
1.081951771195046,1.604764585705318,0,-0.408913599409285,14,1,2,1,Normal,0.080490834441595
-0.5644786802925077,1.4651384917457662,0,-0.408913599409285,6,0,3,2,Normal,0.1276298890478786
-0.5644786802925077,-0.873598582076729,0,0.6239573261004014,12,4,3,0,Normal,0.13226202091083022
-0.5644786802925077,-0.873598582076729,0,0.6239573261004014,11,4,0,6,Normal,0.12443532724594825
2.316774609810712,-1.7462616693239288,1,0.6239573261004014,12,6,4,4,Suspicious,-0.03217994880706676
1.4935593840669343,0.5226623575187906,0,-1.4417845249189716,21,5,0,5,Normal,0.04039743438368559
-0.5644786802925077,1.0811667333569983,0,0.6239573261004014,5,6,0,2,Normal,0.1100644004582777
1.9051669969388227,0.1386905991300228,0,-0.408913599409285,8,3,4,0,Normal,0.0678998894387628
-0.5644786802925077,0.6971949749682306,0,0.6239573261004014,9,3,1,3,Normal,0.15453010806436468
-0.5644786802925077,1.2207928273165505,1,-1.4417845249189716,10,5,4,6,Normal,0.01608958809459038
2.316774609810712,1.4302319682558782,1,-0.408913599409285,11,5,1,2,Suspicious,-0.010962359347626127
0.258736545451269,0.3481297400693506,0,-0.408913599409285,1,4,0,4,Normal,0.09244990760059868
-0.5644786802925077,0.1386905991300228,0,-1.4417845249189716,2,2,4,0,Normal,0.07352473376162838
-0.5644786802925077,0.1735971226199107,0,-1.4417845249189716,23,0,2,0,Normal,0.05895559110604742
-0.5644786802925077,1.3255123977862149,0,1.656828251610088,10,4,4,4,Normal,0.09984180637787365
-0.5644786802925077,-0.5943463941576251,0,-1.4417845249189716,15,5,4,6,Normal,0.10202775489801508
-0.5644786802925077,-1.0132246760362809,0,1.656828251610088,6,1,0,6,Normal,0.0694754740794612
-0.5644786802925077,-1.117944246505945,0,0.6239573261004014,0,0,1,2,Normal,0.09912929074162469
-0.5644786802925077,0.0688775521502468,0,-1.4417845249189716,0,1,4,4,Normal,0.08528354727644316
0.6703441583231574,0.6273819279884545,0,1.656828251610088,13,0,4,7,Normal,0.020767889880092705
-0.5644786802925077,-1.1877572934857208,0,0.6239573261004014,10,7,1,7,Normal,0.09086581278201
-0.5644786802925077,-0.0358420183194171,0,-0.408913599409285,23,1,2,4,Normal,0.13607137473688125
-0.5644786802925077,-1.5019160048947129,1,-1.4417845249189716,9,2,1,5,Normal,0.022811569513507268
1.9051669969388227,0.4179427870491267,0,-0.408913599409285,4,5,0,4,Normal,0.07327128549886353
-0.5644786802925077,-0.5943463941576251,0,0.6239573261004014,16,3,3,6,Normal,0.14277499987293968
1.4935593840669343,-0.5943463941576251,0,-1.4417845249189716,1,3,2,3,Normal,0.0851481292020807
1.9051669969388227,-0.873598582076729,0,1.656828251610088,4,4,0,2,Normal,0.028987411425239085
-0.5644786802925077,0.2085036461097985,0,0.6239573261004014,14,3,2,7,Normal,0.13457758509731982
-0.5644786802925077,-0.4547203001980731,0,1.656828251610088,6,3,3,7,Normal,0.10499066836065318
-0.5644786802925077,0.2434101695996867,0,0.6239573261004014,19,3,1,5,Normal,0.1423038456655768
-0.5644786802925077,1.5698580622154303,0,0.6239573261004014,0,1,1,1,Normal,0.08853760810024858
1.4935593840669343,-1.1877572934857208,0,-1.4417845249189716,1,1,3,5,Normal,0.05568462767462656
-0.5644786802925077,-1.5368225283846009,0,0.6239573261004014,12,7,2,6,Normal,0.09433585965791391
-0.5644786802925077,-0.1405615887890813,0,0.6239573261004014,8,5,2,7,Normal,0.13480120378610894
2.316774609810712,0.1386905991300228,0,0.6239573261004014,14,4,1,5,Normal,0.09609658429314827
-0.5644786802925077,-1.1877572934857208,0,-0.408913599409285,8,5,4,3,Normal,0.12439321270711384
-0.5644786802925077,-1.6764486223441528,1,0.6239573261004014,1,7,0,5,Suspicious,-0.012806415449569952
-0.5644786802925077,1.5349515387255426,0,-0.408913599409285,17,2,4,4,Normal,0.11344777418449647
-0.5644786802925077,1.1509797803367747,1,-0.408913599409285,21,2,1,5,Normal,0.04265227234110969
-0.5644786802925077,1.4302319682558782,0,0.6239573261004014,0,2,2,5,Normal,0.11110039744202965
-0.5644786802925077,-0.664159441137401,0,0.6239573261004014,23,0,3,3,Normal,0.11086469829569945
-0.5644786802925077,0.4877558340289027,1,-1.4417845249189716,9,1,1,6,Normal,0.043609532434328635
-0.5644786802925077,-0.210374635768857,0,-1.4417845249189716,11,4,2,5,Normal,0.14586422605321997
2.316774609810712,0.8368210689277826,0,1.656828251610088,13,1,0,2,Normal,0.030473122704283262
-0.5644786802925077,-1.222663816975609,1,0.6239573261004014,17,6,0,0,Suspicious,-0.005707566900101213
-0.5644786802925077,1.5349515387255426,0,0.6239573261004014,4,3,3,5,Normal,0.1301479485775538
-0.5644786802925077,-0.4198137767081852,0,-0.408913599409285,15,3,3,7,Normal,0.13512897483299707
0.6703441583231574,-0.524533347177849,0,-1.4417845249189716,19,4,0,2,Normal,0.06521093851348791
-0.5644786802925077,-1.4321029579149367,0,-0.408913599409285,6,0,1,7,Normal,0.08736905080255397
-0.5644786802925077,-1.6415420988542648,0,-0.408913599409285,2,4,2,3,Normal,0.12476730863572633
-0.5644786802925077,0.0339710286603586,0,0.6239573261004014,5,0,4,2,Normal,0.10616264891144683
-0.5644786802925077,-0.5943463941576251,0,1.656828251610088,22,4,0,1,Normal,0.07250596931674136
-0.5644786802925077,1.3953254447659904,0,-0.408913599409285,23,4,1,2,Normal,0.1037112849299594
-0.5644786802925077,-0.210374635768857,0,-1.4417845249189716,9,7,1,3,Normal,0.1297030355078484
1.081951771195046,-1.362289910935161,0,-0.408913599409285,3,5,0,7,Normal,0.03289732479505858
2.316774609810712,0.6971949749682306,0,1.656828251610088,20,2,1,2,Normal,0.040516287726417244
-0.1528710674206193,-0.4547203001980731,0,-0.408913599409285,14,3,4,0,Normal,0.10939795387503809
1.9051669969388227,-0.7339724881171771,1,-1.4417845249189716,9,6,3,0,Suspicious,-0.027843776887650495
-0.5644786802925077,-0.2452811592587452,0,-0.408913599409285,16,6,4,4,Normal,0.13770075985673025
-0.5644786802925077,1.3953254447659904,0,1.656828251610088,18,7,2,1,Normal,0.07372009517141576
-0.5644786802925077,-0.6990659646272891,0,-0.408913599409285,10,5,3,4,Normal,0.16815436487621943
1.081951771195046,1.2556993508064382,0,0.6239573261004014,16,0,2,6,Normal,0.07613635850488487
-0.5644786802925077,1.1160732568468863,1,-1.4417845249189716,4,2,0,0,Suspicious,-0.0046352186623764835
1.4935593840669343,-0.5594398706677371,0,-0.408913599409285,17,5,4,1,Normal,0.08750470734324678
1.4935593840669343,-1.117944246505945,0,-0.408913599409285,12,5,4,6,Normal,0.07364173532669671
-0.5644786802925077,-0.4547203001980731,0,-1.4417845249189716,18,3,0,2,Normal,0.1017410292414398
-0.5644786802925077,0.2434101695996867,0,-1.4417845249189716,18,7,0,6,Normal,0.07009286630182054
-0.5644786802925077,0.1386905991300228,0,-0.408913599409285,3,2,1,3,Normal,0.15842775151025262
-0.5644786802925077,0.1037840756401346,0,1.656828251610088,18,7,4,0,Normal,0.0523347816229387
-0.5644786802925077,1.1160732568468863,1,-0.408913599409285,22,5,2,2,Normal,0.028521564841775482
1.081951771195046,-0.3500007297284091,0,-0.408913599409285,22,5,4,5,Normal,0.08733834891471548
-0.5644786802925077,0.6622884514783427,0,-0.408913599409285,9,5,0,3,Normal,0.13181048857632144
-0.5644786802925077,1.6745776326850943,1,-0.408913599409285,21,3,0,7,Normal,0.0015906780955153854
-0.5644786802925077,0.2434101695996867,0,0.6239573261004014,3,7,2,3,Normal,0.12862858757045936
-0.5644786802925077,0.7670080219480067,1,0.6239573261004014,14,4,3,1,Normal,0.06266216186928997
-0.5644786802925077,1.639671109195206,0,-1.4417845249189716,23,5,3,2,Normal,0.06706159682250967
-0.5644786802925077,-0.6990659646272891,1,1.656828251610088,12,5,1,0,Normal,0.016074089782435852
-0.5644786802925077,-1.1528507699958328,0,1.656828251610088,22,2,3,7,Normal,0.06218787072659826
-0.5644786802925077,-0.3849072532182971,0,0.6239573261004014,6,5,3,6,Normal,0.14234911997810895
-0.5644786802925077,1.2556993508064382,0,-1.4417845249189716,5,5,0,6,Normal,0.08836730869716292
-0.5644786802925077,0.4877558340289027,0,0.6239573261004014,22,6,0,3,Normal,0.10319269513582652
2.7283822226826,0.2783166930895746,0,-0.408913599409285,18,7,3,1,Normal,0.04059330968872377
-0.5644786802925077,1.2906058742963262,0,1.656828251610088,17,0,4,6,Normal,0.05046828156530747
-0.5644786802925077,-1.5717290518744889,1,-0.408913599409285,5,4,2,5,Normal,0.05023287131540588
-0.5644786802925077,-0.8037855350969529,0,0.6239573261004014,0,2,4,2,Normal,0.1138256594036528
-0.5644786802925077,0.2783166930895746,0,-1.4417845249189716,23,7,3,6,Normal,0.0830085531736594
-0.5644786802925077,0.1037840756401346,1,1.656828251610088,17,5,2,6,Normal,0.036008314493317095
-0.5644786802925077,-0.524533347177849,0,-0.408913599409285,9,3,4,3,Normal,0.1505895875574647
-0.5644786802925077,0.3830362635592385,1,-0.408913599409285,0,5,3,5,Normal,0.04945907610893585
-0.5644786802925077,-1.117944246505945,1,-0.408913599409285,6,5,2,1,Normal,0.05426870540661821
1.081951771195046,1.2207928273165505,0,1.656828251610088,3,6,1,7,Normal,0.028603307137297418
-0.5644786802925077,1.1858863038266625,0,-0.408913599409285,19,5,0,2,Normal,0.1149548430639723
-0.5644786802925077,0.8368210689277826,1,-0.408913599409285,10,6,3,3,Normal,0.06510565591644457
2.316774609810712,0.3830362635592385,0,0.6239573261004014,21,3,3,4,Normal,0.07758234315690704
1.081951771195046,0.4179427870491267,0,-0.408913599409285,8,6,3,0,Normal,0.09207198027963537
-0.1528710674206193,1.604764585705318,0,-0.408913599409285,17,5,4,5,Normal,0.08277786923311337
1.4935593840669343,0.3481297400693506,1,0.6239573261004014,11,0,4,2,Suspicious,-0.017964137659912227
1.4935593840669343,-1.117944246505945,0,0.6239573261004014,0,4,0,7,Normal,0.03766839588462256
-0.5644786802925077,-1.222663816975609,0,-1.4417845249189716,22,0,2,1,Normal,0.07297633418318383
-0.5644786802925077,-0.0707485418093052,0,-1.4417845249189716,23,7,0,3,Normal,0.061573404989266334
-0.5644786802925077,0.2434101695996867,1,0.6239573261004014,21,6,4,2,Normal,0.02249945132584663
-0.5644786802925077,-0.8386920585868409,0,-0.408913599409285,22,1,2,5,Normal,0.1374999867501806
1.4935593840669343,-1.7113551458340408,0,-1.4417845249189716,8,6,1,6,Normal,0.03762345743075024
-0.5644786802925077,1.3255123977862149,0,-0.408913599409285,12,3,0,6,Normal,0.1206780249090082
-0.5644786802925077,0.8019145454378945,0,-1.4417845249189716,17,6,2,1,Normal,0.10869131615136507
-0.5644786802925077,1.3953254447659904,0,0.6239573261004014,23,0,1,2,Normal,0.09058174079044867
-0.5644786802925077,0.4528493105390145,0,0.6239573261004014,23,5,1,7,Normal,0.09404042270513302
1.081951771195046,0.9066341159075584,0,-0.408913599409285,21,0,4,7,Normal,0.03769542631032374
-0.5644786802925077,-0.873598582076729,0,-0.408913599409285,0,3,1,1,Normal,0.11970356158228351
-0.5644786802925077,-1.6415420988542648,1,-1.4417845249189716,22,2,1,6,Suspicious,-0.0023385816939616166
-0.5644786802925077,1.639671109195206,0,0.6239573261004014,10,4,1,7,Normal,0.098427155301957
-0.5644786802925077,1.7443906796648705,0,-0.408913599409285,22,4,1,3,Normal,0.10247364728037767
-0.5644786802925077,-0.2452811592587452,1,0.6239573261004014,6,1,4,6,Normal,0.023117869336123364
2.7283822226826,-0.524533347177849,0,-1.4417845249189716,14,6,0,4,Normal,0.011780018247678714
-0.5644786802925077,1.0113536863772226,0,-0.408913599409285,20,0,4,5,Normal,0.1030306983759961
-0.1528710674206193,1.3953254447659904,0,-1.4417845249189716,6,1,2,7,Normal,0.08362048245643416
0.258736545451269,-1.362289910935161,0,0.6239573261004014,21,2,2,4,Normal,0.10106941449011253
-0.5644786802925077,0.4877558340289027,0,-0.408913599409285,4,3,0,1,Normal,0.12443698741952969
-0.5644786802925077,-1.3273833874452727,0,-0.408913599409285,12,2,1,5,Normal,0.14904515761644954
-0.5644786802925077,1.1160732568468863,0,1.656828251610088,23,6,3,0,Normal,0.049282427657738825
-0.5644786802925077,0.0339710286603586,0,-1.4417845249189716,23,1,4,5,Normal,0.08894527054057577
-0.5644786802925077,-1.083037723016057,0,0.6239573261004014,16,0,0,6,Normal,0.08506246541095375
-0.5644786802925077,-0.0358420183194171,0,0.6239573261004014,17,0,1,5,Normal,0.12711134100665084
1.081951771195046,0.2085036461097985,1,-0.408913599409285,5,5,3,6,Normal,0.034906395783713795
1.081951771195046,1.604764585705318,0,0.6239573261004014,7,1,4,1,Normal,0.051658705147496264
-0.5644786802925077,1.1858863038266625,1,0.6239573261004014,4,0,0,1,Suspicious,-0.0003535155691652969
-0.5644786802925077,0.8019145454378945,0,-1.4417845249189716,22,3,3,1,Normal,0.09277968020016414
-0.5644786802925077,0.1037840756401346,0,-1.4417845249189716,1,6,1,7,Normal,0.0895403541157006
-0.5644786802925077,-1.1877572934857208,0,0.6239573261004014,11,5,3,4,Normal,0.14629596580389975
-0.5644786802925077,1.3255123977862149,0,-0.408913599409285,18,7,3,4,Normal,0.12050821092760777
-0.5644786802925077,1.5698580622154303,0,-1.4417845249189716,6,2,3,7,Normal,0.07608638788482913
0.258736545451269,0.2434101695996867,0,1.656828251610088,1,3,0,0,Normal,0.03531908259045524
-0.5644786802925077,-0.3849072532182971,1,-0.408913599409285,15,4,1,7,Normal,0.05381615219310609
-0.5644786802925077,0.3481297400693506,1,1.656828251610088,20,3,0,4,Normal,0.010960301599022615
2.7283822226826,0.7670080219480067,0,0.6239573261004014,14,0,1,3,Normal,0.05138555971303893
-0.5644786802925077,-1.222663816975609,0,-0.408913599409285,19,1,2,1,Normal,0.13331165270988143
-0.5644786802925077,1.2556993508064382,0,0.6239573261004014,22,7,1,2,Normal,0.0872793191992075
-0.5644786802925077,0.6622884514783427,1,-0.408913599409285,2,1,0,4,Normal,0.027109566269294616
0.6703441583231574,1.7443906796648705,0,-1.4417845249189716,12,1,0,4,Normal,0.044943868767345685
1.9051669969388227,-0.8386920585868409,0,0.6239573261004014,16,7,4,1,Normal,0.05485164078031801
-0.5644786802925077,0.7321014984581184,0,-0.408913599409285,17,3,1,7,Normal,0.12622490889857063
-0.5644786802925077,-0.2801876827486331,1,1.656828251610088,19,4,0,4,Normal,0.011346808088805949
-0.5644786802925077,-1.222663816975609,0,0.6239573261004014,0,6,4,1,Normal,0.07005810797408318
-0.5644786802925077,1.2906058742963262,0,-0.408913599409285,16,4,1,6,Normal,0.13521139378062014
-0.5644786802925077,0.1386905991300228,1,-0.408913599409285,8,4,2,5,Normal,0.08244875991378131
-0.5644786802925077,0.2783166930895746,0,-0.408913599409285,2,3,3,0,Normal,0.1241842067487226
-0.5644786802925077,-0.1056550652991931,0,0.6239573261004014,13,4,1,6,Normal,0.14649870477709265
-0.5644786802925077,0.1037840756401346,0,-1.4417845249189716,15,3,2,0,Normal,0.10987783933992057
-0.5644786802925077,-1.292476863955385,0,-1.4417845249189716,0,4,3,1,Normal,0.08211593959463304
-0.5644786802925077,-0.908505105566617,0,1.656828251610088,21,7,1,4,Normal,0.07717213492338881
-0.1528710674206193,-0.210374635768857,1,-1.4417845249189716,18,3,2,6,Normal,0.035584368914558184
-0.5644786802925077,0.5924754044985666,0,1.656828251610088,19,6,2,3,Normal,0.1174958388276065
-0.5644786802925077,-0.1754681122789692,0,-1.4417845249189716,0,4,0,6,Normal,0.07735393283042191
-0.5644786802925077,-0.3150942062385213,0,0.6239573261004014,18,7,0,3,Normal,0.09784383150198284
-0.5644786802925077,-1.257570340465497,0,-0.408913599409285,4,6,1,1,Normal,0.12694631482901914
1.4935593840669343,0.6273819279884545,0,-0.408913599409285,23,4,0,2,Normal,0.06116817338915692
-0.5644786802925077,1.0811667333569983,0,0.6239573261004014,13,5,3,0,Normal,0.11808809806176707
-0.5644786802925077,1.4302319682558782,1,-1.4417845249189716,1,1,4,2,Suspicious,-0.013028154775782341
-0.5644786802925077,0.8717275924176705,0,0.6239573261004014,19,4,1,5,Normal,0.13437799125230893
-0.5644786802925077,1.7094841561749825,0,-1.4417845249189716,23,0,4,6,Normal,0.01932348481432289
-0.5644786802925077,-1.4321029579149367,0,0.6239573261004014,3,3,0,6,Normal,0.08556101803053728
-0.5644786802925077,1.1858863038266625,0,-1.4417845249189716,6,6,4,3,Normal,0.09428512096160457
-0.5644786802925077,-1.362289910935161,0,-0.408913599409285,17,5,1,5,Normal,0.13138458489508847
1.081951771195046,-0.8037855350969529,0,-1.4417845249189716,3,6,2,2,Normal,0.08407709995416557
-0.5644786802925077,0.0339710286603586,0,-0.408913599409285,15,1,0,1,Normal,0.12370942155826359
0.6703441583231574,0.9764471628873344,0,-0.408913599409285,0,1,2,4,Normal,0.09285167830345809
-0.5644786802925077,0.7670080219480067,0,1.656828251610088,23,6,3,3,Normal,0.09212092642209391
-0.5644786802925077,0.5226623575187906,0,0.6239573261004014,10,4,4,6,Normal,0.1266523183052306
-0.5644786802925077,0.8717275924176705,0,0.6239573261004014,10,7,1,5,Normal,0.14042745460194772
-0.5644786802925077,-0.5943463941576251,0,-0.408913599409285,18,2,0,5,Normal,0.13073877952702823
-0.5644786802925077,1.5349515387255426,0,-0.408913599409285,23,6,0,2,Normal,0.07056260275447612
-0.5644786802925077,-0.3500007297284091,0,0.6239573261004014,0,2,3,4,Normal,0.123674607469906
-0.5644786802925077,0.4877558340289027,1,-1.4417845249189716,23,5,0,1,Suspicious,-0.007309523228777648
-0.5644786802925077,0.6622884514783427,0,-1.4417845249189716,11,2,3,6,Normal,0.11986418979319258
0.258736545451269,0.6622884514783427,0,-1.4417845249189716,0,6,1,5,Normal,0.0877355373202745
-0.5644786802925077,0.8717275924176705,0,1.656828251610088,2,4,0,3,Normal,0.08163791611556881
2.7283822226826,-1.1877572934857208,0,-1.4417845249189716,23,1,0,5,Suspicious,-0.02627352216523482
-0.5644786802925077,1.0811667333569983,1,-1.4417845249189716,11,3,1,4,Normal,0.045192188121351284
-0.5644786802925077,-1.292476863955385,0,-1.4417845249189716,15,1,1,5,Normal,0.1071084508463257
1.4935593840669343,0.6273819279884545,0,0.6239573261004014,0,7,4,4,Normal,0.035226400702370264
-0.5644786802925077,-0.4547203001980731,0,-0.408913599409285,1,2,1,6,Normal,0.13642691688984532
-0.5644786802925077,1.0811667333569983,0,-0.408913599409285,7,1,4,1,Normal,0.11739892629981596
-0.5644786802925077,1.3604189212761024,1,-0.408913599409285,2,4,2,1,Normal,0.029667211985932918
-0.5644786802925077,0.7670080219480067,0,-0.408913599409285,1,2,4,3,Normal,0.12696487231204917
-0.5644786802925077,1.3255123977862149,0,-1.4417845249189716,3,1,1,0,Normal,0.07673855141263497
-0.5644786802925077,1.5698580622154303,0,1.656828251610088,3,4,0,2,Normal,0.06495428764643163
-0.1528710674206193,-0.3500007297284091,0,-1.4417845249189716,4,2,1,0,Normal,0.08598084089306668
-0.1528710674206193,1.4302319682558782,1,1.656828251610088,16,5,0,5,Suspicious,-0.000539766685033527
-0.5644786802925077,-0.524533347177849,0,0.6239573261004014,11,5,4,7,Normal,0.11309906076564608
-0.5644786802925077,-1.1877572934857208,0,0.6239573261004014,23,7,0,7,Normal,0.030981355188285042
0.6703441583231574,0.0339710286603586,0,-0.408913599409285,23,2,4,1,Normal,0.08173483252566893
-0.5644786802925077,-1.397196434425049,1,-0.408913599409285,13,4,1,1,Normal,0.04327828546865875
-0.5644786802925077,-1.083037723016057,0,0.6239573261004014,17,6,1,7,Normal,0.09903553421544975
-0.5644786802925077,0.5226623575187906,1,-0.408913599409285,4,0,4,3,Normal,0.02507233926628638
-0.5644786802925077,-0.629252917647513,0,-0.408913599409285,19,3,3,3,Normal,0.15809617408342352
-0.5644786802925077,1.639671109195206,1,-1.4417845249189716,0,5,1,7,Suspicious,-0.002737508653321563
2.316774609810712,1.6745776326850943,1,0.6239573261004014,6,3,4,7,Suspicious,-0.05750019126849637
0.258736545451269,0.6971949749682306,0,-0.408913599409285,8,2,3,1,Normal,0.1339106323424969
-0.5644786802925077,0.4179427870491267,1,-0.408913599409285,14,7,4,5,Normal,0.03835677648886526
-0.5644786802925077,0.6622884514783427,0,0.6239573261004014,21,6,4,4,Normal,0.10596167154301828
-0.5644786802925077,1.7443906796648705,0,-0.408913599409285,1,2,1,4,Normal,0.10119288768993573
-0.5644786802925077,1.7443906796648705,0,1.656828251610088,20,7,0,1,Normal,0.044456381575818216
-0.5644786802925077,-0.5943463941576251,0,-1.4417845249189716,11,0,3,0,Normal,0.08973466223778082
1.081951771195046,-0.0707485418093052,0,-1.4417845249189716,2,7,2,3,Normal,0.07541120945031266
-0.1528710674206193,0.1735971226199107,1,-1.4417845249189716,19,6,0,5,Normal,0.012807516633525862
-0.5644786802925077,0.8019145454378945,1,0.6239573261004014,7,4,2,1,Normal,0.06003563938387546
-0.5644786802925077,1.6745776326850943,0,-1.4417845249189716,21,6,4,2,Normal,0.05351611871759032
-0.5644786802925077,-1.048131199526169,0,-0.408913599409285,18,6,1,0,Normal,0.10983989263385852
-0.5644786802925077,-1.5019160048947129,0,-0.408913599409285,4,1,2,4,Normal,0.13957262770369505
-0.5644786802925077,-1.5717290518744889,0,-0.408913599409285,12,6,3,6,Normal,0.11172850950346697
-0.5644786802925077,-1.1877572934857208,1,-1.4417845249189716,2,4,4,0,Suspicious,-0.01670024181635854
-0.5644786802925077,-0.0009354948295292,0,-0.408913599409285,8,3,2,6,Normal,0.1680986358108671
-0.5644786802925077,0.4528493105390145,0,0.6239573261004014,5,1,3,2,Normal,0.14015539533667493
-0.5644786802925077,-0.2801876827486331,0,-1.4417845249189716,11,6,3,1,Normal,0.12262927944438212
-0.1528710674206193,0.1037840756401346,0,1.656828251610088,20,7,0,6,Normal,0.044471855605569766
1.9051669969388227,-1.292476863955385,0,0.6239573261004014,1,2,2,2,Normal,0.07585753089132874
-0.5644786802925077,1.604764585705318,0,-0.408913599409285,6,1,4,6,Normal,0.08468833702800527
-0.5644786802925077,0.4179427870491267,0,-1.4417845249189716,2,5,2,3,Normal,0.1303684868701379
-0.5644786802925077,0.5575688810086785,0,-1.4417845249189716,14,4,1,4,Normal,0.1404350092920295
-0.5644786802925077,-1.1877572934857208,0,-0.408913599409285,1,2,4,5,Normal,0.11097481954059246
-0.5644786802925077,0.1386905991300228,0,-0.408913599409285,4,6,0,5,Normal,0.13322392441935837
-0.5644786802925077,0.4877558340289027,0,0.6239573261004014,21,7,2,3,Normal,0.12215927490413842
0.6703441583231574,-0.210374635768857,0,-0.408913599409285,14,6,2,3,Normal,0.13484585083148998
-0.5644786802925077,-0.873598582076729,0,1.656828251610088,22,6,0,5,Normal,0.06540438987408426
-0.5644786802925077,1.1160732568468863,0,0.6239573261004014,7,1,4,1,Normal,0.10443706088034899
-0.5644786802925077,-1.292476863955385,0,-1.4417845249189716,22,6,4,1,Normal,0.05734254564835106
1.4935593840669343,-1.6764486223441528,0,0.6239573261004014,9,4,1,2,Normal,0.07941839161206388
-0.5644786802925077,-0.3500007297284091,0,0.6239573261004014,20,1,3,5,Normal,0.13294232826852403
-0.5644786802925077,-0.489626823687961,0,-0.408913599409285,21,5,0,5,Normal,0.11968361475391737
-0.5644786802925077,-0.2452811592587452,0,0.6239573261004014,3,6,1,2,Normal,0.13592148294600748
-0.5644786802925077,0.8368210689277826,0,-0.408913599409285,20,6,0,3,Normal,0.11659720499949033
-0.5644786802925077,-0.0009354948295292,0,-0.408913599409285,12,0,1,3,Normal,0.15466145925622748
-0.5644786802925077,0.2085036461097985,0,0.6239573261004014,8,0,2,2,Normal,0.1375373808508334
0.258736545451269,1.0462602098671103,0,-0.408913599409285,10,4,2,3,Normal,0.13456417360246936
-0.5644786802925077,-0.664159441137401,0,-1.4417845249189716,11,1,3,7,Normal,0.10318869099122918
-0.5644786802925077,-1.6415420988542648,1,-0.408913599409285,5,2,3,4,Normal,0.04285648628806271
-0.5644786802925077,-1.1528507699958328,0,1.656828251610088,17,7,4,7,Normal,0.03385451918053162
-0.5644786802925077,1.604764585705318,0,-0.408913599409285,9,6,2,3,Normal,0.13124833872970093
-0.5644786802925077,1.604764585705318,0,-1.4417845249189716,3,5,2,4,Normal,0.11399318274496317
-0.5644786802925077,-0.3849072532182971,0,0.6239573261004014,6,0,2,2,Normal,0.13720267282700227
-0.5644786802925077,0.0339710286603586,0,-0.408913599409285,13,6,4,3,Normal,0.1456047637493303
2.7283822226826,0.5226623575187906,0,-0.408913599409285,19,4,2,5,Normal,0.06285377210221432
2.316774609810712,-1.257570340465497,0,1.656828251610088,18,7,4,6,Suspicious,-0.007930951743629455
0.258736545451269,-1.6066355753643766,1,-0.408913599409285,20,3,2,4,Normal,0.02750308324463069
-0.5644786802925077,-1.292476863955385,0,0.6239573261004014,8,0,3,7,Normal,0.0822880056234141
0.6703441583231574,0.7670080219480067,0,0.6239573261004014,20,5,0,7,Normal,0.0554575853694258
2.316774609810712,-0.0009354948295292,0,0.6239573261004014,16,3,2,1,Normal,0.10466159672475484
-0.5644786802925077,-0.5943463941576251,0,-0.408913599409285,5,0,1,2,Normal,0.14437257992649805
-0.5644786802925077,0.8368210689277826,0,0.6239573261004014,6,7,1,5,Normal,0.1300120687254709
-0.5644786802925077,1.2906058742963262,0,0.6239573261004014,16,3,0,6,Normal,0.10646779134407303
-0.5644786802925077,-1.467009481404825,0,1.656828251610088,9,4,4,5,Normal,0.08083367211625647
-0.5644786802925077,-0.489626823687961,0,-1.4417845249189716,22,2,0,0,Normal,0.06155238217630321
-0.5644786802925077,0.9764471628873344,1,0.6239573261004014,2,1,1,5,Normal,0.026872393777719772
-0.5644786802925077,-1.6764486223441528,0,-0.408913599409285,20,0,2,1,Normal,0.10008786408437265
-0.5644786802925077,-0.664159441137401,0,-0.408913599409285,6,3,1,7,Normal,0.1371611803747454
-0.5644786802925077,1.4651384917457662,0,0.6239573261004014,20,5,2,5,Normal,0.1256660880367102
-0.5644786802925077,1.3604189212761024,1,0.6239573261004014,14,0,0,4,Normal,0.006860356540062229
1.9051669969388227,-1.292476863955385,0,0.6239573261004014,3,1,4,3,Normal,0.053504655267196055
-0.5644786802925077,1.639671109195206,0,-0.408913599409285,16,4,1,2,Normal,0.13021715495779695
-0.5644786802925077,0.6971949749682306,1,-0.408913599409285,5,3,0,4,Normal,0.05016419912084924
2.7283822226826,-1.5717290518744889,0,-1.4417845249189716,7,3,2,6,Normal,0.014223840538147847
-0.5644786802925077,-0.210374635768857,0,0.6239573261004014,21,7,3,6,Normal,0.1039727601040712
-0.5644786802925077,-1.0132246760362809,0,0.6239573261004014,1,1,2,5,Normal,0.13295193628295432
-0.5644786802925077,0.6273819279884545,0,-0.408913599409285,21,3,2,6,Normal,0.1459594185546439
-0.5644786802925077,0.5924754044985666,0,-1.4417845249189716,5,2,0,7,Normal,0.07675210485705974
2.316774609810712,-0.9783181525463928,0,0.6239573261004014,9,2,4,5,Normal,0.0630089109214993
-0.5644786802925077,0.6971949749682306,0,-0.408913599409285,1,4,4,4,Normal,0.11867794273814086
-0.5644786802925077,0.2783166930895746,0,-1.4417845249189716,2,5,1,0,Normal,0.08758478273609638
-0.5644786802925077,-0.0358420183194171,0,1.656828251610088,20,2,4,4,Normal,0.10186635849515768
-0.5644786802925077,-0.0358420183194171,0,0.6239573261004014,8,1,1,5,Normal,0.15057161268090535
-0.5644786802925077,0.6622884514783427,1,0.6239573261004014,9,2,4,2,Normal,0.03697254819011164
0.6703441583231574,0.1386905991300228,0,0.6239573261004014,18,7,1,3,Normal,0.1002751161673835
-0.5644786802925077,-0.3150942062385213,0,-1.4417845249189716,20,2,2,5,Normal,0.12394625267974735
-0.1528710674206193,0.5226623575187906,1,0.6239573261004014,0,1,1,5,Normal,0.011722332826363702
0.258736545451269,-0.2452811592587452,0,0.6239573261004014,19,4,3,5,Normal,0.120285004379934
-0.5644786802925077,-1.5368225283846009,0,-0.408913599409285,9,5,0,5,Normal,0.10714311823821387
-0.1528710674206193,-0.9783181525463928,0,-0.408913599409285,21,7,4,1,Normal,0.07877491086394328
-0.5644786802925077,1.2556993508064382,0,0.6239573261004014,9,1,4,2,Normal,0.10983371208477338
-0.5644786802925077,1.6745776326850943,0,0.6239573261004014,10,6,3,7,Normal,0.08190057508827453
-0.5644786802925077,-0.5594398706677371,1,-1.4417845249189716,0,2,3,5,Normal,0.018989726920139116
-0.5644786802925077,1.5698580622154303,0,1.656828251610088,15,4,2,2,Normal,0.1071044049172844
-0.5644786802925077,-0.524533347177849,0,0.6239573261004014,13,2,2,1,Normal,0.15669242517300203
0.6703441583231574,1.3255123977862149,0,-0.408913599409285,20,1,2,1,Normal,0.08503791297496988
-0.5644786802925077,-1.5368225283846009,0,-1.4417845249189716,9,3,4,6,Normal,0.06945486645371102
1.081951771195046,1.5698580622154303,0,0.6239573261004014,5,6,1,4,Normal,0.07016004998559233
1.081951771195046,-0.7688790116070651,0,-0.408913599409285,0,0,1,6,Normal,0.06898823610039717
1.081951771195046,0.6273819279884545,0,-0.408913599409285,5,3,2,3,Normal,0.1320213897581775
2.7283822226826,-0.8037855350969529,0,-0.408913599409285,8,6,2,1,Normal,0.05848227115342619
-0.5644786802925077,0.5575688810086785,0,1.656828251610088,12,6,2,2,Normal,0.123748663412031
-0.5644786802925077,0.3481297400693506,0,-1.4417845249189716,8,7,3,3,Normal,0.12071772659333657
-0.5644786802925077,1.0462602098671103,0,1.656828251610088,15,4,4,2,Normal,0.10695681856978878
-0.5644786802925077,-0.8386920585868409,0,0.6239573261004014,12,5,1,0,Normal,0.13334066390386634
-0.5644786802925077,-0.7688790116070651,0,1.656828251610088,15,4,3,1,Normal,0.12607327983797584
-0.5644786802925077,-0.908505105566617,0,-1.4417845249189716,1,2,0,7,Normal,0.05702046887936019
-0.5644786802925077,-0.524533347177849,1,-0.408913599409285,0,4,3,2,Normal,0.04240008887905511
-0.5644786802925077,1.7094841561749825,0,-0.408913599409285,7,7,4,4,Normal,0.0733444066911838
-0.5644786802925077,-1.397196434425049,0,-0.408913599409285,11,4,4,1,Normal,0.12014859941024725
-0.5644786802925077,0.1735971226199107,0,1.656828251610088,23,3,0,3,Normal,0.06675878735248442
-0.5644786802925077,-0.873598582076729,0,1.656828251610088,8,2,1,3,Normal,0.12018450095704869
-0.5644786802925077,1.3604189212761024,0,-1.4417845249189716,5,6,2,4,Normal,0.12105891655983891
2.316774609810712,1.1858863038266625,0,0.6239573261004014,15,5,4,6,Normal,0.04078750692048827
-0.5644786802925077,0.7670080219480067,0,-1.4417845249189716,1,7,2,0,Normal,0.0677414284967156
0.6703441583231574,1.5698580622154303,1,-0.408913599409285,16,0,3,0,Suspicious,-0.019732334694339215
1.9051669969388227,-0.3849072532182971,0,-1.4417845249189716,16,0,3,5,Normal,0.04472579821492495
-0.5644786802925077,1.639671109195206,0,-0.408913599409285,5,1,0,5,Normal,0.10094268481280688
1.4935593840669343,-1.6415420988542648,0,1.656828251610088,20,6,3,4,Normal,0.03675106005525863
-0.5644786802925077,0.1735971226199107,0,0.6239573261004014,1,4,2,0,Normal,0.11246901127811831
-0.5644786802925077,0.5226623575187906,0,-1.4417845249189716,2,2,2,1,Normal,0.10808716233306326
-0.5644786802925077,-0.7339724881171771,0,-0.408913599409285,13,7,4,0,Normal,0.09729769475466277
-0.5644786802925077,-1.222663816975609,0,-0.408913599409285,7,7,3,1,Normal,0.1089387557032847
-0.1528710674206193,-0.8037855350969529,1,-1.4417845249189716,9,3,1,6,Normal,0.03255719339275798
1.9051669969388227,-1.397196434425049,0,-0.408913599409285,23,3,2,0,Normal,0.037889072142939906
-0.5644786802925077,-0.943411629056505,0,-0.408913599409285,17,0,1,4,Normal,0.14236873144038364
-0.5644786802925077,0.5575688810086785,1,-1.4417845249189716,19,6,0,2,Normal,0.023928025916328477
1.9051669969388227,-1.467009481404825,0,-0.408913599409285,10,0,1,6,Normal,0.057825236939125224
-0.5644786802925077,-0.1754681122789692,0,0.6239573261004014,3,2,0,7,Normal,0.09081427056567393
-0.5644786802925077,-0.6990659646272891,0,-0.408913599409285,1,0,3,7,Normal,0.08237590475399759
-0.5644786802925077,-1.6066355753643766,0,-1.4417845249189716,6,5,0,6,Normal,0.06079639970926565
1.9051669969388227,0.8019145454378945,1,-0.408913599409285,13,0,3,4,Suspicious,-0.0014849223374669984
-0.1528710674206193,-1.117944246505945,0,-0.408913599409285,7,6,0,3,Normal,0.10251720174339729
0.258736545451269,-1.7113551458340408,0,0.6239573261004014,4,6,4,2,Normal,0.055470003403794044
-0.5644786802925077,1.3604189212761024,0,0.6239573261004014,22,1,4,5,Normal,0.08913186415891383
-0.5644786802925077,-1.292476863955385,0,0.6239573261004014,15,1,4,7,Normal,0.08428676988854533
1.081951771195046,0.1386905991300228,0,1.656828251610088,14,0,1,1,Normal,0.05686847094797243
-0.5644786802925077,1.5698580622154303,1,0.6239573261004014,11,6,3,7,Normal,0.02747700114929774
1.4935593840669343,-0.0358420183194171,0,0.6239573261004014,11,3,3,2,Normal,0.13347610580804636
-0.5644786802925077,0.5226623575187906,0,1.656828251610088,11,7,0,3,Normal,0.09783467243703325
-0.5644786802925077,0.4179427870491267,1,-1.4417845249189716,9,5,2,3,Normal,0.06367786591078362
-0.5644786802925077,0.3132232165794628,0,-1.4417845249189716,3,0,0,0,Normal,0.05819226358271412
-0.5644786802925077,-1.257570340465497,0,-1.4417845249189716,10,2,2,6,Normal,0.1084441656909858
-0.5644786802925077,-0.210374635768857,0,0.6239573261004014,0,0,2,6,Normal,0.10397078943864979
2.7283822226826,-1.292476863955385,1,0.6239573261004014,13,3,0,1,Suspicious,-0.03531758917278249
1.4935593840669343,-1.1877572934857208,0,1.656828251610088,3,0,4,7,Normal,0.002722268856763077
-0.5644786802925077,1.5349515387255426,0,-1.4417845249189716,4,6,0,3,Normal,0.0804632945346131
-0.5644786802925077,-1.5368225283846009,0,0.6239573261004014,13,5,1,1,Normal,0.12751044527031657
1.9051669969388227,-0.2801876827486331,0,-0.408913599409285,18,0,1,7,Normal,0.05701095239641596
-0.1528710674206193,0.7321014984581184,0,-1.4417845249189716,20,5,1,1,Normal,0.08544095954680508
-0.5644786802925077,-0.1405615887890813,0,-0.408913599409285,2,0,2,1,Normal,0.13867885212865322
-0.5644786802925077,0.2434101695996867,0,0.6239573261004014,17,1,1,7,Normal,0.11198148497543553
-0.5644786802925077,-1.7462616693239288,0,-0.408913599409285,10,3,2,4,Normal,0.14117720092720082
-0.5644786802925077,0.3132232165794628,1,-0.408913599409285,21,6,4,1,Normal,0.024822059583947453
-0.5644786802925077,1.6745776326850943,0,-1.4417845249189716,10,4,3,6,Normal,0.0932031105677531
-0.5644786802925077,-0.8037855350969529,0,-0.408913599409285,7,2,1,0,Normal,0.14047768403432187
-0.5644786802925077,-0.6990659646272891,0,0.6239573261004014,18,1,0,0,Normal,0.08935255741670989
-0.5644786802925077,-1.117944246505945,0,-1.4417845249189716,0,6,2,5,Normal,0.10138985808079981
-0.5644786802925077,-1.222663816975609,0,0.6239573261004014,23,7,3,1,Normal,0.08059658474743969
2.7283822226826,-0.873598582076729,0,-0.408913599409285,16,2,4,2,Normal,0.046589035028321124
-0.1528710674206193,-0.0707485418093052,0,-1.4417845249189716,21,2,0,7,Normal,0.052628527000925907
-0.5644786802925077,-1.5019160048947129,0,-1.4417845249189716,12,5,2,0,Normal,0.08995588331810422
1.081951771195046,0.2783166930895746,0,-0.408913599409285,10,3,1,5,Normal,0.1339166268757913
-0.5644786802925077,-0.8386920585868409,0,-1.4417845249189716,9,6,2,7,Normal,0.11223705226347114
-0.5644786802925077,-0.0358420183194171,0,0.6239573261004014,0,0,1,4,Normal,0.1105693745447236
-0.5644786802925077,1.0113536863772226,0,-1.4417845249189716,17,4,4,5,Normal,0.09786036279840771
-0.5644786802925077,0.9066341159075584,0,1.656828251610088,6,6,0,0,Normal,0.06708589164280498
-0.5644786802925077,-0.489626823687961,0,0.6239573261004014,1,3,2,1,Normal,0.14053337927172732
-0.5644786802925077,-0.0009354948295292,0,0.6239573261004014,6,3,0,7,Normal,0.10451372008758142
-0.5644786802925077,1.4302319682558782,0,-1.4417845249189716,23,7,0,5,Normal,0.040057797514753024
-0.5644786802925077,-0.5943463941576251,0,0.6239573261004014,21,5,3,2,Normal,0.12842370020276023
-0.5644786802925077,0.0688775521502468,1,1.656828251610088,13,0,0,1,Suspicious,-0.01576205795534691
-0.5644786802925077,0.8368210689277826,0,-0.408913599409285,15,3,0,0,Normal,0.10636702496451017
-0.5644786802925077,1.2207928273165505,0,-0.408913599409285,11,7,3,5,Normal,0.13170390276693744
-0.5644786802925077,0.8019145454378945,0,-0.408913599409285,4,4,0,1,Normal,0.11483967817955865
1.9051669969388227,0.6971949749682306,0,0.6239573261004014,17,3,1,2,Normal,0.10457345234388737
1.081951771195046,1.3604189212761024,0,-0.408913599409285,20,7,1,0,Normal,0.038073021857477074
-0.5644786802925077,-1.5368225283846009,0,-0.408913599409285,16,4,2,0,Normal,0.10394182461767398
-0.5644786802925077,-0.5594398706677371,0,0.6239573261004014,12,7,0,1,Normal,0.11015214145309837
2.316774609810712,0.7321014984581184,0,0.6239573261004014,3,6,2,6,Normal,0.06124290098448404
-0.5644786802925077,1.5349515387255426,0,-1.4417845249189716,18,6,0,1,Normal,0.05512063131793954
-0.5644786802925077,-0.943411629056505,0,0.6239573261004014,8,5,3,4,Normal,0.15166207392223108
-0.5644786802925077,0.5226623575187906,1,-0.408913599409285,10,3,0,1,Normal,0.04308188722498518
1.081951771195046,-0.5594398706677371,0,-0.408913599409285,0,4,1,2,Normal,0.1053433191966745
-0.5644786802925077,-0.7339724881171771,1,-0.408913599409285,11,6,0,7,Normal,0.02563558030684343
-0.5644786802925077,0.8717275924176705,0,-0.408913599409285,4,3,3,4,Normal,0.15403406524374907
-0.5644786802925077,0.2783166930895746,0,1.656828251610088,2,3,1,3,Normal,0.11142930207447044
-0.5644786802925077,1.5698580622154303,0,-0.408913599409285,16,0,1,5,Normal,0.1120947439208948
0.6703441583231574,-1.7462616693239288,0,-1.4417845249189716,6,6,0,7,Normal,0.008546696339973181
-0.5644786802925077,1.0113536863772226,0,0.6239573261004014,1,0,4,4,Normal,0.08411828037153735
-0.5644786802925077,-0.8037855350969529,0,0.6239573261004014,16,6,4,3,Normal,0.12348150427544347
-0.5644786802925077,-0.664159441137401,0,-1.4417845249189716,6,7,1,7,Normal,0.09084203681522052
-0.5644786802925077,-0.629252917647513,0,-0.408913599409285,9,0,2,1,Normal,0.14808028817736785
0.258736545451269,0.1037840756401346,1,1.656828251610088,14,5,0,1,Suspicious,-0.004085843102058395
1.9051669969388227,0.8019145454378945,0,-0.408913599409285,3,0,1,5,Normal,0.07006112816841481
-0.5644786802925077,1.1509797803367747,1,0.6239573261004014,7,5,0,2,Normal,0.030619192339371715
-0.5644786802925077,1.3255123977862149,0,-1.4417845249189716,22,5,2,7,Normal,0.08968694402740696
-0.5644786802925077,-1.6764486223441528,0,-0.408913599409285,11,6,1,1,Normal,0.11973920251180636
0.258736545451269,-0.943411629056505,0,-1.4417845249189716,11,0,3,5,Normal,0.08145679341563217
0.6703441583231574,0.4528493105390145,0,0.6239573261004014,10,7,4,7,Normal,0.06131896496611633
-0.5644786802925077,-0.629252917647513,0,0.6239573261004014,19,7,1,0,Normal,0.09054279388767861
1.9051669969388227,-1.0132246760362809,0,-0.408913599409285,8,2,2,6,Normal,0.10585905993398526
-0.5644786802925077,-0.6990659646272891,0,1.656828251610088,2,4,3,6,Normal,0.10546228521310896
-0.5644786802925077,0.9066341159075584,0,-0.408913599409285,15,2,2,1,Normal,0.15263478037990114
-0.5644786802925077,1.0811667333569983,0,-0.408913599409285,15,2,0,1,Normal,0.12089362870216913
1.4935593840669343,-0.664159441137401,0,-1.4417845249189716,12,7,2,4,Normal,0.07875910967772914
-0.5644786802925077,-0.8037855350969529,0,-0.408913599409285,22,5,3,1,Normal,0.11888672468014899
-0.5644786802925077,-0.0009354948295292,0,-0.408913599409285,22,0,3,7,Normal,0.09316949190380075
-0.5644786802925077,-1.083037723016057,1,1.656828251610088,8,2,1,4,Normal,0.03074374285619952
-0.5644786802925077,-0.908505105566617,0,0.6239573261004014,5,0,1,7,Normal,0.09443191514041593
-0.5644786802925077,0.9764471628873344,0,0.6239573261004014,2,5,1,3,Normal,0.1348568269685933
1.9051669969388227,1.6745776326850943,0,0.6239573261004014,3,3,3,0,Normal,0.03126351410116057
-0.5644786802925077,0.0688775521502468,0,0.6239573261004014,6,5,3,0,Normal,0.12588232195120053
-0.5644786802925077,1.7094841561749825,0,0.6239573261004014,7,2,1,5,Normal,0.1110570774355727
-0.5644786802925077,-1.083037723016057,0,-1.4417845249189716,12,3,1,3,Normal,0.13421563346448018
-0.5644786802925077,1.1160732568468863,0,1.656828251610088,11,5,1,7,Normal,0.09166815215814572
-0.5644786802925077,0.5226623575187906,1,0.6239573261004014,13,4,3,5,Normal,0.06568224534548006
-0.5644786802925077,1.7094841561749825,0,-1.4417845249189716,3,7,2,4,Normal,0.07499085296409425
-0.1528710674206193,-0.524533347177849,0,-0.408913599409285,0,6,1,6,Normal,0.10542556348482796
-0.5644786802925077,0.7321014984581184,0,-0.408913599409285,19,2,1,5,Normal,0.15287800341344654
-0.1528710674206193,-1.5368225283846009,0,1.656828251610088,23,6,4,3,Normal,0.03510360716279837
1.9051669969388227,1.5349515387255426,0,1.656828251610088,16,5,2,0,Normal,0.011197934525801867
-0.5644786802925077,0.4877558340289027,0,-0.408913599409285,5,1,0,2,Normal,0.11855785904966493
-0.5644786802925077,1.2207928273165505,0,-0.408913599409285,15,4,1,0,Normal,0.12344825043563101
-0.5644786802925077,1.7094841561749825,0,-0.408913599409285,14,3,3,2,Normal,0.12137441886227679
1.081951771195046,-1.083037723016057,0,1.656828251610088,14,7,3,5,Normal,0.05967857194003112
-0.5644786802925077,-0.3500007297284091,0,-0.408913599409285,4,5,1,2,Normal,0.15872083977368945
-0.5644786802925077,1.604764585705318,0,-0.408913599409285,16,2,3,5,Normal,0.12906708291618868
-0.5644786802925077,-1.362289910935161,0,0.6239573261004014,16,0,3,0,Normal,0.09682040183815088
-0.5644786802925077,-0.3849072532182971,0,-0.408913599409285,4,5,1,1,Normal,0.15376997245406487
-0.5644786802925077,0.0688775521502468,0,0.6239573261004014,5,7,3,2,Normal,0.12175663098047629
-0.5644786802925077,-1.222663816975609,1,1.656828251610088,14,5,2,7,Normal,0.01850965185403597
1.9051669969388227,1.3953254447659904,0,-0.408913599409285,7,1,0,3,Normal,0.06425828511761367
1.4935593840669343,-0.873598582076729,0,-1.4417845249189716,19,6,2,1,Normal,0.05817797612704856
0.6703441583231574,1.7094841561749825,0,-0.408913599409285,15,6,1,0,Normal,0.05843484861777426
-0.5644786802925077,-1.6066355753643766,1,0.6239573261004014,22,1,3,6,Normal,0.013662751662232075
1.4935593840669343,0.8368210689277826,0,-0.408913599409285,19,4,0,3,Normal,0.08662543294498903
-0.5644786802925077,-1.257570340465497,0,-1.4417845249189716,14,1,0,3,Normal,0.0918054099614366
-0.1528710674206193,0.1386905991300228,0,-1.4417845249189716,1,6,1,6,Normal,0.09462814456097912
-0.5644786802925077,-0.9783181525463928,1,-1.4417845249189716,13,3,2,4,Normal,0.04673333971296034
-0.5644786802925077,-0.908505105566617,1,-1.4417845249189716,14,3,4,7,Normal,0.014290153479272427
-0.5644786802925077,1.4651384917457662,0,-0.408913599409285,6,0,0,7,Normal,0.07355845733282762
-0.5644786802925077,1.639671109195206,1,-0.408913599409285,22,2,1,6,Normal,0.026826899893361733
-0.5644786802925077,-0.7688790116070651,0,0.6239573261004014,16,2,3,6,Normal,0.14166250569765304
-0.5644786802925077,1.0811667333569983,0,0.6239573261004014,7,2,3,7,Normal,0.11658289323632642
-0.5644786802925077,-0.1405615887890813,0,1.656828251610088,19,6,2,2,Normal,0.11007655431705787
-0.5644786802925077,-0.3500007297284091,0,0.6239573261004014,11,0,1,4,Normal,0.14002678706226712
-0.5644786802925077,0.8019145454378945,0,-1.4417845249189716,16,2,2,4,Normal,0.13367903343561155
-0.5644786802925077,-1.0132246760362809,0,0.6239573261004014,0,2,2,4,Normal,0.1298961643798236
-0.5644786802925077,-1.7113551458340408,1,-0.408913599409285,8,5,4,4,Normal,0.022244947655628677
1.081951771195046,-0.1056550652991931,0,-0.408913599409285,21,2,1,4,Normal,0.11419708672413387
-0.5644786802925077,0.8019145454378945,0,-0.408913599409285,22,1,3,7,Normal,0.10267365123655237
-0.5644786802925077,1.3604189212761024,0,-1.4417845249189716,0,0,2,2,Normal,0.07289128512530119
1.081951771195046,-1.3273833874452727,0,0.6239573261004014,3,7,0,5,Normal,0.044204836586757223
0.258736545451269,-0.3849072532182971,1,-1.4417845249189716,1,1,3,6,Normal,0.00365092810144263
-0.5644786802925077,-1.362289910935161,0,-1.4417845249189716,12,3,2,3,Normal,0.11609731568752141
-0.5644786802925077,-1.467009481404825,0,-1.4417845249189716,5,1,0,5,Normal,0.06016872716751698
-0.5644786802925077,0.9066341159075584,0,0.6239573261004014,7,2,2,6,Normal,0.14218386682616946
-0.5644786802925077,-0.4198137767081852,0,-0.408913599409285,15,4,2,2,Normal,0.16724289621469984
-0.1528710674206193,0.7670080219480067,0,-0.408913599409285,8,1,4,2,Normal,0.10991423383247612
-0.5644786802925077,0.2783166930895746,0,-0.408913599409285,16,2,3,6,Normal,0.15430738640352804
-0.5644786802925077,-0.6990659646272891,0,1.656828251610088,0,3,2,0,Normal,0.0779286225002842
-0.5644786802925077,-1.7113551458340408,0,-0.408913599409285,20,2,0,1,Normal,0.08101730096570936
1.9051669969388227,0.5575688810086785,1,0.6239573261004014,14,1,0,3,Normal,3.3235761125016694e-05
2.316774609810712,-0.943411629056505,0,1.656828251610088,16,4,2,6,Normal,0.03706691576775223
1.081951771195046,1.4651384917457662,0,1.656828251610088,8,5,1,1,Normal,0.055712174168816686
-0.5644786802925077,0.8717275924176705,0,0.6239573261004014,1,2,4,6,Normal,0.10080523003059294
-0.5644786802925077,-1.5368225283846009,0,-0.408913599409285,9,0,3,0,Normal,0.11210527068340265
-0.5644786802925077,1.604764585705318,0,0.6239573261004014,22,7,3,3,Normal,0.08293973186081494
2.316774609810712,-0.9783181525463928,0,-0.408913599409285,14,7,2,0,Normal,0.04963052065585527
2.316774609810712,0.3481297400693506,0,-0.408913599409285,14,4,3,1,Normal,0.09091355013652858
-0.5644786802925077,-0.0358420183194171,0,-0.408913599409285,17,0,0,4,Normal,0.12286351848621457
0.258736545451269,-1.1877572934857208,0,-0.408913599409285,21,4,1,4,Normal,0.11379973577334757
0.6703441583231574,1.2556993508064382,0,-1.4417845249189716,13,0,2,3,Normal,0.06288384809976699
-0.5644786802925077,-1.5019160048947129,1,-0.408913599409285,12,7,2,0,Normal,0.013771478907902202
-0.5644786802925077,0.2783166930895746,0,-0.408913599409285,7,2,4,4,Normal,0.14411828846508895
-0.5644786802925077,-0.210374635768857,0,0.6239573261004014,17,5,1,1,Normal,0.14265076001123017
-0.5644786802925077,1.2556993508064382,0,-1.4417845249189716,1,4,0,0,Normal,0.0510943688732618
1.081951771195046,-0.4547203001980731,0,-1.4417845249189716,15,3,3,2,Normal,0.10138042121811297
-0.5644786802925077,-0.3150942062385213,0,0.6239573261004014,3,2,3,3,Normal,0.15047089374999473
-0.5644786802925077,-0.3150942062385213,1,-0.408913599409285,19,7,0,6,Normal,0.011920133392526733
-0.5644786802925077,-0.629252917647513,0,-0.408913599409285,22,1,4,0,Normal,0.08786078217149895
-0.5644786802925077,-0.3849072532182971,0,-0.408913599409285,4,3,4,4,Normal,0.14505097266366368
-0.1528710674206193,1.0113536863772226,0,-0.408913599409285,11,2,3,6,Normal,0.13184871781569807
-0.5644786802925077,-0.524533347177849,0,-1.4417845249189716,21,6,0,2,Normal,0.08611987176804736
-0.5644786802925077,-0.1056550652991931,1,-0.408913599409285,0,3,4,4,Normal,0.03779955638840615
1.081951771195046,0.9764471628873344,0,-0.408913599409285,13,3,2,6,Normal,0.11071348260228087
-0.5644786802925077,-1.5019160048947129,0,1.656828251610088,6,1,1,4,Normal,0.09802768801466466
-0.5644786802925077,-0.524533347177849,0,-1.4417845249189716,17,2,3,3,Normal,0.1248428622564055
-0.5644786802925077,-1.5717290518744889,0,-0.408913599409285,9,6,4,2,Normal,0.10609221130524904
-0.5644786802925077,1.0462602098671103,0,0.6239573261004014,20,1,3,5,Normal,0.1279147556140242
2.7283822226826,-0.0707485418093052,0,-0.408913599409285,13,4,4,0,Normal,0.02526830563582394
1.081951771195046,-0.7339724881171771,0,0.6239573261004014,13,6,2,0,Normal,0.09553207293283994
-0.5644786802925077,-1.467009481404825,1,-0.408913599409285,21,6,4,0,Suspicious,-0.003064425367531265
2.7283822226826,-0.943411629056505,0,1.656828251610088,3,0,2,6,Normal,0.013298758230488206
-0.1528710674206193,-0.210374635768857,0,-1.4417845249189716,17,0,0,6,Normal,0.05845845612978262
-0.1528710674206193,-0.2452811592587452,0,-0.408913599409285,20,6,4,2,Normal,0.11128112653864408
-0.1528710674206193,1.2207928273165505,0,-0.408913599409285,20,1,4,0,Normal,0.06619500543844847
1.4935593840669343,-1.1528507699958328,1,-0.408913599409285,1,6,1,0,Suspicious,-0.0216029789194242
-0.5644786802925077,-1.1528507699958328,0,-0.408913599409285,6,1,0,3,Normal,0.12195316095443715
-0.5644786802925077,-0.873598582076729,0,-1.4417845249189716,0,3,0,6,Normal,0.07042068473539875
-0.5644786802925077,-1.7462616693239288,0,0.6239573261004014,0,6,2,0,Normal,0.06126634219834648
-0.5644786802925077,-0.664159441137401,1,0.6239573261004014,13,7,2,2,Normal,0.05008852132047237
-0.5644786802925077,-1.7113551458340408,0,-0.408913599409285,16,0,2,4,Normal,0.11255739298507783
-0.5644786802925077,1.7094841561749825,0,0.6239573261004014,5,2,4,3,Normal,0.08472744789452502
1.4935593840669343,0.4179427870491267,0,0.6239573261004014,15,6,3,3,Normal,0.11231674383565848
1.9051669969388227,-1.5717290518744889,0,-0.408913599409285,2,7,4,6,Normal,0.01163167879511895
1.4935593840669343,-0.489626823687961,1,1.656828251610088,0,4,1,7,Suspicious,-0.028501228724757577
1.9051669969388227,0.2085036461097985,0,-0.408913599409285,17,3,0,6,Normal,0.07568687226182991
-0.5644786802925077,0.9764471628873344,0,0.6239573261004014,0,0,1,5,Normal,0.09330901252197288
-0.5644786802925077,-0.7339724881171771,0,-1.4417845249189716,3,7,3,7,Normal,0.08349950238153403
2.7283822226826,-0.4198137767081852,0,-0.408913599409285,0,5,2,5,Normal,0.06154433621621125
-0.1528710674206193,1.4651384917457662,0,-0.408913599409285,0,4,3,0,Normal,0.07779700723621041
-0.5644786802925077,1.5698580622154303,0,0.6239573261004014,21,1,2,2,Normal,0.09483289175826015
-0.5644786802925077,-1.222663816975609,0,0.6239573261004014,21,1,3,1,Normal,0.10730851975759381
-0.5644786802925077,-0.1056550652991931,0,-0.408913599409285,20,4,0,2,Normal,0.12514863728342102
-0.5644786802925077,1.639671109195206,0,1.656828251610088,16,1,4,5,Normal,0.0735880744403058
-0.5644786802925077,-0.6990659646272891,0,-1.4417845249189716,7,4,3,5,Normal,0.1381042513787521
-0.5644786802925077,0.3481297400693506,0,-1.4417845249189716,20,5,4,2,Normal,0.09380712192131202
1.9051669969388227,0.5226623575187906,0,0.6239573261004014,19,7,0,4,Normal,0.05221987629900926
-0.5644786802925077,0.2783166930895746,0,0.6239573261004014,5,3,4,6,Normal,0.12289029629325171
1.081951771195046,0.2434101695996867,1,-1.4417845249189716,0,1,2,2,Normal,0.0022745124482512757
0.6703441583231574,1.0113536863772226,0,-0.408913599409285,22,3,1,4,Normal,0.10159150580717557
-0.5644786802925077,0.8717275924176705,0,-1.4417845249189716,16,1,1,1,Normal,0.10355959907232515
-0.5644786802925077,-0.943411629056505,0,-0.408913599409285,1,5,2,3,Normal,0.1426953206058389
-0.5644786802925077,-1.5019160048947129,0,-0.408913599409285,14,3,0,5,Normal,0.10586065270753864
0.258736545451269,0.1735971226199107,0,1.656828251610088,5,1,4,7,Normal,0.05077454260976333
-0.5644786802925077,-1.5717290518744889,0,-0.408913599409285,21,2,1,4,Normal,0.12423607340663811
-0.5644786802925077,1.3953254447659904,0,-0.408913599409285,16,5,4,0,Normal,0.09143743994259079
-0.5644786802925077,-1.397196434425049,0,1.656828251610088,15,6,2,2,Normal,0.11074399754446124
-0.5644786802925077,-1.3273833874452727,0,-0.408913599409285,0,1,0,1,Normal,0.07752585416394286
-0.5644786802925077,0.5226623575187906,0,-1.4417845249189716,11,0,3,5,Normal,0.11477420242983216
-0.5644786802925077,-1.4321029579149367,0,-1.4417845249189716,2,4,0,4,Normal,0.0700135372346895
-0.1528710674206193,-1.397196434425049,1,-1.4417845249189716,5,0,0,4,Suspicious,-0.015947160084515244
-0.5644786802925077,1.1160732568468863,0,0.6239573261004014,14,0,3,3,Normal,0.1290524679583614
0.258736545451269,1.2207928273165505,0,-0.408913599409285,5,2,4,2,Normal,0.1014988035560731
-0.5644786802925077,0.7670080219480067,0,-1.4417845249189716,1,3,3,3,Normal,0.1087138842728455
-0.5644786802925077,1.1858863038266625,0,0.6239573261004014,16,7,2,6,Normal,0.11056823568128027
-0.5644786802925077,0.4179427870491267,0,-1.4417845249189716,23,2,0,4,Normal,0.0708291255469542
-0.5644786802925077,-1.4321029579149367,0,1.656828251610088,3,4,1,5,Normal,0.09037561684262774
-0.5644786802925077,-0.873598582076729,0,1.656828251610088,21,5,2,0,Normal,0.07557505275706311
0.258736545451269,1.3953254447659904,0,0.6239573261004014,22,5,0,0,Normal,0.0413009846935628
-0.5644786802925077,0.8717275924176705,0,-1.4417845249189716,3,7,2,7,Normal,0.08510990473977054
-0.5644786802925077,-1.5019160048947129,0,-0.408913599409285,4,5,0,0,Normal,0.07645286071044677
-0.5644786802925077,-0.2452811592587452,0,1.656828251610088,13,5,4,5,Normal,0.11119484456750833
-0.5644786802925077,-0.3500007297284091,0,1.656828251610088,22,0,1,3,Normal,0.07997773919472762
-0.5644786802925077,0.3481297400693506,0,0.6239573261004014,14,5,0,5,Normal,0.1294181336187804
-0.5644786802925077,0.3481297400693506,0,0.6239573261004014,15,3,0,5,Normal,0.13217004812693883
-0.5644786802925077,0.2085036461097985,0,-0.408913599409285,20,2,4,7,Normal,0.10761253594685816
-0.5644786802925077,-1.6415420988542648,0,0.6239573261004014,9,5,4,6,Normal,0.08736025740488018
-0.5644786802925077,1.1160732568468863,1,0.6239573261004014,21,6,4,5,Normal,0.00790428567568835
2.316774609810712,0.5924754044985666,0,1.656828251610088,23,4,4,0,Suspicious,-0.0069551454853734596
-0.5644786802925077,-0.8037855350969529,0,-1.4417845249189716,22,7,0,3,Normal,0.05999923357367187
-0.5644786802925077,-0.1405615887890813,0,-0.408913599409285,12,6,3,0,Normal,0.1327900798449682
1.4935593840669343,1.4651384917457662,0,1.656828251610088,16,6,3,6,Normal,0.03593374961906537
-0.5644786802925077,0.8019145454378945,0,-1.4417845249189716,10,2,0,5,Normal,0.10548297350475805
2.7283822226826,-0.8386920585868409,0,-1.4417845249189716,23,6,2,2,Normal,0.0016102875157710805
-0.5644786802925077,-0.2452811592587452,0,1.656828251610088,6,2,1,4,Normal,0.12443523130068229
1.081951771195046,-0.9783181525463928,0,0.6239573261004014,20,5,4,7,Normal,0.05997772361795006
-0.5644786802925077,0.0339710286603586,0,1.656828251610088,5,3,2,2,Normal,0.12936459880314277
-0.5644786802925077,-1.362289910935161,0,-0.408913599409285,14,4,1,2,Normal,0.14539651792655744
1.9051669969388227,-0.0009354948295292,0,-0.408913599409285,8,3,0,5,Normal,0.09161621869591219
1.9051669969388227,0.2783166930895746,0,0.6239573261004014,5,6,3,7,Normal,0.06917737350923281
-0.5644786802925077,-0.629252917647513,0,-0.408913599409285,6,5,2,1,Normal,0.16041749986793014
-0.5644786802925077,-0.0009354948295292,0,1.656828251610088,11,3,0,7,Normal,0.07724509161450543
1.9051669969388227,1.3255123977862149,0,1.656828251610088,19,1,1,6,Normal,0.033964348107690334
-0.5644786802925077,-1.0132246760362809,0,-1.4417845249189716,16,4,2,3,Normal,0.11843144937581218
-0.5644786802925077,0.9066341159075584,1,0.6239573261004014,20,2,4,3,Normal,0.028397711890043253
-0.5644786802925077,0.9066341159075584,0,0.6239573261004014,20,5,0,7,Normal,0.08356306069088193
-0.5644786802925077,-1.1528507699958328,0,0.6239573261004014,11,6,2,1,Normal,0.13898581145836664
0.258736545451269,-0.489626823687961,0,1.656828251610088,4,0,1,2,Normal,0.07244841004517355
-0.5644786802925077,-0.1056550652991931,0,0.6239573261004014,14,4,2,0,Normal,0.12678592611874667
-0.5644786802925077,0.1037840756401346,0,0.6239573261004014,22,1,3,4,Normal,0.134822579674166
-0.5644786802925077,-0.2452811592587452,0,-0.408913599409285,22,0,4,4,Normal,0.10582742641591486
-0.5644786802925077,0.0339710286603586,0,0.6239573261004014,17,5,1,1,Normal,0.14362189900676187
-0.5644786802925077,1.0462602098671103,0,-1.4417845249189716,0,4,3,6,Normal,0.09644781793168644
2.7283822226826,-0.2452811592587452,1,0.6239573261004014,17,5,3,7,Suspicious,-0.019159916007036704
1.081951771195046,-0.3150942062385213,1,0.6239573261004014,17,2,0,7,Suspicious,-0.0054372835335925185
-0.5644786802925077,0.3132232165794628,0,0.6239573261004014,5,1,4,4,Normal,0.12113151066030425
-0.5644786802925077,0.0688775521502468,0,-0.408913599409285,3,1,1,3,Normal,0.15658027588721013
-0.5644786802925077,-1.292476863955385,0,-0.408913599409285,20,1,2,4,Normal,0.1387571271389172
0.258736545451269,0.9764471628873344,0,-0.408913599409285,2,6,3,6,Normal,0.10385158277963458
2.316774609810712,-1.5368225283846009,0,0.6239573261004014,18,5,0,1,Normal,0.044596488084789554
-0.5644786802925077,1.1509797803367747,0,-0.408913599409285,12,3,3,2,Normal,0.1601691950979478
-0.5644786802925077,-1.4321029579149367,1,0.6239573261004014,14,0,2,7,Normal,0.014334669274145728
-0.5644786802925077,0.2783166930895746,0,-0.408913599409285,9,2,0,0,Normal,0.1125655775737997
-0.5644786802925077,-1.1877572934857208,0,-1.4417845249189716,9,5,3,0,Normal,0.09624523454023859
1.081951771195046,-1.397196434425049,0,0.6239573261004014,17,6,1,6,Normal,0.07731212226908657
-0.5644786802925077,-1.6415420988542648,0,-0.408913599409285,7,2,2,3,Normal,0.14327470193789088
2.7283822226826,0.2783166930895746,0,-0.408913599409285,18,6,1,4,Normal,0.05467556679709629
-0.5644786802925077,-0.8386920585868409,0,-0.408913599409285,20,2,0,5,Normal,0.12206771927698234
-0.5644786802925077,1.2906058742963262,0,0.6239573261004014,9,0,1,0,Normal,0.10158196411781317
-0.5644786802925077,-0.524533347177849,1,-1.4417845249189716,13,2,0,5,Normal,0.02758777615532848
-0.5644786802925077,0.6971949749682306,0,1.656828251610088,4,1,2,0,Normal,0.08240081754099049
-0.5644786802925077,-0.210374635768857,0,0.6239573261004014,19,4,1,7,Normal,0.11259935056533721
-0.5644786802925077,-1.7113551458340408,0,-0.408913599409285,20,7,0,5,Normal,0.06125102887948486
-0.5644786802925077,-0.1754681122789692,0,-1.4417845249189716,8,1,3,0,Normal,0.10492123383331281
-0.5644786802925077,0.3132232165794628,0,-0.408913599409285,15,0,1,7,Normal,0.1183458154802518
-0.5644786802925077,-1.292476863955385,0,1.656828251610088,8,4,3,0,Normal,0.08708758710795284
0.258736545451269,-0.943411629056505,1,0.6239573261004014,19,7,4,7,Suspicious,-0.023363114113585826
-0.5644786802925077,-1.4321029579149367,1,0.6239573261004014,15,7,4,7,Suspicious,-0.0008906796595079536
-0.5644786802925077,-0.210374635768857,0,1.656828251610088,15,4,0,1,Normal,0.10032043388491008
-0.5644786802925077,1.2906058742963262,0,0.6239573261004014,17,6,3,1,Normal,0.11393457879355762
-0.5644786802925077,1.2207928273165505,0,1.656828251610088,19,4,1,1,Normal,0.1010936578363898
-0.5644786802925077,1.6745776326850943,0,1.656828251610088,4,3,2,7,Normal,0.06884089931969206
-0.5644786802925077,-0.5594398706677371,1,-0.408913599409285,23,2,1,0,Normal,0.008562465308221467
0.6703441583231574,-1.1877572934857208,0,1.656828251610088,12,6,3,3,Normal,0.08841648475395125
-0.5644786802925077,-0.5943463941576251,0,-0.408913599409285,0,4,2,6,Normal,0.1289149232053527
-0.5644786802925077,-0.3150942062385213,0,0.6239573261004014,8,5,1,5,Normal,0.15920495330714357
-0.5644786802925077,-1.6415420988542648,0,-0.408913599409285,8,2,3,5,Normal,0.1308240152720781
1.4935593840669343,0.1386905991300228,0,-0.408913599409285,2,1,2,4,Normal,0.11305702855992839
1.081951771195046,-0.4198137767081852,1,0.6239573261004014,9,3,2,6,Normal,0.04264627286481659
-0.5644786802925077,-1.292476863955385,1,-0.408913599409285,8,7,3,7,Normal,0.02018008213367517
-0.5644786802925077,-0.629252917647513,1,-0.408913599409285,15,4,0,6,Normal,0.03641661390393203
-0.5644786802925077,1.2207928273165505,0,-0.408913599409285,23,5,1,2,Normal,0.10613532996320724
1.081951771195046,-1.222663816975609,0,-1.4417845249189716,16,0,1,4,Normal,0.05154335181479086
-0.5644786802925077,1.7094841561749825,0,-0.408913599409285,22,2,0,2,Normal,0.060556227570065846
-0.1528710674206193,1.4302319682558782,0,0.6239573261004014,23,3,2,5,Normal,0.08706316388629665
1.081951771195046,-0.7688790116070651,0,-0.408913599409285,19,1,3,5,Normal,0.10858393710283704
-0.5644786802925077,-1.6415420988542648,1,0.6239573261004014,23,3,3,4,Normal,0.022911623572225648
-0.5644786802925077,-0.2801876827486331,0,1.656828251610088,8,6,2,7,Normal,0.0970722789254086
-0.5644786802925077,-1.5368225283846009,0,-1.4417845249189716,11,7,3,6,Normal,0.07157545224132367
-0.5644786802925077,-0.6990659646272891,0,1.656828251610088,14,0,1,4,Normal,0.10252253113217158
1.9051669969388227,0.4528493105390145,0,-0.408913599409285,6,7,4,7,Normal,0.031123654249748833
1.4935593840669343,-1.083037723016057,0,-1.4417845249189716,1,7,0,6,Normal,0.010190513020708947
-0.5644786802925077,-0.3849072532182971,0,0.6239573261004014,14,4,0,7,Normal,0.102561796630524
-0.5644786802925077,-1.257570340465497,0,-1.4417845249189716,7,5,4,7,Normal,0.07108036689979003
0.258736545451269,-0.7339724881171771,0,1.656828251610088,17,0,0,3,Normal,0.039877891729916515
1.081951771195046,-1.292476863955385,0,-0.408913599409285,4,4,3,0,Normal,0.07369394590727951
-0.5644786802925077,0.0688775521502468,0,0.6239573261004014,4,5,0,6,Normal,0.11716959849008646
2.7283822226826,0.2783166930895746,0,0.6239573261004014,14,3,2,1,Normal,0.08367137669275027
-0.5644786802925077,0.6622884514783427,0,-0.408913599409285,1,2,3,4,Normal,0.14057340405758173
-0.5644786802925077,-0.629252917647513,0,-1.4417845249189716,2,5,3,6,Normal,0.1210286489107838
-0.5644786802925077,0.2434101695996867,0,0.6239573261004014,14,5,2,2,Normal,0.15645269219279773
1.081951771195046,-0.1754681122789692,0,-0.408913599409285,13,7,3,0,Normal,0.0852607182080446
-0.5644786802925077,1.1160732568468863,0,-0.408913599409285,18,5,3,3,Normal,0.14726484679654206
-0.5644786802925077,0.2085036461097985,0,0.6239573261004014,9,6,2,4,Normal,0.15915120970507168
2.7283822226826,0.1037840756401346,0,1.656828251610088,4,6,4,6,Suspicious,-0.001708695483969347
-0.5644786802925077,1.604764585705318,0,-0.408913599409285,7,0,1,6,Normal,0.10528732604011598
-0.5644786802925077,-0.3849072532182971,0,0.6239573261004014,16,2,4,7,Normal,0.10865702827136159
1.081951771195046,-1.117944246505945,0,0.6239573261004014,5,4,3,0,Normal,0.07698964487302218
-0.5644786802925077,-0.2801876827486331,1,0.6239573261004014,17,1,0,2,Normal,0.025284304515518108
-0.5644786802925077,0.3481297400693506,0,-1.4417845249189716,10,0,0,3,Normal,0.08932539464117017
-0.5644786802925077,0.5226623575187906,0,-1.4417845249189716,0,4,2,3,Normal,0.11423990978500337
-0.5644786802925077,-1.6764486223441528,0,0.6239573261004014,8,5,0,3,Normal,0.10223941088020116
-0.5644786802925077,-0.8386920585868409,0,-1.4417845249189716,2,6,1,3,Normal,0.11451283043898325
-0.5644786802925077,0.8717275924176705,0,0.6239573261004014,23,5,0,0,Normal,0.0685902105574071
-0.5644786802925077,1.7443906796648705,0,-0.408913599409285,0,6,3,4,Normal,0.09368244543034221
-0.5644786802925077,1.0811667333569983,1,-0.408913599409285,22,2,4,7,Normal,0.010460164871513022
-0.5644786802925077,-0.210374635768857,0,-0.408913599409285,23,1,0,7,Normal,0.07306676671420764
-0.5644786802925077,-0.7688790116070651,1,-1.4417845249189716,16,1,1,5,Normal,0.029168578289016422
2.7283822226826,0.7670080219480067,1,-0.408913599409285,3,3,2,5,Normal,0.005131292602873372
-0.5644786802925077,-0.1754681122789692,0,0.6239573261004014,9,5,3,4,Normal,0.15986292988020756
-0.5644786802925077,-0.8037855350969529,0,-0.408913599409285,18,7,1,0,Normal,0.09627288352022045
-0.5644786802925077,1.3255123977862149,0,1.656828251610088,20,0,0,1,Normal,0.04464535490847377
-0.5644786802925077,-1.222663816975609,1,0.6239573261004014,9,0,0,0,Suspicious,-0.007539419612325515
-0.5644786802925077,-0.524533347177849,0,0.6239573261004014,0,1,3,3,Normal,0.12529205427049972
-0.5644786802925077,0.9415406393974466,0,0.6239573261004014,1,4,1,6,Normal,0.11401195304255518
-0.5644786802925077,-0.3849072532182971,1,-0.408913599409285,7,5,2,4,Normal,0.08052676279513948
-0.5644786802925077,-1.1528507699958328,0,-0.408913599409285,17,7,0,4,Normal,0.10143118948572605
-0.5644786802925077,-0.8386920585868409,0,-0.408913599409285,14,1,2,0,Normal,0.13962727157883237
-0.5644786802925077,-0.7339724881171771,0,0.6239573261004014,2,3,4,0,Normal,0.09445731586141892
2.316774609810712,1.2556993508064382,0,-1.4417845249189716,10,0,3,5,Normal,0.02281783368276491
-0.5644786802925077,-1.5019160048947129,0,1.656828251610088,20,3,2,2,Normal,0.0941611266458714
-0.5644786802925077,-1.292476863955385,0,1.656828251610088,8,5,1,6,Normal,0.09236659902666677
-0.5644786802925077,-0.524533347177849,0,-1.4417845249189716,0,3,0,5,Normal,0.0796291669236705
-0.5644786802925077,-0.629252917647513,0,1.656828251610088,12,4,0,5,Normal,0.09565710396266791
-0.5644786802925077,-1.397196434425049,1,-0.408913599409285,13,6,4,5,Normal,0.03419286362341745
-0.5644786802925077,1.1509797803367747,1,-1.4417845249189716,3,2,4,5,Normal,0.006278535055548318
1.9051669969388227,-0.5943463941576251,0,-1.4417845249189716,10,0,3,3,Normal,0.05138275138849002
-0.5644786802925077,-0.2452811592587452,0,-1.4417845249189716,23,7,0,0,Normal,0.03027878921429472
-0.5644786802925077,1.0811667333569983,1,0.6239573261004014,21,4,0,3,Normal,0.01238495374395343
1.081951771195046,-0.6990659646272891,0,0.6239573261004014,16,2,4,0,Normal,0.07947952940385339
-0.5644786802925077,1.7094841561749825,0,-0.408913599409285,6,0,2,6,Normal,0.09945940698389943
-0.5644786802925077,-0.3500007297284091,0,-0.408913599409285,11,2,0,4,Normal,0.15518692249144395
-0.5644786802925077,-0.8037855350969529,0,-0.408913599409285,9,5,4,3,Normal,0.14003635817274052
-0.5644786802925077,0.9415406393974466,1,1.656828251610088,20,3,3,5,Normal,0.03218362931073071
0.258736545451269,0.8717275924176705,0,0.6239573261004014,1,2,4,3,Normal,0.08167661143415783
-0.5644786802925077,1.0113536863772226,0,0.6239573261004014,7,3,4,0,Normal,0.09661728352453047
1.9051669969388227,-0.7339724881171771,0,-0.408913599409285,3,3,2,5,Normal,0.10018599752729351
-0.5644786802925077,1.7443906796648705,0,0.6239573261004014,6,6,3,0,Normal,0.07199723655275991
-0.5644786802925077,1.604764585705318,0,-0.408913599409285,7,4,3,2,Normal,0.12884531780862235
1.081951771195046,1.4651384917457662,0,-0.408913599409285,3,0,3,5,Normal,0.07121316565480262
-0.5644786802925077,-0.908505105566617,0,0.6239573261004014,11,5,3,7,Normal,0.12124189477747493
-0.5644786802925077,-0.489626823687961,0,-0.408913599409285,16,6,3,4,Normal,0.15725188918581168
-0.5644786802925077,1.5000450152356546,1,0.6239573261004014,19,0,3,3,Normal,0.020470658566342115
-0.5644786802925077,0.5575688810086785,0,-1.4417845249189716,14,2,4,4,Normal,0.11476795414663238
-0.5644786802925077,-0.0009354948295292,0,1.656828251610088,1,4,1,7,Normal,0.07189232012495705
1.4935593840669343,-0.3849072532182971,0,0.6239573261004014,23,5,4,5,Normal,0.0680410143264929
-0.5644786802925077,-1.6415420988542648,0,0.6239573261004014,22,6,3,1,Normal,0.08579059164615677
-0.5644786802925077,-1.5368225283846009,1,-1.4417845249189716,21,1,3,3,Normal,0.004748499596464173
1.081951771195046,-1.083037723016057,0,-1.4417845249189716,5,7,0,2,Normal,0.030245818128855073
-0.5644786802925077,-1.292476863955385,1,-0.408913599409285,12,4,2,3,Normal,0.06409849203851514
-0.5644786802925077,0.4528493105390145,0,-1.4417845249189716,16,4,3,0,Normal,0.09727128991136214
-0.5644786802925077,0.6273819279884545,0,1.656828251610088,3,7,0,0,Normal,0.046680119429401534
-0.1528710674206193,1.7094841561749825,0,-1.4417845249189716,21,1,1,3,Normal,0.05728599108126098
-0.5644786802925077,-1.1877572934857208,0,0.6239573261004014,20,7,4,5,Normal,0.08892651200409851
-0.5644786802925077,-1.0132246760362809,0,-0.408913599409285,23,7,1,1,Normal,0.09262902731342404
1.9051669969388227,-0.0707485418093052,0,-0.408913599409285,0,5,1,2,Normal,0.08695419669534965
-0.5644786802925077,1.2207928273165505,1,0.6239573261004014,0,3,1,7,Normal,0.014777332325000891
-0.5644786802925077,1.639671109195206,0,0.6239573261004014,23,1,4,5,Normal,0.06828077631313878
-0.5644786802925077,-1.083037723016057,0,-0.408913599409285,19,0,4,5,Normal,0.09371100886749129
0.6703441583231574,-0.1754681122789692,0,1.656828251610088,22,3,3,5,Normal,0.0799144482589772
1.9051669969388227,0.0688775521502468,0,-0.408913599409285,7,5,0,7,Normal,0.06615042456516207
1.4935593840669343,-0.664159441137401,0,-1.4417845249189716,1,3,2,0,Normal,0.05298181908109634
0.6703441583231574,-0.1405615887890813,0,-1.4417845249189716,13,3,1,6,Normal,0.10071091489914197
-0.5644786802925077,-0.943411629056505,0,1.656828251610088,18,2,4,6,Normal,0.08678851033123391
-0.5644786802925077,0.9415406393974466,0,0.6239573261004014,2,5,2,4,Normal,0.15128909827751003
-0.5644786802925077,0.2434101695996867,1,-0.408913599409285,22,6,4,6,Normal,0.027905381732424184
-0.5644786802925077,-1.6764486223441528,0,-0.408913599409285,4,0,3,2,Normal,0.10509598703437883
0.258736545451269,-1.6764486223441528,0,-0.408913599409285,21,0,0,7,Normal,0.01715809499812826
-0.5644786802925077,1.604764585705318,0,-0.408913599409285,2,7,2,4,Normal,0.09897433269455902
-0.5644786802925077,0.3830362635592385,0,0.6239573261004014,3,6,0,1,Normal,0.1016295697033045
-0.5644786802925077,0.6273819279884545,1,-1.4417845249189716,0,2,1,2,Normal,0.02218478105753796
-0.5644786802925077,-0.7339724881171771,0,0.6239573261004014,3,5,0,3,Normal,0.12029977392815411
-0.5644786802925077,1.7443906796648705,0,0.6239573261004014,10,1,2,6,Normal,0.10390200911534786
-0.5644786802925077,-1.4321029579149367,1,-0.408913599409285,7,4,0,5,Normal,0.02973054976640277
-0.5644786802925077,0.2783166930895746,0,1.656828251610088,14,7,1,0,Normal,0.07905161612543754
-0.5644786802925077,-0.9783181525463928,0,-0.408913599409285,2,5,2,2,Normal,0.14705789723399748
-0.1528710674206193,1.0462602098671103,0,0.6239573261004014,14,4,0,6,Normal,0.09121880636436841
-0.5644786802925077,-0.3150942062385213,0,-1.4417845249189716,6,7,4,2,Normal,0.09394338773114874
-0.5644786802925077,0.3132232165794628,0,0.6239573261004014,13,2,4,6,Normal,0.1268742688297309
0.258736545451269,0.6971949749682306,0,-0.408913599409285,17,5,2,2,Normal,0.12123885586184363
-0.5644786802925077,0.3481297400693506,0,-1.4417845249189716,0,4,0,7,Normal,0.05843787306890458
-0.1528710674206193,0.5226623575187906,0,0.6239573261004014,17,3,3,5,Normal,0.13318997187668602
0.6703441583231574,-0.4547203001980731,0,0.6239573261004014,13,4,0,7,Normal,0.07914807396750445
-0.5644786802925077,-0.7688790116070651,0,0.6239573261004014,11,1,4,7,Normal,0.10537473138015974
-0.5644786802925077,-1.6066355753643766,0,-1.4417845249189716,0,3,2,7,Normal,0.058116652230748134
-0.5644786802925077,0.2085036461097985,0,-1.4417845249189716,5,2,3,1,Normal,0.11287592979470218
-0.5644786802925077,-1.6415420988542648,0,-0.408913599409285,8,4,1,6,Normal,0.11907739712890814
-0.5644786802925077,0.2783166930895746,0,1.656828251610088,19,1,0,2,Normal,0.07406696309501015
-0.5644786802925077,1.2556993508064382,0,0.6239573261004014,20,2,3,2,Normal,0.12408231302629186
2.7283822226826,-0.908505105566617,0,-1.4417845249189716,1,3,3,6,Normal,0.020169868067254182
-0.5644786802925077,0.8368210689277826,0,-1.4417845249189716,14,7,1,7,Normal,0.08833186828596573
-0.5644786802925077,-0.3849072532182971,0,0.6239573261004014,13,1,0,2,Normal,0.12194177208951767
-0.5644786802925077,0.9415406393974466,0,-0.408913599409285,3,3,4,3,Normal,0.13114049157548707
0.258736545451269,-0.3150942062385213,0,-0.408913599409285,6,6,4,6,Normal,0.10306397661782929
-0.5644786802925077,-1.1528507699958328,0,0.6239573261004014,23,4,2,6,Normal,0.10969900478573896
-0.5644786802925077,1.3604189212761024,0,-0.408913599409285,13,0,3,6,Normal,0.11700526100368253
1.081951771195046,0.8019145454378945,0,0.6239573261004014,16,1,2,5,Normal,0.09586883087423959
-0.5644786802925077,0.8717275924176705,0,-1.4417845249189716,10,5,2,7,Normal,0.12069590258607915
1.4935593840669343,1.0113536863772226,1,1.656828251610088,23,2,3,5,Suspicious,-0.014225117986061409
2.316774609810712,-1.5717290518744889,0,-0.408913599409285,2,2,3,5,Normal,0.04496213873464172
-0.5644786802925077,1.3255123977862149,0,1.656828251610088,18,0,4,0,Normal,0.039476302693871035
2.7283822226826,1.5349515387255426,0,-1.4417845249189716,19,7,1,3,Normal,0.0005596861740231329
-0.5644786802925077,-1.1528507699958328,0,-1.4417845249189716,7,0,4,1,Normal,0.06881911456734391
2.7283822226826,-0.1405615887890813,0,0.6239573261004014,18,1,3,7,Normal,0.04166325501608459
-0.5644786802925077,-1.397196434425049,0,-0.408913599409285,1,3,0,3,Normal,0.10230743020253463
-0.5644786802925077,-1.7113551458340408,1,0.6239573261004014,13,0,4,2,Suspicious,-0.00046168445044947326
-0.5644786802925077,1.1509797803367747,0,-0.408913599409285,1,6,3,2,Normal,0.12130726078368892
1.9051669969388227,-1.397196434425049,0,1.656828251610088,8,7,4,0,Suspicious,-0.014923427604425998
1.9051669969388227,-1.5368225283846009,0,-1.4417845249189716,16,2,4,5,Normal,0.01833732055392545
-0.5644786802925077,-0.8386920585868409,1,-0.408913599409285,16,6,2,7,Normal,0.04607879278305338
-0.5644786802925077,-1.222663816975609,0,1.656828251610088,12,6,3,3,Normal,0.1134481209604295
0.6703441583231574,0.0339710286603586,0,0.6239573261004014,10,3,0,3,Normal,0.11468110232942869
-0.5644786802925077,1.0462602098671103,0,0.6239573261004014,20,7,3,1,Normal,0.10063929276824468
-0.5644786802925077,1.2556993508064382,0,-1.4417845249189716,15,5,1,3,Normal,0.12299101890012809
1.4935593840669343,1.639671109195206,0,0.6239573261004014,19,2,0,7,Normal,0.020137650727321987
-0.5644786802925077,1.0462602098671103,0,0.6239573261004014,19,7,3,3,Normal,0.12073352797371717
-0.5644786802925077,-1.257570340465497,0,1.656828251610088,10,4,1,2,Normal,0.11370034182984129
2.316774609810712,1.5000450152356546,1,0.6239573261004014,3,7,4,0,Suspicious,-0.06586352606009738
1.081951771195046,-0.210374635768857,1,0.6239573261004014,7,3,3,0,Normal,0.014873247338744178
-0.5644786802925077,1.639671109195206,0,-1.4417845249189716,14,6,2,4,Normal,0.10396078022389021
-0.5644786802925077,-1.117944246505945,0,-0.408913599409285,22,1,2,1,Normal,0.129963852809519
-0.5644786802925077,-0.2801876827486331,0,-0.408913599409285,8,0,4,2,Normal,0.12687881252832206
-0.5644786802925077,1.1509797803367747,0,0.6239573261004014,0,1,0,3,Normal,0.09253593201946775
-0.5644786802925077,0.3830362635592385,0,0.6239573261004014,1,4,1,1,Normal,0.12499252103229536
-0.5644786802925077,-1.7113551458340408,0,1.656828251610088,16,0,2,3,Normal,0.06691000257705881
-0.5644786802925077,1.4651384917457662,0,-0.408913599409285,16,6,1,2,Normal,0.1326787435620213
-0.5644786802925077,0.9764471628873344,0,-1.4417845249189716,3,5,0,1,Normal,0.07718458499172698
-0.5644786802925077,0.2783166930895746,0,1.656828251610088,20,1,4,6,Normal,0.08004319298888518
-0.5644786802925077,0.3830362635592385,1,0.6239573261004014,19,5,2,5,Normal,0.05878499565543238
-0.5644786802925077,1.5349515387255426,0,1.656828251610088,12,6,0,7,Normal,0.054870798878359994
-0.5644786802925077,0.6273819279884545,0,0.6239573261004014,23,7,4,6,Normal,0.0774142824063242
-0.5644786802925077,-0.3849072532182971,0,1.656828251610088,20,7,3,7,Normal,0.05003592753312969
-0.5644786802925077,-0.7339724881171771,1,-1.4417845249189716,21,2,3,5,Normal,0.031211479022758226
-0.5644786802925077,-0.0009354948295292,0,-1.4417845249189716,13,5,3,1,Normal,0.12317335675966062
-0.5644786802925077,1.5000450152356546,0,1.656828251610088,13,2,4,5,Normal,0.09398460779637174
-0.5644786802925077,-1.5717290518744889,0,-1.4417845249189716,17,2,4,5,Normal,0.06766652933521844
-0.5644786802925077,-1.7113551458340408,0,-0.408913599409285,20,5,3,3,Normal,0.11070217802581017
2.316774609810712,-0.7688790116070651,0,-0.408913599409285,18,4,3,5,Normal,0.07695129514090204
-0.5644786802925077,-1.1528507699958328,0,-0.408913599409285,4,5,2,3,Normal,0.15211209337484705
-0.5644786802925077,-1.083037723016057,0,0.6239573261004014,23,5,0,0,Normal,0.06252554038500513
-0.5644786802925077,0.6273819279884545,0,-1.4417845249189716,16,0,2,4,Normal,0.11375380145964298
-0.5644786802925077,0.6971949749682306,0,0.6239573261004014,16,1,2,5,Normal,0.14716009232407873
-0.5644786802925077,-0.5943463941576251,1,1.656828251610088,7,7,0,7,Suspicious,-0.015172494088698252
1.4935593840669343,-1.467009481404825,1,0.6239573261004014,18,7,1,1,Suspicious,-0.01541421644831975
-0.5644786802925077,-0.2452811592587452,0,1.656828251610088,3,4,0,2,Normal,0.08636098688592175
-0.5644786802925077,-1.6764486223441528,1,-0.408913599409285,8,1,0,2,Normal,0.009452374177371103
-0.5644786802925077,-0.6990659646272891,0,-0.408913599409285,11,2,1,3,Normal,0.17378000193326754
-0.5644786802925077,1.0113536863772226,1,-1.4417845249189716,21,7,1,5,Normal,0.013557091231857
0.6703441583231574,-1.5019160048947129,0,0.6239573261004014,1,3,4,2,Normal,0.06944652025326303
1.081951771195046,1.0811667333569983,1,1.656828251610088,3,4,3,7,Suspicious,-0.01088794429200457
0.6703441583231574,-1.397196434425049,0,1.656828251610088,4,5,3,2,Normal,0.07623025892591273
-0.5644786802925077,-0.210374635768857,0,-0.408913599409285,19,7,2,5,Normal,0.1314859930738258
-0.5644786802925077,-1.1528507699958328,0,-0.408913599409285,23,0,0,3,Normal,0.07391280005850209
2.7283822226826,-0.524533347177849,0,1.656828251610088,3,7,0,3,Normal,0.0014394971710151028
-0.5644786802925077,-0.4547203001980731,0,-0.408913599409285,4,0,4,4,Normal,0.11919369463847124
-0.5644786802925077,-1.117944246505945,0,-1.4417845249189716,16,1,4,4,Normal,0.09830785547819099
-0.5644786802925077,0.0339710286603586,0,1.656828251610088,0,0,1,6,Normal,0.0652547342166
-0.5644786802925077,1.604764585705318,0,-0.408913599409285,14,1,1,2,Normal,0.12633767093795345
2.316774609810712,1.0462602098671103,0,-1.4417845249189716,19,0,2,3,Normal,0.026607573665517026
-0.5644786802925077,0.9415406393974466,0,0.6239573261004014,5,2,1,3,Normal,0.14639537005997622
-0.5644786802925077,-0.7339724881171771,0,-0.408913599409285,10,3,1,2,Normal,0.17129254641258385
-0.5644786802925077,1.639671109195206,1,-0.408913599409285,14,5,1,1,Normal,0.035274042397686944
0.258736545451269,-1.1528507699958328,0,-0.408913599409285,4,6,0,7,Normal,0.06402113007515242
-0.5644786802925077,-0.1056550652991931,0,-0.408913599409285,14,1,1,0,Normal,0.13870862352548197
-0.1528710674206193,-1.5717290518744889,0,-0.408913599409285,18,6,0,0,Normal,0.05215073185900965
-0.5644786802925077,-1.6764486223441528,0,-1.4417845249189716,8,3,0,6,Normal,0.06792664011014848
-0.5644786802925077,-0.5594398706677371,0,0.6239573261004014,16,1,1,6,Normal,0.1371492873444347
-0.5644786802925077,1.0113536863772226,0,1.656828251610088,21,3,2,6,Normal,0.10591970078896257
-0.5644786802925077,-0.0358420183194171,0,-0.408913599409285,22,4,2,1,Normal,0.1335404011274549
-0.5644786802925077,1.0113536863772226,0,-0.408913599409285,6,7,2,0,Normal,0.09382303168568185
-0.5644786802925077,-1.257570340465497,0,-0.408913599409285,7,4,3,6,Normal,0.13197354410313356
-0.5644786802925077,-0.8386920585868409,1,1.656828251610088,15,5,0,4,Normal,0.016666180487308502
1.081951771195046,-1.362289910935161,0,1.656828251610088,7,1,1,1,Normal,0.049790314826221205
-0.5644786802925077,0.5226623575187906,0,-1.4417845249189716,13,0,4,1,Normal,0.08133555719639851
1.9051669969388227,0.5924754044985666,0,-0.408913599409285,4,3,2,5,Normal,0.10374647414296712
2.7283822226826,0.8019145454378945,0,0.6239573261004014,14,6,1,0,Normal,0.043739849515640916
-0.5644786802925077,-1.362289910935161,0,-0.408913599409285,13,5,2,0,Normal,0.12295647443685659
0.6703441583231574,0.5575688810086785,0,0.6239573261004014,5,3,3,7,Normal,0.10320338307848853
-0.5644786802925077,0.6971949749682306,0,1.656828251610088,13,5,2,5,Normal,0.1380491112237116
-0.5644786802925077,-1.467009481404825,0,0.6239573261004014,4,4,4,3,Normal,0.101075908461423
-0.5644786802925077,1.639671109195206,1,0.6239573261004014,20,1,3,6,Normal,0.01387487544880417
1.081951771195046,1.1509797803367747,0,0.6239573261004014,4,0,2,0,Normal,0.057040389796851776
-0.5644786802925077,-1.7113551458340408,0,0.6239573261004014,3,7,1,3,Normal,0.08337328514491038
-0.5644786802925077,0.4528493105390145,0,0.6239573261004014,19,2,2,5,Normal,0.15061073885659199
-0.5644786802925077,-0.2801876827486331,0,1.656828251610088,8,6,3,3,Normal,0.11969137558860232
-0.5644786802925077,-1.117944246505945,1,-0.408913599409285,1,4,2,0,Normal,0.019997068079557923
-0.5644786802925077,-0.3849072532182971,0,-1.4417845249189716,23,5,0,2,Normal,0.08125054221384542
-0.5644786802925077,0.8019145454378945,0,-1.4417845249189716,19,4,4,4,Normal,0.10341169307604736
-0.5644786802925077,-1.362289910935161,1,0.6239573261004014,3,6,0,7,Suspicious,-0.0027675529671324917
-0.5644786802925077,1.3953254447659904,0,-0.408913599409285,3,6,0,6,Normal,0.09492439636401806
-0.5644786802925077,0.3481297400693506,0,1.656828251610088,16,2,2,4,Normal,0.13583948600836943
-0.5644786802925077,1.5349515387255426,0,0.6239573261004014,21,7,1,1,Normal,0.0719039495086794
2.7283822226826,-0.210374635768857,0,-0.408913599409285,11,5,0,6,Normal,0.049719056877702617
0.258736545451269,0.9066341159075584,0,0.6239573261004014,14,3,2,4,Normal,0.1305462242830871
1.081951771195046,-0.2452811592587452,0,-0.408913599409285,11,6,3,3,Normal,0.13625646244347128
-0.5644786802925077,-0.908505105566617,0,-0.408913599409285,11,0,2,7,Normal,0.11710286275515841
-0.5644786802925077,-0.210374635768857,1,-1.4417845249189716,2,6,4,1,Normal,0.006674284371517514
-0.5644786802925077,1.1858863038266625,0,0.6239573261004014,20,7,3,3,Normal,0.11458435109563847
-0.5644786802925077,-0.1754681122789692,0,-1.4417845249189716,11,6,3,5,Normal,0.14398259038159483
-0.5644786802925077,-0.1405615887890813,1,0.6239573261004014,19,2,1,4,Normal,0.0473482468966574
-0.5644786802925077,-0.7339724881171771,0,-0.408913599409285,0,5,1,3,Normal,0.13025336094141365
-0.5644786802925077,0.8717275924176705,1,-0.408913599409285,1,7,0,7,Normal,0.00230218639167612
1.081951771195046,1.3953254447659904,0,0.6239573261004014,19,1,1,2,Normal,0.07987152023454702
-0.5644786802925077,0.3830362635592385,1,1.656828251610088,6,4,0,1,Normal,0.005859706640611195
-0.5644786802925077,1.0811667333569983,0,1.656828251610088,22,3,1,1,Normal,0.08066621282670983
-0.5644786802925077,-0.1754681122789692,0,0.6239573261004014,11,6,4,5,Normal,0.12936859763291403
-0.5644786802925077,1.1509797803367747,1,-1.4417845249189716,17,5,1,7,Normal,0.023914472648834062
0.258736545451269,-0.5594398706677371,0,1.656828251610088,14,3,0,1,Normal,0.06602814775753585
-0.5644786802925077,0.8019145454378945,0,1.656828251610088,12,6,2,4,Normal,0.12795441234341443
-0.5644786802925077,-1.117944246505945,0,-0.408913599409285,22,0,3,4,Normal,0.12167863685664876
-0.5644786802925077,-1.1528507699958328,0,-0.408913599409285,21,3,2,1,Normal,0.1345807907900634
-0.5644786802925077,-0.9783181525463928,0,1.656828251610088,11,0,4,7,Normal,0.04608937734127483
-0.1528710674206193,0.6622884514783427,0,-0.408913599409285,11,5,0,2,Normal,0.11555237877643015
-0.1528710674206193,-0.524533347177849,0,-0.408913599409285,10,5,0,7,Normal,0.10264515211471237
1.081951771195046,1.4651384917457662,1,-1.4417845249189716,15,5,1,5,Normal,0.007041269870189937
-0.5644786802925077,1.2556993508064382,0,-0.408913599409285,0,6,0,4,Normal,0.09539169216179666
-0.5644786802925077,0.3132232165794628,0,1.656828251610088,12,6,3,5,Normal,0.1202485381405945
-0.1528710674206193,-1.6415420988542648,0,-0.408913599409285,13,7,0,1,Normal,0.05794333649000172
2.7283822226826,0.0339710286603586,0,0.6239573261004014,16,0,2,7,Normal,0.02959042299341763
-0.5644786802925077,0.7321014984581184,0,-1.4417845249189716,11,7,1,6,Normal,0.11594077854685159
-0.5644786802925077,-0.4198137767081852,1,-1.4417845249189716,22,7,2,2,Normal,0.0029364844859487427
1.081951771195046,-1.5717290518744889,0,-0.408913599409285,7,4,4,4,Normal,0.06262580136710838
1.9051669969388227,-1.362289910935161,0,0.6239573261004014,7,4,3,4,Normal,0.08260300072302018
0.6703441583231574,0.3132232165794628,0,-0.408913599409285,21,5,3,2,Normal,0.11185789928137352
-0.5644786802925077,-1.4321029579149367,0,-0.408913599409285,18,1,1,6,Normal,0.11126389833648431
0.6703441583231574,-0.5594398706677371,0,-0.408913599409285,11,1,2,5,Normal,0.1364453657874206
2.7283822226826,-0.8386920585868409,0,-0.408913599409285,9,4,1,5,Normal,0.06849406753002396
-0.5644786802925077,1.5698580622154303,0,-1.4417845249189716,10,3,4,5,Normal,0.07544134483911524
0.258736545451269,-1.5019160048947129,0,-0.408913599409285,15,5,3,2,Normal,0.1111162113403596
-0.5644786802925077,-0.0358420183194171,0,0.6239573261004014,19,0,3,0,Normal,0.10579841508815518
-0.5644786802925077,-0.1754681122789692,0,0.6239573261004014,1,1,4,7,Normal,0.08543942224083811
-0.5644786802925077,-0.2801876827486331,0,-1.4417845249189716,19,0,3,3,Normal,0.10190238779744476
2.316774609810712,-0.873598582076729,0,-0.408913599409285,7,0,0,5,Normal,0.04375016239502283
1.081951771195046,0.3830362635592385,0,1.656828251610088,6,3,2,6,Normal,0.08237655481721418
-0.5644786802925077,1.5000450152356546,0,-0.408913599409285,21,7,0,7,Normal,0.05236352955679413
-0.5644786802925077,-1.1877572934857208,0,-1.4417845249189716,3,5,1,4,Normal,0.11914106991858153
-0.5644786802925077,-0.1754681122789692,1,0.6239573261004014,17,0,2,5,Normal,0.036123237175824774
1.9051669969388227,-1.0132246760362809,0,-1.4417845249189716,8,4,4,3,Normal,0.04386836379831982
-0.5644786802925077,1.2906058742963262,0,-1.4417845249189716,5,7,3,0,Normal,0.05739124861239553
-0.5644786802925077,1.1509797803367747,0,1.656828251610088,4,2,2,0,Normal,0.08861510609814482
-0.5644786802925077,1.3604189212761024,0,-1.4417845249189716,17,7,0,5,Normal,0.06669302866975635
-0.5644786802925077,0.4528493105390145,0,1.656828251610088,0,5,2,5,Normal,0.10635351778639834
-0.5644786802925077,-1.467009481404825,0,1.656828251610088,19,2,3,5,Normal,0.09285761384454438
-0.5644786802925077,0.5575688810086785,0,-0.408913599409285,14,4,3,1,Normal,0.15204768801124274
-0.5644786802925077,0.2085036461097985,0,-1.4417845249189716,1,4,1,5,Normal,0.11653545189694675
-0.1528710674206193,-0.489626823687961,0,-0.408913599409285,17,5,1,1,Normal,0.13294324487254205
-0.5644786802925077,-0.2452811592587452,0,-0.408913599409285,20,7,4,1,Normal,0.09918000501648871
-0.5644786802925077,1.639671109195206,0,-0.408913599409285,19,1,3,0,Normal,0.08165645071313499
-0.5644786802925077,0.8019145454378945,0,-1.4417845249189716,23,2,2,0,Normal,0.06688827088696891
-0.5644786802925077,-0.2801876827486331,0,1.656828251610088,9,0,1,3,Normal,0.0924039857472917
2.316774609810712,-1.1528507699958328,0,-1.4417845249189716,3,2,1,0,Normal,0.02145311708033948
-0.5644786802925077,0.1386905991300228,0,-1.4417845249189716,11,3,2,7,Normal,0.12221425003327735
-0.5644786802925077,-0.908505105566617,0,0.6239573261004014,21,6,0,7,Normal,0.07183549332980943
2.7283822226826,-0.3500007297284091,0,0.6239573261004014,22,2,2,3,Normal,0.06615697357621908
1.9051669969388227,-0.0358420183194171,0,1.656828251610088,19,0,1,1,Normal,0.04346261942871832
-0.5644786802925077,-0.7339724881171771,0,-0.408913599409285,20,4,2,1,Normal,0.1404762443854342
-0.5644786802925077,0.4877558340289027,0,0.6239573261004014,13,6,2,7,Normal,0.1291352593875022
-0.5644786802925077,-0.8037855350969529,0,-0.408913599409285,9,6,3,6,Normal,0.14562738001489195
-0.5644786802925077,0.1037840756401346,0,1.656828251610088,21,4,2,6,Normal,0.10313936622752051
-0.5644786802925077,0.9415406393974466,0,0.6239573261004014,19,2,3,5,Normal,0.14182788311015482
-0.5644786802925077,1.4651384917457662,0,1.656828251610088,13,2,0,7,Normal,0.05550401073368194
-0.5644786802925077,1.639671109195206,0,-0.408913599409285,4,2,2,4,Normal,0.13634007819387728
-0.5644786802925077,1.5698580622154303,0,-0.408913599409285,23,1,2,0,Normal,0.05806009751598107
-0.5644786802925077,0.5226623575187906,0,-1.4417845249189716,1,4,4,0,Normal,0.06951920079536111
-0.5644786802925077,-1.3273833874452727,0,-0.408913599409285,3,1,1,5,Normal,0.1321589244842304
-0.5644786802925077,0.8717275924176705,0,-0.408913599409285,15,2,0,3,Normal,0.13248485171883106
1.9051669969388227,0.8717275924176705,0,0.6239573261004014,13,4,3,3,Normal,0.10752104721012862
0.6703441583231574,0.4179427870491267,0,-1.4417845249189716,8,6,0,7,Normal,0.05424259696537459
-0.5644786802925077,0.6971949749682306,0,-0.408913599409285,2,7,0,5,Normal,0.10032143018263184
-0.5644786802925077,-0.3150942062385213,0,0.6239573261004014,10,2,3,6,Normal,0.1508269175168247
1.4935593840669343,-1.6066355753643766,0,-0.408913599409285,2,2,0,4,Normal,0.05444996775361344
-0.1528710674206193,-0.524533347177849,0,0.6239573261004014,0,7,2,4,Normal,0.09503046489584899
2.7283822226826,0.1386905991300228,0,-1.4417845249189716,7,5,2,2,Normal,0.038783789948263814
1.081951771195046,-0.1754681122789692,0,0.6239573261004014,3,7,2,1,Normal,0.08693066450883413
-0.5644786802925077,-0.2801876827486331,1,0.6239573261004014,18,7,4,7,Suspicious,-0.005934914454911566
-0.5644786802925077,1.1160732568468863,1,-0.408913599409285,21,5,3,1,Normal,0.018346487557446722
1.081951771195046,0.8019145454378945,1,-0.408913599409285,8,0,2,5,Normal,0.020399209326619316
-0.5644786802925077,0.7321014984581184,0,1.656828251610088,12,4,1,5,Normal,0.1239089264811824
-0.5644786802925077,0.9415406393974466,0,1.656828251610088,18,7,4,2,Normal,0.07830173263823181
-0.5644786802925077,0.5226623575187906,0,-0.408913599409285,6,5,2,2,Normal,0.1655313941734864
-0.5644786802925077,-0.4547203001980731,1,-0.408913599409285,17,3,1,3,Normal,0.059743617765102286
-0.5644786802925077,-1.0132246760362809,0,-0.408913599409285,20,4,1,3,Normal,0.143589030523132
2.316774609810712,1.3953254447659904,1,0.6239573261004014,8,3,4,7,Suspicious,-0.04866385331226275
2.7283822226826,1.1858863038266625,0,1.656828251610088,16,7,1,1,Normal,0.00854420491414598
1.081951771195046,-1.397196434425049,0,0.6239573261004014,11,2,1,3,Normal,0.10900119479883447
-0.5644786802925077,-0.629252917647513,0,-0.408913599409285,18,3,0,0,Normal,0.10664870770085944
-0.5644786802925077,-1.7462616693239288,0,-0.408913599409285,9,4,4,6,Normal,0.08308562375578643
-0.5644786802925077,-0.0009354948295292,0,-0.408913599409285,1,3,0,2,Normal,0.11586413342838825
-0.5644786802925077,1.1509797803367747,0,-0.408913599409285,12,7,3,3,Normal,0.13270905237652564
-0.5644786802925077,0.9764471628873344,0,1.656828251610088,15,3,4,1,Normal,0.10478628395626677
-0.5644786802925077,-1.257570340465497,0,-0.408913599409285,18,4,1,7,Normal,0.11091678203987299
-0.5644786802925077,1.1858863038266625,0,1.656828251610088,3,2,1,1,Normal,0.10302470730497992
-0.5644786802925077,-0.3500007297284091,0,-1.4417845249189716,5,4,2,2,Normal,0.13211776640338213
2.7283822226826,1.7094841561749825,1,0.6239573261004014,13,3,0,6,Suspicious,-0.04254628451276177
-0.1528710674206193,-0.1754681122789692,0,0.6239573261004014,22,5,3,3,Normal,0.12104033820885973
-0.5644786802925077,-1.048131199526169,1,0.6239573261004014,23,2,3,5,Normal,0.03156883395617904
-0.5644786802925077,-1.7113551458340408,0,0.6239573261004014,16,6,0,2,Normal,0.08733182974171128
2.316774609810712,-0.9783181525463928,0,-0.408913599409285,0,3,1,2,Normal,0.06355723968352955
-0.5644786802925077,1.0113536863772226,0,-0.408913599409285,9,1,0,6,Normal,0.11860223314296542
-0.5644786802925077,-0.873598582076729,0,-0.408913599409285,0,5,1,3,Normal,0.1269738242834173
-0.1528710674206193,0.6622884514783427,0,-0.408913599409285,21,5,0,6,Normal,0.09876055706086662
0.6703441583231574,-1.6066355753643766,0,-1.4417845249189716,2,4,1,6,Normal,0.053863352747992366
-0.5644786802925077,1.1858863038266625,0,0.6239573261004014,12,6,0,4,Normal,0.12365808277774104
0.258736545451269,-0.2801876827486331,0,-0.408913599409285,2,4,1,1,Normal,0.11994326976686681
-0.5644786802925077,1.1858863038266625,0,-0.408913599409285,13,0,0,5,Normal,0.10862874627296931
-0.5644786802925077,0.5226623575187906,0,-1.4417845249189716,8,3,2,0,Normal,0.11256132955467918
1.081951771195046,-0.7688790116070651,0,-1.4417845249189716,6,6,1,6,Normal,0.08138421148385533
-0.5644786802925077,0.9066341159075584,0,-0.408913599409285,3,5,0,7,Normal,0.08749332724499703
1.9051669969388227,-1.1877572934857208,0,-0.408913599409285,1,6,2,5,Normal,0.07186586252931193
-0.5644786802925077,-1.362289910935161,0,1.656828251610088,7,5,1,0,Normal,0.08176237662954278
2.7283822226826,0.7321014984581184,0,-0.408913599409285,16,1,4,7,Normal,0.02305686662846762
1.4935593840669343,0.6622884514783427,0,-0.408913599409285,20,6,3,5,Normal,0.08958522471534403
-0.5644786802925077,1.2556993508064382,0,-1.4417845249189716,21,1,4,3,Normal,0.07552942903780668
-0.5644786802925077,1.7094841561749825,0,1.656828251610088,9,6,0,4,Normal,0.06830683491357292
-0.5644786802925077,-1.5368225283846009,1,0.6239573261004014,13,0,2,6,Normal,0.024410960690577244
-0.5644786802925077,-1.7113551458340408,1,-0.408913599409285,11,3,4,4,Normal,0.029649595086023384
1.4935593840669343,-1.3273833874452727,0,0.6239573261004014,13,5,0,4,Normal,0.06877172862262249
-0.5644786802925077,0.3830362635592385,0,-0.408913599409285,21,6,3,3,Normal,0.1403364251600136
-0.5644786802925077,0.8717275924176705,0,-0.408913599409285,19,6,0,1,Normal,0.11352121873952875
-0.5644786802925077,1.2207928273165505,1,1.656828251610088,18,2,4,7,Suspicious,-0.017918057841237456
-0.5644786802925077,0.7321014984581184,0,-1.4417845249189716,23,3,0,7,Normal,0.053054585125908216
-0.5644786802925077,-1.0132246760362809,0,-0.408913599409285,9,4,2,6,Normal,0.15913250739516827
-0.5644786802925077,-0.8386920585868409,0,-0.408913599409285,20,2,2,7,Normal,0.1201273966286398
-0.5644786802925077,1.4302319682558782,0,1.656828251610088,3,2,3,6,Normal,0.09808811074143842
-0.5644786802925077,-0.524533347177849,0,0.6239573261004014,11,1,2,0,Normal,0.12978795086561767
-0.5644786802925077,0.4179427870491267,0,-1.4417845249189716,12,5,2,0,Normal,0.10868812645668813
-0.5644786802925077,0.1037840756401346,0,0.6239573261004014,8,2,1,0,Normal,0.12371986330154394
-0.5644786802925077,0.9764471628873344,0,0.6239573261004014,4,1,0,6,Normal,0.10615048535518379
-0.5644786802925077,-1.5019160048947129,0,-0.408913599409285,19,4,2,3,Normal,0.13165061479621332
-0.5644786802925077,0.0339710286603586,0,-0.408913599409285,14,2,4,0,Normal,0.12541564796339172
-0.5644786802925077,0.0339710286603586,0,-0.408913599409285,4,0,2,1,Normal,0.14884537940082215
-0.5644786802925077,0.9764471628873344,0,-1.4417845249189716,17,7,1,0,Normal,0.07348255736297937
-0.5644786802925077,-1.7113551458340408,0,-0.408913599409285,4,0,0,5,Normal,0.07333158734365897
1.9051669969388227,-0.1056550652991931,0,-1.4417845249189716,18,6,2,1,Normal,0.05640229407468478
-0.5644786802925077,-1.6415420988542648,0,0.6239573261004014,7,3,3,6,Normal,0.11299277446571376
1.9051669969388227,0.2085036461097985,0,1.656828251610088,20,4,2,3,Normal,0.07718754964901886
-0.5644786802925077,0.2434101695996867,0,-0.408913599409285,0,1,3,1,Normal,0.12435838160049084
-0.5644786802925077,0.6971949749682306,1,-0.408913599409285,23,5,0,3,Normal,0.013306687339197154
-0.5644786802925077,-1.117944246505945,0,-1.4417845249189716,23,2,4,3,Normal,0.07384167495733218
-0.5644786802925077,-1.117944246505945,0,0.6239573261004014,21,5,4,6,Normal,0.10012697850699581
-0.5644786802925077,-0.0707485418093052,0,-0.408913599409285,4,7,2,3,Normal,0.1433383697583952
1.9051669969388227,-0.4547203001980731,1,0.6239573261004014,1,5,2,7,Normal,0.0022428540068762937
-0.5644786802925077,-1.292476863955385,0,1.656828251610088,8,2,1,3,Normal,0.11101172755954453
-0.5644786802925077,0.6971949749682306,0,-1.4417845249189716,19,4,4,0,Normal,0.07300274603127166
-0.5644786802925077,1.3953254447659904,0,-0.408913599409285,14,4,4,2,Normal,0.12117050816645064
-0.5644786802925077,0.6971949749682306,0,1.656828251610088,19,6,4,0,Normal,0.061800615938468195
-0.5644786802925077,-0.1405615887890813,0,-0.408913599409285,10,7,2,6,Normal,0.14104916149454788
1.081951771195046,-1.397196434425049,0,-1.4417845249189716,1,2,1,7,Normal,0.03840527232472102
-0.5644786802925077,0.5924754044985666,1,-1.4417845249189716,10,0,1,6,Normal,0.02518900710482186
-0.5644786802925077,-1.6415420988542648,0,0.6239573261004014,7,4,0,1,Normal,0.08986712089734217
-0.5644786802925077,0.6622884514783427,0,-1.4417845249189716,15,1,3,4,Normal,0.1231711510074453
-0.5644786802925077,0.3132232165794628,0,-1.4417845249189716,13,0,4,0,Normal,0.07504102328159779
-0.5644786802925077,1.3604189212761024,1,-0.408913599409285,14,4,1,1,Normal,0.0381318004861545
-0.5644786802925077,-0.1754681122789692,1,1.656828251610088,1,7,3,2,Normal,0.0047729945396361995
2.7283822226826,-1.5019160048947129,1,1.656828251610088,2,6,1,0,Suspicious,-0.0672913847262051
0.6703441583231574,0.2783166930895746,0,1.656828251610088,12,1,1,0,Normal,0.05760200085221445
1.081951771195046,-0.629252917647513,1,-0.408913599409285,6,7,0,6,Suspicious,-0.005124254006669715
-0.5644786802925077,-1.5717290518744889,0,1.656828251610088,23,2,3,0,Normal,0.04627509904164184
2.7283822226826,-0.7339724881171771,0,-0.408913599409285,0,6,0,0,Normal,0.010134713278743157
-0.5644786802925077,-1.5368225283846009,0,0.6239573261004014,17,2,2,2,Normal,0.12679532252100245
-0.5644786802925077,-1.5717290518744889,0,-1.4417845249189716,8,0,3,1,Normal,0.0831251111961101
0.6703441583231574,0.3830362635592385,1,1.656828251610088,0,7,3,5,Suspicious,-0.015989334601291927
-0.5644786802925077,-1.083037723016057,1,-0.408913599409285,17,3,1,7,Normal,0.03977445174607519
-0.5644786802925077,-0.8037855350969529,0,-0.408913599409285,13,2,1,0,Normal,0.14460206026696149
0.258736545451269,0.1037840756401346,0,-0.408913599409285,19,0,0,7,Normal,0.05681480032774
-0.5644786802925077,-1.467009481404825,0,-1.4417845249189716,17,4,0,5,Normal,0.07330544029051156
1.4935593840669343,-0.873598582076729,0,0.6239573261004014,23,6,4,5,Normal,0.052121849984418156
-0.5644786802925077,0.7670080219480067,0,0.6239573261004014,0,7,4,3,Normal,0.07635018803302551
-0.5644786802925077,-0.3500007297284091,0,-1.4417845249189716,22,2,0,7,Normal,0.05111610337222594
0.258736545451269,-1.6764486223441528,0,-1.4417845249189716,14,6,4,7,Normal,0.033373832330715225
0.258736545451269,-0.4198137767081852,0,0.6239573261004014,4,3,2,3,Normal,0.14022231372878935
0.258736545451269,0.6971949749682306,0,0.6239573261004014,13,0,2,3,Normal,0.10548880619492734
-0.5644786802925077,-1.6415420988542648,0,-1.4417845249189716,16,1,2,2,Normal,0.0913929983122499
-0.5644786802925077,-1.4321029579149367,1,0.6239573261004014,6,6,4,6,Normal,0.019850569948901775
-0.5644786802925077,-0.5594398706677371,0,-0.408913599409285,1,5,1,6,Normal,0.13616774952133703
-0.5644786802925077,-1.0132246760362809,1,-0.408913599409285,22,3,1,5,Normal,0.03878401473957238
2.316774609810712,-1.467009481404825,1,-0.408913599409285,11,7,2,7,Suspicious,-0.01969320304094102
-0.5644786802925077,1.1858863038266625,0,-1.4417845249189716,9,1,1,2,Normal,0.1062123084481515
-0.5644786802925077,-1.292476863955385,1,0.6239573261004014,5,7,1,4,Normal,0.03186758075294738
-0.5644786802925077,0.9764471628873344,0,-1.4417845249189716,11,3,0,7,Normal,0.0867783187637956
-0.5644786802925077,1.1160732568468863,0,0.6239573261004014,9,6,1,6,Normal,0.13295199113679562
-0.5644786802925077,-0.0009354948295292,1,-0.408913599409285,18,4,2,0,Normal,0.037437315323466724
-0.5644786802925077,-0.2801876827486331,0,0.6239573261004014,15,0,4,2,Normal,0.11707819669548208
2.7283822226826,0.2434101695996867,0,-0.408913599409285,19,6,1,0,Normal,0.028857540619610766
-0.5644786802925077,-1.362289910935161,0,-0.408913599409285,11,6,1,4,Normal,0.14869360884098942
-0.5644786802925077,-1.048131199526169,0,-0.408913599409285,23,1,3,6,Normal,0.11559427679633799
-0.5644786802925077,0.6273819279884545,0,0.6239573261004014,20,1,2,5,Normal,0.13733936330997953
-0.5644786802925077,-0.9783181525463928,0,-1.4417845249189716,0,1,1,4,Normal,0.09629505334604993
-0.5644786802925077,0.0688775521502468,1,1.656828251610088,8,0,3,6,Normal,0.011167623002861005
1.9051669969388227,0.0688775521502468,0,-1.4417845249189716,12,1,3,7,Normal,0.05638878120019619
-0.5644786802925077,0.1735971226199107,0,-1.4417845249189716,18,7,3,2,Normal,0.10236709779142528
-0.5644786802925077,0.7670080219480067,0,-0.408913599409285,15,6,2,0,Normal,0.12294498613718086
0.258736545451269,0.1037840756401346,0,-0.408913599409285,14,7,4,7,Normal,0.07909608167542503
-0.5644786802925077,1.2556993508064382,0,1.656828251610088,22,0,0,4,Normal,0.046703692420669296
0.6703441583231574,0.5924754044985666,1,0.6239573261004014,8,1,4,7,Suspicious,-0.018822704997189632
1.9051669969388227,1.2207928273165505,0,-0.408913599409285,17,3,0,1,Normal,0.06304343764029419
-0.5644786802925077,0.2434101695996867,0,-0.408913599409285,21,2,1,0,Normal,0.11168401392387245
1.4935593840669343,-0.4198137767081852,0,1.656828251610088,20,5,4,7,Normal,0.030314845135654078
-0.5644786802925077,0.1037840756401346,0,-0.408913599409285,8,6,1,2,Normal,0.16159532317656877
-0.5644786802925077,1.1509797803367747,0,-0.408913599409285,19,3,3,3,Normal,0.1497746662494568
-0.5644786802925077,-0.873598582076729,0,-0.408913599409285,9,1,4,7,Normal,0.10554783953543545
-0.5644786802925077,-1.5019160048947129,0,-1.4417845249189716,10,0,1,1,Normal,0.08285335535493266
-0.5644786802925077,-0.2452811592587452,0,-0.408913599409285,16,5,3,0,Normal,0.12904935076875318
-0.5644786802925077,1.5698580622154303,0,-0.408913599409285,11,7,4,1,Normal,0.07680644491676913
2.316774609810712,-1.5717290518744889,0,-1.4417845249189716,21,7,3,2,Normal,0.01307902588245502
2.7283822226826,-0.1056550652991931,0,-1.4417845249189716,6,3,2,3,Normal,0.046269710054929636
1.9051669969388227,-1.083037723016057,0,0.6239573261004014,5,6,0,2,Normal,0.05502116445547134
-0.5644786802925077,0.3481297400693506,1,-0.408913599409285,8,6,3,5,Normal,0.07731866803862997
-0.5644786802925077,-1.3273833874452727,1,-0.408913599409285,21,0,0,5,Normal,0.007755824299638392
-0.5644786802925077,-0.3500007297284091,0,-1.4417845249189716,12,1,3,0,Normal,0.10092075741571771
-0.5644786802925077,-1.467009481404825,1,-1.4417845249189716,9,7,0,6,Suspicious,-0.02115694959628589
1.4935593840669343,1.4651384917457662,0,-1.4417845249189716,11,0,4,3,Normal,0.025136243179167628
1.9051669969388227,0.2434101695996867,0,-1.4417845249189716,19,0,4,4,Normal,0.030260690139374824
-0.5644786802925077,-1.292476863955385,0,-0.408913599409285,8,4,4,6,Normal,0.10798008051208402
-0.5644786802925077,1.5349515387255426,0,0.6239573261004014,9,1,0,1,Normal,0.08589866300792537
-0.5644786802925077,-0.3500007297284091,0,-1.4417845249189716,23,0,1,6,Normal,0.0656372019036624
-0.5644786802925077,-0.8037855350969529,0,-0.408913599409285,6,5,4,0,Normal,0.10936161911198228
-0.5644786802925077,1.0811667333569983,0,0.6239573261004014,16,3,4,2,Normal,0.12367416268402376
1.4935593840669343,1.1509797803367747,0,-1.4417845249189716,0,5,3,0,Normal,0.01765465586378734
2.316774609810712,-0.524533347177849,1,-1.4417845249189716,0,4,4,7,Suspicious,-0.05134997673449693
-0.5644786802925077,1.3953254447659904,0,0.6239573261004014,21,1,2,5,Normal,0.11957931274321965
2.316774609810712,-0.0707485418093052,0,0.6239573261004014,17,4,3,1,Normal,0.0946827304797958
-0.5644786802925077,0.5575688810086785,0,-1.4417845249189716,15,4,1,1,Normal,0.12354489413636488
-0.5644786802925077,-0.1056550652991931,0,0.6239573261004014,10,3,3,4,Normal,0.16497115644312782
1.4935593840669343,0.6622884514783427,0,1.656828251610088,21,6,4,4,Normal,0.0375827349062422
-0.5644786802925077,0.0688775521502468,0,0.6239573261004014,0,1,3,7,Normal,0.0913932610604351
-0.5644786802925077,-1.5717290518744889,1,-0.408913599409285,15,3,2,2,Normal,0.0542535160634261
0.258736545451269,-1.5368225283846009,0,-1.4417845249189716,15,2,1,3,Normal,0.08727536497543276
2.316774609810712,0.3830362635592385,0,-1.4417845249189716,0,7,2,6,Normal,0.038127943318166935
-0.5644786802925077,0.1037840756401346,0,-0.408913599409285,2,0,2,0,Normal,0.12125732504371334
-0.5644786802925077,1.5698580622154303,0,0.6239573261004014,6,3,4,1,Normal,0.09803700413986327
-0.5644786802925077,0.5575688810086785,1,0.6239573261004014,10,0,1,2,Normal,0.04214317022414127
-0.5644786802925077,-0.210374635768857,0,0.6239573261004014,22,0,1,2,Normal,0.11313700444280894
-0.5644786802925077,-1.048131199526169,0,0.6239573261004014,20,6,1,1,Normal,0.11723683607234126
0.258736545451269,0.6273819279884545,0,-0.408913599409285,1,2,4,2,Normal,0.10268503795234674
-0.5644786802925077,0.9764471628873344,0,0.6239573261004014,23,4,0,3,Normal,0.09174779862425131
-0.5644786802925077,0.9764471628873344,0,0.6239573261004014,12,3,0,0,Normal,0.10835220602987894
-0.5644786802925077,-1.1528507699958328,0,-1.4417845249189716,13,7,3,2,Normal,0.10046398831647951
1.9051669969388227,0.6273819279884545,0,0.6239573261004014,3,5,2,2,Normal,0.08724620969973285
-0.5644786802925077,-0.3150942062385213,0,-0.408913599409285,11,5,2,2,Normal,0.17163164265110809
-0.5644786802925077,0.9764471628873344,0,0.6239573261004014,20,4,4,4,Normal,0.11544933607043956
1.4935593840669343,1.604764585705318,0,1.656828251610088,15,5,4,7,Normal,0.008035647343048846
1.081951771195046,-1.397196434425049,0,-0.408913599409285,14,5,2,1,Normal,0.10729426493122174
2.316774609810712,0.0339710286603586,0,0.6239573261004014,14,0,1,7,Normal,0.049130296008195073
0.6703441583231574,-0.1405615887890813,0,-0.408913599409285,22,2,4,1,Normal,0.08705787353329963
1.081951771195046,-0.6990659646272891,0,0.6239573261004014,5,6,0,4,Normal,0.07529085639574706
2.7283822226826,0.4877558340289027,0,-0.408913599409285,3,2,1,5,Normal,0.07079901315989812
-0.5644786802925077,1.4651384917457662,0,1.656828251610088,8,1,4,1,Normal,0.0783130186453116
-0.5644786802925077,0.3132232165794628,0,1.656828251610088,9,5,0,7,Normal,0.06967753338651195
-0.1528710674206193,0.6622884514783427,0,-0.408913599409285,17,3,3,7,Normal,0.11305361672144548
-0.5644786802925077,-1.397196434425049,0,-0.408913599409285,20,4,2,0,Normal,0.10637412668632967
-0.5644786802925077,-0.1056550652991931,0,0.6239573261004014,2,2,4,5,Normal,0.12016978693767671
-0.5644786802925077,-0.3500007297284091,0,-1.4417845249189716,1,2,2,6,Normal,0.11483892768136489
-0.5644786802925077,0.8019145454378945,0,-0.408913599409285,11,7,4,7,Normal,0.08287105064965083
-0.5644786802925077,-1.7462616693239288,0,-0.408913599409285,6,5,1,7,Normal,0.0885789297518711
-0.5644786802925077,0.3481297400693506,0,-1.4417845249189716,0,5,3,4,Normal,0.11069754383715524
-0.5644786802925077,1.5349515387255426,0,1.656828251610088,13,2,1,7,Normal,0.07590883698374262
-0.5644786802925077,1.2556993508064382,0,-0.408913599409285,22,7,4,1,Normal,0.06576834211566596
1.081951771195046,1.639671109195206,0,-0.408913599409285,14,2,1,0,Normal,0.06827778198944301
-0.5644786802925077,0.5575688810086785,0,0.6239573261004014,15,1,3,4,Normal,0.15241712161735227
1.4935593840669343,-0.1405615887890813,0,1.656828251610088,2,1,4,3,Normal,0.048226572474506235
-0.5644786802925077,0.4877558340289027,0,-1.4417845249189716,17,1,4,0,Normal,0.07808523137140677
-0.5644786802925077,1.3255123977862149,0,0.6239573261004014,10,3,0,0,Normal,0.09984776536058548
-0.1528710674206193,-1.222663816975609,1,-0.408913599409285,18,2,3,7,Normal,0.036488866613225035
-0.5644786802925077,0.2085036461097985,0,0.6239573261004014,14,2,4,4,Normal,0.13683420023690374
-0.5644786802925077,0.1386905991300228,0,-1.4417845249189716,3,5,4,0,Normal,0.07242476818773624
-0.5644786802925077,-0.8386920585868409,0,0.6239573261004014,6,7,0,0,Normal,0.07352894656440057
1.081951771195046,1.2207928273165505,0,-1.4417845249189716,16,2,3,5,Normal,0.07364819366918063
0.6703441583231574,-1.117944246505945,0,-0.408913599409285,6,6,0,4,Normal,0.08440709173701422
2.7283822226826,-0.4547203001980731,0,1.656828251610088,7,7,4,5,Suspicious,-0.003944796270268669
-0.5644786802925077,-0.7688790116070651,0,-1.4417845249189716,22,2,1,7,Normal,0.0820134686160211
-0.5644786802925077,-1.362289910935161,0,-0.408913599409285,14,7,1,5,Normal,0.1260815476144579
-0.5644786802925077,0.3830362635592385,0,-1.4417845249189716,3,5,0,3,Normal,0.0996685405141633
-0.5644786802925077,-0.1754681122789692,0,-1.4417845249189716,6,7,4,5,Normal,0.10089560097686001
-0.5644786802925077,-1.362289910935161,0,-1.4417845249189716,23,4,1,2,Normal,0.08461027422587541
-0.5644786802925077,1.639671109195206,0,0.6239573261004014,1,2,3,7,Normal,0.07787128218663741
-0.5644786802925077,-0.1754681122789692,0,0.6239573261004014,9,5,2,2,Normal,0.15652225997496305
-0.5644786802925077,1.3953254447659904,0,0.6239573261004014,16,4,2,3,Normal,0.1419418526743919
-0.5644786802925077,-0.3500007297284091,0,0.6239573261004014,8,7,2,1,Normal,0.13537897153269596
-0.5644786802925077,0.1386905991300228,0,-1.4417845249189716,10,2,4,7,Normal,0.08437772396162035
1.9051669969388227,1.6745776326850943,0,0.6239573261004014,13,0,0,5,Normal,0.021576309716794917
-0.5644786802925077,0.8717275924176705,0,0.6239573261004014,17,4,1,4,Normal,0.14876247957625272
-0.5644786802925077,1.0462602098671103,0,-0.408913599409285,15,6,0,4,Normal,0.1363419617202839
-0.5644786802925077,1.6745776326850943,0,1.656828251610088,6,4,0,5,Normal,0.06466535089115333
-0.5644786802925077,-0.7688790116070651,0,-0.408913599409285,13,7,2,5,Normal,0.1445329394784547
-0.5644786802925077,-0.4547203001980731,0,-0.408913599409285,7,3,3,2,Normal,0.16710496955581827
1.9051669969388227,-0.4547203001980731,0,-0.408913599409285,17,1,0,1,Normal,0.07919419964996466
-0.5644786802925077,0.9066341159075584,0,-0.408913599409285,18,7,3,6,Normal,0.11782014980203465
-0.5644786802925077,-0.2452811592587452,0,-1.4417845249189716,3,4,0,3,Normal,0.10385245556935108
-0.5644786802925077,-1.6764486223441528,0,-0.408913599409285,7,4,3,1,Normal,0.1174197037079267
1.9051669969388227,1.0113536863772226,0,0.6239573261004014,23,5,2,0,Normal,0.04891254373575249
2.316774609810712,1.3953254447659904,0,1.656828251610088,8,5,1,7,Normal,0.006408072677567045
-0.5644786802925077,-0.210374635768857,0,0.6239573261004014,16,4,1,0,Normal,0.12780139112946487
1.9051669969388227,0.6273819279884545,0,1.656828251610088,9,2,1,3,Normal,0.07507378329478154
2.7283822226826,0.1037840756401346,0,-0.408913599409285,5,1,3,1,Normal,0.06392923749309076
-0.5644786802925077,1.1160732568468863,0,-0.408913599409285,16,2,4,6,Normal,0.12190670909806317
2.7283822226826,-1.222663816975609,0,-1.4417845249189716,13,1,4,1,Normal,0.0014175428069752583
-0.5644786802925077,0.7321014984581184,0,1.656828251610088,13,0,4,2,Normal,0.07601185755899109
-0.5644786802925077,1.5698580622154303,0,-1.4417845249189716,6,1,2,2,Normal,0.10038343452465615
-0.5644786802925077,0.8019145454378945,0,0.6239573261004014,21,2,2,3,Normal,0.13489078377662972
1.081951771195046,-0.664159441137401,1,-1.4417845249189716,17,1,3,7,Suspicious,-0.0016073615559021315
-0.5644786802925077,-1.5717290518744889,0,-1.4417845249189716,7,4,0,6,Normal,0.06767993456258958
-0.5644786802925077,1.7443906796648705,0,-1.4417845249189716,16,4,3,7,Normal,0.0716699493696632
-0.5644786802925077,0.5575688810086785,0,-0.408913599409285,1,1,3,2,Normal,0.13896508571420996
-0.5644786802925077,-0.210374635768857,0,-0.408913599409285,19,4,0,6,Normal,0.12394027514029304
-0.5644786802925077,0.6622884514783427,0,0.6239573261004014,12,5,1,2,Normal,0.15106945316488524
1.4935593840669343,0.3481297400693506,0,0.6239573261004014,18,3,3,4,Normal,0.11541240659197421
-0.5644786802925077,1.5349515387255426,0,-0.408913599409285,4,7,3,3,Normal,0.09999455101353005
-0.5644786802925077,0.4877558340289027,0,0.6239573261004014,20,0,1,7,Normal,0.0837427544639352
-0.5644786802925077,-1.7113551458340408,0,-1.4417845249189716,22,2,0,5,Normal,0.03804790616446185
-0.5644786802925077,-1.1528507699958328,0,-0.408913599409285,11,5,1,6,Normal,0.1447943485999461
-0.5644786802925077,0.1037840756401346,0,-1.4417845249189716,14,3,0,7,Normal,0.08836449855561801
0.258736545451269,0.6273819279884545,1,0.6239573261004014,9,7,3,5,Normal,0.029822632301261698
-0.5644786802925077,0.7321014984581184,0,-1.4417845249189716,5,0,1,5,Normal,0.1067964776161191
-0.5644786802925077,1.5000450152356546,0,-0.408913599409285,18,0,2,2,Normal,0.11147795507323
-0.5644786802925077,-0.210374635768857,0,0.6239573261004014,19,2,4,4,Normal,0.12778574628603862
1.9051669969388227,-1.7462616693239288,1,1.656828251610088,9,4,1,3,Suspicious,-0.020225756519360316
1.4935593840669343,1.0113536863772226,0,0.6239573261004014,9,0,3,2,Normal,0.08040645130224344
2.316774609810712,-1.6415420988542648,1,-1.4417845249189716,18,2,0,4,Suspicious,-0.04328798352579677
2.316774609810712,1.3255123977862149,0,-0.408913599409285,10,3,2,6,Normal,0.06967341253349169
-0.5644786802925077,-1.222663816975609,0,0.6239573261004014,9,3,3,5,Normal,0.1461389416987346
-0.5644786802925077,-0.2801876827486331,0,-0.408913599409285,12,5,0,4,Normal,0.14953408771272625
-0.5644786802925077,-0.210374635768857,0,0.6239573261004014,6,6,2,3,Normal,0.15122236161024494
2.316774609810712,0.9764471628873344,0,0.6239573261004014,6,6,4,3,Normal,0.0405642269135833
-0.5644786802925077,-1.6415420988542648,1,0.6239573261004014,2,5,2,4,Normal,0.04173381507116791
-0.5644786802925077,1.4651384917457662,0,-0.408913599409285,15,7,0,1,Normal,0.08216762733261251
-0.5644786802925077,0.5226623575187906,0,0.6239573261004014,10,3,1,1,Normal,0.15157161312573064
1.081951771195046,-1.0132246760362809,0,1.656828251610088,4,4,1,0,Normal,0.0453571905071628
-0.5644786802925077,1.1858863038266625,0,-0.408913599409285,2,1,4,0,Normal,0.09307928676377974
-0.5644786802925077,-0.943411629056505,0,-0.408913599409285,5,6,3,5,Normal,0.14151817244538395
-0.5644786802925077,-0.4547203001980731,0,-1.4417845249189716,0,1,3,0,Normal,0.07604531790184199
-0.5644786802925077,-0.7688790116070651,0,-0.408913599409285,20,6,2,0,Normal,0.11127492470282402
-0.5644786802925077,-1.5368225283846009,1,-1.4417845249189716,3,7,2,5,Normal,0.011967334010111186
2.7283822226826,1.3255123977862149,0,0.6239573261004014,11,2,2,7,Normal,0.04141061266380919
-0.5644786802925077,-0.3500007297284091,0,0.6239573261004014,8,6,0,2,Normal,0.12338699784531565
-0.5644786802925077,0.8019145454378945,0,0.6239573261004014,11,7,1,5,Normal,0.14257425608813779
-0.5644786802925077,-0.664159441137401,0,0.6239573261004014,19,5,1,7,Normal,0.10645016069175706
0.258736545451269,1.6745776326850943,0,1.656828251610088,10,0,1,7,Normal,0.023871046460842926
-0.5644786802925077,-0.1754681122789692,0,-0.408913599409285,1,6,4,7,Normal,0.09406791106829326
-0.5644786802925077,-0.8386920585868409,0,-1.4417845249189716,10,2,2,7,Normal,0.11765108952979725
-0.5644786802925077,-0.2801876827486331,0,0.6239573261004014,15,3,4,1,Normal,0.13324595766796787
-0.5644786802925077,-0.3849072532182971,0,-1.4417845249189716,4,3,3,2,Normal,0.12191247341447464
-0.5644786802925077,-1.467009481404825,0,1.656828251610088,10,7,2,4,Normal,0.10000571317504159
1.081951771195046,-0.7339724881171771,0,1.656828251610088,1,3,4,3,Normal,0.06290201573930876
-0.5644786802925077,-1.362289910935161,0,-1.4417845249189716,23,3,1,3,Normal,0.08175736377945264
-0.5644786802925077,-1.362289910935161,0,0.6239573261004014,0,7,2,2,Normal,0.08878750635032617
-0.5644786802925077,-1.397196434425049,0,0.6239573261004014,22,7,3,5,Normal,0.0849064402369416
-0.5644786802925077,0.0688775521502468,1,1.656828251610088,9,6,4,1,Normal,0.024696719096598763
1.9051669969388227,0.7321014984581184,1,-0.408913599409285,0,3,4,3,Suspicious,-0.018858684002737602
-0.5644786802925077,-1.292476863955385,0,-1.4417845249189716,13,0,2,4,Normal,0.09785431252142973
-0.5644786802925077,-0.664159441137401,0,-0.408913599409285,15,2,2,7,Normal,0.1423207878517883
-0.5644786802925077,0.3830362635592385,0,0.6239573261004014,21,4,1,3,Normal,0.1348232952536773
-0.5644786802925077,0.6971949749682306,0,-1.4417845249189716,12,5,3,1,Normal,0.12280352003775435
-0.5644786802925077,-1.467009481404825,0,-1.4417845249189716,12,5,3,7,Normal,0.0788847437687833
-0.5644786802925077,-1.3273833874452727,1,0.6239573261004014,14,0,0,1,Suspicious,-0.0021105607034810347
1.4935593840669343,1.1509797803367747,0,0.6239573261004014,10,4,0,7,Normal,0.055512912404957704
-0.5644786802925077,-1.292476863955385,0,-1.4417845249189716,2,5,4,5,Normal,0.08018288131472173
-0.5644786802925077,-0.7688790116070651,1,-1.4417845249189716,8,4,2,5,Normal,0.05164005762581747
0.258736545451269,-1.467009481404825,0,0.6239573261004014,4,0,1,1,Normal,0.07870373966779032
1.9051669969388227,0.0688775521502468,0,0.6239573261004014,2,7,4,2,Normal,0.04390712792513651
-0.5644786802925077,0.9415406393974466,0,-1.4417845249189716,20,7,3,5,Normal,0.09789676934495706
1.4935593840669343,0.4877558340289027,0,-0.408913599409285,13,6,4,3,Normal,0.0941298759984649
-0.5644786802925077,1.1509797803367747,0,1.656828251610088,3,2,4,7,Normal,0.07329419278151394
1.9051669969388227,1.2207928273165505,1,-0.408913599409285,16,4,4,5,Suspicious,-0.011801833272796047
1.4935593840669343,-0.664159441137401,0,-0.408913599409285,23,4,0,6,Normal,0.0482541001467649
-0.5644786802925077,0.9764471628873344,0,-0.408913599409285,7,2,0,7,Normal,0.10140444642936508
2.316774609810712,-0.9783181525463928,0,-1.4417845249189716,9,7,0,3,Normal,0.01650153099105689
-0.5644786802925077,1.3604189212761024,0,-0.408913599409285,20,3,1,2,Normal,0.1314554635929227
-0.5644786802925077,-1.5368225283846009,0,-1.4417845249189716,21,5,1,3,Normal,0.0916032454185437
-0.5644786802925077,-1.397196434425049,0,-0.408913599409285,20,4,4,2,Normal,0.10495252541302774
-0.5644786802925077,1.0113536863772226,0,0.6239573261004014,3,4,2,7,Normal,0.11729883317181594
-0.5644786802925077,-0.3150942062385213,0,-0.408913599409285,6,1,1,0,Normal,0.13547958311357833
-0.5644786802925077,0.7670080219480067,0,-0.408913599409285,16,3,0,6,Normal,0.12379380133481843
1.9051669969388227,-0.4198137767081852,1,-0.408913599409285,5,2,2,7,Normal,0.023167358830811224
-0.5644786802925077,1.1509797803367747,0,0.6239573261004014,0,2,3,3,Normal,0.11955284752621709
-0.5644786802925077,0.9415406393974466,0,-1.4417845249189716,20,6,1,6,Normal,0.109169150614646
2.7283822226826,-0.8037855350969529,0,0.6239573261004014,19,2,4,2,Normal,0.048480864340543994
-0.5644786802925077,1.0113536863772226,0,-0.408913599409285,7,7,4,7,Normal,0.06707832682330517
-0.5644786802925077,1.7443906796648705,0,0.6239573261004014,4,6,0,3,Normal,0.08520778777567639
-0.1528710674206193,-0.5943463941576251,0,0.6239573261004014,3,2,4,7,Normal,0.09287244078209977
-0.5644786802925077,-1.397196434425049,0,0.6239573261004014,22,1,4,4,Normal,0.08623108834245596
-0.5644786802925077,-0.8386920585868409,0,1.656828251610088,20,3,2,5,Normal,0.11218005985658491
0.6703441583231574,-0.3150942062385213,0,0.6239573261004014,17,3,3,1,Normal,0.12344501190236457
-0.5644786802925077,1.1509797803367747,0,0.6239573261004014,3,3,2,0,Normal,0.11862674755723934
-0.5644786802925077,-0.5594398706677371,0,0.6239573261004014,14,6,3,3,Normal,0.14601211115438978
1.4935593840669343,-0.0707485418093052,1,0.6239573261004014,20,6,0,1,Suspicious,-0.023993201775989847
-0.5644786802925077,1.3255123977862149,0,0.6239573261004014,2,7,1,4,Normal,0.10273302702239584
-0.5644786802925077,0.6971949749682306,0,0.6239573261004014,7,1,3,1,Normal,0.13220240318118465
0.6703441583231574,1.5349515387255426,0,-0.408913599409285,11,2,2,0,Normal,0.08541360898158534
-0.5644786802925077,-0.8037855350969529,0,-1.4417845249189716,19,2,4,1,Normal,0.09371246250844589
1.081951771195046,0.2783166930895746,0,-0.408913599409285,8,1,1,5,Normal,0.11870876581490508
-0.5644786802925077,-0.524533347177849,0,-0.408913599409285,10,0,2,1,Normal,0.1484760961007105
-0.5644786802925077,1.2556993508064382,0,-1.4417845249189716,7,0,0,3,Normal,0.07665260923554473
1.9051669969388227,1.1160732568468863,0,0.6239573261004014,19,4,0,4,Normal,0.05792410713688123
0.6703441583231574,1.3953254447659904,0,-1.4417845249189716,4,2,0,4,Normal,0.05766698359384581
-0.5644786802925077,1.1160732568468863,0,-0.408913599409285,2,6,2,0,Normal,0.10242605003475536
0.6703441583231574,0.1037840756401346,0,-0.408913599409285,7,6,3,7,Normal,0.10878522179792538
-0.5644786802925077,0.3830362635592385,0,0.6239573261004014,11,6,3,2,Normal,0.1481481870510566
1.9051669969388227,-0.629252917647513,0,-0.408913599409285,23,5,1,1,Normal,0.06863227719602938
-0.1528710674206193,1.7094841561749825,1,-0.408913599409285,9,4,4,6,Normal,0.004140628586502215
-0.5644786802925077,0.8019145454378945,0,1.656828251610088,16,7,1,2,Normal,0.10797301556279165
-0.5644786802925077,-1.397196434425049,1,0.6239573261004014,23,4,0,4,Suspicious,-0.002055098027261004
-0.5644786802925077,0.2434101695996867,0,-0.408913599409285,2,3,1,4,Normal,0.1495924882011111
-0.5644786802925077,1.639671109195206,0,1.656828251610088,20,2,2,2,Normal,0.0833614785346859
1.9051669969388227,0.3481297400693506,0,-0.408913599409285,1,3,1,5,Normal,0.09453175853710138
-0.5644786802925077,-0.5594398706677371,0,-0.408913599409285,2,7,1,5,Normal,0.13208587599560678
-0.5644786802925077,0.0339710286603586,0,-0.408913599409285,19,3,1,1,Normal,0.14294830971410405
-0.5644786802925077,-0.9783181525463928,0,-1.4417845249189716,12,1,3,2,Normal,0.1204286982105075
-0.5644786802925077,1.3953254447659904,0,-0.408913599409285,4,4,2,6,Normal,0.1305608974964328
-0.5644786802925077,-0.629252917647513,0,-1.4417845249189716,18,4,0,6,Normal,0.09023328578229661
-0.5644786802925077,-0.5943463941576251,0,-0.408913599409285,8,3,0,2,Normal,0.14341539477558463
2.7283822226826,1.0113536863772226,0,-0.408913599409285,1,2,4,6,Normal,0.019763968386243502
-0.5644786802925077,1.0462602098671103,0,0.6239573261004014,2,5,0,4,Normal,0.1153064925343169
-0.5644786802925077,-1.3273833874452727,0,-0.408913599409285,7,3,4,4,Normal,0.12386689246417554
-0.5644786802925077,-1.257570340465497,0,-1.4417845249189716,3,3,2,3,Normal,0.10791712539012654
1.9051669969388227,0.0688775521502468,0,-0.408913599409285,15,0,2,5,Normal,0.09166445161880055
1.9051669969388227,-0.489626823687961,0,-1.4417845249189716,8,4,2,5,Normal,0.08516585585137137
2.316774609810712,1.5698580622154303,0,1.656828251610088,18,1,4,7,Suspicious,-0.013787461525582079
-0.5644786802925077,1.2207928273165505,0,-1.4417845249189716,6,0,4,0,Normal,0.05815806247041133
0.6703441583231574,0.4877558340289027,0,-1.4417845249189716,23,5,0,3,Normal,0.04403709264736222
-0.5644786802925077,-0.0358420183194171,0,-0.408913599409285,13,6,1,5,Normal,0.16633818987824484
-0.5644786802925077,1.3255123977862149,0,1.656828251610088,20,4,0,5,Normal,0.07781326112467413
-0.5644786802925077,-1.7462616693239288,0,-1.4417845249189716,16,4,2,3,Normal,0.09286261767603265
-0.5644786802925077,-0.8037855350969529,0,0.6239573261004014,8,1,3,1,Normal,0.14012329169800058
-0.5644786802925077,0.3132232165794628,1,0.6239573261004014,4,1,3,6,Normal,0.034069865713742487
-0.5644786802925077,-1.5368225283846009,0,0.6239573261004014,20,7,3,1,Normal,0.08503558379623855
-0.5644786802925077,0.6622884514783427,0,0.6239573261004014,23,5,3,0,Normal,0.08913844696131812
1.081951771195046,1.2906058742963262,0,-0.408913599409285,14,7,4,6,Normal,0.048470965214805206
2.7283822226826,-0.0707485418093052,0,-0.408913599409285,11,6,0,6,Normal,0.042251965380865175
-0.5644786802925077,1.2207928273165505,1,-0.408913599409285,9,7,2,2,Normal,0.028868148736272525
-0.5644786802925077,1.4302319682558782,0,-0.408913599409285,9,2,0,7,Normal,0.09613326621317364
-0.5644786802925077,-0.489626823687961,0,-1.4417845249189716,17,6,2,5,Normal,0.1268455501045228
-0.5644786802925077,0.8368210689277826,0,-0.408913599409285,20,0,3,7,Normal,0.09391350397002718
2.7283822226826,1.4302319682558782,0,-0.408913599409285,16,2,2,5,Normal,0.05072374245081712
-0.5644786802925077,0.5924754044985666,0,-0.408913599409285,2,6,3,4,Normal,0.1449180188761131
-0.5644786802925077,-0.0707485418093052,0,-1.4417845249189716,3,4,3,2,Normal,0.12329161448737158
-0.5644786802925077,-1.6764486223441528,0,-0.408913599409285,20,7,4,1,Normal,0.06855006155916743
-0.5644786802925077,1.604764585705318,0,1.656828251610088,21,3,2,5,Normal,0.08713360223401845
-0.5644786802925077,-0.210374635768857,0,0.6239573261004014,9,5,1,0,Normal,0.12881557760443257
-0.5644786802925077,1.0113536863772226,0,0.6239573261004014,7,2,4,4,Normal,0.11982803101504486
-0.5644786802925077,1.3953254447659904,0,-0.408913599409285,22,6,0,5,Normal,0.0919652887959509
1.4935593840669343,1.5000450152356546,0,1.656828251610088,0,4,4,5,Normal,0.015853538863176753
-0.5644786802925077,-0.5943463941576251,0,-0.408913599409285,1,5,4,6,Normal,0.11605587511357457
-0.5644786802925077,0.1386905991300228,0,-1.4417845249189716,7,7,3,2,Normal,0.11542914659565734
-0.5644786802925077,1.4302319682558782,0,0.6239573261004014,11,6,2,3,Normal,0.1357862578788781
-0.5644786802925077,0.9066341159075584,0,0.6239573261004014,4,2,0,4,Normal,0.12794087142002586
-0.5644786802925077,-1.5717290518744889,0,0.6239573261004014,22,4,4,6,Normal,0.07026228604193674
-0.5644786802925077,-0.8037855350969529,0,0.6239573261004014,7,5,3,3,Normal,0.15004243751257335
-0.5644786802925077,0.2085036461097985,0,-0.408913599409285,12,7,1,1,Normal,0.13774454128044283
-0.5644786802925077,-0.8037855350969529,0,1.656828251610088,15,4,0,7,Normal,0.06511628026037142
-0.5644786802925077,1.3255123977862149,0,-0.408913599409285,3,6,3,1,Normal,0.11183498775685469
-0.5644786802925077,-1.5019160048947129,0,0.6239573261004014,17,1,1,5,Normal,0.11488086421897609
-0.5644786802925077,-0.4198137767081852,0,-1.4417845249189716,4,6,4,1,Normal,0.09209164963146677
2.7283822226826,-1.257570340465497,0,1.656828251610088,22,0,2,3,Normal,0.006242629565165192
-0.5644786802925077,-0.0707485418093052,0,-0.408913599409285,7,2,0,4,Normal,0.14995203475164426
-0.5644786802925077,1.2556993508064382,0,-1.4417845249189716,18,4,0,4,Normal,0.0952417043079764
-0.5644786802925077,1.1160732568468863,0,-1.4417845249189716,23,3,3,5,Normal,0.09477894621989247
-0.5644786802925077,1.1509797803367747,0,0.6239573261004014,1,3,4,6,Normal,0.10215536741032705
-0.5644786802925077,-1.397196434425049,1,-0.408913599409285,17,6,2,1,Normal,0.03993922504380132
-0.5644786802925077,-1.257570340465497,0,1.656828251610088,18,0,0,5,Normal,0.04477767884220707
1.081951771195046,1.7094841561749825,0,-0.408913599409285,22,2,1,5,Normal,0.05272869760585175
-0.5644786802925077,-1.3273833874452727,1,-0.408913599409285,23,2,2,5,Normal,0.02863681289519482
2.7283822226826,-0.0358420183194171,0,1.656828251610088,20,2,3,1,Normal,0.031160557037014036
-0.5644786802925077,0.5226623575187906,1,1.656828251610088,18,7,2,5,Normal,0.01930393891190929
-0.5644786802925077,0.8019145454378945,0,-0.408913599409285,20,5,2,4,Normal,0.15143779113060646
-0.5644786802925077,0.5226623575187906,0,1.656828251610088,4,5,2,0,Normal,0.09508188161669018
-0.5644786802925077,-0.3500007297284091,0,-1.4417845249189716,0,4,3,1,Normal,0.10449958350322863
1.9051669969388227,0.9066341159075584,0,-0.408913599409285,12,3,1,2,Normal,0.10744212829955074
-0.5644786802925077,1.604764585705318,0,0.6239573261004014,18,4,4,6,Normal,0.08519642476847522
-0.5644786802925077,-0.6990659646272891,0,0.6239573261004014,3,4,4,7,Normal,0.09941605597791592
-0.5644786802925077,-1.5368225283846009,0,-0.408913599409285,9,4,0,7,Normal,0.07695206422329759
-0.5644786802925077,0.8019145454378945,0,0.6239573261004014,17,0,0,7,Normal,0.06342906651417124
-0.5644786802925077,1.2207928273165505,0,0.6239573261004014,23,7,0,2,Normal,0.06438838564676086
-0.5644786802925077,1.3604189212761024,0,-0.408913599409285,15,0,3,0,Normal,0.11027714649602771
2.316774609810712,-1.257570340465497,0,0.6239573261004014,0,0,3,2,Normal,0.03814129356308249
-0.5644786802925077,1.639671109195206,0,1.656828251610088,21,1,1,2,Normal,0.06751399809624925
-0.5644786802925077,0.1386905991300228,0,0.6239573261004014,10,3,0,3,Normal,0.14187396944807185
-0.5644786802925077,1.3604189212761024,0,-0.408913599409285,21,6,0,0,Normal,0.06670426267919294
-0.5644786802925077,-1.257570340465497,1,0.6239573261004014,19,0,1,4,Normal,0.02047856076929866
-0.5644786802925077,0.5575688810086785,0,-0.408913599409285,16,3,4,2,Normal,0.14845851202222032
-0.1528710674206193,-0.1754681122789692,0,-1.4417845249189716,6,6,1,5,Normal,0.12681888016224713
-0.5644786802925077,0.2783166930895746,0,1.656828251610088,4,6,2,7,Normal,0.0900685130454183
-0.5644786802925077,-0.8386920585868409,0,-0.408913599409285,0,3,3,1,Normal,0.125286954655082
-0.5644786802925077,-0.7339724881171771,0,1.656828251610088,5,7,4,0,Normal,0.04675978165448036
-0.5644786802925077,-1.292476863955385,0,0.6239573261004014,16,2,2,6,Normal,0.12570701497753412
-0.5644786802925077,-1.5717290518744889,0,-0.408913599409285,6,3,4,1,Normal,0.1087917550528184
0.6703441583231574,0.5575688810086785,0,0.6239573261004014,18,6,1,4,Normal,0.11220302540237725
-0.5644786802925077,0.9764471628873344,1,1.656828251610088,11,2,2,7,Normal,0.018463172198843525
-0.5644786802925077,-0.3500007297284091,0,-0.408913599409285,4,0,0,3,Normal,0.12294436046601176
-0.5644786802925077,-0.1405615887890813,0,-0.408913599409285,14,7,1,4,Normal,0.15309156112879108
-0.5644786802925077,-1.6415420988542648,0,-0.408913599409285,19,4,3,5,Normal,0.11117001682156241
1.9051669969388227,-1.083037723016057,1,0.6239573261004014,21,7,0,5,Suspicious,-0.029355491988461657
-0.5644786802925077,-0.6990659646272891,0,-1.4417845249189716,11,5,4,2,Normal,0.11187995482308838
0.6703441583231574,0.2085036461097985,1,0.6239573261004014,13,4,3,7,Normal,0.02760609390373414
-0.5644786802925077,1.4651384917457662,0,-1.4417845249189716,2,2,4,3,Normal,0.07234148317820455
-0.1528710674206193,1.6745776326850943,0,1.656828251610088,19,5,4,0,Normal,0.022297398341348584
-0.5644786802925077,-1.083037723016057,0,0.6239573261004014,12,5,4,1,Normal,0.11537502937550204
-0.5644786802925077,-0.7339724881171771,0,-0.408913599409285,1,5,2,3,Normal,0.1479834367572666
1.081951771195046,0.8717275924176705,0,0.6239573261004014,9,6,3,2,Normal,0.10501799653446481
-0.5644786802925077,-0.9783181525463928,0,-0.408913599409285,12,4,1,2,Normal,0.16520529759784092
1.4935593840669343,0.7670080219480067,0,-0.408913599409285,2,5,3,7,Normal,0.0710441393222826
-0.5644786802925077,-0.0358420183194171,0,-0.408913599409285,7,4,0,6,Normal,0.1326824403908149
-0.5644786802925077,-1.7113551458340408,0,-0.408913599409285,9,2,4,5,Normal,0.09732599388211638
-0.5644786802925077,0.5226623575187906,1,-1.4417845249189716,15,3,4,7,Normal,0.018799396373126664
-0.5644786802925077,1.4302319682558782,1,0.6239573261004014,9,1,4,3,Normal,0.015007762865848484
-0.5644786802925077,-0.664159441137401,0,0.6239573261004014,23,0,2,5,Normal,0.10805651367035668
-0.5644786802925077,-0.1405615887890813,0,0.6239573261004014,1,5,1,3,Normal,0.13603586555312497
0.258736545451269,1.4302319682558782,1,-1.4417845249189716,0,7,3,2,Suspicious,-0.03192667408347061
-0.5644786802925077,-1.6764486223441528,0,-0.408913599409285,13,0,2,2,Normal,0.11577621618053857
-0.5644786802925077,-0.8386920585868409,0,-0.408913599409285,22,5,0,7,Normal,0.08127464011156682
-0.5644786802925077,0.0688775521502468,0,0.6239573261004014,15,7,1,0,Normal,0.11424203495804414
-0.5644786802925077,-0.1405615887890813,0,1.656828251610088,14,6,4,0,Normal,0.07254485427088186
-0.5644786802925077,1.5349515387255426,0,-0.408913599409285,19,0,2,0,Normal,0.07846576655628001
-0.1528710674206193,1.1509797803367747,1,-0.408913599409285,2,5,3,6,Normal,0.03092076828687751
-0.5644786802925077,1.6745776326850943,0,-1.4417845249189716,12,7,0,4,Normal,0.06420507020415911
-0.5644786802925077,-0.1754681122789692,0,-0.408913599409285,14,3,0,6,Normal,0.13854361504458595
-0.5644786802925077,-0.7688790116070651,0,0.6239573261004014,8,2,3,1,Normal,0.14579955334359618
-0.5644786802925077,-1.083037723016057,0,1.656828251610088,18,3,3,6,Normal,0.09883019040212526
0.258736545451269,-1.7113551458340408,0,-1.4417845249189716,20,5,3,4,Normal,0.05423258024159816
-0.5644786802925077,1.0811667333569983,0,0.6239573261004014,4,4,4,5,Normal,0.1130623561647191
-0.5644786802925077,-1.362289910935161,0,-0.408913599409285,16,2,0,1,Normal,0.10615863260627884
-0.5644786802925077,-0.664159441137401,0,-0.408913599409285,11,7,2,7,Normal,0.11514485403400859
0.6703441583231574,1.604764585705318,0,-0.408913599409285,15,7,2,0,Normal,0.05228410851161813
1.4935593840669343,0.2085036461097985,0,0.6239573261004014,21,4,2,2,Normal,0.10301932084775034
-0.5644786802925077,0.3481297400693506,0,0.6239573261004014,7,7,0,0,Normal,0.07380794889713005
1.081951771195046,0.1037840756401346,0,-1.4417845249189716,21,7,3,7,Normal,0.051913370670306436
1.4935593840669343,0.3481297400693506,0,0.6239573261004014,15,7,3,3,Normal,0.09969666538996247
-0.5644786802925077,1.5000450152356546,0,-1.4417845249189716,16,6,1,4,Normal,0.11254358478233017
-0.5644786802925077,-1.0132246760362809,0,-1.4417845249189716,19,7,0,6,Normal,0.05155072428435725
-0.5644786802925077,0.9764471628873344,0,-1.4417845249189716,15,3,0,7,Normal,0.0874603936979762
-0.5644786802925077,-0.1405615887890813,0,-0.408913599409285,22,6,0,7,Normal,0.088994026543333
2.7283822226826,-1.6764486223441528,1,-0.408913599409285,5,3,4,5,Suspicious,-0.043049811853814623
-0.1528710674206193,1.0113536863772226,0,1.656828251610088,14,6,2,2,Normal,0.0983533165537892
-0.1528710674206193,-0.524533347177849,0,-0.408913599409285,18,4,0,2,Normal,0.11160564004993945
-0.5644786802925077,1.1160732568468863,0,-0.408913599409285,5,3,4,6,Normal,0.1180789387361138
-0.5644786802925077,0.8717275924176705,0,1.656828251610088,12,1,1,1,Normal,0.10645768924293242
1.4935593840669343,-1.467009481404825,1,-0.408913599409285,7,0,4,3,Suspicious,-0.02430360143781507
-0.5644786802925077,-1.7113551458340408,0,-0.408913599409285,14,1,1,3,Normal,0.13010401131916333
1.4935593840669343,0.5226623575187906,0,0.6239573261004014,12,7,3,3,Normal,0.09751493896585162
-0.5644786802925077,0.4877558340289027,1,1.656828251610088,3,5,3,2,Normal,0.041240868851672
-0.5644786802925077,1.7094841561749825,0,0.6239573261004014,3,7,3,1,Normal,0.06981398664982552
0.6703441583231574,0.9764471628873344,0,0.6239573261004014,5,7,0,2,Normal,0.05847827160210073
-0.5644786802925077,0.9764471628873344,0,-1.4417845249189716,16,3,2,7,Normal,0.11067842159947505
-0.5644786802925077,0.4528493105390145,0,-0.408913599409285,11,4,2,3,Normal,0.17140316411030204
-0.5644786802925077,-1.257570340465497,0,1.656828251610088,20,0,1,6,Normal,0.05822697725881765
-0.5644786802925077,-1.048131199526169,0,0.6239573261004014,7,2,0,1,Normal,0.11652584907037461
1.9051669969388227,-1.362289910935161,1,0.6239573261004014,19,5,3,0,Suspicious,-0.023110766108206948
1.081951771195046,-1.5019160048947129,0,-1.4417845249189716,13,5,3,2,Normal,0.06918001930029871
-0.5644786802925077,-0.873598582076729,0,-0.408913599409285,22,6,1,0,Normal,0.0936141244500962
-0.5644786802925077,-0.210374635768857,0,-0.408913599409285,9,4,2,7,Normal,0.146412599073033
-0.5644786802925077,-0.4547203001980731,0,0.6239573261004014,14,4,0,6,Normal,0.12083819042439453
-0.5644786802925077,-0.873598582076729,0,-0.408913599409285,3,1,0,6,Normal,0.11800052773692038
-0.5644786802925077,0.4179427870491267,0,-0.408913599409285,11,5,1,4,Normal,0.1764993871357342
0.258736545451269,-1.257570340465497,1,-0.408913599409285,15,1,4,4,Normal,0.015779716068843874
-0.5644786802925077,0.3830362635592385,0,-0.408913599409285,20,2,2,1,Normal,0.146096563456921
1.4935593840669343,0.5575688810086785,0,-0.408913599409285,20,1,0,5,Normal,0.06558656962134501
0.258736545451269,1.2207928273165505,1,-0.408913599409285,3,5,2,2,Normal,0.02640642910950408
-0.5644786802925077,-0.5594398706677371,1,0.6239573261004014,20,1,0,5,Normal,0.012571612787360076
0.6703441583231574,1.5000450152356546,0,-0.408913599409285,1,6,2,4,Normal,0.08593543382500068
0.6703441583231574,-0.3849072532182971,0,-0.408913599409285,5,0,2,1,Normal,0.1120437461803061
-0.5644786802925077,0.8368210689277826,0,-0.408913599409285,14,4,3,6,Normal,0.14326646678840005
0.258736545451269,-0.2452811592587452,0,0.6239573261004014,4,2,4,0,Normal,0.07767520622013246
-0.5644786802925077,0.5575688810086785,1,-1.4417845249189716,22,4,2,2,Normal,0.0215128118786605
0.6703441583231574,1.5698580622154303,1,-0.408913599409285,15,0,4,7,Suspicious,-0.037577745317871725
-0.5644786802925077,1.0462602098671103,1,-0.408913599409285,18,0,1,7,Normal,0.01584470957449935
-0.5644786802925077,-1.5717290518744889,1,1.656828251610088,6,0,1,6,Suspicious,-0.014198122333156427
-0.5644786802925077,0.8019145454378945,0,0.6239573261004014,15,6,0,7,Normal,0.09790971735569098
-0.5644786802925077,0.2085036461097985,1,-0.408913599409285,12,4,2,3,Normal,0.07676921236159173
-0.5644786802925077,-0.4547203001980731,1,-0.408913599409285,23,2,1,2,Normal,0.024654559960678557
-0.5644786802925077,0.2783166930895746,0,0.6239573261004014,17,3,1,0,Normal,0.12182600088878709
-0.5644786802925077,-1.083037723016057,0,-1.4417845249189716,10,5,2,5,Normal,0.1295323108178093
-0.5644786802925077,0.5226623575187906,0,-0.408913599409285,6,7,2,2,Normal,0.13619830413178224
0.258736545451269,-1.5717290518744889,0,-0.408913599409285,14,4,3,5,Normal,0.10482545580099767
-0.5644786802925077,0.3481297400693506,0,1.656828251610088,23,3,4,1,Normal,0.07136905500752977
-0.5644786802925077,0.1386905991300228,1,-0.408913599409285,12,5,2,3,Normal,0.08257011811174075
1.4935593840669343,1.5000450152356546,0,-1.4417845249189716,21,1,3,1,Normal,0.027743878141351486
-0.5644786802925077,-0.9783181525463928,0,0.6239573261004014,6,3,1,5,Normal,0.15474946488827523
-0.5644786802925077,1.2906058742963262,1,-0.408913599409285,17,7,2,5,Normal,0.034223217757904933
2.316774609810712,0.6971949749682306,0,-0.408913599409285,2,1,2,7,Normal,0.04929221253943461
-0.5644786802925077,1.2556993508064382,0,0.6239573261004014,0,1,3,3,Normal,0.11743912069267215
1.4935593840669343,0.5575688810086785,0,1.656828251610088,7,4,2,1,Normal,0.07844535126862939
0.6703441583231574,-1.5019160048947129,0,-1.4417845249189716,12,2,4,2,Normal,0.05841398856789082
-0.5644786802925077,1.5349515387255426,0,-0.408913599409285,7,7,3,7,Normal,0.07013954520231747
2.316774609810712,0.0339710286603586,0,-1.4417845249189716,1,4,3,1,Normal,0.03748364796181425
-0.5644786802925077,0.4179427870491267,0,1.656828251610088,2,0,1,2,Normal,0.08281132113129441
-0.5644786802925077,-0.3500007297284091,0,-0.408913599409285,17,1,0,0,Normal,0.11069311098196993
-0.5644786802925077,1.5698580622154303,1,1.656828251610088,22,5,4,1,Suspicious,-0.023311883547455947
-0.1528710674206193,-1.222663816975609,1,0.6239573261004014,2,5,3,2,Normal,0.03430564987440621
1.081951771195046,-0.5943463941576251,0,0.6239573261004014,13,0,1,1,Normal,0.097529538921867
-0.5644786802925077,1.6745776326850943,0,0.6239573261004014,14,6,4,4,Normal,0.09297790329119315
2.316774609810712,0.5226623575187906,0,0.6239573261004014,5,5,2,1,Normal,0.08557973202186653
-0.5644786802925077,1.2207928273165505,0,-1.4417845249189716,8,6,4,7,Normal,0.06730088553542346
-0.5644786802925077,1.5349515387255426,0,-0.408913599409285,5,1,0,7,Normal,0.07875094416851602
2.316774609810712,-0.1405615887890813,0,-0.408913599409285,16,2,4,1,Normal,0.07122062699976428
0.6703441583231574,1.0113536863772226,0,-1.4417845249189716,18,1,0,5,Normal,0.053535435212898164
-0.5644786802925077,-0.6990659646272891,1,0.6239573261004014,13,0,1,0,Normal,0.024143540294886634
1.9051669969388227,0.1037840756401346,0,0.6239573261004014,19,6,3,1,Normal,0.08638713970937861
-0.5644786802925077,0.0688775521502468,0,-0.408913599409285,23,0,2,3,Normal,0.12179479508681818
-0.5644786802925077,0.3132232165794628,0,-0.408913599409285,2,4,1,5,Normal,0.14650384668406158
-0.5644786802925077,-0.8037855350969529,0,-1.4417845249189716,4,2,0,4,Normal,0.10245214438844508
-0.5644786802925077,-1.5717290518744889,0,-0.408913599409285,7,7,1,1,Normal,0.10360506830985139
-0.5644786802925077,0.5575688810086785,0,-0.408913599409285,20,5,4,2,Normal,0.12043180094622624
-0.5644786802925077,-0.9783181525463928,0,-1.4417845249189716,22,3,0,5,Normal,0.07273403507073684
-0.5644786802925077,1.7094841561749825,0,0.6239573261004014,15,7,2,4,Normal,0.10333241601035315
-0.5644786802925077,0.9066341159075584,0,-1.4417845249189716,19,4,1,7,Normal,0.10293439882697142
-0.5644786802925077,0.2434101695996867,0,1.656828251610088,19,7,2,3,Normal,0.10820606187127546
-0.5644786802925077,-0.3500007297284091,0,0.6239573261004014,0,5,3,0,Normal,0.1005001521682537
-0.5644786802925077,-0.0009354948295292,0,1.656828251610088,14,6,4,4,Normal,0.10383201824395338
-0.5644786802925077,-1.0132246760362809,0,-0.408913599409285,22,5,4,4,Normal,0.09779084362511392
-0.5644786802925077,-1.6764486223441528,0,-1.4417845249189716,0,4,1,0,Normal,0.04671826260718348
-0.5644786802925077,0.7321014984581184,0,-0.408913599409285,13,2,0,6,Normal,0.12763714752094463
-0.5644786802925077,-0.0358420183194171,0,-0.408913599409285,21,7,1,3,Normal,0.1281631741928011
-0.5644786802925077,1.7094841561749825,1,1.656828251610088,8,6,1,2,Normal,0.013061108002176969
-0.5644786802925077,1.1160732568468863,0,0.6239573261004014,11,3,3,1,Normal,0.14409175396649843
-0.5644786802925077,-0.8037855350969529,0,0.6239573261004014,14,5,0,3,Normal,0.13093011067584964
1.081951771195046,0.0688775521502468,0,1.656828251610088,21,7,0,0,Normal,0.01945114983162055
-0.5644786802925077,-1.5368225283846009,0,0.6239573261004014,2,3,2,4,Normal,0.13599041548684127
1.9051669969388227,-1.6415420988542648,1,0.6239573261004014,17,5,2,2,Suspicious,-0.0018403980740364645
-0.5644786802925077,-0.943411629056505,0,1.656828251610088,7,6,0,1,Normal,0.08028097197850215
-0.5644786802925077,0.9066341159075584,0,-1.4417845249189716,22,4,3,7,Normal,0.09558999226259446
-0.5644786802925077,-1.117944246505945,0,0.6239573261004014,19,4,1,3,Normal,0.13639647170073216
-0.5644786802925077,-0.8386920585868409,0,0.6239573261004014,21,6,1,4,Normal,0.12068909689297519
-0.5644786802925077,-1.397196434425049,0,-0.408913599409285,18,6,2,1,Normal,0.12209484473833715
-0.5644786802925077,0.9764471628873344,0,-0.408913599409285,9,0,0,5,Normal,0.11960666884994553
-0.5644786802925077,0.0339710286603586,0,1.656828251610088,8,5,4,3,Normal,0.11598981025939159
-0.5644786802925077,1.639671109195206,0,-1.4417845249189716,2,6,2,4,Normal,0.1052831700292226
1.081951771195046,-1.6415420988542648,0,-0.408913599409285,22,6,0,4,Normal,0.033081327844572406
-0.5644786802925077,0.7321014984581184,0,-0.408913599409285,13,2,0,7,Normal,0.10501856727745768
-0.5644786802925077,-0.1056550652991931,0,0.6239573261004014,12,5,1,1,Normal,0.15233620235496897
-0.5644786802925077,0.9764471628873344,0,0.6239573261004014,14,6,0,2,Normal,0.1197128796118912
-0.5644786802925077,0.6622884514783427,0,-1.4417845249189716,4,4,2,6,Normal,0.12636461592323817
-0.5644786802925077,-0.664159441137401,0,-0.408913599409285,13,4,4,3,Normal,0.14775437599331032
-0.5644786802925077,0.5924754044985666,0,-1.4417845249189716,14,0,1,1,Normal,0.0919556362709878
-0.5644786802925077,1.5000450152356546,0,-0.408913599409285,13,6,2,5,Normal,0.13530941117133855
-0.5644786802925077,-1.467009481404825,0,-0.408913599409285,5,6,0,7,Normal,0.064955178647771
-0.5644786802925077,-1.048131199526169,0,0.6239573261004014,7,7,1,2,Normal,0.123093856644164
1.081951771195046,-0.3150942062385213,0,-0.408913599409285,0,5,4,4,Normal,0.08272602407339225
-0.5644786802925077,0.6622884514783427,1,-0.408913599409285,13,5,4,1,Normal,0.048945561692150696
-0.5644786802925077,1.0811667333569983,0,1.656828251610088,13,3,1,3,Normal,0.12969554049301235
-0.5644786802925077,-0.1405615887890813,0,-0.408913599409285,4,1,3,6,Normal,0.14353226941397795
0.6703441583231574,1.3953254447659904,0,-0.408913599409285,3,6,0,2,Normal,0.06414081118579085
-0.5644786802925077,1.2906058742963262,0,1.656828251610088,4,7,1,0,Normal,0.05322388176612691
-0.5644786802925077,0.1386905991300228,0,-0.408913599409285,6,7,1,1,Normal,0.13181821611038286
1.081951771195046,-0.5943463941576251,0,0.6239573261004014,9,0,4,2,Normal,0.07717518522979627
-0.5644786802925077,-0.4547203001980731,0,-0.408913599409285,8,5,3,6,Normal,0.15397951033349322
-0.5644786802925077,1.1858863038266625,0,-0.408913599409285,20,0,3,4,Normal,0.12776706529374154
-0.5644786802925077,-1.222663816975609,0,-1.4417845249189716,7,6,4,6,Normal,0.08411621663147983
-0.5644786802925077,-0.524533347177849,0,-1.4417845249189716,19,5,4,7,Normal,0.0840595382367556
-0.5644786802925077,0.2434101695996867,0,-0.408913599409285,11,5,4,5,Normal,0.14116633129514472
-0.5644786802925077,0.4877558340289027,1,-1.4417845249189716,0,5,1,1,Normal,0.021424248252271516
-0.5644786802925077,0.7670080219480067,0,0.6239573261004014,9,2,1,1,Normal,0.13806095309197208
-0.5644786802925077,-1.5019160048947129,0,-0.408913599409285,16,3,1,1,Normal,0.12258667408460222
-0.5644786802925077,-0.664159441137401,0,0.6239573261004014,22,2,1,4,Normal,0.12759786779896898
1.9051669969388227,-1.5019160048947129,0,1.656828251610088,22,5,1,6,Normal,0.015584257145800029
-0.5644786802925077,0.8019145454378945,0,0.6239573261004014,8,2,3,3,Normal,0.14399806700769918
-0.1528710674206193,-0.7339724881171771,0,1.656828251610088,1,6,0,7,Normal,0.03198150099389652
1.081951771195046,-0.943411629056505,0,-1.4417845249189716,0,0,0,7,Normal,0.004760446777049454
-0.5644786802925077,1.1858863038266625,0,-1.4417845249189716,11,5,4,5,Normal,0.10118911406407305
-0.5644786802925077,0.5924754044985666,0,0.6239573261004014,7,3,1,7,Normal,0.12197035693299252
1.4935593840669343,-1.6066355753643766,1,-1.4417845249189716,19,6,4,1,Suspicious,-0.04309681043120894
1.9051669969388227,-1.7113551458340408,0,-0.408913599409285,4,7,3,3,Normal,0.050128314465100465
2.316774609810712,1.0113536863772226,0,0.6239573261004014,6,0,1,4,Normal,0.05844556427441139
-0.5644786802925077,1.5349515387255426,0,0.6239573261004014,12,1,3,0,Normal,0.09749727194527891
-0.5644786802925077,0.8717275924176705,0,-0.408913599409285,22,2,4,7,Normal,0.0887871639634058
-0.5644786802925077,-0.489626823687961,1,-0.408913599409285,20,0,4,6,Normal,0.01565182717918734
-0.5644786802925077,0.2085036461097985,0,-0.408913599409285,0,1,2,5,Normal,0.13264937138593247
1.081951771195046,-1.7462616693239288,0,-0.408913599409285,7,7,1,2,Normal,0.05896691431545409
-0.5644786802925077,-1.5717290518744889,0,-0.408913599409285,16,5,3,2,Normal,0.12393093640687602
-0.5644786802925077,1.1160732568468863,0,-1.4417845249189716,19,2,3,1,Normal,0.09043166863665697
2.316774609810712,0.4528493105390145,0,-1.4417845249189716,21,5,0,2,Normal,0.029626594323287736
-0.5644786802925077,-0.8386920585868409,0,-0.408913599409285,5,5,4,0,Normal,0.10255983478835262
-0.5644786802925077,1.604764585705318,0,0.6239573261004014,10,0,0,4,Normal,0.09005775309570929
-0.5644786802925077,-0.0009354948295292,0,-1.4417845249189716,15,0,2,3,Normal,0.10975745702165868
-0.5644786802925077,0.5924754044985666,1,-1.4417845249189716,6,4,3,4,Normal,0.0564645237800091
-0.5644786802925077,-1.3273833874452727,0,-0.408913599409285,16,5,1,4,Normal,0.13834708352729808
-0.5644786802925077,1.7443906796648705,0,-0.408913599409285,22,6,1,5,Normal,0.0930346168093461
-0.5644786802925077,0.8717275924176705,0,-1.4417845249189716,18,1,3,5,Normal,0.1129242243336987
-0.5644786802925077,1.3953254447659904,0,-1.4417845249189716,8,3,2,5,Normal,0.12382903513322491
-0.5644786802925077,-0.4547203001980731,1,-0.408913599409285,16,5,2,2,Normal,0.06338910649717522
-0.5644786802925077,-1.467009481404825,0,-1.4417845249189716,14,5,2,3,Normal,0.11395851345848884
-0.5644786802925077,0.6971949749682306,0,-0.408913599409285,11,4,1,1,Normal,0.15298247956807143
-0.5644786802925077,-1.7462616693239288,0,-0.408913599409285,7,4,2,0,Normal,0.10439491253438582
-0.5644786802925077,1.6745776326850943,0,1.656828251610088,23,1,1,5,Normal,0.06382323005577684
-0.5644786802925077,0.4877558340289027,0,1.656828251610088,23,2,2,4,Normal,0.10449481138906913
-0.5644786802925077,0.4877558340289027,0,-0.408913599409285,0,6,3,2,Normal,0.13115551041914092
-0.5644786802925077,-0.5594398706677371,0,0.6239573261004014,15,3,4,1,Normal,0.13389310603922844
1.081951771195046,-0.4198137767081852,0,0.6239573261004014,6,7,1,6,Normal,0.09001454199519177
-0.5644786802925077,-0.664159441137401,0,-1.4417845249189716,4,2,4,5,Normal,0.10127399778041313
-0.5644786802925077,0.1735971226199107,0,0.6239573261004014,21,7,4,7,Normal,0.07450782160133496
2.7283822226826,1.5349515387255426,0,1.656828251610088,0,1,1,3,Normal,0.0079064597695504
-0.5644786802925077,-1.3273833874452727,0,-0.408913599409285,23,5,1,6,Normal,0.09849178281810234
-0.5644786802925077,-0.1056550652991931,0,0.6239573261004014,12,6,0,1,Normal,0.12444696637127756
-0.5644786802925077,-1.362289910935161,0,-0.408913599409285,9,0,4,0,Normal,0.09028558161342559
-0.5644786802925077,-0.3150942062385213,0,0.6239573261004014,17,1,0,2,Normal,0.12040370869834244
-0.5644786802925077,-0.5594398706677371,0,0.6239573261004014,10,2,4,0,Normal,0.11295383318823482
-0.5644786802925077,0.4528493105390145,0,-0.408913599409285,20,3,2,1,Normal,0.1405999646513238
-0.5644786802925077,1.2207928273165505,0,1.656828251610088,7,5,0,5,Normal,0.0868252098205583
-0.5644786802925077,-0.7339724881171771,0,-1.4417845249189716,11,0,4,1,Normal,0.08141904644736897
0.6703441583231574,0.9764471628873344,0,0.6239573261004014,15,5,4,5,Normal,0.09251562295252092
-0.1528710674206193,1.0113536863772226,0,0.6239573261004014,22,1,1,5,Normal,0.0989980155492306
-0.5644786802925077,-0.3849072532182971,0,0.6239573261004014,18,0,0,5,Normal,0.09766160715163974
-0.5644786802925077,0.2783166930895746,0,1.656828251610088,0,1,0,2,Normal,0.05626622608722742
-0.5644786802925077,-0.7339724881171771,0,0.6239573261004014,17,5,4,6,Normal,0.11166220355602208
-0.5644786802925077,-1.292476863955385,0,0.6239573261004014,4,6,1,2,Normal,0.1192232885830995
-0.5644786802925077,1.5000450152356546,0,0.6239573261004014,5,7,0,1,Normal,0.06671331001890246
1.4935593840669343,0.2434101695996867,0,1.656828251610088,22,7,4,2,Normal,0.02361733598788962
1.081951771195046,1.3953254447659904,0,1.656828251610088,3,4,1,7,Normal,0.023519617037002782
-0.5644786802925077,-0.1405615887890813,0,0.6239573261004014,9,1,3,4,Normal,0.15321607786409347
1.081951771195046,0.5575688810086785,1,0.6239573261004014,19,5,4,7,Suspicious,-0.012219942893169744
1.4935593840669343,0.2434101695996867,0,-0.408913599409285,15,3,3,7,Normal,0.09824087917375235
-0.5644786802925077,0.4877558340289027,0,-1.4417845249189716,5,4,0,5,Normal,0.10962243468318744
2.7283822226826,0.7321014984581184,0,-1.4417845249189716,14,4,4,3,Normal,0.023791263064367296
-0.5644786802925077,-0.6990659646272891,0,-0.408913599409285,14,2,4,6,Normal,0.136507725000435
2.316774609810712,0.1735971226199107,0,-0.408913599409285,18,1,2,4,Normal,0.09219955232051535
-0.5644786802925077,1.2207928273165505,0,-0.408913599409285,8,1,3,3,Normal,0.14571865489942837
2.7283822226826,0.8019145454378945,0,0.6239573261004014,10,4,1,7,Normal,0.04674403429196572
1.081951771195046,1.1509797803367747,0,1.656828251610088,9,7,2,5,Normal,0.047834199842599956
-0.5644786802925077,-0.210374635768857,0,-0.408913599409285,6,4,2,6,Normal,0.16457148461816606
0.258736545451269,1.0113536863772226,0,-0.408913599409285,0,6,3,2,Normal,0.09053177407710344
-0.5644786802925077,0.6622884514783427,0,0.6239573261004014,23,7,3,0,Normal,0.06775790943619886
1.081951771195046,0.8717275924176705,0,-0.408913599409285,2,2,0,6,Normal,0.07759581546665262
-0.5644786802925077,-0.0707485418093052,0,-1.4417845249189716,15,5,4,4,Normal,0.11628036476851866
-0.5644786802925077,1.2556993508064382,0,0.6239573261004014,13,1,1,0,Normal,0.11474156356578058
-0.5644786802925077,-0.4547203001980731,0,-0.408913599409285,0,7,0,1,Normal,0.07828664066191338
-0.5644786802925077,-0.3500007297284091,0,0.6239573261004014,8,1,1,0,Normal,0.1217023428575682
1.081951771195046,-0.1754681122789692,1,-0.408913599409285,17,2,1,5,Normal,0.04406059030707865
0.6703441583231574,1.2556993508064382,0,-0.408913599409285,4,1,2,1,Normal,0.10047357252880307
-0.5644786802925077,-1.6415420988542648,0,-0.408913599409285,3,6,4,2,Normal,0.0835815323825887
-0.5644786802925077,0.3830362635592385,0,-1.4417845249189716,2,0,1,1,Normal,0.09272022159375481
-0.5644786802925077,1.639671109195206,0,1.656828251610088,18,1,3,1,Normal,0.06874601318406348
-0.5644786802925077,-0.524533347177849,0,0.6239573261004014,0,1,4,1,Normal,0.10027296335466007
-0.5644786802925077,-0.943411629056505,0,1.656828251610088,15,7,2,6,Normal,0.09262691498480746
-0.5644786802925077,-0.3500007297284091,1,0.6239573261004014,3,3,4,0,Normal,0.011252722850674246
-0.5644786802925077,-1.7113551458340408,0,0.6239573261004014,10,7,4,1,Normal,0.08020460042069688
2.7283822226826,0.9415406393974466,0,-1.4417845249189716,10,0,0,1,Suspicious,-0.0023611316228078216
-0.5644786802925077,-1.6764486223441528,0,-0.408913599409285,15,1,0,1,Normal,0.09035985390135348
-0.5644786802925077,-1.5717290518744889,0,1.656828251610088,9,1,3,4,Normal,0.10111607408757683
-0.5644786802925077,1.2556993508064382,0,-0.408913599409285,15,3,2,1,Normal,0.14207887352906146
2.7283822226826,1.2556993508064382,0,1.656828251610088,23,2,3,5,Normal,0.004686173362671964
-0.5644786802925077,1.5000450152356546,0,-0.408913599409285,14,3,2,5,Normal,0.14455771586878352
-0.5644786802925077,-1.1528507699958328,0,0.6239573261004014,0,6,3,7,Normal,0.0696631942111916
0.6703441583231574,-0.8037855350969529,0,1.656828251610088,8,6,3,4,Normal,0.09071670630642226
-0.5644786802925077,-0.3500007297284091,0,0.6239573261004014,18,2,2,0,Normal,0.12621139588432562
-0.5644786802925077,-1.048131199526169,0,-0.408913599409285,1,2,4,6,Normal,0.11445905319071858
0.258736545451269,0.2434101695996867,0,-1.4417845249189716,18,0,1,6,Normal,0.06470689141030239
-0.5644786802925077,1.6745776326850943,0,-0.408913599409285,12,2,4,6,Normal,0.10059487426393021
1.081951771195046,-0.3849072532182971,0,0.6239573261004014,5,7,3,4,Normal,0.10452274089758118
-0.1528710674206193,-0.6990659646272891,0,0.6239573261004014,18,1,2,6,Normal,0.12389545424615922
-0.5644786802925077,0.6622884514783427,1,-0.408913599409285,15,7,1,3,Normal,0.0463970531788519
-0.5644786802925077,-1.1528507699958328,0,-0.408913599409285,6,1,4,2,Normal,0.12914292528074817
-0.5644786802925077,-0.210374635768857,0,1.656828251610088,1,2,1,2,Normal,0.10186778200830426
-0.5644786802925077,0.2085036461097985,1,0.6239573261004014,18,0,4,6,Normal,0.00694819347717146
1.9051669969388227,-0.0707485418093052,1,0.6239573261004014,16,3,4,1,Suspicious,-0.010628695716031755
-0.5644786802925077,-0.210374635768857,0,1.656828251610088,7,0,3,1,Normal,0.09894601579985596
-0.5644786802925077,0.4179427870491267,0,0.6239573261004014,2,5,0,6,Normal,0.10873191758622996
-0.5644786802925077,1.604764585705318,0,0.6239573261004014,1,1,3,6,Normal,0.09196606887546199
-0.5644786802925077,-0.873598582076729,0,-1.4417845249189716,4,3,3,5,Normal,0.12297646269927498
-0.5644786802925077,1.2207928273165505,0,1.656828251610088,22,6,3,6,Normal,0.07564836048147028
1.4935593840669343,-1.0132246760362809,0,-0.408913599409285,12,7,0,3,Normal,0.07187165384828642
-0.5644786802925077,1.1858863038266625,0,0.6239573261004014,2,6,4,5,Normal,0.09539753368410397
-0.5644786802925077,-1.1528507699958328,0,-1.4417845249189716,9,1,2,1,Normal,0.11608831391940261
-0.5644786802925077,-0.943411629056505,0,-0.408913599409285,10,1,3,4,Normal,0.16188039024328482
-0.5644786802925077,-0.8386920585868409,0,-0.408913599409285,8,0,0,2,Normal,0.11976515907501933
-0.5644786802925077,-1.117944246505945,0,0.6239573261004014,5,0,0,3,Normal,0.09876266086117258
1.9051669969388227,-0.9783181525463928,0,-1.4417845249189716,22,4,3,1,Normal,0.03437939092004849
-0.5644786802925077,-0.7339724881171771,1,0.6239573261004014,8,5,3,6,Normal,0.05822009640125758
-0.5644786802925077,-1.5368225283846009,0,-1.4417845249189716,0,1,1,3,Normal,0.08263351570317679
-0.5644786802925077,-0.664159441137401,0,0.6239573261004014,16,7,2,7,Normal,0.09837051879750125
-0.5644786802925077,-1.6415420988542648,0,0.6239573261004014,17,6,0,4,Normal,0.09638636398042033
-0.5644786802925077,-1.1528507699958328,0,-1.4417845249189716,23,0,3,1,Normal,0.06629634428307674
-0.5644786802925077,-0.9783181525463928,0,-0.408913599409285,11,2,0,7,Normal,0.11310919540057529
-0.5644786802925077,-1.5717290518744889,0,1.656828251610088,19,7,0,3,Normal,0.05732139028373162
0.258736545451269,-0.8386920585868409,0,0.6239573261004014,10,7,1,7,Normal,0.08594654481136632
-0.5644786802925077,-1.467009481404825,0,0.6239573261004014,4,6,3,3,Normal,0.1152558686880274
0.258736545451269,1.5698580622154303,0,0.6239573261004014,20,7,1,0,Normal,0.03407127399279697
-0.5644786802925077,-1.4321029579149367,0,-1.4417845249189716,11,3,3,2,Normal,0.10784367660315647
-0.5644786802925077,1.1509797803367747,1,-0.408913599409285,15,3,3,2,Normal,0.05914429855147574
-0.1528710674206193,-0.0707485418093052,0,-1.4417845249189716,13,6,2,6,Normal,0.11188871723576305
-0.5644786802925077,0.9415406393974466,1,1.656828251610088,6,7,2,5,Normal,0.02734002518069345
-0.5644786802925077,1.1509797803367747,0,0.6239573261004014,4,3,3,4,Normal,0.15089492202577626
-0.5644786802925077,-0.3849072532182971,0,-0.408913599409285,14,7,3,3,Normal,0.1476519069779268
2.7283822226826,-0.1056550652991931,0,-0.408913599409285,8,7,1,3,Normal,0.04740769150794921
-0.5644786802925077,-1.6764486223441528,0,-1.4417845249189716,3,0,0,2,Normal,0.040495250900597135
1.081951771195046,1.0811667333569983,1,0.6239573261004014,22,3,4,7,Suspicious,-0.02082904366964311
-0.5644786802925077,-0.873598582076729,0,0.6239573261004014,17,3,4,7,Normal,0.09883557898023054
-0.5644786802925077,-0.4198137767081852,0,-1.4417845249189716,8,7,2,6,Normal,0.11832934952371882
-0.5644786802925077,0.1735971226199107,0,0.6239573261004014,10,1,0,6,Normal,0.12137653959609318
0.258736545451269,-0.1405615887890813,1,0.6239573261004014,13,1,4,5,Normal,0.018532004535172453
-0.5644786802925077,-1.397196434425049,0,0.6239573261004014,11,5,1,3,Normal,0.14473710301512682
0.258736545451269,-0.629252917647513,0,-0.408913599409285,12,7,0,5,Normal,0.08938823039929267
-0.5644786802925077,-1.5368225283846009,0,0.6239573261004014,10,3,1,5,Normal,0.13490111870479038
-0.1528710674206193,-0.7688790116070651,1,-1.4417845249189716,16,4,2,4,Normal,0.034794848483714835
-0.5644786802925077,1.3953254447659904,0,0.6239573261004014,9,2,4,4,Normal,0.11527106396944925
1.9051669969388227,0.3830362635592385,0,1.656828251610088,6,7,3,3,Normal,0.05239515944503603
-0.5644786802925077,0.4877558340289027,0,0.6239573261004014,8,1,3,6,Normal,0.13625217393949335
-0.5644786802925077,-1.048131199526169,0,-1.4417845249189716,10,6,3,2,Normal,0.11940281697254962
-0.5644786802925077,-0.1754681122789692,1,-0.408913599409285,0,5,0,6,Normal,0.02487446176301522
-0.5644786802925077,-1.117944246505945,0,0.6239573261004014,16,3,4,1,Normal,0.11670536305854112
2.7283822226826,0.5226623575187906,0,-1.4417845249189716,11,6,3,1,Normal,0.02354329769520558
-0.5644786802925077,-1.5717290518744889,0,1.656828251610088,20,0,3,3,Normal,0.07215270559272413
-0.5644786802925077,1.7094841561749825,0,-1.4417845249189716,0,6,2,0,Normal,0.050552517164763944
-0.5644786802925077,-0.1754681122789692,0,0.6239573261004014,23,3,3,2,Normal,0.1263732483397137
1.9051669969388227,-1.1877572934857208,0,0.6239573261004014,6,7,3,0,Normal,0.031744246237135565
-0.1528710674206193,1.7443906796648705,0,1.656828251610088,17,5,1,7,Normal,0.04492745901602302
-0.5644786802925077,1.0462602098671103,0,-0.408913599409285,18,4,3,2,Normal,0.14323553510574583
-0.5644786802925077,-0.0707485418093052,0,-0.408913599409285,7,1,0,3,Normal,0.13586311412074686
-0.5644786802925077,-0.3500007297284091,0,0.6239573261004014,16,1,1,1,Normal,0.13864185000484974
-0.5644786802925077,-1.6764486223441528,0,0.6239573261004014,15,6,3,3,Normal,0.11878205899914479
-0.5644786802925077,-0.629252917647513,0,-0.408913599409285,17,0,4,0,Normal,0.09725244803843847
-0.5644786802925077,0.8019145454378945,0,1.656828251610088,3,3,2,6,Normal,0.11237630941328791
-0.5644786802925077,0.2085036461097985,0,-0.408913599409285,23,6,4,5,Normal,0.10466313131650162
-0.5644786802925077,0.5575688810086785,0,-0.408913599409285,14,6,0,3,Normal,0.13178058126271125
2.7283822226826,0.3132232165794628,0,-1.4417845249189716,21,3,0,5,Suspicious,-0.0037474694957079224
-0.5644786802925077,1.3953254447659904,0,-0.408913599409285,21,5,1,6,Normal,0.11720612821410759
-0.5644786802925077,0.9066341159075584,0,0.6239573261004014,18,0,0,4,Normal,0.10388741647727673
-0.5644786802925077,0.3132232165794628,0,0.6239573261004014,18,3,3,7,Normal,0.1206924003070679
-0.5644786802925077,0.8717275924176705,0,0.6239573261004014,8,1,0,7,Normal,0.08686295796922272
-0.5644786802925077,0.0339710286603586,1,-0.408913599409285,22,3,0,0,Normal,0.0009545473719017039
-0.5644786802925077,1.4302319682558782,0,-0.408913599409285,16,2,0,4,Normal,0.12512021923211725
-0.5644786802925077,-1.0132246760362809,0,-0.408913599409285,3,2,3,7,Normal,0.117844345538687
-0.5644786802925077,-0.1056550652991931,1,1.656828251610088,14,1,0,0,Suspicious,-0.017975119962584052
-0.5644786802925077,-0.1754681122789692,0,-0.408913599409285,21,7,1,2,Normal,0.11396495021791242
-0.5644786802925077,1.0811667333569983,0,-0.408913599409285,12,7,2,7,Normal,0.09976966630023743
0.6703441583231574,-0.2801876827486331,0,0.6239573261004014,0,3,3,2,Normal,0.11016425321730716
-0.5644786802925077,-1.6066355753643766,0,0.6239573261004014,3,0,3,4,Normal,0.10775552781574488
-0.5644786802925077,-1.222663816975609,0,0.6239573261004014,3,0,0,5,Normal,0.08768292134006617
-0.5644786802925077,-1.1877572934857208,0,-0.408913599409285,13,5,0,6,Normal,0.11096517879649542
0.6703441583231574,0.1735971226199107,0,-1.4417845249189716,0,0,3,3,Normal,0.054223118586294805
-0.5644786802925077,-0.873598582076729,0,0.6239573261004014,2,4,2,7,Normal,0.12363286770501658
1.081951771195046,-0.8386920585868409,0,-0.408913599409285,13,3,3,0,Normal,0.10696028509895683
-0.5644786802925077,-1.117944246505945,0,-0.408913599409285,9,5,1,6,Normal,0.14835264271424287
-0.5644786802925077,-0.0707485418093052,1,-0.408913599409285,4,2,2,2,Normal,0.06271626293086063
-0.5644786802925077,-0.8037855350969529,0,0.6239573261004014,10,6,3,2,Normal,0.1461112218717372
2.7283822226826,-1.7113551458340408,0,0.6239573261004014,15,6,0,5,Normal,0.016063078324414226
-0.5644786802925077,1.4651384917457662,0,0.6239573261004014,10,1,4,7,Normal,0.07880847857981077
-0.5644786802925077,0.5226623575187906,0,-1.4417845249189716,6,3,4,1,Normal,0.10297430102756211
-0.5644786802925077,1.1509797803367747,1,1.656828251610088,3,4,0,5,Normal,0.0013920545319634492
-0.5644786802925077,1.6745776326850943,1,1.656828251610088,22,5,0,3,Suspicious,-0.019989734352682698
-0.5644786802925077,-0.3849072532182971,0,-0.408913599409285,13,6,0,7,Normal,0.11274973232726443
1.4935593840669343,1.0113536863772226,0,1.656828251610088,23,0,4,0,Suspicious,-0.008336277417916094
1.9051669969388227,1.2207928273165505,0,1.656828251610088,20,6,0,6,Normal,0.010366218456169807
-0.5644786802925077,1.2207928273165505,0,1.656828251610088,3,2,3,6,Normal,0.104129147100392
0.6703441583231574,-0.5943463941576251,1,-0.408913599409285,14,6,4,1,Normal,0.022243742516412257
2.7283822226826,-0.7688790116070651,0,0.6239573261004014,12,7,0,5,Normal,0.03352411961875024
-0.5644786802925077,0.5924754044985666,0,-1.4417845249189716,14,5,3,2,Normal,0.11992924764196178
-0.5644786802925077,-1.257570340465497,0,-1.4417845249189716,15,2,1,1,Normal,0.10712232813934436
-0.5644786802925077,-1.6415420988542648,0,1.656828251610088,12,6,4,7,Normal,0.0447144820376294
-0.5644786802925077,-0.2801876827486331,0,0.6239573261004014,12,5,3,0,Normal,0.1250046213700003
-0.5644786802925077,1.639671109195206,0,-0.408913599409285,7,2,4,0,Normal,0.08674588773321201
0.258736545451269,0.4877558340289027,0,1.656828251610088,16,5,0,3,Normal,0.07785227540474471
0.258736545451269,-1.222663816975609,0,-0.408913599409285,5,7,0,3,Normal,0.0649942391974041
0.258736545451269,1.4302319682558782,1,1.656828251610088,18,1,3,6,Suspicious,-0.010273786078886071
2.316774609810712,0.2783166930895746,0,0.6239573261004014,4,0,2,0,Normal,0.04323117957335154
-0.5644786802925077,0.2783166930895746,0,-0.408913599409285,18,5,3,1,Normal,0.1420760504833098
-0.5644786802925077,0.1735971226199107,0,-0.408913599409285,21,1,0,2,Normal,0.10719035722992176
2.7283822226826,0.4179427870491267,0,0.6239573261004014,12,4,4,4,Normal,0.04691430831848442
-0.5644786802925077,0.3132232165794628,0,-0.408913599409285,23,6,3,3,Normal,0.13008239811627154
1.081951771195046,0.5575688810086785,0,-0.408913599409285,15,6,2,7,Normal,0.10630599490115883
-0.5644786802925077,1.2207928273165505,0,1.656828251610088,2,7,1,6,Normal,0.05866425107207829
-0.5644786802925077,0.4179427870491267,0,0.6239573261004014,9,6,2,1,Normal,0.14528118523728278
1.4935593840669343,-0.0707485418093052,0,-0.408913599409285,6,4,2,3,Normal,0.12545467488520345
-0.5644786802925077,-1.4321029579149367,0,-1.4417845249189716,6,2,2,1,Normal,0.09640211764235618
-0.5644786802925077,0.8019145454378945,1,-0.408913599409285,1,3,4,4,Normal,0.03402439314509553
-0.5644786802925077,-1.5019160048947129,0,-0.408913599409285,10,0,0,3,Normal,0.09664872261809165
-0.5644786802925077,-1.1528507699958328,0,0.6239573261004014,21,1,4,0,Normal,0.07626925417769381
-0.5644786802925077,-1.7113551458340408,0,-0.408913599409285,14,5,4,5,Normal,0.08926330662368243
-0.5644786802925077,-0.5594398706677371,0,-1.4417845249189716,9,5,4,4,Normal,0.11677443026115697
0.258736545451269,-0.4547203001980731,0,-1.4417845249189716,18,0,2,0,Normal,0.06322747320411981
-0.5644786802925077,-0.524533347177849,0,-0.408913599409285,21,6,2,3,Normal,0.1382828939807827
-0.5644786802925077,1.2207928273165505,1,1.656828251610088,5,0,4,0,Suspicious,-0.024081837194031452
2.7283822226826,1.1509797803367747,0,1.656828251610088,8,4,1,6,Normal,0.012163848604240024
-0.5644786802925077,0.9066341159075584,0,-0.408913599409285,7,4,2,5,Normal,0.15892965618809451
-0.5644786802925077,-0.0707485418093052,0,0.6239573261004014,13,2,4,3,Normal,0.1411373398179534
-0.5644786802925077,0.5924754044985666,0,0.6239573261004014,1,7,2,0,Normal,0.08708603709280716
1.4935593840669343,0.9415406393974466,0,-0.408913599409285,9,3,3,7,Normal,0.08652232554447614
-0.5644786802925077,-0.1405615887890813,0,-0.408913599409285,16,1,0,4,Normal,0.1388071484917368
-0.5644786802925077,1.7094841561749825,0,0.6239573261004014,15,7,3,1,Normal,0.0875425144953964
-0.5644786802925077,1.2556993508064382,0,1.656828251610088,23,0,1,1,Normal,0.05296110107428942
-0.5644786802925077,1.1160732568468863,0,-0.408913599409285,21,5,1,4,Normal,0.13374107514328343
-0.5644786802925077,0.3830362635592385,0,1.656828251610088,15,3,3,3,Normal,0.1382097804547936
-0.5644786802925077,1.0462602098671103,1,0.6239573261004014,4,3,4,5,Normal,0.0238393831344762
-0.5644786802925077,1.5349515387255426,0,0.6239573261004014,13,7,1,3,Normal,0.1125908602354711
-0.5644786802925077,-1.117944246505945,0,-0.408913599409285,22,0,4,7,Normal,0.060152554988900486
-0.5644786802925077,1.4302319682558782,0,-1.4417845249189716,18,3,2,4,Normal,0.115083530009632
-0.5644786802925077,-1.292476863955385,1,-1.4417845249189716,23,2,1,4,Suspicious,-0.0026347990804038712
-0.5644786802925077,-0.6990659646272891,0,1.656828251610088,2,7,3,7,Normal,0.052862838937616785
-0.5644786802925077,0.5575688810086785,1,-1.4417845249189716,8,3,1,7,Normal,0.04120896339397706
1.4935593840669343,-0.5943463941576251,0,-1.4417845249189716,11,6,2,5,Normal,0.09197694317120486
1.081951771195046,-1.7462616693239288,0,1.656828251610088,22,7,4,0,Suspicious,-0.014534179326260777
-0.5644786802925077,0.1735971226199107,0,0.6239573261004014,11,7,3,7,Normal,0.10556084624716411
-0.1528710674206193,0.1386905991300228,0,-1.4417845249189716,23,0,4,1,Normal,0.04082276417786046
-0.5644786802925077,-1.397196434425049,0,-0.408913599409285,9,5,3,0,Normal,0.11752540576162274
1.081951771195046,1.1160732568468863,1,-0.408913599409285,14,3,0,2,Normal,0.01012606774102176
-0.5644786802925077,-1.6066355753643766,0,-1.4417845249189716,5,2,3,5,Normal,0.09061530487890612
-0.5644786802925077,1.2906058742963262,0,-0.408913599409285,4,4,0,2,Normal,0.11384910278027915
-0.5644786802925077,1.2906058742963262,0,0.6239573261004014,12,5,4,6,Normal,0.10644605904316562
-0.5644786802925077,-0.489626823687961,1,0.6239573261004014,12,4,1,6,Normal,0.056447790009774734
-0.5644786802925077,-0.629252917647513,0,1.656828251610088,13,6,4,0,Normal,0.07314919674816922
-0.5644786802925077,-1.467009481404825,0,-0.408913599409285,12,3,0,0,Normal,0.09366305677366404
-0.5644786802925077,-1.0132246760362809,0,1.656828251610088,22,7,0,0,Normal,0.03057355778532922
-0.5644786802925077,-0.3150942062385213,0,0.6239573261004014,21,6,2,5,Normal,0.13320367609782124
0.258736545451269,0.0688775521502468,0,-1.4417845249189716,7,7,3,2,Normal,0.09140779934845678
-0.5644786802925077,1.1509797803367747,1,-1.4417845249189716,7,3,0,5,Normal,0.027353162234470263
-0.5644786802925077,1.639671109195206,1,-0.408913599409285,16,4,4,7,Normal,0.00382090238185262
-0.5644786802925077,-1.6764486223441528,0,0.6239573261004014,19,7,2,0,Normal,0.07179374849685238
-0.5644786802925077,1.0462602098671103,0,-0.408913599409285,6,0,2,7,Normal,0.11474288609306116
-0.5644786802925077,-0.4198137767081852,0,0.6239573261004014,23,5,1,2,Normal,0.11244562821933701
-0.5644786802925077,0.9415406393974466,1,1.656828251610088,18,6,2,2,Normal,0.03562297393666314
-0.5644786802925077,0.0688775521502468,0,1.656828251610088,20,5,4,5,Normal,0.09466268167296499
-0.5644786802925077,1.5349515387255426,1,-1.4417845249189716,18,2,0,6,Normal,0.0056013771146468105
-0.5644786802925077,-0.3150942062385213,0,-0.408913599409285,10,1,3,7,Normal,0.13287948289065493
1.9051669969388227,-1.6764486223441528,0,0.6239573261004014,7,4,0,0,Normal,0.0262910568839676
-0.5644786802925077,0.6273819279884545,0,-1.4417845249189716,11,3,2,1,Normal,0.12958219949236333
-0.5644786802925077,1.3953254447659904,0,-0.408913599409285,9,4,2,5,Normal,0.1487450133894036
2.316774609810712,-1.3273833874452727,0,0.6239573261004014,20,7,0,2,Normal,0.025499149953510325
-0.5644786802925077,1.1509797803367747,0,0.6239573261004014,8,5,4,2,Normal,0.11676251453445419
-0.5644786802925077,0.3132232165794628,0,1.656828251610088,1,7,0,7,Normal,0.03771684249046714
1.081951771195046,1.1160732568468863,0,-0.408913599409285,10,7,4,5,Normal,0.059899638956347534
-0.5644786802925077,1.5698580622154303,0,0.6239573261004014,5,4,2,3,Normal,0.1291016699346783
-0.5644786802925077,-1.083037723016057,0,-1.4417845249189716,2,6,3,0,Normal,0.07609209070234724
2.7283822226826,-0.7688790116070651,0,0.6239573261004014,9,4,1,0,Normal,0.050429647207715034
-0.5644786802925077,-1.0132246760362809,0,-1.4417845249189716,23,3,1,6,Normal,0.08224106366116912
-0.5644786802925077,-0.524533347177849,1,-0.408913599409285,11,2,4,5,Normal,0.0548581683506012
-0.5644786802925077,-1.5019160048947129,0,0.6239573261004014,14,0,1,4,Normal,0.11567260747985408
-0.5644786802925077,-0.5943463941576251,0,-1.4417845249189716,11,6,1,0,Normal,0.10643555321044029
-0.5644786802925077,-0.0009354948295292,1,-0.408913599409285,1,4,1,6,Normal,0.039065351427727935
-0.5644786802925077,0.1386905991300228,0,-0.408913599409285,10,1,2,1,Normal,0.15893196918560304
2.7283822226826,-0.524533347177849,0,-1.4417845249189716,20,2,3,4,Normal,0.03800704070019911
0.6703441583231574,0.2783166930895746,1,1.656828251610088,13,3,0,0,Suspicious,-0.02068816068408097
-0.5644786802925077,1.1160732568468863,0,-0.408913599409285,18,6,1,3,Normal,0.14431526934552452
0.6703441583231574,0.3830362635592385,0,0.6239573261004014,6,4,1,6,Normal,0.11573878744321858
-0.5644786802925077,-0.908505105566617,0,-1.4417845249189716,11,4,2,7,Normal,0.11131493177916807
-0.5644786802925077,1.6745776326850943,1,0.6239573261004014,19,6,2,2,Normal,0.024745366463935548
-0.5644786802925077,1.0113536863772226,0,-1.4417845249189716,10,2,0,1,Normal,0.09022465714639338
0.6703441583231574,0.7670080219480067,0,0.6239573261004014,11,1,1,5,Normal,0.1113050820255993
-0.5644786802925077,-1.6415420988542648,0,0.6239573261004014,20,0,0,0,Normal,0.05047179914255384
-0.5644786802925077,0.7321014984581184,0,-0.408913599409285,14,0,1,7,Normal,0.10478792748832855
-0.5644786802925077,-0.7339724881171771,0,-0.408913599409285,0,4,4,3,Normal,0.11949631347629736
1.4935593840669343,0.0339710286603586,1,-0.408913599409285,10,4,0,4,Normal,0.020209860844809358
-0.5644786802925077,-1.6415420988542648,0,-0.408913599409285,11,3,2,4,Normal,0.14853963129079906
-0.5644786802925077,0.2434101695996867,1,0.6239573261004014,14,6,2,7,Normal,0.05939747704050058
-0.5644786802925077,-1.6415420988542648,0,-0.408913599409285,7,4,1,3,Normal,0.13225539582574314
-0.5644786802925077,0.1735971226199107,0,-0.408913599409285,11,4,4,2,Normal,0.14832752155469808
-0.5644786802925077,-0.8037855350969529,0,0.6239573261004014,7,7,4,5,Normal,0.10213740281260919
-0.1528710674206193,-0.4547203001980731,1,1.656828251610088,7,3,2,3,Normal,0.040483053228046684
-0.5644786802925077,1.5349515387255426,0,-0.408913599409285,13,7,2,6,Normal,0.10075440018844195
-0.5644786802925077,0.0688775521502468,0,-1.4417845249189716,10,2,1,5,Normal,0.13933984747855377
2.316774609810712,-0.489626823687961,0,0.6239573261004014,9,1,0,5,Normal,0.06999054077697409
1.9051669969388227,0.2434101695996867,0,-0.408913599409285,19,7,4,2,Normal,0.057450155051803176
-0.5644786802925077,-0.524533347177849,0,-1.4417845249189716,11,4,3,4,Normal,0.15026606922579622
-0.5644786802925077,-0.524533347177849,0,-1.4417845249189716,22,3,1,2,Normal,0.10477400698369788
-0.5644786802925077,1.0462602098671103,0,0.6239573261004014,21,1,0,1,Normal,0.09241291819065689
-0.5644786802925077,-0.2452811592587452,0,-1.4417845249189716,15,3,2,0,Normal,0.11172849435096982
-0.5644786802925077,-1.397196434425049,0,0.6239573261004014,2,1,2,2,Normal,0.13083828286999477
-0.5644786802925077,-1.222663816975609,1,0.6239573261004014,3,4,4,1,Normal,0.015371680602209614
-0.5644786802925077,0.4877558340289027,0,-1.4417845249189716,22,6,3,2,Normal,0.09968035305554612
-0.5644786802925077,1.0462602098671103,0,-0.408913599409285,2,0,1,0,Normal,0.10741946039073885
1.9051669969388227,1.604764585705318,0,-1.4417845249189716,10,6,2,1,Normal,0.036663255195996114
-0.5644786802925077,-0.5943463941576251,0,0.6239573261004014,23,3,4,7,Normal,0.08519984204930786
-0.5644786802925077,1.5000450152356546,0,-1.4417845249189716,20,4,4,0,Normal,0.04572099821697151
-0.5644786802925077,0.2085036461097985,0,0.6239573261004014,7,6,1,1,Normal,0.14234236933253425
1.9051669969388227,1.4651384917457662,0,1.656828251610088,3,7,1,0,Suspicious,-0.005441559378738692
0.258736545451269,-0.524533347177849,0,1.656828251610088,13,2,3,2,Normal,0.10746697921552684
-0.5644786802925077,-0.5594398706677371,0,0.6239573261004014,12,0,3,1,Normal,0.13386249778873277
-0.5644786802925077,0.4528493105390145,0,-0.408913599409285,6,5,3,3,Normal,0.16248781942292195
-0.5644786802925077,0.7321014984581184,0,1.656828251610088,3,2,2,7,Normal,0.09365361022530472
2.316774609810712,0.1037840756401346,0,0.6239573261004014,12,7,3,1,Normal,0.07737460846985578
-0.5644786802925077,-0.7339724881171771,0,-1.4417845249189716,3,6,0,7,Normal,0.06666481320289575
-0.5644786802925077,1.5000450152356546,0,-1.4417845249189716,22,4,3,2,Normal,0.0759048659415752
-0.5644786802925077,0.0339710286603586,0,-1.4417845249189716,13,6,2,0,Normal,0.10491247407451615
0.258736545451269,-1.222663816975609,1,-0.408913599409285,8,1,1,6,Normal,0.03799236743750889
0.6703441583231574,-0.1405615887890813,0,0.6239573261004014,16,5,3,4,Normal,0.12969590218679122
-0.5644786802925077,0.0688775521502468,0,0.6239573261004014,19,6,1,5,Normal,0.13745012268532236
-0.5644786802925077,0.8019145454378945,0,0.6239573261004014,11,2,1,7,Normal,0.12227405430308097
-0.5644786802925077,-0.6990659646272891,0,0.6239573261004014,11,7,3,3,Normal,0.13672744388118618
-0.5644786802925077,-0.7688790116070651,0,1.656828251610088,9,0,2,0,Normal,0.07987869486386978
-0.1528710674206193,-1.6764486223441528,0,0.6239573261004014,15,6,4,7,Normal,0.060228598737956496
-0.5644786802925077,1.3255123977862149,0,-1.4417845249189716,7,4,2,5,Normal,0.12805103346604374
-0.5644786802925077,-1.362289910935161,0,-0.408913599409285,13,6,4,0,Normal,0.09023730795107376
-0.5644786802925077,1.0462602098671103,0,0.6239573261004014,17,2,2,6,Normal,0.14248412098548668
-0.5644786802925077,0.1735971226199107,0,1.656828251610088,4,5,0,6,Normal,0.08519357369459724
-0.5644786802925077,-0.2801876827486331,0,0.6239573261004014,15,1,3,4,Normal,0.15345152423468267
-0.5644786802925077,0.1735971226199107,0,-0.408913599409285,20,7,0,7,Normal,0.07337656614378352
1.081951771195046,1.639671109195206,0,0.6239573261004014,12,5,4,0,Normal,0.04100438434937892
-0.1528710674206193,1.604764585705318,0,0.6239573261004014,8,6,0,5,Normal,0.0735821815792631
1.4935593840669343,-0.2801876827486331,0,0.6239573261004014,17,0,1,6,Normal,0.08145862513659652
-0.5644786802925077,0.6622884514783427,0,-1.4417845249189716,1,4,2,0,Normal,0.08938014039774822
-0.5644786802925077,-1.117944246505945,0,-1.4417845249189716,19,1,4,0,Normal,0.06781588560622098
-0.5644786802925077,-1.362289910935161,1,-1.4417845249189716,18,7,2,0,Suspicious,-0.007473201736615365
2.7283822226826,-0.943411629056505,1,-1.4417845249189716,9,0,3,4,Suspicious,-0.03407569589189052
2.7283822226826,0.4528493105390145,0,-0.408913599409285,1,0,4,3,Normal,0.018126760314448265
-0.5644786802925077,-0.8386920585868409,0,0.6239573261004014,8,4,0,2,Normal,0.12286055917694894
0.6703441583231574,-1.5019160048947129,0,-1.4417845249189716,4,7,3,5,Normal,0.05446546235554284
1.4935593840669343,0.5575688810086785,0,1.656828251610088,7,1,1,3,Normal,0.06767666800119154
-0.5644786802925077,-1.3273833874452727,0,-1.4417845249189716,21,2,0,7,Normal,0.03629318699521311
-0.5644786802925077,0.1386905991300228,0,-0.408913599409285,16,5,3,4,Normal,0.16574541568596812
-0.5644786802925077,1.1509797803367747,0,0.6239573261004014,5,6,1,5,Normal,0.14260437125440734
-0.5644786802925077,0.6273819279884545,0,0.6239573261004014,10,5,1,5,Normal,0.16297148053206084
-0.5644786802925077,0.4877558340289027,0,-1.4417845249189716,3,5,3,6,Normal,0.12378092342475172
1.9051669969388227,-0.0358420183194171,1,-0.408913599409285,14,1,2,7,Normal,0.01285738538626191
0.258736545451269,-0.664159441137401,0,-1.4417845249189716,8,7,4,0,Normal,0.03942015721176195
1.9051669969388227,-1.7113551458340408,0,1.656828251610088,18,6,2,6,Normal,0.017624762924110526
-0.5644786802925077,-1.257570340465497,0,0.6239573261004014,7,0,3,0,Normal,0.10020583462906862
-0.5644786802925077,0.6622884514783427,0,-1.4417845249189716,9,6,4,3,Normal,0.10709431064727187
1.9051669969388227,0.3132232165794628,0,0.6239573261004014,14,1,3,5,Normal,0.09957036836832289
0.6703441583231574,1.6745776326850943,0,-0.408913599409285,13,6,3,7,Normal,0.0682927608449645
-0.5644786802925077,1.5698580622154303,0,-0.408913599409285,5,7,2,4,Normal,0.10687884198260889
1.4935593840669343,1.639671109195206,1,-1.4417845249189716,22,0,0,7,Suspicious,-0.07131782934739561
-0.5644786802925077,0.4877558340289027,0,-0.408913599409285,17,0,0,5,Normal,0.11384321872294068
-0.5644786802925077,1.1509797803367747,1,-0.408913599409285,16,6,1,0,Normal,0.02728637833507863
-0.5644786802925077,0.9066341159075584,0,-1.4417845249189716,10,0,2,4,Normal,0.119464441571906
-0.1528710674206193,1.1509797803367747,1,-1.4417845249189716,10,5,4,5,Normal,0.00735102543760946
-0.5644786802925077,-0.1056550652991931,0,1.656828251610088,22,4,1,0,Normal,0.06495715257454804
-0.5644786802925077,1.1160732568468863,0,-0.408913599409285,3,4,3,6,Normal,0.13220623448880353
-0.5644786802925077,0.8368210689277826,1,-1.4417845249189716,14,3,4,7,Normal,0.0181426519074932
0.6703441583231574,0.2783166930895746,0,0.6239573261004014,16,4,1,1,Normal,0.1261805225355952
-0.1528710674206193,-1.5368225283846009,0,-0.408913599409285,12,0,3,7,Normal,0.07820749913454494
-0.5644786802925077,0.7670080219480067,0,1.656828251610088,4,6,3,2,Normal,0.10697220895479537
-0.1528710674206193,1.3953254447659904,0,1.656828251610088,14,4,3,4,Normal,0.09914334394479984
-0.5644786802925077,-0.0707485418093052,0,-0.408913599409285,3,7,3,4,Normal,0.13849049048898543
-0.5644786802925077,-0.5943463941576251,0,-1.4417845249189716,4,3,2,2,Normal,0.1287818381046647
-0.5644786802925077,0.1037840756401346,0,-0.408913599409285,13,5,0,4,Normal,0.14067685219643894
-0.1528710674206193,-1.048131199526169,0,1.656828251610088,18,0,4,3,Normal,0.05668029641106198
-0.5644786802925077,0.9764471628873344,0,0.6239573261004014,17,6,1,3,Normal,0.14786947837504777
1.081951771195046,0.5924754044985666,0,1.656828251610088,6,3,0,4,Normal,0.05826866253737861
-0.5644786802925077,-1.048131199526169,0,0.6239573261004014,4,5,0,4,Normal,0.12043230281051925
-0.5644786802925077,0.3481297400693506,0,0.6239573261004014,1,1,0,5,Normal,0.10660884303125995
-0.5644786802925077,-0.210374635768857,0,0.6239573261004014,1,2,4,3,Normal,0.11930297300593345
-0.5644786802925077,1.0462602098671103,0,1.656828251610088,19,4,1,0,Normal,0.08103281796850792
-0.5644786802925077,0.9066341159075584,0,-0.408913599409285,18,2,4,6,Normal,0.12571604108656814
1.081951771195046,-0.1405615887890813,0,1.656828251610088,12,4,1,7,Normal,0.06485890051172738
2.316774609810712,-1.467009481404825,0,-1.4417845249189716,14,2,3,4,Normal,0.038241504699338624
1.9051669969388227,-1.1528507699958328,0,-0.408913599409285,2,6,4,5,Normal,0.034546467742452736
-0.1528710674206193,-1.117944246505945,0,0.6239573261004014,18,1,0,5,Normal,0.09328550925005075
-0.5644786802925077,0.1037840756401346,0,-0.408913599409285,22,5,0,1,Normal,0.10653483190812107
-0.5644786802925077,1.1858863038266625,0,0.6239573261004014,9,4,2,6,Normal,0.13775315373880326
-0.5644786802925077,0.3481297400693506,0,1.656828251610088,10,6,4,1,Normal,0.1016410024934633
-0.5644786802925077,-1.048131199526169,0,1.656828251610088,12,0,4,0,Normal,0.06634063219074726
-0.5644786802925077,0.8717275924176705,0,1.656828251610088,18,1,2,6,Normal,0.10170673480813297
-0.5644786802925077,-0.908505105566617,0,0.6239573261004014,1,3,1,4,Normal,0.13725226428720455
-0.1528710674206193,-1.257570340465497,1,0.6239573261004014,17,5,3,1,Normal,0.025962792900140697
-0.5644786802925077,0.3132232165794628,0,-0.408913599409285,5,6,4,5,Normal,0.12911848463664594
0.6703441583231574,1.2207928273165505,1,0.6239573261004014,17,7,4,7,Suspicious,-0.03883998197561844
-0.5644786802925077,-0.0707485418093052,0,-0.408913599409285,14,3,3,0,Normal,0.1418053600590352
-0.5644786802925077,-1.048131199526169,0,-1.4417845249189716,12,2,0,0,Normal,0.08640155661652316
1.4935593840669343,-0.4198137767081852,0,1.656828251610088,0,0,0,3,Normal,0.016084624999200048
-0.5644786802925077,-0.7339724881171771,1,-1.4417845249189716,21,7,0,1,Suspicious,-0.01661724178825219
-0.5644786802925077,0.8019145454378945,0,-1.4417845249189716,8,0,3,1,Normal,0.10110881524295068
-0.5644786802925077,1.604764585705318,0,1.656828251610088,9,1,4,1,Normal,0.06973607765178136
-0.5644786802925077,-1.048131199526169,0,-0.408913599409285,4,4,3,5,Normal,0.14572632596434126
-0.1528710674206193,-1.397196434425049,0,-0.408913599409285,12,1,4,2,Normal,0.11699943954809139
-0.5644786802925077,0.6273819279884545,0,-0.408913599409285,13,5,0,4,Normal,0.13531547399918908
2.316774609810712,0.8717275924176705,0,-1.4417845249189716,11,7,1,5,Normal,0.05675946821928102
-0.5644786802925077,1.3604189212761024,0,1.656828251610088,5,2,3,3,Normal,0.1121089837901727
-0.5644786802925077,1.1509797803367747,0,-0.408913599409285,19,2,4,2,Normal,0.12104683230708391
-0.5644786802925077,-1.0132246760362809,0,0.6239573261004014,6,4,1,4,Normal,0.1559598003267949
0.258736545451269,-0.0707485418093052,0,-1.4417845249189716,1,6,4,0,Normal,0.03795404466991237
-0.1528710674206193,1.3604189212761024,0,0.6239573261004014,8,4,2,3,Normal,0.12616793916108626
-0.5644786802925077,1.5349515387255426,0,-0.408913599409285,9,0,0,3,Normal,0.09491872187555594
-0.5644786802925077,0.9066341159075584,0,0.6239573261004014,4,1,3,6,Normal,0.1272830709200578
-0.5644786802925077,-1.7113551458340408,0,-0.408913599409285,19,6,1,3,Normal,0.11185601104145088
2.7283822226826,1.0113536863772226,1,-0.408913599409285,7,3,1,3,Suspicious,-0.006434729531527683
-0.5644786802925077,-1.0132246760362809,0,0.6239573261004014,23,7,1,1,Normal,0.08555523962696143
-0.5644786802925077,-1.5717290518744889,0,-0.408913599409285,14,5,3,3,Normal,0.13727301349398946
-0.5644786802925077,0.2783166930895746,0,1.656828251610088,22,0,0,2,Normal,0.043652385577029884
1.4935593840669343,0.2434101695996867,1,-1.4417845249189716,22,7,1,0,Suspicious,-0.04450424004325093
-0.5644786802925077,-1.6066355753643766,0,1.656828251610088,2,1,4,5,Normal,0.06423603834437475
-0.5644786802925077,0.6971949749682306,0,-0.408913599409285,15,3,1,0,Normal,0.1328557309323306
-0.5644786802925077,0.3830362635592385,0,-1.4417845249189716,12,5,2,3,Normal,0.14046730381447187
-0.5644786802925077,-1.257570340465497,0,-0.408913599409285,16,2,1,1,Normal,0.1347031910127443
0.258736545451269,1.7094841561749825,0,-0.408913599409285,21,3,1,2,Normal,0.08091578330445293
-0.5644786802925077,-0.1405615887890813,0,1.656828251610088,21,0,3,6,Normal,0.08088912460901276
-0.5644786802925077,-1.292476863955385,0,-0.408913599409285,17,6,4,1,Normal,0.10071328285915282
2.316774609810712,-0.908505105566617,0,1.656828251610088,13,0,1,4,Normal,0.03722136919790009
2.316774609810712,-1.6764486223441528,0,0.6239573261004014,14,6,4,2,Normal,0.03799249138472982
-0.5644786802925077,1.604764585705318,0,1.656828251610088,8,5,0,4,Normal,0.08138779995581191
1.9051669969388227,-0.4547203001980731,0,0.6239573261004014,14,3,4,6,Normal,0.0810123734647824
-0.5644786802925077,-0.9783181525463928,0,0.6239573261004014,22,0,0,6,Normal,0.07073044047529209
-0.5644786802925077,-1.222663816975609,1,1.656828251610088,7,0,3,2,Normal,0.0029544922485496006
-0.5644786802925077,-0.210374635768857,0,1.656828251610088,2,0,2,6,Normal,0.08447530639907275
-0.5644786802925077,-0.524533347177849,0,1.656828251610088,7,6,1,0,Normal,0.09253792195174804
-0.5644786802925077,-1.257570340465497,0,0.6239573261004014,22,5,0,3,Normal,0.08726293231086313
-0.5644786802925077,1.7094841561749825,0,0.6239573261004014,3,1,3,6,Normal,0.09401894875788874
1.9051669969388227,-1.257570340465497,0,0.6239573261004014,5,2,0,1,Normal,0.049503043329184204
-0.1528710674206193,0.3132232165794628,0,1.656828251610088,8,0,1,4,Normal,0.09261520157404246
-0.5644786802925077,-0.2452811592587452,0,-0.408913599409285,18,5,1,4,Normal,0.15583295024859944
-0.5644786802925077,-0.2452811592587452,0,-1.4417845249189716,14,7,4,1,Normal,0.08861286155596293
-0.5644786802925077,0.1037840756401346,0,-0.408913599409285,11,5,2,4,Normal,0.17958570305934735
0.6703441583231574,-1.1877572934857208,0,0.6239573261004014,6,1,2,4,Normal,0.1144051900890734
-0.5644786802925077,0.4877558340289027,0,-0.408913599409285,9,3,1,6,Normal,0.15972443607081116
-0.5644786802925077,-0.5943463941576251,0,-0.408913599409285,19,4,2,5,Normal,0.14966160603649636
-0.5644786802925077,1.5349515387255426,0,0.6239573261004014,17,7,2,2,Normal,0.09946418605997298
-0.5644786802925077,0.0688775521502468,0,1.656828251610088,12,1,3,3,Normal,0.12705698839642154
-0.5644786802925077,0.0688775521502468,0,0.6239573261004014,9,3,0,7,Normal,0.10680475842389764
-0.5644786802925077,-0.4547203001980731,0,-0.408913599409285,12,1,1,0,Normal,0.14145402633902154
0.258736545451269,-0.3849072532182971,0,0.6239573261004014,12,6,3,4,Normal,0.13090783069584416
0.258736545451269,-1.5019160048947129,0,-0.408913599409285,5,6,2,5,Normal,0.10226041119839424
0.6703441583231574,0.1735971226199107,0,-0.408913599409285,20,0,3,1,Normal,0.09455190381501088
1.081951771195046,-0.1056550652991931,0,-0.408913599409285,10,4,0,6,Normal,0.09602926285345714
-0.5644786802925077,1.0113536863772226,0,-0.408913599409285,15,7,0,4,Normal,0.11634964364812223
2.7283822226826,-1.4321029579149367,0,1.656828251610088,23,6,4,4,Suspicious,-0.02452495567405366
-0.5644786802925077,-1.5368225283846009,0,0.6239573261004014,21,1,0,1,Normal,0.0781648562582068
2.7283822226826,-0.2452811592587452,0,-0.408913599409285,17,1,2,5,Normal,0.06122801866265781
-0.5644786802925077,0.2783166930895746,0,-0.408913599409285,23,4,3,6,Normal,0.12764304806912857
2.7283822226826,1.1509797803367747,0,-0.408913599409285,12,4,0,7,Normal,0.030570162998034056
-0.5644786802925077,-0.489626823687961,0,0.6239573261004014,14,1,1,2,Normal,0.1513077033256769
-0.5644786802925077,-1.3273833874452727,0,-0.408913599409285,14,3,4,4,Normal,0.1287983937268521
-0.5644786802925077,0.1386905991300228,0,-0.408913599409285,9,4,2,1,Normal,0.16152056621981598
-0.5644786802925077,-0.5594398706677371,1,1.656828251610088,12,4,1,3,Normal,0.03785719174600699
2.316774609810712,-0.5943463941576251,0,-0.408913599409285,1,2,3,6,Normal,0.07175506920349162
0.6703441583231574,-0.8037855350969529,1,0.6239573261004014,7,6,0,6,Normal,0.007083701813615506
-0.5644786802925077,0.1037840756401346,0,-0.408913599409285,17,7,3,3,Normal,0.143902142277734
-0.5644786802925077,-1.5019160048947129,0,0.6239573261004014,8,6,0,4,Normal,0.10035328812100364
2.7283822226826,0.3481297400693506,0,-0.408913599409285,14,4,1,4,Normal,0.07720084592888565
-0.5644786802925077,1.1858863038266625,0,-0.408913599409285,19,3,0,7,Normal,0.09146787957370306
-0.5644786802925077,-1.6415420988542648,0,-0.408913599409285,11,3,2,6,Normal,0.12679998456675146
1.4935593840669343,-0.664159441137401,0,-0.408913599409285,6,2,0,5,Normal,0.08913516402258836
1.9051669969388227,-1.6066355753643766,0,0.6239573261004014,22,7,3,3,Normal,0.05065894628541612
-0.5644786802925077,0.3132232165794628,0,-1.4417845249189716,16,1,2,2,Normal,0.119675812370103
-0.5644786802925077,-0.873598582076729,0,-1.4417845249189716,0,1,4,2,Normal,0.0834980336025708
-0.5644786802925077,0.3830362635592385,0,-1.4417845249189716,11,1,3,1,Normal,0.11667460826029724
-0.1528710674206193,-0.0358420183194171,0,-1.4417845249189716,9,0,2,6,Normal,0.09295230580038205
-0.5644786802925077,0.4528493105390145,0,-0.408913599409285,21,1,2,3,Normal,0.1411051172495945
-0.5644786802925077,-0.629252917647513,0,1.656828251610088,10,0,1,5,Normal,0.09424492671816653
-0.5644786802925077,-1.1877572934857208,0,-1.4417845249189716,13,1,4,3,Normal,0.10357801623372054
-0.5644786802925077,-1.1528507699958328,0,-0.408913599409285,19,7,3,2,Normal,0.11571428381365284
-0.5644786802925077,-0.3849072532182971,0,-0.408913599409285,20,3,4,3,Normal,0.13782311182714796
2.7283822226826,0.0339710286603586,0,0.6239573261004014,11,4,3,0,Normal,0.06261570137324024
-0.5644786802925077,-1.5019160048947129,1,-0.408913599409285,20,3,4,0,Suspicious,-0.0022687245466955774
-0.5644786802925077,0.2434101695996867,0,0.6239573261004014,6,0,2,7,Normal,0.10783483562365981
-0.5644786802925077,-1.1528507699958328,0,-0.408913599409285,11,2,4,0,Normal,0.11169235808885924
-0.1528710674206193,0.5226623575187906,0,1.656828251610088,10,7,4,6,Normal,0.06342405063618206
-0.5644786802925077,0.6971949749682306,0,-1.4417845249189716,7,4,1,6,Normal,0.12717665551371887
1.9051669969388227,-1.362289910935161,1,-0.408913599409285,7,7,0,3,Suspicious,-0.02188569510065863
0.6703441583231574,1.1160732568468863,0,-1.4417845249189716,5,2,3,7,Normal,0.061823877456631204
-0.5644786802925077,-0.1754681122789692,0,-0.408913599409285,22,1,1,3,Normal,0.13868087177154165
-0.5644786802925077,-1.5717290518744889,0,-0.408913599409285,14,7,0,7,Normal,0.05016295616924871
-0.1528710674206193,0.4179427870491267,0,-0.408913599409285,20,5,4,2,Normal,0.1072198009460153
-0.5644786802925077,-0.489626823687961,0,-1.4417845249189716,6,5,3,7,Normal,0.12194166664009504
-0.5644786802925077,0.5924754044985666,0,0.6239573261004014,4,4,2,1,Normal,0.14688506860686457
-0.5644786802925077,-0.1056550652991931,0,-1.4417845249189716,19,7,2,6,Normal,0.10010286446744021
-0.5644786802925077,0.5924754044985666,1,-1.4417845249189716,21,7,1,5,Normal,0.015703218554794618
0.6703441583231574,-0.943411629056505,0,0.6239573261004014,4,7,0,0,Normal,0.03899106842454725
-0.5644786802925077,-1.048131199526169,0,-0.408913599409285,5,7,0,1,Normal,0.08980880791247337
0.258736545451269,0.2434101695996867,0,0.6239573261004014,8,5,0,3,Normal,0.10784377503761733
-0.5644786802925077,-0.0707485418093052,1,0.6239573261004014,12,1,3,0,Normal,0.03353803056175009
-0.5644786802925077,-0.1754681122789692,0,-0.408913599409285,11,0,2,0,Normal,0.13354733339015668
-0.5644786802925077,-0.2452811592587452,0,0.6239573261004014,17,2,3,4,Normal,0.1513497751850646
-0.1528710674206193,-1.117944246505945,0,-0.408913599409285,14,7,4,2,Normal,0.10552226588423874
-0.5644786802925077,0.7670080219480067,0,0.6239573261004014,8,3,3,6,Normal,0.14471266107636138
-0.5644786802925077,0.0339710286603586,0,-0.408913599409285,11,4,0,5,Normal,0.14484930709151916
-0.5644786802925077,1.0462602098671103,0,1.656828251610088,7,2,4,3,Normal,0.10071526716783197
-0.5644786802925077,1.0811667333569983,0,0.6239573261004014,14,4,2,7,Normal,0.11678937249229399
2.7283822226826,1.6745776326850943,0,1.656828251610088,3,4,0,1,Suspicious,-0.01440102007574906
-0.5644786802925077,-0.3500007297284091,0,-1.4417845249189716,10,3,4,2,Normal,0.11053115594599883
-0.5644786802925077,-0.5943463941576251,1,-0.408913599409285,18,3,4,6,Normal,0.040494506749269354
-0.1528710674206193,-1.0132246760362809,0,-0.408913599409285,3,1,1,7,Normal,0.10470245286051727
-0.5644786802925077,0.2783166930895746,0,0.6239573261004014,5,3,2,5,Normal,0.16197528071941136
-0.1528710674206193,-1.6764486223441528,0,0.6239573261004014,21,6,2,5,Normal,0.08633358629243071
1.4935593840669343,-0.6990659646272891,0,0.6239573261004014,19,6,3,5,Normal,0.0907966495315975
-0.5644786802925077,-0.0707485418093052,0,-0.408913599409285,7,1,0,3,Normal,0.13586311412074686
0.258736545451269,1.7094841561749825,0,0.6239573261004014,3,6,2,0,Normal,0.04831089959047974
-0.5644786802925077,-1.6066355753643766,0,-0.408913599409285,1,5,0,0,Normal,0.05949521960461768
-0.5644786802925077,0.5226623575187906,1,0.6239573261004014,16,3,2,5,Normal,0.0721804004566653
-0.5644786802925077,1.1858863038266625,0,-1.4417845249189716,3,4,1,1,Normal,0.09587331345414507
-0.5644786802925077,-0.4198137767081852,0,-1.4417845249189716,21,4,1,7,Normal,0.09582012212255142
-0.5644786802925077,1.3255123977862149,0,1.656828251610088,20,7,1,3,Normal,0.08727291658199343
-0.5644786802925077,1.3604189212761024,0,-1.4417845249189716,12,7,0,7,Normal,0.05504157343487348
-0.5644786802925077,0.2085036461097985,0,-0.408913599409285,6,7,4,6,Normal,0.10510346015674116
1.9051669969388227,-0.3849072532182971,0,-0.408913599409285,10,2,0,6,Normal,0.08630437012225367
2.7283822226826,-0.0707485418093052,0,-0.408913599409285,23,7,0,5,Suspicious,-0.0018665445718750728
-0.5644786802925077,0.2783166930895746,0,-0.408913599409285,3,2,3,4,Normal,0.15354202088370378
-0.5644786802925077,-1.7113551458340408,0,-1.4417845249189716,20,2,4,1,Normal,0.05231794335708995
-0.5644786802925077,0.3132232165794628,0,1.656828251610088,14,4,1,4,Normal,0.13088612449035775
2.316774609810712,0.4528493105390145,0,-0.408913599409285,22,7,0,0,Normal,0.008451717911112544
-0.5644786802925077,1.639671109195206,0,-1.4417845249189716,0,2,4,1,Normal,0.04926939534949892
-0.5644786802925077,0.6971949749682306,0,-0.408913599409285,19,6,0,6,Normal,0.11373105013239493
1.4935593840669343,-0.1056550652991931,0,-1.4417845249189716,6,2,3,6,Normal,0.08189235886320856
-0.5644786802925077,-0.7339724881171771,0,-1.4417845249189716,4,4,4,2,Normal,0.10200658884954439
-0.5644786802925077,1.5349515387255426,0,0.6239573261004014,23,4,1,5,Normal,0.09121669235802554
1.081951771195046,-0.629252917647513,0,-0.408913599409285,16,7,4,2,Normal,0.09252296486947875
-0.5644786802925077,-1.1528507699958328,0,0.6239573261004014,6,4,4,7,Normal,0.09376317616792085
-0.5644786802925077,-0.664159441137401,1,0.6239573261004014,6,3,2,4,Normal,0.073383525850649
0.258736545451269,1.7094841561749825,0,0.6239573261004014,0,1,2,6,Normal,0.05298702620416651
-0.5644786802925077,-0.0707485418093052,0,1.656828251610088,12,7,2,3,Normal,0.11744280232957327
-0.5644786802925077,-0.3150942062385213,1,1.656828251610088,23,7,0,6,Suspicious,-0.02502817078596109
-0.5644786802925077,1.1858863038266625,0,-0.408913599409285,11,2,0,6,Normal,0.1282637848338199
-0.1528710674206193,0.6622884514783427,0,-0.408913599409285,21,7,3,6,Normal,0.10122090764963743
-0.5644786802925077,0.3830362635592385,0,-1.4417845249189716,19,5,1,7,Normal,0.10301824644043445
-0.5644786802925077,1.2906058742963262,0,-0.408913599409285,9,3,0,7,Normal,0.10156605250051354
-0.5644786802925077,-1.397196434425049,0,-0.408913599409285,14,5,4,1,Normal,0.1136794166252193
-0.5644786802925077,1.3255123977862149,0,-0.408913599409285,3,3,1,1,Normal,0.13506986372085772
-0.5644786802925077,-0.664159441137401,0,-0.408913599409285,8,5,3,2,Normal,0.16247587571677347
1.4935593840669343,-1.048131199526169,0,0.6239573261004014,1,0,0,0,Normal,0.020338190741781892
-0.5644786802925077,1.2556993508064382,0,0.6239573261004014,13,0,2,3,Normal,0.1283318717332017
-0.5644786802925077,0.5924754044985666,0,0.6239573261004014,7,1,3,5,Normal,0.14254898908508795
-0.5644786802925077,1.6745776326850943,0,-0.408913599409285,20,4,0,7,Normal,0.06728619407935421
-0.5644786802925077,0.7670080219480067,0,-0.408913599409285,14,4,1,6,Normal,0.14722755946806332
2.316774609810712,1.1858863038266625,0,-1.4417845249189716,12,7,0,7,Normal,0.0005956321399658293
-0.5644786802925077,-1.292476863955385,0,1.656828251610088,10,5,3,5,Normal,0.10714678394609134
-0.5644786802925077,1.2556993508064382,0,-0.408913599409285,12,5,2,1,Normal,0.13984034018511182
2.316774609810712,0.7670080219480067,0,0.6239573261004014,13,4,1,1,Normal,0.09167196572129155
-0.5644786802925077,-0.0707485418093052,0,-0.408913599409285,4,1,1,2,Normal,0.15664147535645428
-0.5644786802925077,1.2556993508064382,0,1.656828251610088,4,2,1,0,Normal,0.08471276735136446
-0.5644786802925077,-1.7462616693239288,0,1.656828251610088,8,4,1,6,Normal,0.07215819312189364
1.4935593840669343,-1.4321029579149367,0,0.6239573261004014,1,0,3,2,Normal,0.057044117597319755
-0.5644786802925077,-0.1754681122789692,0,-0.408913599409285,19,7,4,5,Normal,0.11243270290073948
0.6703441583231574,0.7321014984581184,0,-0.408913599409285,12,4,2,7,Normal,0.11128864656642695
-0.5644786802925077,1.3953254447659904,0,1.656828251610088,22,6,1,5,Normal,0.07888303142070763
-0.5644786802925077,0.2085036461097985,0,-1.4417845249189716,6,4,2,2,Normal,0.13442062079046901
2.7283822226826,-1.362289910935161,1,-0.408913599409285,14,7,4,0,Suspicious,-0.058265855076782946
-0.5644786802925077,0.6273819279884545,0,-1.4417845249189716,10,3,0,6,Normal,0.10266051571112722
1.4935593840669343,-1.117944246505945,0,0.6239573261004014,19,4,4,5,Normal,0.07484115673844371
-0.5644786802925077,0.2434101695996867,1,1.656828251610088,4,7,0,2,Suspicious,-0.0002459149764979518
1.081951771195046,-0.2452811592587452,1,-1.4417845249189716,21,5,0,0,Suspicious,-0.033428908744193686
-0.5644786802925077,0.7670080219480067,0,-0.408913599409285,19,3,1,2,Normal,0.1472928740388338
-0.5644786802925077,0.0339710286603586,0,0.6239573261004014,11,5,3,7,Normal,0.1310326670830187
-0.1528710674206193,-0.489626823687961,0,1.656828251610088,5,0,0,1,Normal,0.03897370282527857
2.316774609810712,-0.5594398706677371,0,-0.408913599409285,21,7,1,5,Normal,0.05264367878901355
-0.5644786802925077,1.3255123977862149,0,0.6239573261004014,11,1,0,3,Normal,0.11447401706968835
-0.5644786802925077,-1.083037723016057,0,1.656828251610088,9,7,0,2,Normal,0.06722225687377426
-0.5644786802925077,-1.7113551458340408,0,0.6239573261004014,20,0,0,0,Normal,0.046803278877200594
-0.5644786802925077,-0.489626823687961,0,0.6239573261004014,8,1,1,7,Normal,0.12180076157735747
2.316774609810712,-0.0358420183194171,0,1.656828251610088,6,4,1,7,Normal,0.03157803602685383
-0.5644786802925077,-0.1056550652991931,0,-0.408913599409285,6,7,2,6,Normal,0.1348210814942188
1.081951771195046,-1.6415420988542648,0,-1.4417845249189716,0,7,3,0,Normal,0.012139065852169395
-0.5644786802925077,-0.6990659646272891,0,-0.408913599409285,18,3,1,5,Normal,0.15109010578527804
-0.5644786802925077,0.8368210689277826,0,-0.408913599409285,16,3,0,0,Normal,0.10529232643359798
-0.5644786802925077,0.2783166930895746,0,-1.4417845249189716,5,1,4,5,Normal,0.09642154939472847
0.6703441583231574,0.4877558340289027,0,-0.408913599409285,3,6,3,1,Normal,0.11181667427891273
-0.5644786802925077,1.0113536863772226,0,0.6239573261004014,15,0,1,1,Normal,0.1258225662029765
-0.5644786802925077,1.5349515387255426,0,1.656828251610088,11,6,0,4,Normal,0.08661990992797064
-0.5644786802925077,1.604764585705318,1,0.6239573261004014,13,5,4,6,Normal,0.01721671151216142
-0.5644786802925077,1.3255123977862149,0,0.6239573261004014,8,3,0,6,Normal,0.11079184548082766
-0.5644786802925077,0.0339710286603586,0,-0.408913599409285,13,4,3,6,Normal,0.1552052582579242
-0.5644786802925077,1.2556993508064382,0,0.6239573261004014,1,6,3,6,Normal,0.10572273273504768
-0.5644786802925077,1.1160732568468863,0,-0.408913599409285,1,3,0,3,Normal,0.11350444465215603
-0.5644786802925077,-1.1877572934857208,0,1.656828251610088,18,3,1,5,Normal,0.10385157243090648
2.316774609810712,-0.3500007297284091,0,-0.408913599409285,11,3,2,1,Normal,0.0955284570274666
-0.5644786802925077,-0.5594398706677371,0,0.6239573261004014,14,2,2,0,Normal,0.13841538817388088
-0.5644786802925077,0.8717275924176705,0,0.6239573261004014,3,0,0,2,Normal,0.09578342426553887
0.6703441583231574,-0.4547203001980731,0,-1.4417845249189716,3,0,0,4,Normal,0.049987636113621225
-0.5644786802925077,-0.2452811592587452,1,-1.4417845249189716,12,4,4,1,Normal,0.021600573978221682
1.4935593840669343,0.7321014984581184,0,-0.408913599409285,14,7,0,1,Normal,0.05138710287069659
1.081951771195046,0.9764471628873344,0,0.6239573261004014,8,4,4,0,Normal,0.06546500393336252
-0.5644786802925077,-0.4198137767081852,0,-1.4417845249189716,18,1,3,3,Normal,0.12021598108207598
1.9051669969388227,1.2207928273165505,1,0.6239573261004014,13,2,4,6,Suspicious,-0.02785761344710902
-0.5644786802925077,-0.0358420183194171,0,-0.408913599409285,11,0,4,4,Normal,0.12810985576752848
-0.5644786802925077,-1.048131199526169,0,0.6239573261004014,14,7,0,3,Normal,0.1083556113764983
-0.5644786802925077,-0.7339724881171771,1,-0.408913599409285,21,2,0,2,Normal,0.01523217816769773
-0.5644786802925077,0.9415406393974466,0,0.6239573261004014,11,4,2,2,Normal,0.15332782581920407
-0.5644786802925077,0.7670080219480067,0,-1.4417845249189716,10,7,2,3,Normal,0.12108760767605237
-0.5644786802925077,0.3481297400693506,0,-1.4417845249189716,1,5,3,7,Normal,0.09230514391513056
-0.5644786802925077,-0.9783181525463928,0,-1.4417845249189716,8,0,0,2,Normal,0.08562425596330592
-0.5644786802925077,-1.5717290518744889,0,-0.408913599409285,22,3,4,6,Normal,0.08159328383427467
-0.5644786802925077,1.7443906796648705,0,1.656828251610088,14,6,2,4,Normal,0.08729146041173885
0.258736545451269,0.2783166930895746,0,1.656828251610088,10,0,0,3,Normal,0.05043715323953979
-0.5644786802925077,-0.8386920585868409,1,0.6239573261004014,18,2,1,0,Normal,0.029609487432690318
-0.5644786802925077,-1.5368225283846009,0,-0.408913599409285,22,5,4,5,Normal,0.07952973402201824
-0.5644786802925077,0.5924754044985666,0,-0.408913599409285,1,0,4,0,Normal,0.08513499105597055
1.9051669969388227,0.4877558340289027,0,0.6239573261004014,4,1,4,1,Normal,0.06370409809632416
-0.5644786802925077,-0.0707485418093052,0,0.6239573261004014,19,3,2,4,Normal,0.15243340050687676
-0.5644786802925077,1.1858863038266625,0,-0.408913599409285,23,4,3,7,Normal,0.0937720880008307
-0.5644786802925077,1.1160732568468863,0,1.656828251610088,17,3,4,4,Normal,0.09974401865527016
-0.5644786802925077,-0.664159441137401,0,-1.4417845249189716,22,1,1,0,Normal,0.07791424054004881
-0.1528710674206193,1.2556993508064382,0,0.6239573261004014,21,0,3,7,Normal,0.06290637859248727
-0.5644786802925077,0.2085036461097985,0,1.656828251610088,17,3,1,5,Normal,0.12160289198612956
1.081951771195046,0.8368210689277826,0,-0.408913599409285,13,0,4,0,Normal,0.060408994782809367
-0.5644786802925077,0.8368210689277826,0,0.6239573261004014,2,3,0,3,Normal,0.11588313891302093
1.081951771195046,-0.6990659646272891,0,0.6239573261004014,0,2,4,4,Normal,0.07400298165630581
-0.5644786802925077,-0.0707485418093052,1,-1.4417845249189716,6,2,0,1,Normal,0.013129908080604102
-0.5644786802925077,1.2906058742963262,0,-0.408913599409285,3,7,2,2,Normal,0.10351778465907258
-0.5644786802925077,-1.1877572934857208,1,-1.4417845249189716,11,1,1,7,Normal,0.01842715064224154
1.081951771195046,1.639671109195206,0,-0.408913599409285,4,5,2,2,Normal,0.08022508744534729
2.7283822226826,0.0688775521502468,0,1.656828251610088,13,6,3,3,Normal,0.04383744349374741
0.6703441583231574,0.6622884514783427,0,-1.4417845249189716,10,6,4,5,Normal,0.07276365758249959
-0.5644786802925077,0.4528493105390145,0,0.6239573261004014,13,1,1,4,Normal,0.15007154000795564
1.081951771195046,-0.2452811592587452,1,0.6239573261004014,12,6,4,2,Normal,0.013889042834059784
-0.5644786802925077,1.4302319682558782,0,1.656828251610088,10,0,2,5,Normal,0.08978241703552325
-0.5644786802925077,-0.489626823687961,0,-0.408913599409285,9,2,1,0,Normal,0.1460950872258508
-0.5644786802925077,-0.489626823687961,0,1.656828251610088,2,2,1,5,Normal,0.1115794556847357
-0.5644786802925077,-0.943411629056505,0,-0.408913599409285,5,0,3,3,Normal,0.135231671775479
-0.5644786802925077,-0.7339724881171771,0,0.6239573261004014,8,1,0,0,Normal,0.09295928508838824
-0.5644786802925077,1.1160732568468863,0,0.6239573261004014,10,1,3,4,Normal,0.1474495249831796
-0.5644786802925077,-0.524533347177849,0,-1.4417845249189716,12,2,1,2,Normal,0.13498375072458962
0.258736545451269,0.9415406393974466,0,-1.4417845249189716,1,2,0,7,Normal,0.045065225977740875
2.316774609810712,-0.1405615887890813,0,-1.4417845249189716,0,5,3,6,Normal,0.052521771325924616
-0.5644786802925077,-0.9783181525463928,1,-0.408913599409285,11,6,1,2,Normal,0.05572267419947341
1.081951771195046,0.5924754044985666,0,1.656828251610088,11,2,2,7,Normal,0.06090433346865465
-0.5644786802925077,1.5000450152356546,0,-0.408913599409285,11,3,3,6,Normal,0.13561963971088742
-0.5644786802925077,1.6745776326850943,0,-0.408913599409285,0,3,3,4,Normal,0.1017729150787795
0.6703441583231574,1.1160732568468863,0,1.656828251610088,15,3,3,1,Normal,0.08848150635721652
-0.5644786802925077,0.0339710286603586,0,-0.408913599409285,21,4,3,0,Normal,0.10978927538126143
-0.5644786802925077,1.1509797803367747,0,-0.408913599409285,0,4,4,0,Normal,0.08216712691852701
-0.5644786802925077,1.2556993508064382,0,-0.408913599409285,1,7,2,5,Normal,0.1053923755956
2.316774609810712,-0.1754681122789692,0,1.656828251610088,19,0,1,6,Normal,0.016839172566336158
-0.5644786802925077,0.8019145454378945,0,-0.408913599409285,20,1,3,1,Normal,0.12085673900246197
-0.5644786802925077,-0.664159441137401,0,1.656828251610088,5,2,2,6,Normal,0.11776791852878699
1.4935593840669343,-1.4321029579149367,0,-0.408913599409285,15,0,0,3,Normal,0.05185570581203669
1.081951771195046,0.1037840756401346,0,1.656828251610088,17,6,2,7,Normal,0.05576139080956266
1.9051669969388227,0.8019145454378945,0,-0.408913599409285,2,7,0,7,Normal,0.015191188081665752
-0.5644786802925077,1.3953254447659904,0,1.656828251610088,22,0,0,0,Normal,0.014180362869508079
1.4935593840669343,0.9415406393974466,0,0.6239573261004014,6,3,1,7,Normal,0.07488309160476192
-0.5644786802925077,0.3481297400693506,0,-0.408913599409285,14,3,1,2,Normal,0.16892462288497295
-0.5644786802925077,1.2556993508064382,0,1.656828251610088,16,0,4,5,Normal,0.07164010899137985
1.4935593840669343,-1.6066355753643766,0,-1.4417845249189716,19,3,1,5,Normal,0.04293004461524286
-0.5644786802925077,1.7094841561749825,1,1.656828251610088,19,5,2,4,Normal,0.01390141135898637
-0.5644786802925077,-1.117944246505945,0,-0.408913599409285,10,0,2,1,Normal,0.14362047802298922
-0.5644786802925077,-1.1528507699958328,0,0.6239573261004014,4,4,0,1,Normal,0.10244493062267657
-0.5644786802925077,-0.3500007297284091,0,-0.408913599409285,17,7,2,5,Normal,0.13681327109629404
-0.5644786802925077,0.4179427870491267,0,0.6239573261004014,10,0,0,3,Normal,0.10818413958839207
-0.5644786802925077,-0.3150942062385213,0,-0.408913599409285,2,2,2,3,Normal,0.1594379852244464
0.6703441583231574,-0.1754681122789692,0,-0.408913599409285,10,7,2,0,Normal,0.09500907712824957
-0.1528710674206193,0.3481297400693506,0,-1.4417845249189716,16,4,4,1,Normal,0.0811281220654565
1.081951771195046,1.3953254447659904,0,0.6239573261004014,18,7,0,1,Normal,0.04362116735812949
2.316774609810712,-0.7339724881171771,0,-0.408913599409285,0,4,1,3,Normal,0.07021878851672536
1.4935593840669343,-1.397196434425049,0,-1.4417845249189716,6,1,2,0,Normal,0.0420792508610478
1.081951771195046,0.4528493105390145,0,0.6239573261004014,6,6,2,6,Normal,0.10360482205943855
-0.5644786802925077,0.3481297400693506,0,1.656828251610088,0,6,2,1,Normal,0.09468884384867371
-0.5644786802925077,1.0462602098671103,0,-0.408913599409285,19,3,0,5,Normal,0.12609070254070415
-0.5644786802925077,-1.467009481404825,1,-1.4417845249189716,8,5,1,6,Normal,0.031028600697878272
-0.5644786802925077,1.2207928273165505,1,1.656828251610088,4,5,4,4,Normal,0.021048828512189477
-0.5644786802925077,-1.7113551458340408,0,-1.4417845249189716,22,1,1,3,Normal,0.07611392811229156
2.316774609810712,-0.3500007297284091,0,-0.408913599409285,15,2,2,3,Normal,0.10756130523740354
-0.5644786802925077,-0.664159441137401,0,1.656828251610088,12,4,0,6,Normal,0.08667850474170813
-0.5644786802925077,-0.7339724881171771,0,-0.408913599409285,1,2,2,1,Normal,0.14124718784574491
2.316774609810712,0.9415406393974466,0,-0.408913599409285,5,2,0,0,Normal,0.0469232036772923
-0.5644786802925077,0.0688775521502468,0,-0.408913599409285,23,7,2,5,Normal,0.11400915079465374
-0.5644786802925077,1.2207928273165505,0,-1.4417845249189716,13,5,4,6,Normal,0.09004326059461565
-0.5644786802925077,1.1858863038266625,0,-1.4417845249189716,8,7,3,6,Normal,0.09203095544339224
2.7283822226826,0.2085036461097985,0,-1.4417845249189716,20,6,3,7,Normal,0.0004481391489532527
-0.5644786802925077,1.3255123977862149,0,-0.408913599409285,5,7,4,0,Normal,0.05695229942601554
0.6703441583231574,-0.0009354948295292,0,0.6239573261004014,7,3,0,1,Normal,0.09413202159973244
-0.5644786802925077,1.5349515387255426,0,1.656828251610088,17,3,0,2,Normal,0.07770729434834178
-0.5644786802925077,-0.3849072532182971,0,0.6239573261004014,13,2,2,4,Normal,0.16253467654746928
-0.5644786802925077,-0.3150942062385213,0,-0.408913599409285,1,1,3,5,Normal,0.13607925198316456
2.316774609810712,-0.3150942062385213,0,0.6239573261004014,21,2,0,6,Normal,0.03768824367556711
-0.1528710674206193,0.0688775521502468,0,-0.408913599409285,2,7,3,7,Normal,0.08975494309837773
-0.5644786802925077,-1.083037723016057,0,-0.408913599409285,18,6,4,4,Normal,0.11149577522983534
0.6703441583231574,-1.0132246760362809,1,-0.408913599409285,9,7,2,7,Normal,0.006725552086094266
0.258736545451269,-0.4547203001980731,0,-0.408913599409285,18,7,0,5,Normal,0.07225344637766018
-0.5644786802925077,0.4877558340289027,1,0.6239573261004014,8,3,0,4,Normal,0.04994636552214671
-0.5644786802925077,0.1735971226199107,0,-0.408913599409285,8,6,3,4,Normal,0.16394648469642886
-0.5644786802925077,0.9415406393974466,0,-0.408913599409285,17,5,3,3,Normal,0.1528713953356659
-0.5644786802925077,0.9415406393974466,1,-1.4417845249189716,19,2,0,4,Normal,0.026973515455563146
-0.5644786802925077,0.7670080219480067,0,-0.408913599409285,17,1,3,4,Normal,0.14836759189108434
-0.5644786802925077,-1.048131199526169,0,-0.408913599409285,8,0,3,0,Normal,0.12561467397554188
-0.5644786802925077,0.3132232165794628,0,0.6239573261004014,0,5,1,5,Normal,0.12977851730510942
-0.5644786802925077,-1.292476863955385,0,0.6239573261004014,1,4,3,2,Normal,0.12067915081387737
-0.5644786802925077,0.8368210689277826,1,-0.408913599409285,14,4,0,3,Normal,0.04023037464071677
-0.5644786802925077,-0.1056550652991931,0,-0.408913599409285,9,5,1,1,Normal,0.16109963962464208
0.258736545451269,1.7094841561749825,0,-1.4417845249189716,15,0,4,7,Normal,0.005595293844581017
-0.5644786802925077,0.5924754044985666,0,-0.408913599409285,10,1,4,7,Normal,0.1001165432481892
-0.5644786802925077,-1.5717290518744889,0,-0.408913599409285,3,5,0,7,Normal,0.0588739559870457
-0.5644786802925077,-0.7339724881171771,0,0.6239573261004014,3,1,4,1,Normal,0.1115023089320542
0.6703441583231574,-0.5943463941576251,0,0.6239573261004014,22,1,1,3,Normal,0.10666412382344032
-0.1528710674206193,0.2434101695996867,0,1.656828251610088,13,7,4,2,Normal,0.07888643246707383
-0.5644786802925077,-0.7339724881171771,0,-1.4417845249189716,15,0,3,1,Normal,0.09781064515347104
-0.5644786802925077,-0.7688790116070651,0,1.656828251610088,3,2,0,3,Normal,0.08677563194983207
-0.5644786802925077,0.2085036461097985,0,-0.408913599409285,12,7,1,5,Normal,0.15379589463275262
2.7283822226826,-1.292476863955385,0,0.6239573261004014,11,1,1,4,Normal,0.056887771026790546
-0.5644786802925077,0.2085036461097985,0,0.6239573261004014,7,2,1,6,Normal,0.14449078862057124
-0.5644786802925077,-1.6415420988542648,0,-1.4417845249189716,13,1,0,4,Normal,0.07558382264817776
0.258736545451269,-0.9783181525463928,1,-1.4417845249189716,22,5,1,6,Suspicious,-0.0001194805519297848
-0.5644786802925077,1.2906058742963262,0,-0.408913599409285,3,3,1,6,Normal,0.12951255160690422
-0.5644786802925077,0.8019145454378945,0,0.6239573261004014,0,0,3,3,Normal,0.10180505938014539
1.9051669969388227,-0.4198137767081852,0,-1.4417845249189716,22,5,0,4,Normal,0.018287588045124092
-0.5644786802925077,-0.7688790116070651,0,0.6239573261004014,8,2,1,1,Normal,0.14625764745718345
-0.5644786802925077,1.3604189212761024,0,0.6239573261004014,20,6,1,3,Normal,0.12273521319130332
0.258736545451269,-1.6764486223441528,0,-0.408913599409285,17,5,2,4,Normal,0.09028898142681707
-0.5644786802925077,1.0462602098671103,0,1.656828251610088,4,7,4,3,Normal,0.07169308734439117
-0.5644786802925077,-1.467009481404825,0,0.6239573261004014,0,4,0,6,Normal,0.06788438646669381
-0.5644786802925077,0.3481297400693506,0,-1.4417845249189716,14,7,2,6,Normal,0.1133100253571927
-0.5644786802925077,-1.6415420988542648,0,-1.4417845249189716,4,3,3,2,Normal,0.08334959535825037
2.7283822226826,1.3604189212761024,0,-0.408913599409285,19,3,0,0,Normal,0.027170086229104884
-0.5644786802925077,0.1735971226199107,0,1.656828251610088,23,4,4,2,Normal,0.06711144194878926
-0.5644786802925077,-1.0132246760362809,0,0.6239573261004014,2,0,2,1,Normal,0.12803359566828
-0.5644786802925077,-1.467009481404825,0,-0.408913599409285,10,2,4,4,Normal,0.12106665101841185
1.4935593840669343,-1.5368225283846009,0,-0.408913599409285,3,0,0,1,Normal,0.026658695925916742
1.4935593840669343,-0.664159441137401,0,0.6239573261004014,0,3,3,5,Normal,0.09767027866400269
-0.5644786802925077,0.4528493105390145,0,-0.408913599409285,21,6,4,0,Normal,0.08678878987247995
-0.5644786802925077,-0.4198137767081852,0,1.656828251610088,12,4,2,4,Normal,0.1408066178699286
-0.1528710674206193,1.6745776326850943,0,0.6239573261004014,5,5,3,0,Normal,0.06746961877287627
-0.5644786802925077,-0.873598582076729,0,-0.408913599409285,0,7,0,1,Normal,0.07045533768392831
-0.5644786802925077,-1.048131199526169,0,-0.408913599409285,1,7,2,4,Normal,0.124565419291777
-0.5644786802925077,-1.0132246760362809,0,0.6239573261004014,9,4,4,4,Normal,0.1299828189531551
-0.5644786802925077,-0.908505105566617,0,0.6239573261004014,20,3,3,6,Normal,0.13332660919037653
-0.5644786802925077,1.639671109195206,0,-1.4417845249189716,17,1,1,3,Normal,0.09179278529534618
-0.5644786802925077,-0.1754681122789692,0,-1.4417845249189716,17,7,4,1,Normal,0.08322061736309383
2.316774609810712,1.0462602098671103,0,-0.408913599409285,0,3,1,0,Normal,0.04203350734940359
-0.5644786802925077,-0.0707485418093052,0,-0.408913599409285,9,6,0,2,Normal,0.13462383325684535
-0.5644786802925077,-1.7462616693239288,0,-0.408913599409285,18,3,1,2,Normal,0.12055862990854865
-0.5644786802925077,-1.257570340465497,0,1.656828251610088,3,5,1,7,Normal,0.0686495644456323
1.081951771195046,-1.467009481404825,1,-0.408913599409285,9,1,1,5,Normal,0.023268965500129468
-0.5644786802925077,-0.9783181525463928,0,0.6239573261004014,13,2,1,3,Normal,0.15838756039242524
-0.5644786802925077,-1.362289910935161,1,1.656828251610088,19,2,2,4,Normal,0.024204659557279906
0.6703441583231574,-1.083037723016057,1,-1.4417845249189716,18,6,4,3,Suspicious,-0.012855941160557771
-0.5644786802925077,-1.6764486223441528,1,-0.408913599409285,11,2,3,7,Normal,0.039007035871797324
-0.5644786802925077,0.1386905991300228,0,-0.408913599409285,7,2,2,2,Normal,0.1675012600878813
1.4935593840669343,-1.6415420988542648,0,-0.408913599409285,6,5,1,3,Normal,0.07816608048339135
1.4935593840669343,1.2556993508064382,0,-0.408913599409285,10,5,1,2,Normal,0.09850868269033497
-0.5644786802925077,0.4877558340289027,0,-1.4417845249189716,6,0,0,4,Normal,0.0926029600179259
-0.5644786802925077,-1.362289910935161,0,-0.408913599409285,21,4,3,6,Normal,0.11790044259134524
-0.5644786802925077,-0.2452811592587452,1,1.656828251610088,14,6,3,0,Normal,0.015199361059252348
-0.5644786802925077,-0.3150942062385213,0,0.6239573261004014,13,3,3,7,Normal,0.12679997726916198
2.316774609810712,-1.6066355753643766,0,-0.408913599409285,15,0,1,3,Normal,0.048600954052292034
-0.5644786802925077,0.9764471628873344,1,-0.408913599409285,22,4,2,7,Normal,0.04176181849125238
-0.5644786802925077,0.3481297400693506,0,0.6239573261004014,14,6,1,7,Normal,0.1262571332959459
-0.5644786802925077,-0.524533347177849,0,-1.4417845249189716,13,2,2,5,Normal,0.13955758188768108
-0.5644786802925077,-1.048131199526169,0,-0.408913599409285,23,3,1,5,Normal,0.1204764470716373
-0.5644786802925077,1.5698580622154303,0,-1.4417845249189716,7,0,2,6,Normal,0.08466850990867936
-0.5644786802925077,-0.8037855350969529,0,-1.4417845249189716,18,6,4,4,Normal,0.10095693823677043
-0.1528710674206193,0.4179427870491267,0,0.6239573261004014,13,3,1,2,Normal,0.14071195785291668
-0.5644786802925077,0.6273819279884545,0,0.6239573261004014,6,7,3,7,Normal,0.09439688851252892
-0.5644786802925077,1.604764585705318,1,-0.408913599409285,4,3,1,1,Normal,0.03782097987138633
-0.5644786802925077,0.1037840756401346,0,0.6239573261004014,20,7,0,7,Normal,0.0677446992633115
-0.5644786802925077,1.1160732568468863,0,-1.4417845249189716,1,5,3,4,Normal,0.11231921742040113
2.316774609810712,0.2434101695996867,0,-0.408913599409285,13,6,1,7,Normal,0.06936559973375978
-0.5644786802925077,0.1386905991300228,1,0.6239573261004014,20,1,0,7,Suspicious,-0.00040510161209805773
-0.5644786802925077,0.2434101695996867,0,-0.408913599409285,4,2,0,0,Normal,0.10770201087645781
2.316774609810712,1.0113536863772226,0,0.6239573261004014,16,4,0,3,Normal,0.06775157558495404
-0.5644786802925077,1.0811667333569983,1,1.656828251610088,8,2,2,6,Normal,0.029982577452446257
-0.5644786802925077,1.5000450152356546,1,1.656828251610088,5,6,4,5,Normal,0.004576659682512196
-0.5644786802925077,1.5698580622154303,0,1.656828251610088,9,7,1,1,Normal,0.07010878809344534
-0.1528710674206193,-1.1877572934857208,0,0.6239573261004014,6,2,2,4,Normal,0.13655613669518163
2.316774609810712,-1.6066355753643766,0,0.6239573261004014,12,6,1,7,Normal,0.03767956117996196
-0.5644786802925077,0.4179427870491267,0,-0.408913599409285,21,5,1,2,Normal,0.13608626087013925
-0.5644786802925077,0.2434101695996867,1,-1.4417845249189716,9,5,2,2,Normal,0.05433962664822656
-0.5644786802925077,-0.3150942062385213,0,-0.408913599409285,1,2,2,1,Normal,0.14405139852040721
-0.5644786802925077,1.2556993508064382,0,0.6239573261004014,9,3,1,5,Normal,0.14630114434543157
-0.5644786802925077,1.2556993508064382,0,-0.408913599409285,20,6,4,6,Normal,0.10221968685229044
-0.5644786802925077,0.4528493105390145,0,-1.4417845249189716,4,7,2,1,Normal,0.10565074045387518
-0.5644786802925077,0.0688775521502468,1,-0.408913599409285,6,7,4,5,Normal,0.04358666482823659
0.6703441583231574,0.1037840756401346,0,-0.408913599409285,10,3,3,2,Normal,0.1532363982087273
-0.5644786802925077,-0.5943463941576251,0,1.656828251610088,22,1,2,7,Normal,0.0693534260672235
-0.5644786802925077,-0.4198137767081852,1,0.6239573261004014,14,1,3,3,Normal,0.06365919752002946
-0.5644786802925077,1.4651384917457662,0,-1.4417845249189716,15,5,4,4,Normal,0.09426928557244296
-0.5644786802925077,0.2434101695996867,0,-1.4417845249189716,19,2,2,2,Normal,0.12013567179115942
1.081951771195046,0.0339710286603586,0,-0.408913599409285,4,6,1,1,Normal,0.10957160394013249
1.4935593840669343,-1.6764486223441528,0,0.6239573261004014,1,4,1,0,Normal,0.030081629683743505
2.316774609810712,0.6971949749682306,0,-0.408913599409285,4,7,2,7,Normal,0.037675719272352914
-0.5644786802925077,-1.5717290518744889,0,-0.408913599409285,6,4,0,5,Normal,0.1024115096900664
-0.5644786802925077,-1.048131199526169,0,-0.408913599409285,0,3,1,7,Normal,0.0927291570181501
-0.5644786802925077,-1.083037723016057,0,1.656828251610088,7,6,1,4,Normal,0.10879628356329041
-0.5644786802925077,1.3953254447659904,1,-0.408913599409285,14,7,3,2,Normal,0.022575941546929656
-0.5644786802925077,-0.3150942062385213,0,-0.408913599409285,14,1,3,4,Normal,0.16561522282992586
-0.5644786802925077,-1.5368225283846009,0,0.6239573261004014,18,4,1,6,Normal,0.11384070021508652
-0.5644786802925077,-1.117944246505945,0,0.6239573261004014,4,0,1,7,Normal,0.08673021083522237
0.6703441583231574,0.5575688810086785,1,-1.4417845249189716,13,6,1,5,Normal,0.022114679743254206
-0.1528710674206193,-1.292476863955385,0,-1.4417845249189716,22,4,1,0,Normal,0.04969159509843257
-0.5644786802925077,-0.2801876827486331,1,0.6239573261004014,13,5,1,6,Normal,0.061167217119264206
-0.5644786802925077,1.4302319682558782,0,-0.408913599409285,23,3,0,6,Normal,0.080741610432296
-0.5644786802925077,1.0811667333569983,0,0.6239573261004014,9,5,0,5,Normal,0.12808157075760762
0.6703441583231574,-0.2452811592587452,0,-0.408913599409285,5,0,1,5,Normal,0.11062353547032822
-0.5644786802925077,-1.362289910935161,1,-1.4417845249189716,3,1,1,0,Suspicious,-0.00539533108212098
1.4935593840669343,1.2207928273165505,0,-1.4417845249189716,1,7,4,0,Suspicious,-0.01456525628658567
1.081951771195046,-0.629252917647513,0,0.6239573261004014,11,5,0,7,Normal,0.06919961682734843
-0.5644786802925077,1.3255123977862149,0,-1.4417845249189716,14,2,0,0,Normal,0.06218926603042396
-0.5644786802925077,-1.257570340465497,0,-0.408913599409285,0,6,3,2,Normal,0.10930295340437257
-0.5644786802925077,-0.873598582076729,0,-1.4417845249189716,18,0,3,4,Normal,0.10150466432907079
-0.5644786802925077,0.8717275924176705,0,1.656828251610088,20,7,3,0,Normal,0.05726765032717285
-0.5644786802925077,1.0113536863772226,0,-1.4417845249189716,20,5,2,4,Normal,0.12489322052520868
1.081951771195046,0.3132232165794628,0,-0.408913599409285,6,1,1,0,Normal,0.09276544257351749
-0.5644786802925077,-0.524533347177849,0,-0.408913599409285,17,5,1,0,Normal,0.12836476551836534
1.4935593840669343,-0.873598582076729,0,0.6239573261004014,17,2,4,2,Normal,0.09349700564283847
-0.5644786802925077,-1.362289910935161,0,0.6239573261004014,4,0,1,1,Normal,0.11010013143316805
2.316774609810712,0.9066341159075584,0,-0.408913599409285,17,7,2,5,Normal,0.05969303053507857
1.081951771195046,0.0339710286603586,0,1.656828251610088,10,3,2,3,Normal,0.10660504809456545
0.6703441583231574,1.1858863038266625,0,-1.4417845249189716,16,7,1,3,Normal,0.0686884155351809
-0.5644786802925077,-0.489626823687961,0,1.656828251610088,8,2,3,7,Normal,0.10125978176070094
-0.5644786802925077,0.2434101695996867,0,-1.4417845249189716,3,5,0,4,Normal,0.10195946700558889
-0.5644786802925077,-0.3500007297284091,0,-0.408913599409285,7,6,1,2,Normal,0.15956134862296084
-0.5644786802925077,1.3953254447659904,0,-0.408913599409285,20,3,4,5,Normal,0.10754077183971927
2.7283822226826,1.3255123977862149,0,0.6239573261004014,23,3,0,6,Normal,0.007675759876571542
-0.5644786802925077,-1.1877572934857208,0,0.6239573261004014,12,2,2,1,Normal,0.15363973227360417
2.7283822226826,0.1386905991300228,0,0.6239573261004014,15,1,3,0,Normal,0.05510690693949727
-0.5644786802925077,-0.1754681122789692,0,1.656828251610088,4,2,2,5,Normal,0.12239186865404217
-0.5644786802925077,-1.7113551458340408,0,-0.408913599409285,14,7,2,2,Normal,0.11158849155565848
-0.5644786802925077,-0.3500007297284091,0,1.656828251610088,4,2,0,7,Normal,0.061290544810373104
-0.5644786802925077,-1.5717290518744889,0,-0.408913599409285,6,0,0,7,Normal,0.05657870956183986
-0.5644786802925077,-1.5019160048947129,1,0.6239573261004014,21,2,3,2,Normal,0.02972768604654419
-0.5644786802925077,-1.467009481404825,0,-0.408913599409285,16,6,1,6,Normal,0.11076253287497295
-0.5644786802925077,0.1386905991300228,0,0.6239573261004014,16,2,3,5,Normal,0.15163029559213037
-0.5644786802925077,1.4651384917457662,0,-0.408913599409285,6,0,4,0,Normal,0.08158054573988816
0.258736545451269,-1.467009481404825,1,-0.408913599409285,3,1,1,0,Suspicious,-0.002823113281867129
1.9051669969388227,1.639671109195206,0,0.6239573261004014,12,1,2,4,Normal,0.07191710552920805
-0.5644786802925077,-0.210374635768857,0,-0.408913599409285,8,2,3,5,Normal,0.1665838884759877
-0.5644786802925077,-1.0132246760362809,0,0.6239573261004014,5,3,4,4,Normal,0.12893214674798875
-0.5644786802925077,-0.5594398706677371,0,-0.408913599409285,18,0,4,2,Normal,0.12510366212992502
-0.5644786802925077,0.2085036461097985,0,1.656828251610088,23,4,3,7,Normal,0.06271974412057735
-0.5644786802925077,0.6273819279884545,1,-0.408913599409285,11,7,1,3,Normal,0.048993906104283114
0.258736545451269,0.3132232165794628,0,-1.4417845249189716,19,4,0,7,Normal,0.05813161782509135
-0.5644786802925077,0.5924754044985666,1,-1.4417845249189716,5,3,1,5,Normal,0.04773800747266188
-0.5644786802925077,-0.9783181525463928,0,0.6239573261004014,3,4,4,6,Normal,0.11215230761398864
2.7283822226826,0.3830362635592385,0,-0.408913599409285,15,4,1,0,Normal,0.060245426868302365
0.258736545451269,-0.8037855350969529,0,-1.4417845249189716,9,2,3,3,Normal,0.11240181993420406
2.316774609810712,-0.3500007297284091,0,-1.4417845249189716,15,4,4,2,Normal,0.03602496836269964
1.4935593840669343,-1.0132246760362809,0,-0.408913599409285,17,0,0,5,Normal,0.05315727730866937
-0.5644786802925077,1.7094841561749825,1,0.6239573261004014,15,5,0,5,Normal,0.011920799367083457
-0.5644786802925077,1.5000450152356546,1,1.656828251610088,20,1,0,6,Suspicious,-0.02432898626580149
-0.5644786802925077,-1.7462616693239288,0,1.656828251610088,5,5,4,6,Normal,0.04971076996389212
-0.5644786802925077,0.1037840756401346,0,0.6239573261004014,12,6,3,2,Normal,0.14946544079182095
-0.5644786802925077,1.4651384917457662,1,0.6239573261004014,6,7,4,2,Suspicious,-0.0029020209777430583
-0.1528710674206193,-1.6415420988542648,0,-1.4417845249189716,13,2,2,2,Normal,0.08732416563221801
-0.5644786802925077,1.5000450152356546,0,0.6239573261004014,6,0,2,0,Normal,0.09540728841946389
-0.5644786802925077,0.5226623575187906,1,0.6239573261004014,1,0,4,1,Suspicious,-0.013900700347633799
-0.5644786802925077,-0.5594398706677371,0,0.6239573261004014,1,0,1,2,Normal,0.11052126222671355
-0.5644786802925077,-0.1056550652991931,0,0.6239573261004014,8,4,3,1,Normal,0.15005907859986528
-0.5644786802925077,0.2085036461097985,0,-0.408913599409285,17,2,1,1,Normal,0.15225733771751665
-0.5644786802925077,0.4179427870491267,1,1.656828251610088,18,3,2,7,Normal,0.013605506780934196
-0.5644786802925077,-0.943411629056505,0,-0.408913599409285,19,6,4,0,Normal,0.09059818326863833
1.4935593840669343,-0.943411629056505,0,0.6239573261004014,12,2,3,7,Normal,0.09003146593131761
-0.1528710674206193,-1.117944246505945,0,-1.4417845249189716,3,0,2,3,Normal,0.08429691528658079
-0.5644786802925077,-1.397196434425049,0,0.6239573261004014,8,5,1,1,Normal,0.12806227049626745
2.7283822226826,-0.873598582076729,0,-1.4417845249189716,20,3,3,1,Normal,0.01657214025745979
1.081951771195046,-0.8386920585868409,0,0.6239573261004014,17,1,0,0,Normal,0.06056827971153844
-0.5644786802925077,-1.6066355753643766,1,0.6239573261004014,3,0,3,1,Normal,0.003785764924334689
2.7283822226826,-0.1405615887890813,0,-1.4417845249189716,8,6,1,7,Normal,0.016117483876718297
-0.5644786802925077,1.5000450152356546,0,0.6239573261004014,9,2,3,2,Normal,0.1267320480325984
1.9051669969388227,-1.467009481404825,0,0.6239573261004014,9,4,4,4,Normal,0.059976592140981166
1.4935593840669343,-0.0707485418093052,0,-0.408913599409285,10,1,4,4,Normal,0.09159299956592715
-0.5644786802925077,-0.0009354948295292,0,-1.4417845249189716,14,7,1,3,Normal,0.12951767476633008
-0.5644786802925077,0.1735971226199107,0,-1.4417845249189716,22,7,2,4,Normal,0.10109591600814616
-0.5644786802925077,-1.6066355753643766,0,0.6239573261004014,2,3,2,0,Normal,0.09606281797819805
1.081951771195046,0.6971949749682306,0,0.6239573261004014,22,7,2,1,Normal,0.07063195886442353
-0.5644786802925077,-0.0009354948295292,0,0.6239573261004014,0,6,3,3,Normal,0.12341052761819404
-0.5644786802925077,0.7321014984581184,1,-0.408913599409285,21,2,1,3,Normal,0.04534730486803151
-0.5644786802925077,1.4651384917457662,1,0.6239573261004014,12,7,4,0,Suspicious,-0.010401345349284719
-0.5644786802925077,-0.629252917647513,0,1.656828251610088,22,2,0,3,Normal,0.07241879090378411
-0.5644786802925077,1.7094841561749825,0,-1.4417845249189716,21,7,3,2,Normal,0.05215155571907104
1.9051669969388227,0.6273819279884545,0,1.656828251610088,0,5,2,6,Normal,0.048671253861106045
-0.5644786802925077,-1.3273833874452727,1,0.6239573261004014,16,2,4,6,Normal,0.022092442195538964
-0.5644786802925077,0.6273819279884545,0,0.6239573261004014,10,5,2,4,Normal,0.16987132075457279
-0.5644786802925077,-0.1056550652991931,0,0.6239573261004014,4,3,3,5,Normal,0.15254266996136123
-0.1528710674206193,-0.0009354948295292,0,-1.4417845249189716,4,5,3,5,Normal,0.11976950039228551
-0.1528710674206193,-1.257570340465497,1,-0.408913599409285,15,4,1,2,Normal,0.040615601289367365
-0.5644786802925077,-1.7113551458340408,1,1.656828251610088,5,7,1,7,Suspicious,-0.02553072971908521
-0.5644786802925077,0.1037840756401346,0,-0.408913599409285,5,7,4,4,Normal,0.11723548992202587
-0.5644786802925077,1.3604189212761024,0,-0.408913599409285,22,6,3,6,Normal,0.11288042577328533
-0.5644786802925077,-1.3273833874452727,1,-0.408913599409285,15,7,1,2,Normal,0.031567401225583436
-0.5644786802925077,-0.873598582076729,1,-0.408913599409285,5,0,4,2,Normal,0.021191930956788507
-0.5644786802925077,-1.5368225283846009,0,0.6239573261004014,10,4,3,5,Normal,0.1257139566365406
0.6703441583231574,-0.1056550652991931,0,-1.4417845249189716,12,5,0,2,Normal,0.08207357959582318
-0.1528710674206193,-0.8037855350969529,0,-0.408913599409285,5,7,0,4,Normal,0.09854351058828026
-0.5644786802925077,-0.2452811592587452,0,0.6239573261004014,11,7,2,2,Normal,0.13877810611193248
-0.5644786802925077,-1.397196434425049,0,-1.4417845249189716,14,6,1,1,Normal,0.09945203653869861
1.9051669969388227,-1.397196434425049,0,0.6239573261004014,1,3,2,6,Normal,0.06914918888089283
-0.5644786802925077,-1.117944246505945,0,-0.408913599409285,17,4,4,1,Normal,0.11387546778685975
-0.5644786802925077,0.0688775521502468,1,1.656828251610088,19,4,4,6,Normal,0.009102311976708743
-0.5644786802925077,0.8019145454378945,0,-0.408913599409285,3,0,2,7,Normal,0.10683363215092634
-0.5644786802925077,1.0462602098671103,0,-1.4417845249189716,14,5,0,7,Normal,0.07908119667455815
-0.5644786802925077,0.3481297400693506,0,-1.4417845249189716,16,1,1,2,Normal,0.11596681967335998
-0.5644786802925077,0.5575688810086785,0,-0.408913599409285,11,7,4,6,Normal,0.11252508434105385
1.9051669969388227,0.5575688810086785,0,-0.408913599409285,20,1,3,4,Normal,0.09633418106991454
-0.5644786802925077,0.7321014984581184,0,-0.408913599409285,20,1,1,0,Normal,0.10265870947581235
1.4935593840669343,-1.1877572934857208,0,-0.408913599409285,14,2,2,3,Normal,0.12428284166403447
-0.5644786802925077,-0.5594398706677371,0,0.6239573261004014,9,2,1,1,Normal,0.15011420993971097
-0.5644786802925077,-0.3849072532182971,0,-0.408913599409285,6,6,2,3,Normal,0.16513203747192834
0.6703441583231574,0.8368210689277826,0,-1.4417845249189716,11,5,2,0,Normal,0.08187610576151916
1.081951771195046,1.0462602098671103,0,-1.4417845249189716,1,3,0,5,Normal,0.05513214709299652
1.9051669969388227,-0.6990659646272891,0,-0.408913599409285,8,1,2,3,Normal,0.11624447527615467
-0.5644786802925077,-1.6415420988542648,0,-0.408913599409285,14,6,4,2,Normal,0.10207970203617545
1.4935593840669343,1.0113536863772226,0,-0.408913599409285,16,5,1,7,Normal,0.07965757788499217
-0.5644786802925077,-0.8037855350969529,0,-1.4417845249189716,18,3,1,1,Normal,0.11492131923142218
-0.5644786802925077,-1.292476863955385,0,-0.408913599409285,18,1,3,5,Normal,0.12795686955084473
-0.1528710674206193,-1.3273833874452727,0,1.656828251610088,16,2,4,6,Normal,0.06555519165289903
2.316774609810712,-1.3273833874452727,0,-0.408913599409285,16,0,3,3,Normal,0.05180022737131473
-0.5644786802925077,-0.943411629056505,0,-0.408913599409285,16,6,3,0,Normal,0.11098159861807927
-0.5644786802925077,0.5226623575187906,0,0.6239573261004014,23,3,0,7,Normal,0.06849691528593782
-0.1528710674206193,0.7321014984581184,1,1.656828251610088,19,7,4,5,Suspicious,-0.017342585777426645
-0.5644786802925077,-1.292476863955385,0,0.6239573261004014,2,5,1,1,Normal,0.11364701815560396
-0.5644786802925077,-0.3150942062385213,0,-0.408913599409285,15,6,3,2,Normal,0.16051650434146025
2.316774609810712,-0.1754681122789692,0,0.6239573261004014,20,6,2,3,Normal,0.0740600595590939
-0.5644786802925077,0.9764471628873344,0,1.656828251610088,14,2,4,3,Normal,0.11300377258105404
2.7283822226826,-0.0707485418093052,1,0.6239573261004014,16,3,0,7,Suspicious,-0.025399508270615878
-0.5644786802925077,1.1509797803367747,1,0.6239573261004014,22,2,3,5,Normal,0.03577158517905865
-0.5644786802925077,-0.7339724881171771,0,0.6239573261004014,7,0,3,4,Normal,0.1377745339667366
-0.5644786802925077,-1.6415420988542648,0,0.6239573261004014,23,4,2,3,Normal,0.10305034734344387
-0.1528710674206193,1.4651384917457662,0,-1.4417845249189716,23,4,4,3,Normal,0.05564261957749306
-0.5644786802925077,0.5226623575187906,0,-0.408913599409285,16,1,2,4,Normal,0.16339312809140122
0.6703441583231574,0.9415406393974466,1,0.6239573261004014,21,2,0,0,Suspicious,-0.021954719258844957
-0.5644786802925077,-0.943411629056505,0,1.656828251610088,6,7,3,5,Normal,0.08591199477195288
1.4935593840669343,-1.6764486223441528,1,-1.4417845249189716,4,0,2,7,Suspicious,-0.04048175894852757
-0.5644786802925077,-1.0132246760362809,0,-1.4417845249189716,13,2,1,1,Normal,0.1171867879212935
-0.5644786802925077,0.1037840756401346,0,1.656828251610088,21,2,1,6,Normal,0.10302370133597905
-0.5644786802925077,0.7670080219480067,0,-0.408913599409285,23,6,4,1,Normal,0.09399989057302793
-0.5644786802925077,-1.5717290518744889,0,0.6239573261004014,15,1,0,5,Normal,0.09584187084157136
-0.5644786802925077,0.3830362635592385,0,0.6239573261004014,17,6,4,0,Normal,0.09685483214004742
-0.5644786802925077,0.9764471628873344,1,0.6239573261004014,5,2,0,5,Normal,0.03455240431074158
-0.5644786802925077,-0.3150942062385213,0,1.656828251610088,8,3,0,0,Normal,0.06951171029117165
2.7283822226826,1.0811667333569983,0,-1.4417845249189716,4,1,3,4,Normal,0.0277576631399834
-0.5644786802925077,-1.467009481404825,0,-0.408913599409285,5,1,3,1,Normal,0.1234485934474096
-0.5644786802925077,-1.4321029579149367,0,-1.4417845249189716,18,4,3,5,Normal,0.09406632398911441
-0.5644786802925077,0.7670080219480067,0,1.656828251610088,23,4,2,3,Normal,0.1027751271279429
-0.5644786802925077,1.639671109195206,0,0.6239573261004014,19,3,4,0,Normal,0.06543475527811804
-0.5644786802925077,0.2783166930895746,0,-0.408913599409285,11,6,1,1,Normal,0.15459137720942118
-0.5644786802925077,1.1509797803367747,0,-1.4417845249189716,21,2,4,5,Normal,0.0857759857265582
0.6703441583231574,-1.117944246505945,0,-1.4417845249189716,13,5,3,6,Normal,0.08429182641042354
-0.5644786802925077,0.0339710286603586,0,-1.4417845249189716,11,7,4,2,Normal,0.10590135381280152
-0.5644786802925077,1.1858863038266625,0,-1.4417845249189716,8,4,1,7,Normal,0.10567637618099246
0.6703441583231574,-0.943411629056505,1,1.656828251610088,1,5,3,2,Normal,0.0004306792971943141
1.4935593840669343,-1.257570340465497,0,-0.408913599409285,4,7,4,1,Normal,0.03337805725190279
1.4935593840669343,1.4302319682558782,1,-0.408913599409285,10,6,2,5,Normal,0.011672903786218103
-0.5644786802925077,1.1509797803367747,0,-0.408913599409285,0,4,2,5,Normal,0.12543975041255728
-0.5644786802925077,-0.0358420183194171,0,1.656828251610088,18,7,2,0,Normal,0.0670772329670255
0.258736545451269,1.5698580622154303,0,0.6239573261004014,12,3,0,2,Normal,0.08180495411236521
-0.5644786802925077,-1.7113551458340408,1,0.6239573261004014,0,4,0,5,Suspicious,-0.005938490902382965
-0.5644786802925077,-1.5019160048947129,0,-1.4417845249189716,6,3,1,4,Normal,0.10206530280050463
-0.5644786802925077,-1.1877572934857208,0,1.656828251610088,11,5,3,6,Normal,0.09753494046471545
-0.5644786802925077,-1.4321029579149367,0,-0.408913599409285,5,7,1,1,Normal,0.10085832745663481
-0.5644786802925077,-0.5594398706677371,0,-0.408913599409285,4,5,3,1,Normal,0.1484891276145044
-0.5644786802925077,1.0811667333569983,1,-1.4417845249189716,10,1,2,1,Normal,0.02280765341372515
0.6703441583231574,0.7670080219480067,0,-1.4417845249189716,20,6,1,3,Normal,0.07963861644529358
-0.5644786802925077,-1.3273833874452727,0,-0.408913599409285,1,7,3,0,Normal,0.07620573816879894
-0.5644786802925077,1.5349515387255426,0,1.656828251610088,18,7,4,4,Normal,0.062408815898127634
0.6703441583231574,0.9415406393974466,0,1.656828251610088,16,2,4,1,Normal,0.06656159506851755
1.4935593840669343,1.2556993508064382,0,-0.408913599409285,20,6,3,3,Normal,0.083417522745453
-0.5644786802925077,-0.943411629056505,1,0.6239573261004014,2,4,2,3,Normal,0.054680745190275326
-0.5644786802925077,-0.4547203001980731,0,-1.4417845249189716,3,2,1,6,Normal,0.11813008086949445
-0.5644786802925077,-1.5019160048947129,0,-0.408913599409285,5,0,4,3,Normal,0.09184746472505201
-0.5644786802925077,0.5226623575187906,0,0.6239573261004014,18,4,0,5,Normal,0.11851358982349947
-0.5644786802925077,0.6273819279884545,0,0.6239573261004014,14,7,2,5,Normal,0.1410532748685978
2.316774609810712,0.2783166930895746,0,-0.408913599409285,2,5,0,7,Normal,0.03383229257160458
-0.1528710674206193,1.0113536863772226,1,0.6239573261004014,1,6,2,0,Normal,0.0027879669655153094
0.258736545451269,0.7321014984581184,0,-1.4417845249189716,0,4,3,3,Normal,0.08620012789510934
-0.5644786802925077,0.6971949749682306,0,-0.408913599409285,23,3,4,7,Normal,0.08930917998956445
-0.5644786802925077,-0.3500007297284091,0,-1.4417845249189716,5,1,2,2,Normal,0.12452984047633586
-0.5644786802925077,0.4179427870491267,0,1.656828251610088,11,7,1,7,Normal,0.08321182105514213
-0.5644786802925077,1.5698580622154303,0,-0.408913599409285,17,4,0,7,Normal,0.07748732710980955
2.7283822226826,0.4877558340289027,0,0.6239573261004014,16,2,0,6,Normal,0.047679017949293634
1.4935593840669343,1.3255123977862149,1,0.6239573261004014,23,7,2,5,Suspicious,-0.021475496479231304
-0.5644786802925077,0.0688775521502468,0,-0.408913599409285,15,0,4,1,Normal,0.12398852261018517
-0.5644786802925077,1.604764585705318,0,-0.408913599409285,17,1,0,1,Normal,0.08643779738691515
1.081951771195046,-0.9783181525463928,0,0.6239573261004014,22,4,2,6,Normal,0.08962243756307942
-0.5644786802925077,-0.0707485418093052,0,-1.4417845249189716,18,3,3,7,Normal,0.11055000230328504
-0.5644786802925077,-1.7113551458340408,0,-1.4417845249189716,6,3,3,5,Normal,0.08888137206397795
-0.5644786802925077,1.4651384917457662,0,0.6239573261004014,12,0,3,6,Normal,0.10633668626333187
-0.5644786802925077,-1.6066355753643766,1,0.6239573261004014,16,3,4,0,Suspicious,-0.005041713403325598
-0.5644786802925077,-0.873598582076729,0,0.6239573261004014,6,2,1,7,Normal,0.1241727051352825
0.6703441583231574,0.2434101695996867,0,1.656828251610088,21,4,1,6,Normal,0.07112647895657187
-0.5644786802925077,0.5575688810086785,0,-0.408913599409285,23,6,2,6,Normal,0.12438183085882276
-0.5644786802925077,-0.210374635768857,1,-0.408913599409285,13,0,3,1,Normal,0.04679408968867582
1.9051669969388227,-1.1528507699958328,0,-1.4417845249189716,9,2,4,6,Normal,0.03681722287153866
-0.5644786802925077,-0.664159441137401,0,-0.408913599409285,14,5,1,2,Normal,0.16707601082851725
-0.5644786802925077,0.7670080219480067,1,-0.408913599409285,18,2,4,6,Normal,0.03963526253638949
1.4935593840669343,0.8368210689277826,0,1.656828251610088,0,5,1,7,Normal,0.02121080666433972
-0.5644786802925077,-0.0358420183194171,0,0.6239573261004014,3,4,1,1,Normal,0.13763015353447755
-0.5644786802925077,-1.222663816975609,1,-0.408913599409285,4,2,0,1,Normal,0.015024622319094516
2.7283822226826,0.2783166930895746,0,-1.4417845249189716,19,2,4,1,Normal,0.00886896243347779
-0.5644786802925077,0.6971949749682306,1,-0.408913599409285,2,3,1,7,Normal,0.04173478735296088
1.081951771195046,0.3830362635592385,0,1.656828251610088,11,3,1,7,Normal,0.06799030804803152
0.6703441583231574,1.2906058742963262,0,1.656828251610088,8,3,3,7,Normal,0.060888558157391026
-0.1528710674206193,0.6273819279884545,0,-1.4417845249189716,7,2,3,4,Normal,0.10771846426136977
1.081951771195046,0.5226623575187906,0,-1.4417845249189716,14,0,3,5,Normal,0.06193574559939763
-0.5644786802925077,-0.629252917647513,1,-1.4417845249189716,17,6,3,7,Normal,0.03645875838721058
-0.5644786802925077,1.5698580622154303,0,-0.408913599409285,6,3,0,1,Normal,0.10068928362733731
0.258736545451269,0.1735971226199107,1,0.6239573261004014,15,0,2,5,Normal,0.030753627644942605
1.9051669969388227,-1.222663816975609,0,-0.408913599409285,0,1,1,5,Normal,0.0687263198581205
-0.5644786802925077,-1.1528507699958328,0,-0.408913599409285,6,3,4,4,Normal,0.13141302185165005
-0.5644786802925077,-0.943411629056505,0,0.6239573261004014,15,0,3,7,Normal,0.0894444570140317
2.316774609810712,1.4302319682558782,0,-0.408913599409285,5,3,1,0,Normal,0.04583914530320499
-0.1528710674206193,0.4877558340289027,0,-0.408913599409285,10,3,4,4,Normal,0.12944057541929727
-0.5644786802925077,-0.629252917647513,0,1.656828251610088,11,6,1,6,Normal,0.11295357957901037
-0.5644786802925077,-0.8037855350969529,0,-0.408913599409285,10,3,2,1,Normal,0.17033816057166984
-0.5644786802925077,0.9066341159075584,0,0.6239573261004014,21,2,4,2,Normal,0.10117965718311084
0.6703441583231574,1.604764585705318,0,-0.408913599409285,1,1,3,7,Normal,0.047114346564013365
0.6703441583231574,0.1735971226199107,0,0.6239573261004014,14,1,3,5,Normal,0.12137690737426238
0.258736545451269,-0.3849072532182971,0,-1.4417845249189716,6,5,0,5,Normal,0.08324035449864331
-0.5644786802925077,0.3481297400693506,0,0.6239573261004014,0,4,3,6,Normal,0.1141847660026562
-0.5644786802925077,-1.292476863955385,0,1.656828251610088,12,4,1,3,Normal,0.11944301422461678
0.258736545451269,1.3953254447659904,0,0.6239573261004014,2,0,2,6,Normal,0.07305873520204098
-0.5644786802925077,0.9764471628873344,0,-1.4417845249189716,19,6,0,6,Normal,0.0873647311321889
-0.5644786802925077,-1.117944246505945,0,-0.408913599409285,18,1,4,6,Normal,0.11125411361257254
-0.5644786802925077,-0.5594398706677371,0,-0.408913599409285,10,2,4,7,Normal,0.12224652380346085
-0.5644786802925077,0.9066341159075584,0,0.6239573261004014,4,1,3,1,Normal,0.1328439894906545
-0.5644786802925077,0.9764471628873344,0,-0.408913599409285,23,4,4,3,Normal,0.1062188117618546
-0.5644786802925077,0.0339710286603586,0,0.6239573261004014,18,0,1,0,Normal,0.10543136332791708
2.316774609810712,0.6971949749682306,0,-0.408913599409285,17,4,4,4,Normal,0.06463807073963368
-0.5644786802925077,1.4302319682558782,0,1.656828251610088,0,5,3,7,Normal,0.05554662530738741
2.7283822226826,-0.210374635768857,0,0.6239573261004014,23,1,0,5,Normal,0.016316997050236925
2.7283822226826,1.1509797803367747,0,-0.408913599409285,5,0,3,6,Normal,0.02528350881355268
-0.1528710674206193,0.1037840756401346,1,-0.408913599409285,14,7,0,5,Normal,0.021463513880604856
0.6703441583231574,1.0462602098671103,0,-1.4417845249189716,3,2,4,7,Normal,0.0318701513639007
-0.5644786802925077,-0.5943463941576251,0,-0.408913599409285,10,1,4,4,Normal,0.14416274097225873
2.7283822226826,1.1160732568468863,0,-1.4417845249189716,17,5,0,7,Suspicious,-0.004144905597394999
-0.5644786802925077,-0.629252917647513,0,-1.4417845249189716,1,5,2,0,Normal,0.0938393606372876
-0.5644786802925077,-0.0707485418093052,0,-0.408913599409285,21,2,1,5,Normal,0.1484417800924524
-0.5644786802925077,0.9415406393974466,0,-1.4417845249189716,13,1,3,7,Normal,0.0872374207861003
-0.5644786802925077,-0.3849072532182971,0,-0.408913599409285,8,4,2,1,Normal,0.16351752211085896
-0.5644786802925077,1.3604189212761024,0,-0.408913599409285,0,0,0,6,Normal,0.07160700101298378
-0.5644786802925077,-0.4547203001980731,1,-0.408913599409285,23,3,1,7,Normal,0.02683965005052491
-0.5644786802925077,1.3953254447659904,1,0.6239573261004014,9,2,3,5,Normal,0.04682507232458999
-0.5644786802925077,-0.4198137767081852,0,-0.408913599409285,5,2,1,6,Normal,0.15637760210371748
-0.5644786802925077,-0.664159441137401,0,-0.408913599409285,4,7,1,2,Normal,0.13341165871128607
-0.5644786802925077,-0.2452811592587452,0,-0.408913599409285,10,0,1,4,Normal,0.15946049144764257
1.081951771195046,0.8717275924176705,0,-0.408913599409285,18,1,1,5,Normal,0.0989296752944604
-0.5644786802925077,-0.7688790116070651,0,0.6239573261004014,23,7,4,5,Normal,0.07527584489233674
-0.5644786802925077,-0.5594398706677371,0,-0.408913599409285,9,3,1,7,Normal,0.1422871476593039
-0.5644786802925077,0.3830362635592385,0,-0.408913599409285,16,5,3,3,Normal,0.1618616644946479
-0.5644786802925077,0.2434101695996867,0,1.656828251610088,16,5,0,7,Normal,0.07205588694470377
-0.5644786802925077,-0.0009354948295292,0,1.656828251610088,7,6,3,2,Normal,0.11885340311973003
-0.5644786802925077,-1.292476863955385,0,-0.408913599409285,13,4,3,0,Normal,0.11831309834297138
-0.5644786802925077,-1.7113551458340408,0,1.656828251610088,18,5,3,0,Normal,0.04719843429805981
-0.5644786802925077,-0.8037855350969529,0,0.6239573261004014,9,6,1,3,Normal,0.15121818287626854
2.316774609810712,-0.943411629056505,0,-0.408913599409285,10,1,0,5,Normal,0.0722274302185385
-0.5644786802925077,-1.362289910935161,0,0.6239573261004014,18,3,0,4,Normal,0.10892634538666751
-0.5644786802925077,1.3604189212761024,0,1.656828251610088,11,2,0,7,Normal,0.06345192065915461
-0.5644786802925077,-0.2452811592587452,1,0.6239573261004014,21,2,1,0,Normal,0.015635144694082226
-0.5644786802925077,-0.629252917647513,0,-0.408913599409285,2,0,2,5,Normal,0.13997086652342516
-0.5644786802925077,-1.467009481404825,0,-1.4417845249189716,1,6,4,4,Normal,0.07251678187565835
-0.5644786802925077,-1.4321029579149367,0,-0.408913599409285,20,4,4,0,Normal,0.07482606849190587
-0.5644786802925077,-1.362289910935161,0,-0.408913599409285,16,7,4,4,Normal,0.09588514561104411
2.316774609810712,0.1037840756401346,1,-0.408913599409285,2,3,2,6,Normal,0.01999162550909661
-0.5644786802925077,1.604764585705318,0,1.656828251610088,22,6,2,4,Normal,0.07568902112760711
1.4935593840669343,0.2085036461097985,0,1.656828251610088,14,6,4,4,Normal,0.0569441047398882
2.316774609810712,0.1037840756401346,0,0.6239573261004014,21,5,2,5,Normal,0.07489338320941785
-0.5644786802925077,1.2556993508064382,0,0.6239573261004014,1,3,2,3,Normal,0.1397095165712952
-0.5644786802925077,-0.5594398706677371,0,0.6239573261004014,9,7,1,6,Normal,0.1300426360469597
-0.5644786802925077,-0.0009354948295292,0,-0.408913599409285,1,2,0,5,Normal,0.12419269414605644
-0.5644786802925077,-1.5019160048947129,0,-1.4417845249189716,18,0,4,6,Normal,0.041321809431248635
-0.5644786802925077,-1.6764486223441528,0,1.656828251610088,5,5,1,2,Normal,0.07580876641663525
-0.5644786802925077,0.2085036461097985,0,-1.4417845249189716,5,6,0,1,Normal,0.08473636113040428
-0.5644786802925077,-0.3500007297284091,0,-1.4417845249189716,14,1,2,3,Normal,0.12981545137441497
-0.5644786802925077,1.2207928273165505,0,0.6239573261004014,4,5,3,2,Normal,0.13463526186227098
1.9051669969388227,0.2783166930895746,0,-1.4417845249189716,0,1,0,3,Normal,0.030768615966293655
-0.5644786802925077,0.4877558340289027,0,-0.408913599409285,0,5,0,1,Normal,0.09533934900564522
2.7283822226826,0.8368210689277826,0,1.656828251610088,14,1,2,4,Normal,0.04418740777894692
-0.5644786802925077,-0.5943463941576251,0,1.656828251610088,8,6,0,3,Normal,0.09475025304074147
1.9051669969388227,1.4302319682558782,0,0.6239573261004014,11,7,0,2,Normal,0.03768288526003527
-0.5644786802925077,-1.6764486223441528,0,0.6239573261004014,16,1,0,1,Normal,0.08447750691992884
-0.5644786802925077,-1.257570340465497,0,0.6239573261004014,5,2,3,0,Normal,0.10253593549586937
-0.5644786802925077,0.7321014984581184,0,-0.408913599409285,7,3,1,7,Normal,0.12968832534198516
-0.5644786802925077,-0.3849072532182971,0,0.6239573261004014,4,4,1,3,Normal,0.15141567315768562
-0.5644786802925077,1.0113536863772226,0,1.656828251610088,22,5,3,4,Normal,0.10298798708124801
0.258736545451269,-0.0009354948295292,0,-1.4417845249189716,11,5,0,0,Normal,0.06403524422389395
1.4935593840669343,-0.1405615887890813,1,-1.4417845249189716,3,5,4,3,Suspicious,-0.012442479698862141
-0.5644786802925077,-0.1405615887890813,0,1.656828251610088,15,3,0,3,Normal,0.10436311528079056
2.316774609810712,1.5349515387255426,0,-1.4417845249189716,2,6,0,4,Normal,0.01128484078665315
-0.5644786802925077,0.8019145454378945,1,1.656828251610088,11,3,4,4,Normal,0.035550029605198596
-0.5644786802925077,0.4528493105390145,0,-0.408913599409285,9,6,4,6,Normal,0.12430299265222522
1.9051669969388227,1.604764585705318,0,-0.408913599409285,10,4,1,7,Normal,0.05271146800085025
-0.5644786802925077,0.9066341159075584,1,-1.4417845249189716,19,4,4,6,Normal,0.020919067819680226
-0.5644786802925077,1.2556993508064382,0,0.6239573261004014,5,5,0,5,Normal,0.11511160395324516
0.258736545451269,1.4302319682558782,0,-1.4417845249189716,22,5,4,4,Normal,0.05278860441292965
1.081951771195046,0.7321014984581184,0,0.6239573261004014,11,5,1,1,Normal,0.10900504314515425
-0.1528710674206193,-0.1405615887890813,0,-0.408913599409285,4,0,0,5,Normal,0.10873259071885366
2.316774609810712,1.3953254447659904,0,-1.4417845249189716,19,7,4,5,Normal,0.0016574602578087738
2.316774609810712,-1.3273833874452727,0,-1.4417845249189716,23,0,2,2,Normal,0.0073110918238697975
-0.5644786802925077,-0.3500007297284091,0,-0.408913599409285,6,2,0,0,Normal,0.11590333242199957
-0.5644786802925077,1.639671109195206,1,-1.4417845249189716,12,4,3,5,Normal,0.02898739055009525
1.9051669969388227,1.4651384917457662,0,0.6239573261004014,20,3,0,0,Normal,0.03722759911740714
0.258736545451269,0.2783166930895746,0,0.6239573261004014,8,7,1,0,Normal,0.07776443653339182
1.4935593840669343,-1.1877572934857208,0,-0.408913599409285,8,0,1,4,Normal,0.08923411213652832
-0.5644786802925077,0.4179427870491267,1,-1.4417845249189716,9,3,0,2,Normal,0.03770630849991663
-0.5644786802925077,-1.083037723016057,0,0.6239573261004014,18,6,2,4,Normal,0.13208435051451317
1.081951771195046,0.9066341159075584,1,1.656828251610088,0,5,4,0,Suspicious,-0.039652333164269415
2.7283822226826,-0.4198137767081852,1,-1.4417845249189716,9,3,2,0,Suspicious,-0.029668081907817667
0.258736545451269,-0.0009354948295292,0,-1.4417845249189716,6,7,4,0,Normal,0.04275856141209433
-0.5644786802925077,1.5000450152356546,0,-0.408913599409285,2,2,2,3,Normal,0.13471634393017795
2.316774609810712,1.5698580622154303,0,1.656828251610088,3,2,2,6,Normal,0.02546662959735535
0.258736545451269,-0.4547203001980731,0,0.6239573261004014,14,3,2,0,Normal,0.11794682021010516
-0.5644786802925077,-1.7113551458340408,0,-0.408913599409285,22,6,0,3,Normal,0.06765566079396979
-0.5644786802925077,0.2783166930895746,0,1.656828251610088,22,6,4,4,Normal,0.07316615388770065
1.4935593840669343,-1.3273833874452727,0,-0.408913599409285,23,4,1,0,Normal,0.04390730366822371
-0.5644786802925077,0.6971949749682306,0,0.6239573261004014,11,5,1,7,Normal,0.1284505778162343
0.258736545451269,0.8019145454378945,1,-1.4417845249189716,21,5,4,4,Normal,0.00317853230579046
-0.5644786802925077,0.8019145454378945,0,-0.408913599409285,16,6,3,2,Normal,0.1417253264097169
1.9051669969388227,1.0462602098671103,0,-1.4417845249189716,16,7,2,3,Normal,0.05087867753343811
1.081951771195046,-0.1405615887890813,0,1.656828251610088,20,5,3,5,Normal,0.08229867948623748
1.081951771195046,-0.629252917647513,0,-0.408913599409285,3,5,2,2,Normal,0.12203259979352432
-0.5644786802925077,1.1858863038266625,1,-1.4417845249189716,15,2,4,4,Normal,0.01823327143104725
1.4935593840669343,1.5698580622154303,0,-1.4417845249189716,11,7,1,0,Normal,0.020561524423965083
-0.5644786802925077,-1.5717290518744889,0,1.656828251610088,9,3,1,3,Normal,0.10267464767446266
0.258736545451269,0.5575688810086785,1,-0.408913599409285,3,5,2,1,Normal,0.038034435899720775
