rank,event_id,risk_score,risk_level,priority,status,reasons,input_ioc_status,input_asset_criticality_label,input_asset_criticality_verified
1,EVT02983,82.72,Critical,Immediate Investigation,Open,"['High ML confidence', 'High CVSS vulnerability']",No IOC Match,Unknown,False
2,EVT07200,82.65,Critical,Immediate Investigation,Open,"['High CVSS vulnerability', 'Multiple failed login attempts']",No IOC Match,Unknown,False
3,EVT09380,81.5,Critical,Immediate Investigation,Open,"['High CVSS vulnerability', 'Multiple failed login attempts']",No IOC Match,Unknown,False
4,EVT07014,81.25,Critical,Immediate Investigation,Open,"['High CVSS vulnerability', 'Multiple failed login attempts']",No IOC Match,Unknown,False
5,EVT04821,80.29,High,Investigate Soon,Open,['High CVSS vulnerability'],No IOC Match,Unknown,False
6,EVT02704,80.28,High,Investigate Soon,Open,"['High CVSS vulnerability', 'Multiple failed login attempts']",No IOC Match,Unknown,False
7,EVT04789,80.23,High,Investigate Soon,Open,"['High CVSS vulnerability', 'Multiple failed login attempts']",No IOC Match,Unknown,False
8,EVT00975,79.94,High,Investigate Soon,Open,"['High CVSS vulnerability', 'Multiple failed login attempts']",No IOC Match,Unknown,False
9,EVT08644,79.92,High,Investigate Soon,Open,"['High CVSS vulnerability', 'Multiple failed login attempts']",No IOC Match,Unknown,False
10,EVT06947,79.58,High,Investigate Soon,Open,['High CVSS vulnerability'],No IOC Match,Unknown,False
11,EVT00119,79.15,High,Investigate Soon,Open,['High CVSS vulnerability'],No IOC Match,Unknown,False
12,EVT00319,79.09,High,Investigate Soon,Open,"['High CVSS vulnerability', 'Multiple failed login attempts']",No IOC Match,Unknown,False
13,EVT00024,79.08,High,Investigate Soon,Open,"['High CVSS vulnerability', 'Malicious IOC']",Malicious,Unknown,False
14,EVT06435,78.82,High,Investigate Soon,Open,"['High CVSS vulnerability', 'Multiple failed login attempts']",No IOC Match,Unknown,False
15,EVT00307,78.73,High,Investigate Soon,Open,['High CVSS vulnerability'],No IOC Match,Unknown,False
16,EVT08916,78.58,High,Investigate Soon,Open,"['High CVSS vulnerability', 'Multiple failed login attempts']",No IOC Match,Unknown,False
17,EVT09064,78.44,High,Investigate Soon,Open,['High CVSS vulnerability'],No IOC Match,Unknown,False
18,EVT04441,78.23,High,Investigate Soon,Open,"['High CVSS vulnerability', 'Multiple failed login attempts']",No IOC Match,Unknown,False
19,EVT05159,78.2,High,Investigate Soon,Open,['High CVSS vulnerability'],No IOC Match,Unknown,False
20,EVT03627,78.09,High,Investigate Soon,Open,"['High CVSS vulnerability', 'Multiple failed login attempts']",No IOC Match,Unknown,False
21,EVT03635,77.77,High,Investigate Soon,Open,"['High ML confidence', 'High CVSS vulnerability', 'Multiple failed login attempts']",No IOC Match,Unknown,False
22,EVT09188,77.77,High,Investigate Soon,Open,"['High CVSS vulnerability', 'Multiple failed login attempts']",No IOC Match,Unknown,False
23,EVT08813,77.73,High,Investigate Soon,Open,['High CVSS vulnerability'],No IOC Match,Unknown,False
24,EVT03143,77.56,High,Investigate Soon,Open,"['High CVSS vulnerability', 'Multiple failed login attempts']",No IOC Match,Unknown,False
25,EVT03392,77.55,High,Investigate Soon,Open,['High CVSS vulnerability'],No IOC Match,Unknown,False
26,EVT08468,77.47,High,Investigate Soon,Open,"['High CVSS vulnerability', 'Multiple failed login attempts']",No IOC Match,Unknown,False
27,EVT07593,77.45,High,Investigate Soon,Open,"['High ML confidence', 'High CVSS vulnerability', 'Multiple failed login attempts']",No IOC Match,Unknown,False
28,EVT00140,77.41,High,Investigate Soon,Open,"['High CVSS vulnerability', 'Multiple failed login attempts']",No IOC Match,Unknown,False
29,EVT02042,77.4,High,Investigate Soon,Open,['High CVSS vulnerability'],No IOC Match,Unknown,False
30,EVT08320,77.24,High,Investigate Soon,Open,"['High ML confidence', 'High CVSS vulnerability', 'Multiple failed login attempts']",No IOC Match,Unknown,False
31,EVT06239,77.21,High,Investigate Soon,Open,['High CVSS vulnerability'],No IOC Match,Unknown,False
32,EVT07805,77.18,High,Investigate Soon,Open,"['High CVSS vulnerability', 'Multiple failed login attempts']",No IOC Match,Unknown,False
33,EVT09726,77.17,High,Investigate Soon,Open,['High CVSS vulnerability'],No IOC Match,Unknown,False
34,EVT01758,77.12,High,Investigate Soon,Open,"['High CVSS vulnerability', 'Multiple failed login attempts']",No IOC Match,Unknown,False
35,EVT09986,77.02,High,Investigate Soon,Open,"['High CVSS vulnerability', 'Multiple failed login attempts']",No IOC Match,Unknown,False
36,EVT05775,76.98,High,Investigate Soon,Open,"['High CVSS vulnerability', 'Multiple failed login attempts']",No IOC Match,Unknown,False
37,EVT02829,76.97,High,Investigate Soon,Open,"['High CVSS vulnerability', 'Multiple failed login attempts']",No IOC Match,Unknown,False
38,EVT04931,76.87,High,Investigate Soon,Open,"['High CVSS vulnerability', 'Multiple failed login attempts']",No IOC Match,Unknown,False
39,EVT08518,76.83,High,Investigate Soon,Open,"['High CVSS vulnerability', 'Multiple failed login attempts']",No IOC Match,Unknown,False
40,EVT09078,76.65,High,Investigate Soon,Open,['High CVSS vulnerability'],No IOC Match,Unknown,False
41,EVT06016,76.6,High,Investigate Soon,Open,"['High CVSS vulnerability', 'Multiple failed login attempts']",No IOC Match,Unknown,False
42,EVT08144,76.47,High,Investigate Soon,Open,"['High ML confidence', 'High CVSS vulnerability', 'Multiple failed login attempts']",No IOC Match,Unknown,False
43,EVT04881,76.45,High,Investigate Soon,Open,"['High CVSS vulnerability', 'Multiple failed login attempts']",No IOC Match,Unknown,False
44,EVT02196,76.42,High,Investigate Soon,Open,['High CVSS vulnerability'],No IOC Match,Unknown,False
45,EVT08839,76.32,High,Investigate Soon,Open,['High CVSS vulnerability'],No IOC Match,Unknown,False
46,EVT08965,76.26,High,Investigate Soon,Open,"['High CVSS vulnerability', 'Multiple failed login attempts']",No IOC Match,Unknown,False
47,EVT09533,76.26,High,Investigate Soon,Open,['High CVSS vulnerability'],No IOC Match,Unknown,False
48,EVT06528,76.19,High,Investigate Soon,Open,['Multiple failed login attempts'],No IOC Match,Unknown,False
49,EVT01148,76.02,High,Investigate Soon,Open,['High CVSS vulnerability'],No IOC Match,Unknown,False
50,EVT00971,76.01,High,Investigate Soon,Open,"['High CVSS vulnerability', 'Multiple failed login attempts']",No IOC Match,Unknown,False
51,EVT08668,75.94,High,Investigate Soon,Open,"['High CVSS vulnerability', 'Multiple failed login attempts']",No IOC Match,Unknown,False
52,EVT01100,75.76,High,Investigate Soon,Open,"['High CVSS vulnerability', 'Multiple failed login attempts']",No IOC Match,Unknown,False
53,EVT02716,75.67,High,Investigate Soon,Open,['Multiple failed login attempts'],No IOC Match,Unknown,False
54,EVT01455,75.66,High,Investigate Soon,Open,"['High CVSS vulnerability', 'Multiple failed login attempts']",No IOC Match,Unknown,False
55,EVT05928,75.65,High,Investigate Soon,Open,"['Critical asset', 'High CVSS vulnerability']",No IOC Match,Critical,True
56,EVT04913,75.63,High,Investigate Soon,Open,['High CVSS vulnerability'],No IOC Match,Unknown,False
57,EVT02279,75.61,High,Investigate Soon,Open,['High CVSS vulnerability'],No IOC Match,Unknown,False
58,EVT03394,75.56,High,Investigate Soon,Open,"['High CVSS vulnerability', 'Multiple failed login attempts']",No IOC Match,Unknown,False
59,EVT07584,75.35,High,Investigate Soon,Open,['High CVSS vulnerability'],No IOC Match,Unknown,False
60,EVT03515,75.34,High,Investigate Soon,Open,['High CVSS vulnerability'],No IOC Match,Unknown,False
61,EVT08310,75.34,High,Investigate Soon,Open,"['High CVSS vulnerability', 'Multiple failed login attempts']",No IOC Match,Unknown,False
62,EVT08564,75.21,High,Investigate Soon,Open,['High CVSS vulnerability'],No IOC Match,Unknown,False
63,EVT09982,75.18,High,Investigate Soon,Open,[],No IOC Match,Unknown,False
64,EVT05474,75.17,High,Investigate Soon,Open,"['High CVSS vulnerability', 'Multiple failed login attempts']",No IOC Match,Unknown,False
65,EVT03345,75.14,High,Investigate Soon,Open,['High CVSS vulnerability'],No IOC Match,Unknown,False
66,EVT00977,75.13,High,Investigate Soon,Open,"['High CVSS vulnerability', 'Multiple failed login attempts']",No IOC Match,Unknown,False
67,EVT07416,75.06,High,Investigate Soon,Open,['High CVSS vulnerability'],No IOC Match,Unknown,False
68,EVT09649,75.03,High,Investigate Soon,Open,['High CVSS vulnerability'],No IOC Match,Unknown,False
69,EVT08125,74.84,High,Investigate Soon,Open,['Multiple failed login attempts'],No IOC Match,Unknown,False
70,EVT06444,74.8,High,Investigate Soon,Open,['High CVSS vulnerability'],No IOC Match,Unknown,False
71,EVT09097,74.8,High,Investigate Soon,Open,"['High CVSS vulnerability', 'Multiple failed login attempts']",No IOC Match,High,True
72,EVT01535,74.74,High,Investigate Soon,Open,['High CVSS vulnerability'],No IOC Match,Unknown,False
73,EVT08722,74.74,High,Investigate Soon,Open,['High CVSS vulnerability'],No IOC Match,Unknown,False
74,EVT08176,74.66,High,Investigate Soon,Open,['High CVSS vulnerability'],No IOC Match,Unknown,False
75,EVT00386,74.6,High,Investigate Soon,Open,['High CVSS vulnerability'],No IOC Match,Unknown,False
76,EVT09096,74.59,High,Investigate Soon,Open,['High CVSS vulnerability'],No IOC Match,Unknown,False
77,EVT04458,74.5,High,Investigate Soon,Open,['High CVSS vulnerability'],No IOC Match,Unknown,False
78,EVT00329,74.43,High,Investigate Soon,Open,['High CVSS vulnerability'],No IOC Match,Unknown,False
79,EVT02934,74.39,High,Investigate Soon,Open,['High CVSS vulnerability'],No IOC Match,Unknown,False
80,EVT09067,74.37,High,Investigate Soon,Open,"['High CVSS vulnerability', 'Multiple failed login attempts']",No IOC Match,Unknown,False
81,EVT01431,74.26,High,Investigate Soon,Open,['High CVSS vulnerability'],No IOC Match,Unknown,False
82,EVT08309,74.24,High,Investigate Soon,Open,"['High ML confidence', 'High CVSS vulnerability', 'Multiple failed login attempts']",No IOC Match,Unknown,False
83,EVT06215,74.21,High,Investigate Soon,Open,['High CVSS vulnerability'],No IOC Match,Unknown,False
84,EVT03453,74.15,High,Investigate Soon,Open,['High CVSS vulnerability'],No IOC Match,Unknown,False
85,EVT08346,74.14,High,Investigate Soon,Open,['High CVSS vulnerability'],No IOC Match,Unknown,False
86,EVT07938,74.13,High,Investigate Soon,Open,"['High CVSS vulnerability', 'Multiple failed login attempts']",No IOC Match,Unknown,False
87,EVT07385,74.09,High,Investigate Soon,Open,['High CVSS vulnerability'],No IOC Match,Unknown,False
88,EVT03818,74.02,High,Investigate Soon,Open,"['High CVSS vulnerability', 'Multiple failed login attempts']",No IOC Match,Unknown,False
89,EVT07100,73.99,High,Investigate Soon,Open,['High CVSS vulnerability'],No IOC Match,Unknown,False
90,EVT03057,73.98,High,Investigate Soon,Open,"['High CVSS vulnerability', 'Multiple failed login attempts']",No IOC Match,Unknown,False
91,EVT06720,73.87,High,Investigate Soon,Open,"['High CVSS vulnerability', 'Multiple failed login attempts']",No IOC Match,Unknown,False
92,EVT07248,73.85,High,Investigate Soon,Open,"['High CVSS vulnerability', 'Multiple failed login attempts']",No IOC Match,Unknown,False
93,EVT08933,73.83,High,Investigate Soon,Open,['High CVSS vulnerability'],No IOC Match,Unknown,False
94,EVT05451,73.79,High,Investigate Soon,Open,['High CVSS vulnerability'],No IOC Match,Unknown,False
95,EVT04722,73.75,High,Investigate Soon,Open,['High CVSS vulnerability'],No IOC Match,Unknown,False
96,EVT00180,73.64,High,Investigate Soon,Open,"['High CVSS vulnerability', 'Multiple failed login attempts']",No IOC Match,Unknown,False
97,EVT02737,73.59,High,Investigate Soon,Open,['Multiple failed login attempts'],No IOC Match,Unknown,False
98,EVT05989,73.58,High,Investigate Soon,Open,['High CVSS vulnerability'],No IOC Match,Unknown,False
99,EVT07949,73.58,High,Investigate Soon,Open,"['High CVSS vulnerability', 'Multiple failed login attempts']",No IOC Match,Unknown,False
100,EVT01944,73.57,High,Investigate Soon,Open,['High CVSS vulnerability'],No IOC Match,Unknown,False
101,EVT00869,73.56,High,Investigate Soon,Open,['High CVSS vulnerability'],No IOC Match,Unknown,False
102,EVT04101,73.56,High,Investigate Soon,Open,"['High CVSS vulnerability', 'Multiple failed login attempts']",No IOC Match,Unknown,False
103,EVT03348,73.53,High,Investigate Soon,Open,['High CVSS vulnerability'],No IOC Match,Unknown,False
104,EVT00833,73.43,High,Investigate Soon,Open,['High CVSS vulnerability'],No IOC Match,Unknown,False
105,EVT03498,73.34,High,Investigate Soon,Open,['High CVSS vulnerability'],No IOC Match,Unknown,False
106,EVT03521,73.31,High,Investigate Soon,Open,"['High ML confidence', 'High CVSS vulnerability', 'Multiple failed login attempts']",No IOC Match,Unknown,False
107,EVT05795,73.31,High,Investigate Soon,Open,"['High CVSS vulnerability', 'Multiple failed login attempts']",No IOC Match,Unknown,False
108,EVT01385,73.26,High,Investigate Soon,Open,"['High ML confidence', 'High CVSS vulnerability', 'Multiple failed login attempts']",No IOC Match,Unknown,False
109,EVT09066,73.25,High,Investigate Soon,Open,['Multiple failed login attempts'],No IOC Match,Unknown,False
110,EVT00078,73.24,High,Investigate Soon,Open,['Multiple failed login attempts'],No IOC Match,Unknown,False
111,EVT07353,73.24,High,Investigate Soon,Open,"['High CVSS vulnerability', 'Multiple failed login attempts']",No IOC Match,Unknown,False
112,EVT07048,73.21,High,Investigate Soon,Open,"['High CVSS vulnerability', 'Multiple failed login attempts']",No IOC Match,Unknown,False
113,EVT07106,73.21,High,Investigate Soon,Open,"['High CVSS vulnerability', 'Multiple failed login attempts']",No IOC Match,Unknown,False
114,EVT03301,73.19,High,Investigate Soon,Open,"['High ML confidence', 'High CVSS vulnerability', 'Multiple failed login attempts']",No IOC Match,Unknown,False
115,EVT03065,73.15,High,Investigate Soon,Open,['High CVSS vulnerability'],No IOC Match,Unknown,False
116,EVT01969,73.14,High,Investigate Soon,Open,['High CVSS vulnerability'],No IOC Match,Unknown,False
117,EVT01197,73.07,High,Investigate Soon,Open,"['High CVSS vulnerability', 'Multiple failed login attempts']",No IOC Match,Unknown,False
118,EVT02909,72.87,High,Investigate Soon,Open,['High CVSS vulnerability'],No IOC Match,Unknown,False
119,EVT07338,72.8,High,Investigate Soon,Open,"['High CVSS vulnerability', 'Multiple failed login attempts']",No IOC Match,Unknown,False
120,EVT04827,72.76,High,Investigate Soon,Open,['High CVSS vulnerability'],No IOC Match,Unknown,False
121,EVT00071,72.68,High,Investigate Soon,Open,['Multiple failed login attempts'],No IOC Match,Unknown,False
122,EVT01478,72.66,High,Investigate Soon,Open,['High CVSS vulnerability'],No IOC Match,Unknown,False
123,EVT01738,72.65,High,Investigate Soon,Open,['High CVSS vulnerability'],No IOC Match,Unknown,False
124,EVT00987,72.59,High,Investigate Soon,Open,['High CVSS vulnerability'],No IOC Match,Unknown,False
125,EVT04930,72.56,High,Investigate Soon,Open,['Multiple failed login attempts'],No IOC Match,Unknown,False
126,EVT03444,72.52,High,Investigate Soon,Open,['High CVSS vulnerability'],No IOC Match,Unknown,False
127,EVT03150,72.48,High,Investigate Soon,Open,['High CVSS vulnerability'],No IOC Match,Unknown,False
128,EVT02043,72.47,High,Investigate Soon,Open,['High CVSS vulnerability'],No IOC Match,Unknown,False
129,EVT06413,72.46,High,Investigate Soon,Open,['Multiple failed login attempts'],No IOC Match,Unknown,False
130,EVT06490,72.35,High,Investigate Soon,Open,['High CVSS vulnerability'],No IOC Match,High,True
131,EVT06066,72.31,High,Investigate Soon,Open,['Multiple failed login attempts'],No IOC Match,Unknown,False
132,EVT07062,72.26,High,Investigate Soon,Open,['High CVSS vulnerability'],No IOC Match,Unknown,False
133,EVT09528,72.21,High,Investigate Soon,Open,['High CVSS vulnerability'],No IOC Match,Unknown,False
134,EVT01872,72.19,High,Investigate Soon,Open,"['High CVSS vulnerability', 'Multiple failed login attempts']",No IOC Match,Unknown,False
135,EVT07339,72.12,High,Investigate Soon,Open,['High CVSS vulnerability'],No IOC Match,Unknown,False
136,EVT07849,72.1,High,Investigate Soon,Open,['High CVSS vulnerability'],No IOC Match,Unknown,False
137,EVT05749,72.07,High,Investigate Soon,Open,['High CVSS vulnerability'],No IOC Match,Unknown,False
138,EVT09063,72.07,High,Investigate Soon,Open,['High CVSS vulnerability'],No IOC Match,Unknown,False
139,EVT00738,72.0,High,Investigate Soon,Open,['High CVSS vulnerability'],No IOC Match,Unknown,False
140,EVT04238,71.98,High,Investigate Soon,Open,['High CVSS vulnerability'],No IOC Match,Unknown,False
141,EVT06858,71.98,High,Investigate Soon,Open,"['High CVSS vulnerability', 'Multiple failed login attempts']",No IOC Match,Unknown,False
142,EVT02924,71.97,High,Investigate Soon,Open,['High CVSS vulnerability'],No IOC Match,Unknown,False
143,EVT01558,71.95,High,Investigate Soon,Open,['Multiple failed login attempts'],No IOC Match,Unknown,False
144,EVT01184,71.92,High,Investigate Soon,Open,['High CVSS vulnerability'],No IOC Match,Unknown,False
145,EVT07487,71.86,High,Investigate Soon,Open,['High CVSS vulnerability'],No IOC Match,Unknown,False
146,EVT01276,71.82,High,Investigate Soon,Open,['High CVSS vulnerability'],No IOC Match,Unknown,False
147,EVT01294,71.81,High,Investigate Soon,Open,['High CVSS vulnerability'],No IOC Match,Unknown,False
148,EVT01008,71.78,High,Investigate Soon,Open,"['High ML confidence', 'Multiple failed login attempts']",No IOC Match,Unknown,False
149,EVT01165,71.78,High,Investigate Soon,Open,['High CVSS vulnerability'],No IOC Match,Unknown,False
150,EVT01598,71.77,High,Investigate Soon,Open,['High CVSS vulnerability'],No IOC Match,Unknown,False
151,EVT06629,71.73,High,Investigate Soon,Open,"['High CVSS vulnerability', 'Multiple failed login attempts']",No IOC Match,Medium,True
152,EVT09010,71.73,High,Investigate Soon,Open,['High CVSS vulnerability'],No IOC Match,Unknown,False
153,EVT02789,71.71,High,Investigate Soon,Open,['High CVSS vulnerability'],No IOC Match,Unknown,False
154,EVT06418,71.66,High,Investigate Soon,Open,['High CVSS vulnerability'],No IOC Match,Unknown,False
155,EVT00845,71.62,High,Investigate Soon,Open,"['High CVSS vulnerability', 'Multiple failed login attempts']",No IOC Match,Unknown,False
156,EVT00367,71.54,High,Investigate Soon,Open,"['High CVSS vulnerability', 'Multiple failed login attempts']",No IOC Match,Unknown,False
157,EVT03631,71.51,High,Investigate Soon,Open,['Multiple failed login attempts'],No IOC Match,Unknown,False
158,EVT04630,71.44,High,Investigate Soon,Open,"['High CVSS vulnerability', 'Multiple failed login attempts']",No IOC Match,Unknown,False
159,EVT04857,71.38,High,Investigate Soon,Open,"['Critical asset', 'High CVSS vulnerability']",No IOC Match,Critical,True
160,EVT04369,71.37,High,Investigate Soon,Open,['High CVSS vulnerability'],No IOC Match,Unknown,False
161,EVT04431,71.37,High,Investigate Soon,Open,['Multiple failed login attempts'],No IOC Match,Unknown,False
162,EVT06196,71.37,High,Investigate Soon,Open,"['High ML confidence', 'High CVSS vulnerability']",No IOC Match,Low,True
163,EVT05338,71.33,High,Investigate Soon,Open,['High CVSS vulnerability'],No IOC Match,Unknown,False
164,EVT00761,71.3,High,Investigate Soon,Open,['High CVSS vulnerability'],No IOC Match,Unknown,False
165,EVT09548,71.26,High,Investigate Soon,Open,['High CVSS vulnerability'],No IOC Match,Unknown,False
166,EVT04644,71.17,High,Investigate Soon,Open,['Multiple failed login attempts'],No IOC Match,Unknown,False
167,EVT02700,71.16,High,Investigate Soon,Open,['High CVSS vulnerability'],No IOC Match,Unknown,False
168,EVT06997,71.16,High,Investigate Soon,Open,"['High ML confidence', 'High CVSS vulnerability', 'Multiple failed login attempts']",No IOC Match,Unknown,False
169,EVT03165,71.15,High,Investigate Soon,Open,['High CVSS vulnerability'],No IOC Match,Unknown,False
170,EVT03009,71.1,High,Investigate Soon,Open,"['High ML confidence', 'High CVSS vulnerability', 'Multiple failed login attempts']",No IOC Match,Unknown,False
171,EVT08909,71.1,High,Investigate Soon,Open,['High CVSS vulnerability'],No IOC Match,Unknown,False
172,EVT08340,71.09,High,Investigate Soon,Open,['High CVSS vulnerability'],No IOC Match,Unknown,False
173,EVT04791,71.08,High,Investigate Soon,Open,['High CVSS vulnerability'],No IOC Match,Unknown,False
174,EVT04387,71.05,High,Investigate Soon,Open,['High CVSS vulnerability'],No IOC Match,Unknown,False
175,EVT06352,71.05,High,Investigate Soon,Open,['High CVSS vulnerability'],No IOC Match,Unknown,False
176,EVT08510,71.04,High,Investigate Soon,Open,['High CVSS vulnerability'],No IOC Match,Unknown,False
177,EVT05277,70.97,High,Investigate Soon,Open,['High CVSS vulnerability'],No IOC Match,Unknown,False
178,EVT02615,70.9,High,Investigate Soon,Open,"['High CVSS vulnerability', 'Multiple failed login attempts']",No IOC Match,Unknown,False
179,EVT06167,70.9,High,Investigate Soon,Open,['High CVSS vulnerability'],No IOC Match,Unknown,False
180,EVT02394,70.86,High,Investigate Soon,Open,['High CVSS vulnerability'],No IOC Match,Unknown,False
181,EVT04782,70.85,High,Investigate Soon,Open,['Multiple failed login attempts'],No IOC Match,Unknown,False
182,EVT03993,70.83,High,Investigate Soon,Open,['High CVSS vulnerability'],No IOC Match,Unknown,False
183,EVT06466,70.74,High,Investigate Soon,Open,['High CVSS vulnerability'],No IOC Match,Unknown,False
184,EVT07988,70.73,High,Investigate Soon,Open,['High CVSS vulnerability'],No IOC Match,Unknown,False
185,EVT04341,70.7,High,Investigate Soon,Open,['High CVSS vulnerability'],No IOC Match,Unknown,False
186,EVT04181,70.68,High,Investigate Soon,Open,['High CVSS vulnerability'],No IOC Match,Unknown,False
187,EVT05522,70.66,High,Investigate Soon,Open,[],No IOC Match,Unknown,False
188,EVT04283,70.54,High,Investigate Soon,Open,[],No IOC Match,Unknown,False
189,EVT09473,70.53,High,Investigate Soon,Open,"['High CVSS vulnerability', 'Multiple failed login attempts']",No IOC Match,Unknown,False
190,EVT04724,70.51,High,Investigate Soon,Open,['Multiple failed login attempts'],No IOC Match,Unknown,False
191,EVT08702,70.51,High,Investigate Soon,Open,['High CVSS vulnerability'],No IOC Match,Unknown,False
192,EVT07935,70.47,High,Investigate Soon,Open,['Multiple failed login attempts'],No IOC Match,Unknown,False
193,EVT00236,70.45,High,Investigate Soon,Open,"['High ML confidence', 'High CVSS vulnerability', 'Multiple failed login attempts']",No IOC Match,Unknown,False
194,EVT06985,70.45,High,Investigate Soon,Open,['High CVSS vulnerability'],No IOC Match,Unknown,False
195,EVT00151,70.44,High,Investigate Soon,Open,['High CVSS vulnerability'],No IOC Match,Unknown,False
196,EVT07095,70.44,High,Investigate Soon,Open,['High CVSS vulnerability'],No IOC Match,Unknown,False
197,EVT09857,70.44,High,Investigate Soon,Open,"['High CVSS vulnerability', 'Multiple failed login attempts']",No IOC Match,Unknown,False
198,EVT03308,70.43,High,Investigate Soon,Open,['High CVSS vulnerability'],No IOC Match,Unknown,False
199,EVT02766,70.42,High,Investigate Soon,Open,['High CVSS vulnerability'],No IOC Match,Unknown,False
200,EVT08956,70.42,High,Investigate Soon,Open,['High CVSS vulnerability'],No IOC Match,Unknown,False
201,EVT03300,70.33,High,Investigate Soon,Open,['High CVSS vulnerability'],No IOC Match,Unknown,False
202,EVT04696,70.27,High,Investigate Soon,Open,['High CVSS vulnerability'],No IOC Match,Unknown,False
203,EVT03179,70.22,High,Investigate Soon,Open,['High CVSS vulnerability'],No IOC Match,Unknown,False
204,EVT04037,70.22,High,Investigate Soon,Open,"['High CVSS vulnerability', 'Multiple failed login attempts']",No IOC Match,Unknown,False
205,EVT09796,70.2,High,Investigate Soon,Open,[],No IOC Match,Unknown,False
206,EVT01978,70.14,High,Investigate Soon,Open,"['High CVSS vulnerability', 'Multiple failed login attempts']",No IOC Match,Unknown,False
207,EVT06381,70.12,High,Investigate Soon,Open,['High CVSS vulnerability'],No IOC Match,Unknown,False
208,EVT04903,70.11,High,Investigate Soon,Open,['Multiple failed login attempts'],No IOC Match,Unknown,False
209,EVT05582,70.1,High,Investigate Soon,Open,['High CVSS vulnerability'],No IOC Match,Unknown,False
210,EVT07582,70.06,High,Investigate Soon,Open,['High CVSS vulnerability'],No IOC Match,Unknown,False
211,EVT07900,70.06,High,Investigate Soon,Open,['High CVSS vulnerability'],No IOC Match,Unknown,False
212,EVT06043,70.04,High,Investigate Soon,Open,['High CVSS vulnerability'],No IOC Match,Unknown,False
213,EVT00597,70.02,High,Investigate Soon,Open,['High CVSS vulnerability'],No IOC Match,Unknown,False
214,EVT05341,70.02,High,Investigate Soon,Open,['High CVSS vulnerability'],No IOC Match,Unknown,False
215,EVT02203,70.01,High,Investigate Soon,Open,['High CVSS vulnerability'],No IOC Match,Unknown,False
216,EVT09482,70.01,High,Investigate Soon,Open,['High CVSS vulnerability'],No IOC Match,Unknown,False
217,EVT00120,70.0,High,Investigate Soon,Open,['High CVSS vulnerability'],No IOC Match,Medium,True
218,EVT07129,69.99,High,Investigate Soon,Open,['High CVSS vulnerability'],No IOC Match,Unknown,False
219,EVT00842,69.98,High,Investigate Soon,Open,"['High CVSS vulnerability', 'Multiple failed login attempts']",No IOC Match,Unknown,False
220,EVT01269,69.93,High,Investigate Soon,Open,['High CVSS vulnerability'],No IOC Match,Unknown,False
221,EVT01469,69.92,High,Investigate Soon,Open,['High CVSS vulnerability'],No IOC Match,Unknown,False
222,EVT09841,69.92,High,Investigate Soon,Open,['High CVSS vulnerability'],No IOC Match,Unknown,False
223,EVT08483,69.89,High,Investigate Soon,Open,['High CVSS vulnerability'],No IOC Match,Unknown,False
224,EVT06736,69.86,High,Investigate Soon,Open,['High CVSS vulnerability'],No IOC Match,Unknown,False
225,EVT03326,69.84,High,Investigate Soon,Open,"['High CVSS vulnerability', 'Multiple failed login attempts']",No IOC Match,Unknown,False
226,EVT06570,69.82,High,Investigate Soon,Open,"['High ML confidence', 'High CVSS vulnerability', 'Multiple failed login attempts']",No IOC Match,Unknown,False
227,EVT08287,69.8,High,Investigate Soon,Open,['High CVSS vulnerability'],No IOC Match,Unknown,False
228,EVT08943,69.8,High,Investigate Soon,Open,['High CVSS vulnerability'],No IOC Match,Unknown,False
229,EVT00047,69.79,High,Investigate Soon,Open,[],No IOC Match,Unknown,False
230,EVT06837,69.77,High,Investigate Soon,Open,"['High CVSS vulnerability', 'Multiple failed login attempts']",No IOC Match,Unknown,False
231,EVT00782,69.72,High,Investigate Soon,Open,['High CVSS vulnerability'],No IOC Match,Unknown,False
232,EVT08127,69.7,High,Investigate Soon,Open,['High CVSS vulnerability'],No IOC Match,Unknown,False
233,EVT09650,69.68,High,Investigate Soon,Open,['High CVSS vulnerability'],No IOC Match,Unknown,False
234,EVT02980,69.66,High,Investigate Soon,Open,[],No IOC Match,Unknown,False
235,EVT08038,69.64,High,Investigate Soon,Open,['High CVSS vulnerability'],No IOC Match,Unknown,False
236,EVT03830,69.62,High,Investigate Soon,Open,['Multiple failed login attempts'],No IOC Match,Unknown,False
237,EVT03956,69.61,High,Investigate Soon,Open,['High CVSS vulnerability'],No IOC Match,Unknown,False
238,EVT09269,69.61,High,Investigate Soon,Open,['High CVSS vulnerability'],No IOC Match,Unknown,False
239,EVT06318,69.59,High,Investigate Soon,Open,['High CVSS vulnerability'],No IOC Match,Unknown,False
240,EVT09940,69.58,High,Investigate Soon,Open,['High CVSS vulnerability'],No IOC Match,Unknown,False
241,EVT04488,69.57,High,Investigate Soon,Open,['Multiple failed login attempts'],No IOC Match,Unknown,False
242,EVT03008,69.56,High,Investigate Soon,Open,['High CVSS vulnerability'],No IOC Match,Unknown,False
243,EVT09878,69.54,High,Investigate Soon,Open,['High CVSS vulnerability'],No IOC Match,Unknown,False
244,EVT03469,69.52,High,Investigate Soon,Open,['High CVSS vulnerability'],No IOC Match,Unknown,False
245,EVT04990,69.52,High,Investigate Soon,Open,"['High CVSS vulnerability', 'Multiple failed login attempts']",No IOC Match,Unknown,False
246,EVT09953,69.51,High,Investigate Soon,Open,['Multiple failed login attempts'],No IOC Match,Unknown,False
247,EVT02275,69.48,High,Investigate Soon,Open,['High CVSS vulnerability'],No IOC Match,Unknown,False
248,EVT09872,69.47,High,Investigate Soon,Open,['Multiple failed login attempts'],No IOC Match,Unknown,False
249,EVT09905,69.47,High,Investigate Soon,Open,['High CVSS vulnerability'],No IOC Match,Unknown,False
250,EVT03464,69.44,High,Investigate Soon,Open,['High CVSS vulnerability'],No IOC Match,Unknown,False
251,EVT04838,69.44,High,Investigate Soon,Open,['High CVSS vulnerability'],No IOC Match,Unknown,False
252,EVT06596,69.44,High,Investigate Soon,Open,['High CVSS vulnerability'],No IOC Match,Unknown,False
253,EVT05489,69.37,High,Investigate Soon,Open,['High CVSS vulnerability'],No IOC Match,Unknown,False
254,EVT08630,69.34,High,Investigate Soon,Open,['High CVSS vulnerability'],No IOC Match,Unknown,False
255,EVT00421,69.31,High,Investigate Soon,Open,['High CVSS vulnerability'],No IOC Match,Unknown,False
256,EVT01506,69.3,High,Investigate Soon,Open,['High CVSS vulnerability'],No IOC Match,Unknown,False
257,EVT06348,69.23,High,Investigate Soon,Open,['High CVSS vulnerability'],No IOC Match,Unknown,False
258,EVT06716,69.22,High,Investigate Soon,Open,['Multiple failed login attempts'],No IOC Match,Unknown,False
259,EVT08714,69.22,High,Investigate Soon,Open,[],No IOC Match,Unknown,False
260,EVT01414,69.19,High,Investigate Soon,Open,"['High CVSS vulnerability', 'Multiple failed login attempts']",No IOC Match,Unknown,False
261,EVT09302,69.17,High,Investigate Soon,Open,['High CVSS vulnerability'],No IOC Match,Unknown,False
262,EVT07795,69.16,High,Investigate Soon,Open,"['High CVSS vulnerability', 'Multiple failed login attempts']",No IOC Match,Unknown,False
263,EVT00200,69.15,High,Investigate Soon,Open,[],No IOC Match,Unknown,False
264,EVT05871,69.12,High,Investigate Soon,Open,['High CVSS vulnerability'],No IOC Match,Unknown,False
265,EVT08141,69.08,High,Investigate Soon,Open,"['High CVSS vulnerability', 'Multiple failed login attempts']",No IOC Match,Unknown,False
266,EVT05612,69.04,High,Investigate Soon,Open,['High CVSS vulnerability'],No IOC Match,Unknown,False
267,EVT04020,69.01,High,Investigate Soon,Open,['High CVSS vulnerability'],No IOC Match,Unknown,False
268,EVT03680,69.0,High,Investigate Soon,Open,['Multiple failed login attempts'],No IOC Match,Unknown,False
269,EVT06295,68.99,High,Investigate Soon,Open,[],No IOC Match,Unknown,False
270,EVT09030,68.97,High,Investigate Soon,Open,['High CVSS vulnerability'],No IOC Match,Medium,True
271,EVT07344,68.93,High,Investigate Soon,Open,['High CVSS vulnerability'],No IOC Match,Unknown,False
272,EVT05931,68.9,High,Investigate Soon,Open,['High CVSS vulnerability'],No IOC Match,Unknown,False
273,EVT09560,68.8,High,Investigate Soon,Open,['High CVSS vulnerability'],No IOC Match,Unknown,False
274,EVT01836,68.78,High,Investigate Soon,Open,['High CVSS vulnerability'],No IOC Match,Low,True
275,EVT08305,68.75,High,Investigate Soon,Open,['High CVSS vulnerability'],No IOC Match,Unknown,False
276,EVT08664,68.74,High,Investigate Soon,Open,['High CVSS vulnerability'],No IOC Match,Unknown,False
277,EVT03642,68.7,High,Investigate Soon,Open,['High CVSS vulnerability'],No IOC Match,Unknown,False
278,EVT01544,68.66,High,Investigate Soon,Open,['High CVSS vulnerability'],No IOC Match,Unknown,False
279,EVT07148,68.63,High,Investigate Soon,Open,['High CVSS vulnerability'],No IOC Match,Unknown,False
280,EVT05081,68.6,High,Investigate Soon,Open,['High CVSS vulnerability'],No IOC Match,Unknown,False
281,EVT09725,68.59,High,Investigate Soon,Open,['High CVSS vulnerability'],No IOC Match,Unknown,False
282,EVT07479,68.57,High,Investigate Soon,Open,['High CVSS vulnerability'],No IOC Match,Unknown,False
283,EVT08420,68.53,High,Investigate Soon,Open,['High CVSS vulnerability'],No IOC Match,Unknown,False
284,EVT03167,68.52,High,Investigate Soon,Open,['High CVSS vulnerability'],No IOC Match,Unknown,False
285,EVT04156,68.5,High,Investigate Soon,Open,['High CVSS vulnerability'],No IOC Match,Unknown,False
286,EVT03177,68.49,High,Investigate Soon,Open,"['High ML confidence', 'High CVSS vulnerability', 'Multiple failed login attempts']",No IOC Match,Unknown,False
287,EVT06420,68.37,High,Investigate Soon,Open,['High CVSS vulnerability'],No IOC Match,Unknown,False
288,EVT08868,68.37,High,Investigate Soon,Open,['High CVSS vulnerability'],No IOC Match,Unknown,False
289,EVT00371,68.36,High,Investigate Soon,Open,"['High CVSS vulnerability', 'Multiple failed login attempts']",No IOC Match,Unknown,False
290,EVT01703,68.35,High,Investigate Soon,Open,['Multiple failed login attempts'],No IOC Match,Unknown,False
291,EVT04408,68.33,High,Investigate Soon,Open,[],No IOC Match,Unknown,False
292,EVT04653,68.33,High,Investigate Soon,Open,['Multiple failed login attempts'],No IOC Match,Unknown,False
293,EVT04950,68.33,High,Investigate Soon,Open,['Multiple failed login attempts'],No IOC Match,Unknown,False
294,EVT08451,68.33,High,Investigate Soon,Open,['Multiple failed login attempts'],No IOC Match,High,True
295,EVT05974,68.3,High,Investigate Soon,Open,['High CVSS vulnerability'],No IOC Match,Unknown,False
296,EVT05436,68.28,High,Investigate Soon,Open,[],No IOC Match,Unknown,False
297,EVT09933,68.25,High,Investigate Soon,Open,['High CVSS vulnerability'],No IOC Match,Unknown,False
298,EVT03819,68.24,High,Investigate Soon,Open,['High CVSS vulnerability'],No IOC Match,Unknown,False
299,EVT02215,68.23,High,Investigate Soon,Open,['Multiple failed login attempts'],No IOC Match,Unknown,False
300,EVT01562,68.22,High,Investigate Soon,Open,"['High CVSS vulnerability', 'Multiple failed login attempts']",No IOC Match,Unknown,False
301,EVT06073,68.22,High,Investigate Soon,Open,[],No IOC Match,Unknown,False
302,EVT01529,68.18,High,Investigate Soon,Open,[],No IOC Match,Unknown,False
303,EVT02336,68.18,High,Investigate Soon,Open,"['High CVSS vulnerability', 'Multiple failed login attempts']",No IOC Match,Unknown,False
304,EVT07371,68.17,High,Investigate Soon,Open,['High CVSS vulnerability'],No IOC Match,Unknown,False
305,EVT04234,68.15,High,Investigate Soon,Open,['High CVSS vulnerability'],No IOC Match,Unknown,False
306,EVT00889,68.14,High,Investigate Soon,Open,['High CVSS vulnerability'],No IOC Match,Unknown,False
307,EVT05865,68.14,High,Investigate Soon,Open,['High CVSS vulnerability'],No IOC Match,Unknown,False
308,EVT09458,68.14,High,Investigate Soon,Open,['High CVSS vulnerability'],No IOC Match,Unknown,False
309,EVT06719,68.13,High,Investigate Soon,Open,"['High CVSS vulnerability', 'Multiple failed login attempts']",No IOC Match,Unknown,False
310,EVT02713,68.12,High,Investigate Soon,Open,['High CVSS vulnerability'],No IOC Match,Unknown,False
311,EVT01543,68.11,High,Investigate Soon,Open,['High CVSS vulnerability'],No IOC Match,Unknown,False
312,EVT06180,68.11,High,Investigate Soon,Open,"['High CVSS vulnerability', 'Multiple failed login attempts']",No IOC Match,Unknown,False
313,EVT08474,68.11,High,Investigate Soon,Open,['High CVSS vulnerability'],No IOC Match,Unknown,False
314,EVT01958,68.07,High,Investigate Soon,Open,['High CVSS vulnerability'],No IOC Match,Unknown,False
315,EVT08388,68.07,High,Investigate Soon,Open,[],No IOC Match,Unknown,False
316,EVT09104,68.07,High,Investigate Soon,Open,['High CVSS vulnerability'],No IOC Match,Unknown,False
317,EVT05379,68.06,High,Investigate Soon,Open,"['High CVSS vulnerability', 'Multiple failed login attempts']",No IOC Match,Unknown,False
318,EVT05528,68.06,High,Investigate Soon,Open,[],No IOC Match,Unknown,False
319,EVT04505,68.02,High,Investigate Soon,Open,['High CVSS vulnerability'],No IOC Match,Unknown,False
320,EVT04297,68.0,High,Investigate Soon,Open,['High CVSS vulnerability'],No IOC Match,Unknown,False
321,EVT04886,68.0,High,Investigate Soon,Open,['High CVSS vulnerability'],No IOC Match,Unknown,False
322,EVT06616,68.0,High,Investigate Soon,Open,"['High CVSS vulnerability', 'Multiple failed login attempts']",No IOC Match,Unknown,False
323,EVT07452,67.92,High,Investigate Soon,Open,['Multiple failed login attempts'],No IOC Match,Unknown,False
324,EVT03822,67.91,High,Investigate Soon,Open,['High CVSS vulnerability'],No IOC Match,Unknown,False
325,EVT00660,67.9,High,Investigate Soon,Open,[],No IOC Match,Unknown,False
326,EVT05513,67.89,High,Investigate Soon,Open,['Multiple failed login attempts'],No IOC Match,Unknown,False
327,EVT08060,67.88,High,Investigate Soon,Open,[],No IOC Match,Unknown,False
328,EVT04377,67.84,High,Investigate Soon,Open,['High CVSS vulnerability'],No IOC Match,Unknown,False
329,EVT00867,67.81,High,Investigate Soon,Open,"['High CVSS vulnerability', 'Multiple failed login attempts']",No IOC Match,Unknown,False
330,EVT07456,67.81,High,Investigate Soon,Open,['High CVSS vulnerability'],No IOC Match,Unknown,False
331,EVT08207,67.81,High,Investigate Soon,Open,['High CVSS vulnerability'],No IOC Match,Unknown,False
332,EVT01400,67.7,High,Investigate Soon,Open,['High CVSS vulnerability'],No IOC Match,Unknown,False
333,EVT04758,67.7,High,Investigate Soon,Open,['High CVSS vulnerability'],No IOC Match,Unknown,False
334,EVT00982,67.67,High,Investigate Soon,Open,['High CVSS vulnerability'],No IOC Match,High,True
335,EVT03481,67.67,High,Investigate Soon,Open,['High CVSS vulnerability'],No IOC Match,Unknown,False
336,EVT09134,67.63,High,Investigate Soon,Open,[],No IOC Match,Unknown,False
337,EVT02859,67.6,High,Investigate Soon,Open,['High CVSS vulnerability'],No IOC Match,Unknown,False
338,EVT01317,67.58,High,Investigate Soon,Open,['High CVSS vulnerability'],No IOC Match,Unknown,False
339,EVT01991,67.58,High,Investigate Soon,Open,[],No IOC Match,Unknown,False
340,EVT05952,67.57,High,Investigate Soon,Open,"['High CVSS vulnerability', 'Multiple failed login attempts']",No IOC Match,Unknown,False
341,EVT04337,67.55,High,Investigate Soon,Open,[],No IOC Match,Unknown,False
342,EVT06467,67.55,High,Investigate Soon,Open,['High CVSS vulnerability'],No IOC Match,Unknown,False
343,EVT03563,67.54,High,Investigate Soon,Open,['Multiple failed login attempts'],No IOC Match,Unknown,False
344,EVT04671,67.53,High,Investigate Soon,Open,['High CVSS vulnerability'],No IOC Match,Unknown,False
345,EVT04686,67.51,High,Investigate Soon,Open,[],No IOC Match,Unknown,False
346,EVT05813,67.49,High,Investigate Soon,Open,['High CVSS vulnerability'],No IOC Match,Unknown,False
347,EVT01688,67.48,High,Investigate Soon,Open,['High CVSS vulnerability'],No IOC Match,Unknown,False
348,EVT09155,67.45,High,Investigate Soon,Open,[],No IOC Match,Unknown,False
349,EVT09729,67.45,High,Investigate Soon,Open,['High CVSS vulnerability'],No IOC Match,Unknown,False
350,EVT09435,67.43,High,Investigate Soon,Open,['High CVSS vulnerability'],No IOC Match,Unknown,False
351,EVT05198,67.42,High,Investigate Soon,Open,[],No IOC Match,Unknown,False
352,EVT07070,67.42,High,Investigate Soon,Open,['Multiple failed login attempts'],No IOC Match,Unknown,False
353,EVT00091,67.4,High,Investigate Soon,Open,['Multiple failed login attempts'],No IOC Match,Unknown,False
354,EVT06550,67.38,High,Investigate Soon,Open,['High CVSS vulnerability'],No IOC Match,Unknown,False
355,EVT01031,67.37,High,Investigate Soon,Open,"['High ML confidence', 'High CVSS vulnerability', 'Multiple failed login attempts']",No IOC Match,Unknown,False
356,EVT02108,67.37,High,Investigate Soon,Open,['High CVSS vulnerability'],No IOC Match,Unknown,False
357,EVT06909,67.34,High,Investigate Soon,Open,['High CVSS vulnerability'],No IOC Match,Unknown,False
358,EVT09085,67.33,High,Investigate Soon,Open,['High CVSS vulnerability'],No IOC Match,Unknown,False
359,EVT04272,67.32,High,Investigate Soon,Open,['High CVSS vulnerability'],No IOC Match,Unknown,False
360,EVT06109,67.32,High,Investigate Soon,Open,"['High CVSS vulnerability', 'Multiple failed login attempts']",No IOC Match,Unknown,False
361,EVT01503,67.27,High,Investigate Soon,Open,['High CVSS vulnerability'],No IOC Match,Unknown,False
362,EVT01834,67.27,High,Investigate Soon,Open,['High CVSS vulnerability'],No IOC Match,Unknown,False
363,EVT08161,67.27,High,Investigate Soon,Open,['High CVSS vulnerability'],No IOC Match,Unknown,False
364,EVT09459,67.25,High,Investigate Soon,Open,['High CVSS vulnerability'],No IOC Match,Unknown,False
365,EVT00168,67.24,High,Investigate Soon,Open,['High CVSS vulnerability'],No IOC Match,Unknown,False
366,EVT04127,67.23,High,Investigate Soon,Open,[],No IOC Match,Unknown,False
367,EVT02454,67.19,High,Investigate Soon,Open,['High CVSS vulnerability'],No IOC Match,Unknown,False
368,EVT02973,67.19,High,Investigate Soon,Open,['High CVSS vulnerability'],No IOC Match,Medium,True
369,EVT06535,67.19,High,Investigate Soon,Open,['High CVSS vulnerability'],No IOC Match,Unknown,False
370,EVT06283,67.18,High,Investigate Soon,Open,"['High CVSS vulnerability', 'Multiple failed login attempts']",No IOC Match,Unknown,False
371,EVT06924,67.18,High,Investigate Soon,Open,['High CVSS vulnerability'],No IOC Match,Unknown,False
372,EVT04547,67.16,High,Investigate Soon,Open,['High CVSS vulnerability'],No IOC Match,Unknown,False
373,EVT08470,67.14,High,Investigate Soon,Open,"['High CVSS vulnerability', 'Multiple failed login attempts']",No IOC Match,Unknown,False
374,EVT05761,67.11,High,Investigate Soon,Open,[],No IOC Match,Unknown,False
375,EVT07516,67.06,High,Investigate Soon,Open,['High CVSS vulnerability'],No IOC Match,Unknown,False
376,EVT05784,67.04,High,Investigate Soon,Open,['High CVSS vulnerability'],No IOC Match,Unknown,False
377,EVT02402,66.99,High,Investigate Soon,Open,['Multiple failed login attempts'],No IOC Match,Unknown,False
378,EVT00255,66.98,High,Investigate Soon,Open,['High CVSS vulnerability'],No IOC Match,Unknown,False
379,EVT02529,66.98,High,Investigate Soon,Open,['High CVSS vulnerability'],No IOC Match,Unknown,False
380,EVT09210,66.97,High,Investigate Soon,Open,['High CVSS vulnerability'],No IOC Match,Unknown,False
381,EVT06382,66.95,High,Investigate Soon,Open,['High CVSS vulnerability'],No IOC Match,Unknown,False
382,EVT07677,66.95,High,Investigate Soon,Open,['High CVSS vulnerability'],No IOC Match,Unknown,False
383,EVT09505,66.95,High,Investigate Soon,Open,['High CVSS vulnerability'],No IOC Match,Unknown,False
384,EVT00027,66.9,High,Investigate Soon,Open,['High CVSS vulnerability'],No IOC Match,Unknown,False
385,EVT05942,66.88,High,Investigate Soon,Open,[],No IOC Match,Unknown,False
386,EVT02118,66.85,High,Investigate Soon,Open,[],No IOC Match,Unknown,False
387,EVT09977,66.81,High,Investigate Soon,Open,"['High CVSS vulnerability', 'Multiple failed login attempts']",No IOC Match,Unknown,False
388,EVT04304,66.78,High,Investigate Soon,Open,['High CVSS vulnerability'],No IOC Match,High,True
389,EVT06252,66.78,High,Investigate Soon,Open,['High CVSS vulnerability'],No IOC Match,Unknown,False
390,EVT06822,66.78,High,Investigate Soon,Open,['High CVSS vulnerability'],No IOC Match,Unknown,False
391,EVT07223,66.75,High,Investigate Soon,Open,['High CVSS vulnerability'],No IOC Match,Unknown,False
392,EVT07036,66.7,High,Investigate Soon,Open,['High CVSS vulnerability'],No IOC Match,Unknown,False
393,EVT09531,66.69,High,Investigate Soon,Open,['High CVSS vulnerability'],No IOC Match,Unknown,False
394,EVT00611,66.68,High,Investigate Soon,Open,[],No IOC Match,Unknown,False
395,EVT06335,66.66,High,Investigate Soon,Open,['Multiple failed login attempts'],No IOC Match,Unknown,False
396,EVT03192,66.64,High,Investigate Soon,Open,['High CVSS vulnerability'],No IOC Match,Unknown,False
397,EVT06955,66.64,High,Investigate Soon,Open,['High CVSS vulnerability'],No IOC Match,Unknown,False
398,EVT04380,66.63,High,Investigate Soon,Open,"['High CVSS vulnerability', 'Multiple failed login attempts']",No IOC Match,Unknown,False
399,EVT05019,66.6,High,Investigate Soon,Open,"['High ML confidence', 'High CVSS vulnerability', 'Multiple failed login attempts']",No IOC Match,Unknown,False
400,EVT05098,66.59,High,Investigate Soon,Open,['High CVSS vulnerability'],No IOC Match,Unknown,False
401,EVT06866,66.54,High,Investigate Soon,Open,['Multiple failed login attempts'],No IOC Match,Unknown,False
402,EVT07389,66.54,High,Investigate Soon,Open,"['High ML confidence', 'High CVSS vulnerability', 'Multiple failed login attempts']",No IOC Match,Unknown,False
403,EVT02891,66.52,High,Investigate Soon,Open,['Multiple failed login attempts'],No IOC Match,Unknown,False
404,EVT09245,66.52,High,Investigate Soon,Open,['High CVSS vulnerability'],No IOC Match,Unknown,False
405,EVT03617,66.49,High,Investigate Soon,Open,[],No IOC Match,Unknown,False
406,EVT05869,66.49,High,Investigate Soon,Open,['High CVSS vulnerability'],No IOC Match,Unknown,False
407,EVT04368,66.48,High,Investigate Soon,Open,['High CVSS vulnerability'],No IOC Match,Unknown,False
408,EVT00279,66.45,High,Investigate Soon,Open,['High CVSS vulnerability'],No IOC Match,Unknown,False
409,EVT03747,66.45,High,Investigate Soon,Open,['Multiple failed login attempts'],No IOC Match,Unknown,False
410,EVT06339,66.42,High,Investigate Soon,Open,[],No IOC Match,Medium,True
411,EVT05387,66.4,High,Investigate Soon,Open,[],No IOC Match,Unknown,False
412,EVT03733,66.39,High,Investigate Soon,Open,"['High CVSS vulnerability', 'Multiple failed login attempts']",No IOC Match,Unknown,False
413,EVT00783,66.38,High,Investigate Soon,Open,['High CVSS vulnerability'],No IOC Match,Unknown,False
414,EVT08560,66.38,High,Investigate Soon,Open,"['High CVSS vulnerability', 'Multiple failed login attempts']",No IOC Match,Unknown,False
415,EVT09965,66.36,High,Investigate Soon,Open,[],No IOC Match,Unknown,False
416,EVT04104,66.35,High,Investigate Soon,Open,"['High ML confidence', 'High CVSS vulnerability', 'Multiple failed login attempts']",No IOC Match,Unknown,False
417,EVT04692,66.34,High,Investigate Soon,Open,['High CVSS vulnerability'],No IOC Match,Unknown,False
418,EVT00608,66.33,High,Investigate Soon,Open,['Multiple failed login attempts'],No IOC Match,Unknown,False
419,EVT01510,66.33,High,Investigate Soon,Open,"['High CVSS vulnerability', 'Multiple failed login attempts']",No IOC Match,Unknown,False
420,EVT06865,66.32,High,Investigate Soon,Open,['High CVSS vulnerability'],No IOC Match,Unknown,False
421,EVT07026,66.31,High,Investigate Soon,Open,['High CVSS vulnerability'],No IOC Match,Unknown,False
422,EVT02605,66.28,High,Investigate Soon,Open,['High CVSS vulnerability'],No IOC Match,Unknown,False
423,EVT04595,66.28,High,Investigate Soon,Open,"['High ML confidence', 'High CVSS vulnerability', 'Multiple failed login attempts']",No IOC Match,Unknown,False
424,EVT06440,66.28,High,Investigate Soon,Open,"['High CVSS vulnerability', 'Multiple failed login attempts']",No IOC Match,Unknown,False
425,EVT04000,66.24,High,Investigate Soon,Open,"['High CVSS vulnerability', 'Multiple failed login attempts']",No IOC Match,Unknown,False
426,EVT05614,66.24,High,Investigate Soon,Open,['High CVSS vulnerability'],No IOC Match,Unknown,False
427,EVT06026,66.24,High,Investigate Soon,Open,['High CVSS vulnerability'],No IOC Match,Medium,True
428,EVT02057,66.23,High,Investigate Soon,Open,[],No IOC Match,Unknown,False
429,EVT00385,66.21,High,Investigate Soon,Open,['High CVSS vulnerability'],No IOC Match,Unknown,False
430,EVT07325,66.19,High,Investigate Soon,Open,[],No IOC Match,Unknown,False
431,EVT08021,66.19,High,Investigate Soon,Open,['Multiple failed login attempts'],No IOC Match,Unknown,False
432,EVT09393,66.18,High,Investigate Soon,Open,['High CVSS vulnerability'],No IOC Match,Unknown,False
433,EVT02069,66.16,High,Investigate Soon,Open,['High CVSS vulnerability'],No IOC Match,Unknown,False
434,EVT02143,66.14,High,Investigate Soon,Open,"['High CVSS vulnerability', 'Multiple failed login attempts']",No IOC Match,Unknown,False
435,EVT04890,66.14,High,Investigate Soon,Open,['High CVSS vulnerability'],No IOC Match,Unknown,False
436,EVT05103,66.13,High,Investigate Soon,Open,['High CVSS vulnerability'],No IOC Match,Unknown,False
437,EVT09757,66.11,High,Investigate Soon,Open,['Multiple failed login attempts'],No IOC Match,Unknown,False
438,EVT02618,66.1,High,Investigate Soon,Open,[],No IOC Match,Unknown,False
439,EVT08984,66.07,High,Investigate Soon,Open,['High CVSS vulnerability'],No IOC Match,Unknown,False
440,EVT02317,66.05,High,Investigate Soon,Open,['High CVSS vulnerability'],No IOC Match,Unknown,False
441,EVT08069,66.05,High,Investigate Soon,Open,['High CVSS vulnerability'],No IOC Match,Unknown,False
442,EVT04265,66.01,High,Investigate Soon,Open,['High CVSS vulnerability'],No IOC Match,Unknown,False
443,EVT06376,66.01,High,Investigate Soon,Open,"['High CVSS vulnerability', 'Multiple failed login attempts']",No IOC Match,Unknown,False
444,EVT03505,65.99,High,Investigate Soon,Open,['High CVSS vulnerability'],No IOC Match,High,True
445,EVT01945,65.98,High,Investigate Soon,Open,['High CVSS vulnerability'],No IOC Match,Unknown,False
446,EVT02078,65.96,High,Investigate Soon,Open,"['High CVSS vulnerability', 'Multiple failed login attempts']",No IOC Match,Unknown,False
447,EVT09842,65.92,High,Investigate Soon,Open,[],No IOC Match,Unknown,False
448,EVT02206,65.91,High,Investigate Soon,Open,['High CVSS vulnerability'],No IOC Match,Unknown,False
449,EVT09388,65.91,High,Investigate Soon,Open,['High CVSS vulnerability'],No IOC Match,Unknown,False
450,EVT09518,65.91,High,Investigate Soon,Open,['High CVSS vulnerability'],No IOC Match,Unknown,False
451,EVT05269,65.88,High,Investigate Soon,Open,[],No IOC Match,Unknown,False
452,EVT01035,65.86,High,Investigate Soon,Open,['Multiple failed login attempts'],No IOC Match,Unknown,False
453,EVT07521,65.86,High,Investigate Soon,Open,['High CVSS vulnerability'],No IOC Match,Unknown,False
454,EVT05756,65.82,High,Investigate Soon,Open,['High CVSS vulnerability'],No IOC Match,Unknown,False
455,EVT08731,65.81,High,Investigate Soon,Open,['High CVSS vulnerability'],No IOC Match,Unknown,False
456,EVT09807,65.8,High,Investigate Soon,Open,[],No IOC Match,Unknown,False
457,EVT07653,65.77,High,Investigate Soon,Open,['High CVSS vulnerability'],No IOC Match,Unknown,False
458,EVT02320,65.73,High,Investigate Soon,Open,['Multiple failed login attempts'],No IOC Match,Unknown,False
459,EVT02447,65.73,High,Investigate Soon,Open,['High CVSS vulnerability'],No IOC Match,Unknown,False
460,EVT06640,65.73,High,Investigate Soon,Open,['Multiple failed login attempts'],No IOC Match,Unknown,False
461,EVT09430,65.73,High,Investigate Soon,Open,['High CVSS vulnerability'],No IOC Match,Unknown,False
462,EVT03958,65.72,High,Investigate Soon,Open,[],No IOC Match,Unknown,False
463,EVT05461,65.71,High,Investigate Soon,Open,['High CVSS vulnerability'],No IOC Match,Unknown,False
464,EVT03756,65.7,High,Investigate Soon,Open,['High CVSS vulnerability'],No IOC Match,Unknown,False
465,EVT05532,65.7,High,Investigate Soon,Open,[],No IOC Match,Unknown,False
466,EVT00060,65.69,High,Investigate Soon,Open,[],No IOC Match,Unknown,False
467,EVT09001,65.68,High,Investigate Soon,Open,['High CVSS vulnerability'],No IOC Match,Unknown,False
468,EVT05237,65.65,High,Investigate Soon,Open,['High CVSS vulnerability'],No IOC Match,Unknown,False
469,EVT08589,65.61,High,Investigate Soon,Open,['High CVSS vulnerability'],No IOC Match,Unknown,False
470,EVT00074,65.6,High,Investigate Soon,Open,['High CVSS vulnerability'],No IOC Match,Unknown,False
471,EVT04260,65.58,High,Investigate Soon,Open,['High CVSS vulnerability'],No IOC Match,Unknown,False
472,EVT05063,65.58,High,Investigate Soon,Open,['High CVSS vulnerability'],No IOC Match,Unknown,False
473,EVT03825,65.57,High,Investigate Soon,Open,['High CVSS vulnerability'],No IOC Match,Unknown,False
474,EVT04194,65.57,High,Investigate Soon,Open,['High CVSS vulnerability'],No IOC Match,Unknown,False
475,EVT06219,65.57,High,Investigate Soon,Open,['High CVSS vulnerability'],No IOC Match,Unknown,False
476,EVT07205,65.56,High,Investigate Soon,Open,['High CVSS vulnerability'],No IOC Match,Unknown,False
477,EVT09410,65.56,High,Investigate Soon,Open,['High CVSS vulnerability'],No IOC Match,Unknown,False
478,EVT05953,65.55,High,Investigate Soon,Open,"['High CVSS vulnerability', 'Multiple failed login attempts']",No IOC Match,Unknown,False
479,EVT03131,65.48,High,Investigate Soon,Open,['High CVSS vulnerability'],No IOC Match,Unknown,False
480,EVT05352,65.48,High,Investigate Soon,Open,"['High CVSS vulnerability', 'Multiple failed login attempts']",No IOC Match,Unknown,False
481,EVT09648,65.46,High,Investigate Soon,Open,['High CVSS vulnerability'],No IOC Match,Medium,True
482,EVT02385,65.4,High,Investigate Soon,Open,['High CVSS vulnerability'],No IOC Match,Unknown,False
483,EVT01387,65.38,High,Investigate Soon,Open,['Multiple failed login attempts'],No IOC Match,Unknown,False
484,EVT06263,65.33,High,Investigate Soon,Open,['High CVSS vulnerability'],No IOC Match,Unknown,False
485,EVT05508,65.32,High,Investigate Soon,Open,['High CVSS vulnerability'],No IOC Match,Unknown,False
486,EVT01283,65.3,High,Investigate Soon,Open,['High CVSS vulnerability'],No IOC Match,Unknown,False
487,EVT06533,65.29,High,Investigate Soon,Open,[],No IOC Match,Unknown,False
488,EVT04495,65.26,High,Investigate Soon,Open,['High CVSS vulnerability'],No IOC Match,Unknown,False
489,EVT01650,65.25,High,Investigate Soon,Open,['Multiple failed login attempts'],No IOC Match,Unknown,False
490,EVT07411,65.25,High,Investigate Soon,Open,['High CVSS vulnerability'],No IOC Match,Unknown,False
491,EVT08923,65.25,High,Investigate Soon,Open,['High CVSS vulnerability'],No IOC Match,Unknown,False
492,EVT01622,65.24,High,Investigate Soon,Open,['Multiple failed login attempts'],No IOC Match,Unknown,False
493,EVT07369,65.24,High,Investigate Soon,Open,[],No IOC Match,Unknown,False
494,EVT03618,65.19,High,Investigate Soon,Open,['Multiple failed login attempts'],No IOC Match,Unknown,False
495,EVT00639,65.16,High,Investigate Soon,Open,"['High CVSS vulnerability', 'Multiple failed login attempts']",No IOC Match,Unknown,False
496,EVT05841,65.16,High,Investigate Soon,Open,[],No IOC Match,Unknown,False
497,EVT05718,65.13,High,Investigate Soon,Open,['High CVSS vulnerability'],No IOC Match,Unknown,False
498,EVT05791,65.09,High,Investigate Soon,Open,['High CVSS vulnerability'],No IOC Match,Unknown,False
499,EVT05982,65.09,High,Investigate Soon,Open,['High CVSS vulnerability'],No IOC Match,Unknown,False
500,EVT00594,65.08,High,Investigate Soon,Open,['High CVSS vulnerability'],No IOC Match,Unknown,False
501,EVT03485,65.04,High,Investigate Soon,Open,['High CVSS vulnerability'],No IOC Match,Unknown,False
502,EVT04636,65.04,High,Investigate Soon,Open,[],No IOC Match,Unknown,False
503,EVT05544,65.01,High,Investigate Soon,Open,['Multiple failed login attempts'],No IOC Match,Unknown,False
504,EVT06316,65.01,High,Investigate Soon,Open,[],No IOC Match,High,True
505,EVT08690,65.0,High,Investigate Soon,Open,[],No IOC Match,Unknown,False
506,EVT02015,64.98,High,Investigate Soon,Open,['High CVSS vulnerability'],No IOC Match,Unknown,False
507,EVT02595,64.98,High,Investigate Soon,Open,['High CVSS vulnerability'],No IOC Match,Unknown,False
508,EVT05568,64.98,High,Investigate Soon,Open,['Multiple failed login attempts'],No IOC Match,Unknown,False
509,EVT03323,64.96,High,Investigate Soon,Open,['Multiple failed login attempts'],No IOC Match,Unknown,False
510,EVT05581,64.95,High,Investigate Soon,Open,['Multiple failed login attempts'],No IOC Match,High,True
511,EVT02044,64.94,High,Investigate Soon,Open,['High CVSS vulnerability'],No IOC Match,Unknown,False
512,EVT02468,64.93,High,Investigate Soon,Open,['High CVSS vulnerability'],No IOC Match,Unknown,False
513,EVT05266,64.93,High,Investigate Soon,Open,[],No IOC Match,Unknown,False
514,EVT06910,64.91,High,Investigate Soon,Open,['High CVSS vulnerability'],No IOC Match,Unknown,False
515,EVT08790,64.89,High,Investigate Soon,Open,['High CVSS vulnerability'],No IOC Match,Unknown,False
516,EVT03704,64.88,High,Investigate Soon,Open,['Multiple failed login attempts'],No IOC Match,Unknown,False
517,EVT06374,64.88,High,Investigate Soon,Open,['Multiple failed login attempts'],No IOC Match,Unknown,False
518,EVT01898,64.85,High,Investigate Soon,Open,['Multiple failed login attempts'],No IOC Match,Unknown,False
519,EVT05842,64.84,High,Investigate Soon,Open,"['High CVSS vulnerability', 'Multiple failed login attempts']",No IOC Match,Unknown,False
520,EVT03573,64.83,High,Investigate Soon,Open,['Multiple failed login attempts'],No IOC Match,Unknown,False
521,EVT05250,64.81,High,Investigate Soon,Open,['High CVSS vulnerability'],No IOC Match,Unknown,False
522,EVT04017,64.8,High,Investigate Soon,Open,['Multiple failed login attempts'],No IOC Match,Unknown,False
523,EVT04068,64.77,High,Investigate Soon,Open,[],No IOC Match,Unknown,False
524,EVT08823,64.77,High,Investigate Soon,Open,"['High CVSS vulnerability', 'Multiple failed login attempts']",No IOC Match,Unknown,False
525,EVT09597,64.77,High,Investigate Soon,Open,['High CVSS vulnerability'],No IOC Match,Unknown,False
526,EVT07396,64.75,High,Investigate Soon,Open,['Multiple failed login attempts'],No IOC Match,Unknown,False
527,EVT04146,64.74,High,Investigate Soon,Open,['High CVSS vulnerability'],No IOC Match,Unknown,False
528,EVT05280,64.72,High,Investigate Soon,Open,['High CVSS vulnerability'],No IOC Match,Unknown,False
529,EVT08230,64.72,High,Investigate Soon,Open,[],No IOC Match,Unknown,False
530,EVT04302,64.71,High,Investigate Soon,Open,[],No IOC Match,Unknown,False
531,EVT06255,64.69,High,Investigate Soon,Open,['High CVSS vulnerability'],No IOC Match,Unknown,False
532,EVT04375,64.68,High,Investigate Soon,Open,['High CVSS vulnerability'],No IOC Match,Unknown,False
533,EVT04746,64.66,High,Investigate Soon,Open,['High CVSS vulnerability'],No IOC Match,Unknown,False
534,EVT09280,64.66,High,Investigate Soon,Open,['High CVSS vulnerability'],No IOC Match,Unknown,False
535,EVT03040,64.63,High,Investigate Soon,Open,['Multiple failed login attempts'],No IOC Match,Unknown,False
536,EVT07174,64.6,High,Investigate Soon,Open,['Multiple failed login attempts'],No IOC Match,Unknown,False
537,EVT02075,64.59,High,Investigate Soon,Open,"['High CVSS vulnerability', 'Multiple failed login attempts']",No IOC Match,Unknown,False
538,EVT06143,64.58,High,Investigate Soon,Open,['High CVSS vulnerability'],No IOC Match,Unknown,False
539,EVT03501,64.57,High,Investigate Soon,Open,['High CVSS vulnerability'],No IOC Match,Unknown,False
540,EVT00006,64.55,High,Investigate Soon,Open,[],Suspicious,Unknown,False
541,EVT09541,64.54,High,Investigate Soon,Open,['High CVSS vulnerability'],No IOC Match,Unknown,False
542,EVT03588,64.53,High,Investigate Soon,Open,['High CVSS vulnerability'],No IOC Match,Unknown,False
543,EVT03935,64.53,High,Investigate Soon,Open,['High CVSS vulnerability'],No IOC Match,Unknown,False
544,EVT00288,64.48,High,Investigate Soon,Open,[],No IOC Match,Unknown,False
545,EVT00383,64.48,High,Investigate Soon,Open,['High CVSS vulnerability'],No IOC Match,Medium,True
546,EVT08266,64.48,High,Investigate Soon,Open,['High CVSS vulnerability'],No IOC Match,Unknown,False
547,EVT09736,64.46,High,Investigate Soon,Open,[],No IOC Match,Unknown,False
548,EVT00851,64.43,High,Investigate Soon,Open,['Multiple failed login attempts'],No IOC Match,Unknown,False
549,EVT02533,64.42,High,Investigate Soon,Open,['High CVSS vulnerability'],No IOC Match,Unknown,False
550,EVT03995,64.42,High,Investigate Soon,Open,['High CVSS vulnerability'],No IOC Match,Unknown,False
551,EVT04759,64.42,High,Investigate Soon,Open,"['High CVSS vulnerability', 'Multiple failed login attempts']",No IOC Match,Unknown,False
552,EVT08231,64.42,High,Investigate Soon,Open,['High CVSS vulnerability'],No IOC Match,Unknown,False
553,EVT01423,64.4,High,Investigate Soon,Open,"['High CVSS vulnerability', 'Multiple failed login attempts']",No IOC Match,Unknown,False
554,EVT06182,64.4,High,Investigate Soon,Open,[],No IOC Match,Unknown,False
555,EVT05501,64.39,High,Investigate Soon,Open,['High CVSS vulnerability'],No IOC Match,Unknown,False
556,EVT03403,64.38,High,Investigate Soon,Open,"['High ML confidence', 'High CVSS vulnerability', 'Multiple failed login attempts']",No IOC Match,Unknown,False
557,EVT06465,64.36,High,Investigate Soon,Open,"['Critical asset', 'High CVSS vulnerability']",No IOC Match,Critical,True
558,EVT02626,64.34,High,Investigate Soon,Open,['High CVSS vulnerability'],No IOC Match,Unknown,False
559,EVT06394,64.34,High,Investigate Soon,Open,['High CVSS vulnerability'],No IOC Match,Unknown,False
560,EVT06333,64.32,High,Investigate Soon,Open,['Multiple failed login attempts'],No IOC Match,Unknown,False
561,EVT00376,64.31,High,Investigate Soon,Open,"['High CVSS vulnerability', 'Multiple failed login attempts']",No IOC Match,Unknown,False
562,EVT01604,64.26,High,Investigate Soon,Open,['Multiple failed login attempts'],No IOC Match,Unknown,False
563,EVT04051,64.26,High,Investigate Soon,Open,['High CVSS vulnerability'],No IOC Match,Unknown,False
564,EVT01932,64.24,High,Investigate Soon,Open,"['High CVSS vulnerability', 'Multiple failed login attempts']",No IOC Match,Unknown,False
565,EVT09687,64.24,High,Investigate Soon,Open,[],No IOC Match,Unknown,False
566,EVT06368,64.21,High,Investigate Soon,Open,"['High CVSS vulnerability', 'Multiple failed login attempts']",No IOC Match,Unknown,False
567,EVT07987,64.2,High,Investigate Soon,Open,['High CVSS vulnerability'],No IOC Match,Unknown,False
568,EVT04557,64.19,High,Investigate Soon,Open,['High CVSS vulnerability'],No IOC Match,Unknown,False
569,EVT05617,64.18,High,Investigate Soon,Open,['Multiple failed login attempts'],No IOC Match,Unknown,False
570,EVT00956,64.17,High,Investigate Soon,Open,['High CVSS vulnerability'],No IOC Match,Unknown,False
571,EVT07681,64.17,High,Investigate Soon,Open,['High CVSS vulnerability'],No IOC Match,Unknown,False
572,EVT02563,64.16,High,Investigate Soon,Open,"['High CVSS vulnerability', 'Multiple failed login attempts']",No IOC Match,Medium,True
573,EVT08520,64.16,High,Investigate Soon,Open,['Multiple failed login attempts'],No IOC Match,Unknown,False
574,EVT05905,64.15,High,Investigate Soon,Open,[],No IOC Match,Unknown,False
575,EVT00806,64.14,High,Investigate Soon,Open,['High CVSS vulnerability'],No IOC Match,Unknown,False
576,EVT02955,64.14,High,Investigate Soon,Open,['High CVSS vulnerability'],No IOC Match,Unknown,False
577,EVT04371,64.14,High,Investigate Soon,Open,['Critical asset'],No IOC Match,Critical,True
578,EVT04489,64.14,High,Investigate Soon,Open,['High CVSS vulnerability'],No IOC Match,Unknown,False
579,EVT05164,64.13,High,Investigate Soon,Open,[],No IOC Match,Unknown,False
580,EVT05400,64.12,High,Investigate Soon,Open,['High CVSS vulnerability'],No IOC Match,Unknown,False
581,EVT06486,64.11,High,Investigate Soon,Open,"['High CVSS vulnerability', 'Multiple failed login attempts']",No IOC Match,Unknown,False
582,EVT05590,64.1,High,Investigate Soon,Open,[],No IOC Match,Unknown,False
583,EVT06398,64.1,High,Investigate Soon,Open,[],No IOC Match,High,True
584,EVT09255,64.08,High,Investigate Soon,Open,['High CVSS vulnerability'],No IOC Match,Unknown,False
585,EVT03630,64.07,High,Investigate Soon,Open,['High CVSS vulnerability'],No IOC Match,Unknown,False
586,EVT07777,64.05,High,Investigate Soon,Open,[],No IOC Match,Unknown,False
587,EVT02095,64.04,High,Investigate Soon,Open,['High CVSS vulnerability'],No IOC Match,Unknown,False
588,EVT03860,64.04,High,Investigate Soon,Open,['High CVSS vulnerability'],No IOC Match,Unknown,False
589,EVT02810,64.03,High,Investigate Soon,Open,['High CVSS vulnerability'],No IOC Match,Medium,True
590,EVT07530,64.02,High,Investigate Soon,Open,[],No IOC Match,Unknown,False
591,EVT00129,64.01,High,Investigate Soon,Open,['Multiple failed login attempts'],No IOC Match,Unknown,False
592,EVT05121,64.01,High,Investigate Soon,Open,['High CVSS vulnerability'],No IOC Match,Unknown,False
593,EVT01967,64.0,High,Investigate Soon,Open,['Multiple failed login attempts'],No IOC Match,Unknown,False
594,EVT01461,63.99,High,Investigate Soon,Open,['High CVSS vulnerability'],No IOC Match,Unknown,False
595,EVT04714,63.99,High,Investigate Soon,Open,[],No IOC Match,Unknown,False
596,EVT06268,63.98,High,Investigate Soon,Open,"['High CVSS vulnerability', 'Multiple failed login attempts']",No IOC Match,Unknown,False
597,EVT02635,63.97,High,Investigate Soon,Open,['High CVSS vulnerability'],No IOC Match,Unknown,False
598,EVT06166,63.97,High,Investigate Soon,Open,['Multiple failed login attempts'],No IOC Match,Unknown,False
599,EVT07407,63.97,High,Investigate Soon,Open,"['High CVSS vulnerability', 'Multiple failed login attempts']",No IOC Match,Unknown,False
600,EVT04506,63.96,High,Investigate Soon,Open,[],No IOC Match,Unknown,False
601,EVT00036,63.94,High,Investigate Soon,Open,['Multiple failed login attempts'],No IOC Match,Unknown,False
602,EVT07799,63.93,High,Investigate Soon,Open,['High CVSS vulnerability'],No IOC Match,Unknown,False
603,EVT03879,63.92,High,Investigate Soon,Open,['High CVSS vulnerability'],No IOC Match,Unknown,False
604,EVT09251,63.92,High,Investigate Soon,Open,[],No IOC Match,Unknown,False
605,EVT08083,63.91,High,Investigate Soon,Open,['High CVSS vulnerability'],No IOC Match,Unknown,False
606,EVT02170,63.89,High,Investigate Soon,Open,"['High CVSS vulnerability', 'Multiple failed login attempts']",No IOC Match,Unknown,False
607,EVT05518,63.88,High,Investigate Soon,Open,[],No IOC Match,Unknown,False
608,EVT05985,63.88,High,Investigate Soon,Open,['High CVSS vulnerability'],No IOC Match,Unknown,False
609,EVT01254,63.86,High,Investigate Soon,Open,"['High CVSS vulnerability', 'Multiple failed login attempts']",No IOC Match,Unknown,False
610,EVT03599,63.86,High,Investigate Soon,Open,[],No IOC Match,Unknown,False
611,EVT08932,63.86,High,Investigate Soon,Open,['Multiple failed login attempts'],No IOC Match,Unknown,False
612,EVT02331,63.83,High,Investigate Soon,Open,['High CVSS vulnerability'],No IOC Match,Unknown,False
613,EVT07750,63.83,High,Investigate Soon,Open,[],No IOC Match,Unknown,False
614,EVT02140,63.79,High,Investigate Soon,Open,['High CVSS vulnerability'],No IOC Match,Unknown,False
615,EVT01859,63.76,High,Investigate Soon,Open,[],No IOC Match,Unknown,False
616,EVT03866,63.74,High,Investigate Soon,Open,['High CVSS vulnerability'],No IOC Match,Unknown,False
617,EVT08318,63.73,High,Investigate Soon,Open,['High CVSS vulnerability'],No IOC Match,Unknown,False
618,EVT09515,63.73,High,Investigate Soon,Open,[],No IOC Match,Unknown,False
619,EVT00398,63.72,High,Investigate Soon,Open,['Multiple failed login attempts'],No IOC Match,Unknown,False
620,EVT02839,63.66,High,Investigate Soon,Open,[],No IOC Match,Unknown,False
621,EVT03972,63.64,High,Investigate Soon,Open,"['High CVSS vulnerability', 'Multiple failed login attempts']",No IOC Match,Unknown,False
622,EVT05228,63.63,High,Investigate Soon,Open,['High CVSS vulnerability'],No IOC Match,Unknown,False
623,EVT00766,63.62,High,Investigate Soon,Open,['High CVSS vulnerability'],No IOC Match,Unknown,False
624,EVT07306,63.6,High,Investigate Soon,Open,['High CVSS vulnerability'],No IOC Match,Unknown,False
625,EVT09020,63.6,High,Investigate Soon,Open,['Multiple failed login attempts'],No IOC Match,Unknown,False
626,EVT09609,63.6,High,Investigate Soon,Open,['High CVSS vulnerability'],No IOC Match,Unknown,False
627,EVT02358,63.59,High,Investigate Soon,Open,['Multiple failed login attempts'],No IOC Match,Unknown,False
628,EVT07699,63.58,High,Investigate Soon,Open,['High CVSS vulnerability'],No IOC Match,Unknown,False
629,EVT03712,63.56,High,Investigate Soon,Open,['High CVSS vulnerability'],No IOC Match,Unknown,False
630,EVT05651,63.56,High,Investigate Soon,Open,[],No IOC Match,Unknown,False
631,EVT07925,63.55,High,Investigate Soon,Open,['High CVSS vulnerability'],No IOC Match,Unknown,False
632,EVT07598,63.53,High,Investigate Soon,Open,['High CVSS vulnerability'],No IOC Match,Low,True
633,EVT03354,63.51,High,Investigate Soon,Open,[],No IOC Match,Unknown,False
634,EVT04672,63.5,High,Investigate Soon,Open,['High CVSS vulnerability'],No IOC Match,Unknown,False
635,EVT04806,63.5,High,Investigate Soon,Open,['High CVSS vulnerability'],No IOC Match,Unknown,False
636,EVT09220,63.49,High,Investigate Soon,Open,['Multiple failed login attempts'],No IOC Match,Unknown,False
637,EVT04952,63.46,High,Investigate Soon,Open,['Multiple failed login attempts'],No IOC Match,Unknown,False
638,EVT07934,63.46,High,Investigate Soon,Open,['High CVSS vulnerability'],No IOC Match,Unknown,False
639,EVT07755,63.44,High,Investigate Soon,Open,[],No IOC Match,Unknown,False
640,EVT04012,63.42,High,Investigate Soon,Open,['High CVSS vulnerability'],No IOC Match,Unknown,False
641,EVT08382,63.41,High,Investigate Soon,Open,[],No IOC Match,High,True
642,EVT03690,63.4,High,Investigate Soon,Open,['Multiple failed login attempts'],No IOC Match,Unknown,False
643,EVT02458,63.39,High,Investigate Soon,Open,"['High CVSS vulnerability', 'Multiple failed login attempts']",No IOC Match,Unknown,False
644,EVT04253,63.36,High,Investigate Soon,Open,"['High CVSS vulnerability', 'Multiple failed login attempts']",No IOC Match,Unknown,False
645,EVT01856,63.35,High,Investigate Soon,Open,"['High CVSS vulnerability', 'Multiple failed login attempts']",No IOC Match,Unknown,False
646,EVT00750,63.34,High,Investigate Soon,Open,[],No IOC Match,Unknown,False
647,EVT01909,63.34,High,Investigate Soon,Open,"['High CVSS vulnerability', 'Multiple failed login attempts']",No IOC Match,Unknown,False
648,EVT09490,63.34,High,Investigate Soon,Open,['High CVSS vulnerability'],No IOC Match,Unknown,False
649,EVT07507,63.33,High,Investigate Soon,Open,['High CVSS vulnerability'],No IOC Match,High,True
650,EVT08064,63.32,High,Investigate Soon,Open,['High CVSS vulnerability'],No IOC Match,Unknown,False
651,EVT06265,63.29,High,Investigate Soon,Open,['High CVSS vulnerability'],No IOC Match,Unknown,False
652,EVT06464,63.29,High,Investigate Soon,Open,['Multiple failed login attempts'],No IOC Match,Unknown,False
653,EVT05346,63.28,High,Investigate Soon,Open,"['Critical asset', 'Multiple failed login attempts']",No IOC Match,Critical,True
654,EVT00436,63.27,High,Investigate Soon,Open,"['High CVSS vulnerability', 'Multiple failed login attempts']",No IOC Match,Unknown,False
655,EVT06447,63.25,High,Investigate Soon,Open,['High CVSS vulnerability'],No IOC Match,Unknown,False
656,EVT05297,63.22,High,Investigate Soon,Open,['High CVSS vulnerability'],No IOC Match,Unknown,False
657,EVT05507,63.22,High,Investigate Soon,Open,['High CVSS vulnerability'],No IOC Match,Unknown,False
658,EVT03447,63.21,High,Investigate Soon,Open,[],No IOC Match,Unknown,False
659,EVT02182,63.2,High,Investigate Soon,Open,['Multiple failed login attempts'],No IOC Match,Unknown,False
660,EVT03540,63.2,High,Investigate Soon,Open,['High CVSS vulnerability'],No IOC Match,Unknown,False
661,EVT01774,63.18,High,Investigate Soon,Open,['High CVSS vulnerability'],No IOC Match,Unknown,False
662,EVT06620,63.18,High,Investigate Soon,Open,['High CVSS vulnerability'],No IOC Match,Unknown,False
663,EVT06793,63.18,High,Investigate Soon,Open,['High CVSS vulnerability'],No IOC Match,Unknown,False
664,EVT01623,63.17,High,Investigate Soon,Open,"['High CVSS vulnerability', 'Multiple failed login attempts']",No IOC Match,Unknown,False
665,EVT08767,63.17,High,Investigate Soon,Open,['High CVSS vulnerability'],No IOC Match,Unknown,False
666,EVT01566,63.14,High,Investigate Soon,Open,[],No IOC Match,Unknown,False
667,EVT02910,63.14,High,Investigate Soon,Open,['High CVSS vulnerability'],No IOC Match,Unknown,False
668,EVT09918,63.14,High,Investigate Soon,Open,['High CVSS vulnerability'],No IOC Match,Unknown,False
669,EVT04552,63.13,High,Investigate Soon,Open,['High CVSS vulnerability'],No IOC Match,Unknown,False
670,EVT01391,63.12,High,Investigate Soon,Open,[],No IOC Match,Unknown,False
671,EVT05574,63.11,High,Investigate Soon,Open,['Multiple failed login attempts'],No IOC Match,Unknown,False
672,EVT02858,63.07,High,Investigate Soon,Open,[],No IOC Match,Unknown,False
673,EVT06056,63.07,High,Investigate Soon,Open,"['High CVSS vulnerability', 'Multiple failed login attempts']",No IOC Match,Unknown,False
674,EVT07232,63.07,High,Investigate Soon,Open,[],No IOC Match,Unknown,False
675,EVT00482,63.06,High,Investigate Soon,Open,[],No IOC Match,Unknown,False
676,EVT08759,63.06,High,Investigate Soon,Open,[],No IOC Match,Unknown,False
677,EVT00714,63.04,High,Investigate Soon,Open,['High CVSS vulnerability'],No IOC Match,Unknown,False
678,EVT00592,63.03,High,Investigate Soon,Open,[],No IOC Match,Unknown,False
679,EVT00741,63.02,High,Investigate Soon,Open,['High CVSS vulnerability'],No IOC Match,Unknown,False
680,EVT03723,63.02,High,Investigate Soon,Open,[],No IOC Match,Unknown,False
681,EVT03734,63.01,High,Investigate Soon,Open,"['High CVSS vulnerability', 'Multiple failed login attempts']",No IOC Match,Unknown,False
682,EVT04962,63.01,High,Investigate Soon,Open,[],No IOC Match,Unknown,False
683,EVT05487,62.99,High,Investigate Soon,Open,['High CVSS vulnerability'],No IOC Match,Unknown,False
684,EVT03099,62.96,High,Investigate Soon,Open,"['High CVSS vulnerability', 'Multiple failed login attempts']",No IOC Match,Unknown,False
685,EVT00304,62.95,High,Investigate Soon,Open,[],No IOC Match,Unknown,False
686,EVT06336,62.94,High,Investigate Soon,Open,[],No IOC Match,Unknown,False
687,EVT04294,62.92,High,Investigate Soon,Open,"['High CVSS vulnerability', 'Multiple failed login attempts']",No IOC Match,Unknown,False
688,EVT09792,62.92,High,Investigate Soon,Open,[],No IOC Match,Unknown,False
689,EVT03597,62.91,High,Investigate Soon,Open,['High CVSS vulnerability'],No IOC Match,Unknown,False
690,EVT06214,62.91,High,Investigate Soon,Open,['High CVSS vulnerability'],No IOC Match,Unknown,False
691,EVT04399,62.87,High,Investigate Soon,Open,['High CVSS vulnerability'],No IOC Match,Unknown,False
692,EVT05684,62.87,High,Investigate Soon,Open,"['High CVSS vulnerability', 'Multiple failed login attempts']",No IOC Match,Unknown,False
693,EVT05430,62.86,High,Investigate Soon,Open,['Multiple failed login attempts'],No IOC Match,Unknown,False
694,EVT09821,62.85,High,Investigate Soon,Open,['High CVSS vulnerability'],No IOC Match,Unknown,False
695,EVT00953,62.83,High,Investigate Soon,Open,['High CVSS vulnerability'],No IOC Match,Unknown,False
696,EVT02623,62.81,High,Investigate Soon,Open,[],No IOC Match,Unknown,False
697,EVT04097,62.81,High,Investigate Soon,Open,['High CVSS vulnerability'],No IOC Match,Unknown,False
698,EVT02528,62.79,High,Investigate Soon,Open,[],No IOC Match,Unknown,False
699,EVT02293,62.78,High,Investigate Soon,Open,"['High CVSS vulnerability', 'Multiple failed login attempts']",No IOC Match,Unknown,False
700,EVT08078,62.78,High,Investigate Soon,Open,[],No IOC Match,Unknown,False
701,EVT05239,62.76,High,Investigate Soon,Open,[],No IOC Match,Unknown,False
702,EVT03788,62.75,High,Investigate Soon,Open,['High CVSS vulnerability'],No IOC Match,Unknown,False
703,EVT02478,62.74,High,Investigate Soon,Open,"['High CVSS vulnerability', 'Multiple failed login attempts']",No IOC Match,Unknown,False
704,EVT02119,62.73,High,Investigate Soon,Open,"['High CVSS vulnerability', 'Multiple failed login attempts']",No IOC Match,Unknown,False
705,EVT06343,62.72,High,Investigate Soon,Open,['Multiple failed login attempts'],No IOC Match,Unknown,False
706,EVT07275,62.71,High,Investigate Soon,Open,[],No IOC Match,Unknown,False
707,EVT09526,62.71,High,Investigate Soon,Open,[],No IOC Match,High,True
708,EVT05956,62.7,High,Investigate Soon,Open,['High CVSS vulnerability'],No IOC Match,Unknown,False
709,EVT04824,62.69,High,Investigate Soon,Open,['High CVSS vulnerability'],No IOC Match,Unknown,False
710,EVT05138,62.67,High,Investigate Soon,Open,['High CVSS vulnerability'],No IOC Match,Unknown,False
711,EVT08550,62.67,High,Investigate Soon,Open,['Multiple failed login attempts'],No IOC Match,Unknown,False
712,EVT05960,62.65,High,Investigate Soon,Open,['High CVSS vulnerability'],No IOC Match,Unknown,False
713,EVT01946,62.64,High,Investigate Soon,Open,[],No IOC Match,Unknown,False
714,EVT08084,62.64,High,Investigate Soon,Open,['High CVSS vulnerability'],No IOC Match,Unknown,False
715,EVT01388,62.63,High,Investigate Soon,Open,[],No IOC Match,Unknown,False
716,EVT02371,62.62,High,Investigate Soon,Open,[],No IOC Match,Unknown,False
717,EVT02437,62.58,High,Investigate Soon,Open,[],No IOC Match,Unknown,False
718,EVT04581,62.57,High,Investigate Soon,Open,['High CVSS vulnerability'],No IOC Match,Unknown,False
719,EVT02322,62.56,High,Investigate Soon,Open,[],No IOC Match,Unknown,False
720,EVT00253,62.54,High,Investigate Soon,Open,['Multiple failed login attempts'],No IOC Match,Unknown,False
721,EVT00663,62.54,High,Investigate Soon,Open,['Multiple failed login attempts'],No IOC Match,Unknown,False
722,EVT06742,62.54,High,Investigate Soon,Open,['High CVSS vulnerability'],No IOC Match,Unknown,False
723,EVT03352,62.53,High,Investigate Soon,Open,"['High CVSS vulnerability', 'Multiple failed login attempts']",No IOC Match,Unknown,False
724,EVT09211,62.51,High,Investigate Soon,Open,['High CVSS vulnerability'],No IOC Match,Unknown,False
725,EVT09501,62.51,High,Investigate Soon,Open,['Multiple failed login attempts'],No IOC Match,Unknown,False
726,EVT09440,62.5,High,Investigate Soon,Open,['High CVSS vulnerability'],No IOC Match,Low,True
727,EVT08689,62.49,High,Investigate Soon,Open,['Multiple failed login attempts'],No IOC Match,Unknown,False
728,EVT00647,62.48,High,Investigate Soon,Open,['High CVSS vulnerability'],No IOC Match,Unknown,False
729,EVT00591,62.47,High,Investigate Soon,Open,[],No IOC Match,Unknown,False
730,EVT01255,62.46,High,Investigate Soon,Open,['Multiple failed login attempts'],No IOC Match,Unknown,False
731,EVT05078,62.46,High,Investigate Soon,Open,[],No IOC Match,Unknown,False
732,EVT00843,62.45,High,Investigate Soon,Open,[],No IOC Match,Unknown,False
733,EVT05980,62.45,High,Investigate Soon,Open,[],No IOC Match,Unknown,False
734,EVT07572,62.44,High,Investigate Soon,Open,[],No IOC Match,Unknown,False
735,EVT02296,62.42,High,Investigate Soon,Open,"['High ML confidence', 'Multiple failed login attempts']",No IOC Match,Unknown,False
736,EVT07847,62.4,High,Investigate Soon,Open,['Multiple failed login attempts'],No IOC Match,Unknown,False
737,EVT04936,62.39,High,Investigate Soon,Open,['High CVSS vulnerability'],No IOC Match,Unknown,False
738,EVT08421,62.38,High,Investigate Soon,Open,[],No IOC Match,Unknown,False
739,EVT01140,62.36,High,Investigate Soon,Open,['Multiple failed login attempts'],No IOC Match,Unknown,False
740,EVT04574,62.36,High,Investigate Soon,Open,[],No IOC Match,Medium,True
741,EVT08605,62.35,High,Investigate Soon,Open,['High CVSS vulnerability'],No IOC Match,Unknown,False
742,EVT02158,62.34,High,Investigate Soon,Open,['High CVSS vulnerability'],No IOC Match,Unknown,False
743,EVT05083,62.34,High,Investigate Soon,Open,"['High CVSS vulnerability', 'Multiple failed login attempts']",No IOC Match,Unknown,False
744,EVT01052,62.32,High,Investigate Soon,Open,['High CVSS vulnerability'],No IOC Match,Unknown,False
745,EVT08372,62.3,High,Investigate Soon,Open,[],No IOC Match,Unknown,False
746,EVT06517,62.28,High,Investigate Soon,Open,[],No IOC Match,Unknown,False
747,EVT06785,62.27,High,Investigate Soon,Open,['Multiple failed login attempts'],No IOC Match,Unknown,False
748,EVT00430,62.24,High,Investigate Soon,Open,[],No IOC Match,Unknown,False
749,EVT04599,62.23,High,Investigate Soon,Open,['High CVSS vulnerability'],No IOC Match,Unknown,False
750,EVT04515,62.22,High,Investigate Soon,Open,"['High CVSS vulnerability', 'Multiple failed login attempts']",No IOC Match,Unknown,False
751,EVT06289,62.22,High,Investigate Soon,Open,['Multiple failed login attempts'],No IOC Match,Unknown,False
752,EVT07183,62.22,High,Investigate Soon,Open,['High CVSS vulnerability'],No IOC Match,Unknown,False
753,EVT01763,62.21,High,Investigate Soon,Open,['High CVSS vulnerability'],No IOC Match,Unknown,False
754,EVT05448,62.21,High,Investigate Soon,Open,['High CVSS vulnerability'],No IOC Match,Unknown,False
755,EVT03675,62.2,High,Investigate Soon,Open,[],No IOC Match,Unknown,False
756,EVT04444,62.2,High,Investigate Soon,Open,['High CVSS vulnerability'],No IOC Match,Unknown,False
757,EVT04397,62.18,High,Investigate Soon,Open,['Multiple failed login attempts'],No IOC Match,Unknown,False
758,EVT07687,62.17,High,Investigate Soon,Open,['High CVSS vulnerability'],No IOC Match,Unknown,False
759,EVT02787,62.16,High,Investigate Soon,Open,[],No IOC Match,Unknown,False
760,EVT07891,62.16,High,Investigate Soon,Open,['Multiple failed login attempts'],No IOC Match,Unknown,False
761,EVT09832,62.16,High,Investigate Soon,Open,['High CVSS vulnerability'],No IOC Match,Unknown,False
762,EVT00451,62.15,High,Investigate Soon,Open,['High CVSS vulnerability'],No IOC Match,Unknown,False
763,EVT00803,62.15,High,Investigate Soon,Open,['High CVSS vulnerability'],No IOC Match,Unknown,False
764,EVT04605,62.15,High,Investigate Soon,Open,['High CVSS vulnerability'],No IOC Match,Unknown,False
765,EVT08935,62.15,High,Investigate Soon,Open,[],No IOC Match,Unknown,False
766,EVT09960,62.14,High,Investigate Soon,Open,[],No IOC Match,Unknown,False
767,EVT05995,62.13,High,Investigate Soon,Open,[],No IOC Match,Unknown,False
768,EVT04336,62.12,High,Investigate Soon,Open,[],No IOC Match,Unknown,False
769,EVT07779,62.1,High,Investigate Soon,Open,['High CVSS vulnerability'],No IOC Match,Unknown,False
770,EVT07304,62.09,High,Investigate Soon,Open,"['High CVSS vulnerability', 'Multiple failed login attempts']",No IOC Match,Unknown,False
771,EVT08620,62.08,High,Investigate Soon,Open,"['High CVSS vulnerability', 'Multiple failed login attempts']",No IOC Match,Unknown,False
772,EVT00763,62.07,High,Investigate Soon,Open,['High CVSS vulnerability'],No IOC Match,Unknown,False
773,EVT07888,62.06,High,Investigate Soon,Open,['High CVSS vulnerability'],No IOC Match,Unknown,False
774,EVT04298,62.04,High,Investigate Soon,Open,[],No IOC Match,Unknown,False
775,EVT03310,62.03,High,Investigate Soon,Open,[],No IOC Match,Unknown,False
776,EVT02828,62.02,High,Investigate Soon,Open,[],No IOC Match,Unknown,False
777,EVT05131,62.0,High,Investigate Soon,Open,[],No IOC Match,Unknown,False
778,EVT08582,62.0,High,Investigate Soon,Open,"['High CVSS vulnerability', 'Multiple failed login attempts']",No IOC Match,Unknown,False
779,EVT09047,62.0,High,Investigate Soon,Open,[],No IOC Match,Unknown,False
780,EVT08842,61.99,High,Investigate Soon,Open,[],No IOC Match,Unknown,False
781,EVT04096,61.98,High,Investigate Soon,Open,['High CVSS vulnerability'],No IOC Match,Unknown,False
782,EVT04548,61.98,High,Investigate Soon,Open,[],No IOC Match,Unknown,False
783,EVT03409,61.96,High,Investigate Soon,Open,['Multiple failed login attempts'],No IOC Match,Unknown,False
784,EVT06370,61.95,High,Investigate Soon,Open,['High CVSS vulnerability'],No IOC Match,Unknown,False
785,EVT07675,61.95,High,Investigate Soon,Open,['High CVSS vulnerability'],No IOC Match,Unknown,False
786,EVT04259,61.93,High,Investigate Soon,Open,[],No IOC Match,Unknown,False
787,EVT08502,61.93,High,Investigate Soon,Open,['High CVSS vulnerability'],No IOC Match,Unknown,False
788,EVT08626,61.93,High,Investigate Soon,Open,['High CVSS vulnerability'],No IOC Match,Unknown,False
789,EVT08194,61.92,High,Investigate Soon,Open,[],No IOC Match,Unknown,False
790,EVT05505,61.91,High,Investigate Soon,Open,['High CVSS vulnerability'],No IOC Match,Unknown,False
791,EVT03441,61.89,High,Investigate Soon,Open,[],No IOC Match,Unknown,False
792,EVT09450,61.88,High,Investigate Soon,Open,['Multiple failed login attempts'],No IOC Match,Unknown,False
793,EVT08229,61.86,High,Investigate Soon,Open,['High CVSS vulnerability'],No IOC Match,Unknown,False
794,EVT09103,61.86,High,Investigate Soon,Open,['High CVSS vulnerability'],No IOC Match,Unknown,False
795,EVT04244,61.85,High,Investigate Soon,Open,['High CVSS vulnerability'],No IOC Match,Unknown,False
796,EVT06905,61.84,High,Investigate Soon,Open,[],No IOC Match,Unknown,False
797,EVT00188,61.83,High,Investigate Soon,Open,[],No IOC Match,Unknown,False
798,EVT01652,61.83,High,Investigate Soon,Open,[],No IOC Match,Unknown,False
799,EVT04675,61.83,High,Investigate Soon,Open,['High CVSS vulnerability'],No IOC Match,Unknown,False
800,EVT04047,61.82,High,Investigate Soon,Open,['High CVSS vulnerability'],No IOC Match,Unknown,False
801,EVT06457,61.81,High,Investigate Soon,Open,"['High CVSS vulnerability', 'Multiple failed login attempts']",No IOC Match,Unknown,False
802,EVT01807,61.77,High,Investigate Soon,Open,[],No IOC Match,Unknown,False
803,EVT03633,61.77,High,Investigate Soon,Open,[],No IOC Match,Unknown,False
804,EVT07522,61.77,High,Investigate Soon,Open,['High CVSS vulnerability'],No IOC Match,Medium,True
805,EVT03570,61.76,High,Investigate Soon,Open,"['High CVSS vulnerability', 'Multiple failed login attempts']",No IOC Match,Unknown,False
806,EVT03912,61.73,High,Investigate Soon,Open,[],No IOC Match,High,True
807,EVT04529,61.72,High,Investigate Soon,Open,['High CVSS vulnerability'],No IOC Match,Unknown,False
808,EVT09802,61.72,High,Investigate Soon,Open,['High CVSS vulnerability'],No IOC Match,Unknown,False
809,EVT08316,61.69,High,Investigate Soon,Open,[],No IOC Match,Unknown,False
810,EVT09522,61.69,High,Investigate Soon,Open,['Multiple failed login attempts'],No IOC Match,Unknown,False
811,EVT05032,61.68,High,Investigate Soon,Open,['Multiple failed login attempts'],No IOC Match,Unknown,False
812,EVT06639,61.68,High,Investigate Soon,Open,[],No IOC Match,Unknown,False
813,EVT00090,61.67,High,Investigate Soon,Open,['High CVSS vulnerability'],No IOC Match,Unknown,False
814,EVT04013,61.67,High,Investigate Soon,Open,['High CVSS vulnerability'],No IOC Match,Unknown,False
815,EVT08888,61.67,High,Investigate Soon,Open,['Multiple failed login attempts'],No IOC Match,Unknown,False
816,EVT05557,61.65,High,Investigate Soon,Open,['Multiple failed login attempts'],No IOC Match,Unknown,False
817,EVT06054,61.65,High,Investigate Soon,Open,['High CVSS vulnerability'],No IOC Match,Unknown,False
818,EVT09107,61.65,High,Investigate Soon,Open,['High CVSS vulnerability'],No IOC Match,Unknown,False
819,EVT05659,61.6,High,Investigate Soon,Open,['High CVSS vulnerability'],No IOC Match,Unknown,False
820,EVT09775,61.6,High,Investigate Soon,Open,[],No IOC Match,Unknown,False
821,EVT01336,61.58,High,Investigate Soon,Open,[],No IOC Match,Unknown,False
822,EVT03827,61.58,High,Investigate Soon,Open,[],No IOC Match,Unknown,False
823,EVT04080,61.58,High,Investigate Soon,Open,[],No IOC Match,Unknown,False
824,EVT03368,61.57,High,Investigate Soon,Open,['High CVSS vulnerability'],No IOC Match,Unknown,False
825,EVT08524,61.57,High,Investigate Soon,Open,[],No IOC Match,Unknown,False
826,EVT00048,61.55,High,Investigate Soon,Open,[],No IOC Match,Unknown,False
827,EVT01646,61.53,High,Investigate Soon,Open,"['High ML confidence', 'Multiple failed login attempts']",No IOC Match,Unknown,False
828,EVT08590,61.53,High,Investigate Soon,Open,"['High CVSS vulnerability', 'Multiple failed login attempts']",No IOC Match,Unknown,False
829,EVT06008,61.5,High,Investigate Soon,Open,['Multiple failed login attempts'],No IOC Match,Unknown,False
830,EVT01505,61.49,High,Investigate Soon,Open,[],No IOC Match,Unknown,False
831,EVT02935,61.49,High,Investigate Soon,Open,['High CVSS vulnerability'],No IOC Match,Medium,True
832,EVT04133,61.48,High,Investigate Soon,Open,[],No IOC Match,Unknown,False
833,EVT01633,61.46,High,Investigate Soon,Open,"['High CVSS vulnerability', 'Multiple failed login attempts']",No IOC Match,Unknown,False
834,EVT04214,61.46,High,Investigate Soon,Open,['Multiple failed login attempts'],No IOC Match,Unknown,False
835,EVT00685,61.45,High,Investigate Soon,Open,[],No IOC Match,Unknown,False
836,EVT06253,61.45,High,Investigate Soon,Open,[],No IOC Match,Unknown,False
837,EVT08415,61.45,High,Investigate Soon,Open,[],No IOC Match,Unknown,False
838,EVT07022,61.44,High,Investigate Soon,Open,"['High CVSS vulnerability', 'Multiple failed login attempts']",No IOC Match,Unknown,False
839,EVT05243,61.43,High,Investigate Soon,Open,"['High CVSS vulnerability', 'Multiple failed login attempts']",No IOC Match,Unknown,False
840,EVT05535,61.43,High,Investigate Soon,Open,"['High CVSS vulnerability', 'Multiple failed login attempts']",No IOC Match,Unknown,False
841,EVT03693,61.42,High,Investigate Soon,Open,[],No IOC Match,Unknown,False
842,EVT08218,61.41,High,Investigate Soon,Open,['High CVSS vulnerability'],No IOC Match,Unknown,False
843,EVT08156,61.39,High,Investigate Soon,Open,['High CVSS vulnerability'],No IOC Match,Low,True
844,EVT05282,61.38,High,Investigate Soon,Open,[],No IOC Match,Unknown,False
845,EVT06332,61.38,High,Investigate Soon,Open,['Multiple failed login attempts'],No IOC Match,Unknown,False
846,EVT09309,61.38,High,Investigate Soon,Open,['High CVSS vulnerability'],No IOC Match,Unknown,False
847,EVT09234,61.37,High,Investigate Soon,Open,"['High ML confidence', 'High CVSS vulnerability', 'Multiple failed login attempts']",No IOC Match,Unknown,False
848,EVT01413,61.35,High,Investigate Soon,Open,['High CVSS vulnerability'],No IOC Match,Unknown,False
849,EVT04039,61.35,High,Investigate Soon,Open,"['High CVSS vulnerability', 'Multiple failed login attempts']",No IOC Match,Unknown,False
850,EVT04145,61.35,High,Investigate Soon,Open,['High CVSS vulnerability'],No IOC Match,Unknown,False
851,EVT04504,61.32,High,Investigate Soon,Open,['Multiple failed login attempts'],No IOC Match,Unknown,False
852,EVT00844,61.31,High,Investigate Soon,Open,['Multiple failed login attempts'],No IOC Match,Unknown,False
853,EVT08208,61.31,High,Investigate Soon,Open,['High CVSS vulnerability'],No IOC Match,Unknown,False
854,EVT00992,61.3,High,Investigate Soon,Open,['High CVSS vulnerability'],No IOC Match,Unknown,False
855,EVT06791,61.3,High,Investigate Soon,Open,[],No IOC Match,Unknown,False
856,EVT03343,61.29,High,Investigate Soon,Open,['High CVSS vulnerability'],No IOC Match,Unknown,False
857,EVT09877,61.29,High,Investigate Soon,Open,[],No IOC Match,Unknown,False
858,EVT02873,61.27,High,Investigate Soon,Open,[],No IOC Match,Unknown,False
859,EVT07528,61.26,High,Investigate Soon,Open,[],No IOC Match,Unknown,False
860,EVT07852,61.24,High,Investigate Soon,Open,['High CVSS vulnerability'],No IOC Match,Unknown,False
861,EVT08496,61.24,High,Investigate Soon,Open,['Multiple failed login attempts'],No IOC Match,Unknown,False
862,EVT07493,61.23,High,Investigate Soon,Open,['Multiple failed login attempts'],No IOC Match,Unknown,False
863,EVT03517,61.22,High,Investigate Soon,Open,[],No IOC Match,Unknown,False
864,EVT07469,61.22,High,Investigate Soon,Open,['High CVSS vulnerability'],No IOC Match,Unknown,False
865,EVT08350,61.22,High,Investigate Soon,Open,[],No IOC Match,Unknown,False
866,EVT09897,61.21,High,Investigate Soon,Open,['High CVSS vulnerability'],No IOC Match,Unknown,False
867,EVT00432,61.2,High,Investigate Soon,Open,[],No IOC Match,Unknown,False
868,EVT08942,61.19,High,Investigate Soon,Open,['Multiple failed login attempts'],No IOC Match,Unknown,False
869,EVT04799,61.18,High,Investigate Soon,Open,['High CVSS vulnerability'],No IOC Match,Unknown,False
870,EVT06695,61.18,High,Investigate Soon,Open,['High CVSS vulnerability'],No IOC Match,Unknown,False
871,EVT00458,61.17,High,Investigate Soon,Open,['High CVSS vulnerability'],No IOC Match,High,True
872,EVT09358,61.17,High,Investigate Soon,Open,[],No IOC Match,Unknown,False
873,EVT03126,61.14,High,Investigate Soon,Open,['High CVSS vulnerability'],No IOC Match,Unknown,False
874,EVT06945,61.14,High,Investigate Soon,Open,[],No IOC Match,Unknown,False
875,EVT09829,61.14,High,Investigate Soon,Open,"['High CVSS vulnerability', 'Multiple failed login attempts']",No IOC Match,Unknown,False
876,EVT00418,61.13,High,Investigate Soon,Open,[],No IOC Match,Unknown,False
877,EVT08816,61.13,High,Investigate Soon,Open,['High CVSS vulnerability'],No IOC Match,Unknown,False
878,EVT09800,61.08,High,Investigate Soon,Open,[],No IOC Match,Unknown,False
879,EVT09941,61.08,High,Investigate Soon,Open,['Multiple failed login attempts'],No IOC Match,Unknown,False
880,EVT02589,61.07,High,Investigate Soon,Open,['High CVSS vulnerability'],No IOC Match,Unknown,False
881,EVT08695,61.07,High,Investigate Soon,Open,['High CVSS vulnerability'],No IOC Match,Unknown,False
882,EVT02420,61.06,High,Investigate Soon,Open,['High CVSS vulnerability'],No IOC Match,Unknown,False
883,EVT06430,61.04,High,Investigate Soon,Open,[],No IOC Match,Unknown,False
884,EVT06687,61.02,High,Investigate Soon,Open,[],No IOC Match,Unknown,False
885,EVT03479,61.01,High,Investigate Soon,Open,['High CVSS vulnerability'],No IOC Match,Unknown,False
886,EVT04198,61.01,High,Investigate Soon,Open,['Multiple failed login attempts'],No IOC Match,Unknown,False
887,EVT05668,60.99,Moderate,Review When Possible,Open,['High CVSS vulnerability'],No IOC Match,Unknown,False
888,EVT09647,60.98,Moderate,Review When Possible,Open,['Multiple failed login attempts'],No IOC Match,Unknown,False
889,EVT00135,60.97,Moderate,Review When Possible,Open,['High CVSS vulnerability'],No IOC Match,Unknown,False
890,EVT01456,60.97,Moderate,Review When Possible,Open,[],No IOC Match,Unknown,False
891,EVT08099,60.97,Moderate,Review When Possible,Open,['High CVSS vulnerability'],No IOC Match,Unknown,False
892,EVT00435,60.96,Moderate,Review When Possible,Open,[],No IOC Match,Unknown,False
893,EVT00668,60.96,Moderate,Review When Possible,Open,['Multiple failed login attempts'],No IOC Match,Unknown,False
894,EVT09265,60.96,Moderate,Review When Possible,Open,[],No IOC Match,Unknown,False
895,EVT04112,60.94,Moderate,Review When Possible,Open,"['High CVSS vulnerability', 'Multiple failed login attempts']",No IOC Match,Unknown,False
896,EVT00118,60.92,Moderate,Review When Possible,Open,[],No IOC Match,Unknown,False
897,EVT04845,60.92,Moderate,Review When Possible,Open,['Multiple failed login attempts'],No IOC Match,Unknown,False
898,EVT05230,60.91,Moderate,Review When Possible,Open,['High CVSS vulnerability'],No IOC Match,Unknown,False
899,EVT05238,60.9,Moderate,Review When Possible,Open,"['High CVSS vulnerability', 'Multiple failed login attempts']",No IOC Match,Unknown,False
900,EVT06804,60.9,Moderate,Review When Possible,Open,['High CVSS vulnerability'],No IOC Match,Unknown,False
901,EVT01706,60.89,Moderate,Review When Possible,Open,[],No IOC Match,Unknown,False
902,EVT04364,60.89,Moderate,Review When Possible,Open,[],No IOC Match,Unknown,False
903,EVT05510,60.89,Moderate,Review When Possible,Open,"['High CVSS vulnerability', 'Multiple failed login attempts']",No IOC Match,Unknown,False
904,EVT00055,60.88,Moderate,Review When Possible,Open,['Multiple failed login attempts'],Suspicious,Unknown,False
905,EVT07458,60.86,Moderate,Review When Possible,Open,['High CVSS vulnerability'],No IOC Match,Unknown,False
906,EVT06279,60.85,Moderate,Review When Possible,Open,['High CVSS vulnerability'],No IOC Match,Unknown,False
907,EVT02194,60.84,Moderate,Review When Possible,Open,[],No IOC Match,Unknown,False
908,EVT02243,60.83,Moderate,Review When Possible,Open,['Multiple failed login attempts'],No IOC Match,Unknown,False
909,EVT05102,60.83,Moderate,Review When Possible,Open,['Multiple failed login attempts'],No IOC Match,Unknown,False
910,EVT01869,60.82,Moderate,Review When Possible,Open,"['High CVSS vulnerability', 'Multiple failed login attempts']",No IOC Match,Unknown,False
911,EVT08865,60.81,Moderate,Review When Possible,Open,['High CVSS vulnerability'],No IOC Match,Unknown,False
912,EVT07649,60.78,Moderate,Review When Possible,Open,[],No IOC Match,Unknown,False
913,EVT07977,60.78,Moderate,Review When Possible,Open,[],No IOC Match,Unknown,False
914,EVT08202,60.77,Moderate,Review When Possible,Open,['Multiple failed login attempts'],No IOC Match,Unknown,False
915,EVT09850,60.77,Moderate,Review When Possible,Open,[],No IOC Match,Medium,True
916,EVT02964,60.76,Moderate,Review When Possible,Open,['High CVSS vulnerability'],No IOC Match,Unknown,False
917,EVT03948,60.76,Moderate,Review When Possible,Open,['High CVSS vulnerability'],No IOC Match,Unknown,False
918,EVT04859,60.76,Moderate,Review When Possible,Open,['High CVSS vulnerability'],No IOC Match,Unknown,False
919,EVT06453,60.76,Moderate,Review When Possible,Open,[],No IOC Match,Unknown,False
920,EVT07251,60.75,Moderate,Review When Possible,Open,['Multiple failed login attempts'],No IOC Match,Unknown,False
921,EVT04650,60.74,Moderate,Review When Possible,Open,['Multiple failed login attempts'],No IOC Match,Unknown,False
922,EVT09130,60.74,Moderate,Review When Possible,Open,['High CVSS vulnerability'],No IOC Match,Unknown,False
923,EVT00336,60.72,Moderate,Review When Possible,Open,"['High CVSS vulnerability', 'Multiple failed login attempts']",No IOC Match,Unknown,False
924,EVT04705,60.72,Moderate,Review When Possible,Open,[],No IOC Match,Unknown,False
925,EVT07563,60.71,Moderate,Review When Possible,Open,[],No IOC Match,Unknown,False
926,EVT08898,60.71,Moderate,Review When Possible,Open,['High CVSS vulnerability'],No IOC Match,Unknown,False
927,EVT04223,60.69,Moderate,Review When Possible,Open,[],No IOC Match,Unknown,False
928,EVT05691,60.69,Moderate,Review When Possible,Open,['Multiple failed login attempts'],No IOC Match,Unknown,False
929,EVT08830,60.69,Moderate,Review When Possible,Open,['High CVSS vulnerability'],No IOC Match,Unknown,False
930,EVT05042,60.67,Moderate,Review When Possible,Open,"['High CVSS vulnerability', 'Multiple failed login attempts']",No IOC Match,Unknown,False
931,EVT01376,60.66,Moderate,Review When Possible,Open,['High CVSS vulnerability'],No IOC Match,Unknown,False
932,EVT03711,60.66,Moderate,Review When Possible,Open,[],No IOC Match,Unknown,False
933,EVT00015,60.64,Moderate,Review When Possible,Open,['High CVSS vulnerability'],No IOC Match,Unknown,False
934,EVT03277,60.64,Moderate,Review When Possible,Open,[],No IOC Match,Low,True
935,EVT05693,60.64,Moderate,Review When Possible,Open,"['High CVSS vulnerability', 'Multiple failed login attempts']",No IOC Match,Unknown,False
936,EVT07639,60.64,Moderate,Review When Possible,Open,['Multiple failed login attempts'],No IOC Match,Unknown,False
937,EVT05959,60.63,Moderate,Review When Possible,Open,[],No IOC Match,Unknown,False
938,EVT07329,60.61,Moderate,Review When Possible,Open,['High CVSS vulnerability'],No IOC Match,Unknown,False
939,EVT08762,60.61,Moderate,Review When Possible,Open,[],No IOC Match,Unknown,False
940,EVT09412,60.61,Moderate,Review When Possible,Open,[],No IOC Match,Unknown,False
941,EVT04520,60.59,Moderate,Review When Possible,Open,[],No IOC Match,Unknown,False
942,EVT05969,60.58,Moderate,Review When Possible,Open,['High CVSS vulnerability'],No IOC Match,Unknown,False
943,EVT02484,60.57,Moderate,Review When Possible,Open,"['High CVSS vulnerability', 'Multiple failed login attempts']",No IOC Match,Unknown,False
944,EVT05126,60.57,Moderate,Review When Possible,Open,[],No IOC Match,Unknown,False
945,EVT07047,60.57,Moderate,Review When Possible,Open,[],No IOC Match,Unknown,False
946,EVT08982,60.57,Moderate,Review When Possible,Open,['High CVSS vulnerability'],No IOC Match,Unknown,False
947,EVT09143,60.57,Moderate,Review When Possible,Open,[],No IOC Match,Unknown,False
948,EVT01190,60.55,Moderate,Review When Possible,Open,['High CVSS vulnerability'],No IOC Match,Unknown,False
949,EVT06243,60.55,Moderate,Review When Possible,Open,[],No IOC Match,Unknown,False
950,EVT04751,60.54,Moderate,Review When Possible,Open,['High CVSS vulnerability'],No IOC Match,Unknown,False
951,EVT01675,60.53,Moderate,Review When Possible,Open,['High CVSS vulnerability'],No IOC Match,Unknown,False
952,EVT02122,60.53,Moderate,Review When Possible,Open,"['High CVSS vulnerability', 'Multiple failed login attempts']",No IOC Match,Unknown,False
953,EVT04290,60.53,Moderate,Review When Possible,Open,"['High CVSS vulnerability', 'Multiple failed login attempts']",No IOC Match,Unknown,False
954,EVT07531,60.53,Moderate,Review When Possible,Open,['Multiple failed login attempts'],No IOC Match,Unknown,False
955,EVT07331,60.52,Moderate,Review When Possible,Open,['High CVSS vulnerability'],No IOC Match,Unknown,False
956,EVT07427,60.51,Moderate,Review When Possible,Open,['High CVSS vulnerability'],No IOC Match,Unknown,False
957,EVT04191,60.5,Moderate,Review When Possible,Open,['High CVSS vulnerability'],No IOC Match,Unknown,False
958,EVT06164,60.5,Moderate,Review When Possible,Open,['High CVSS vulnerability'],No IOC Match,Unknown,False
959,EVT00403,60.47,Moderate,Review When Possible,Open,[],No IOC Match,Unknown,False
960,EVT01186,60.47,Moderate,Review When Possible,Open,[],No IOC Match,Unknown,False
961,EVT09483,60.47,Moderate,Review When Possible,Open,[],No IOC Match,Unknown,False
962,EVT01808,60.46,Moderate,Review When Possible,Open,[],No IOC Match,Unknown,False
963,EVT06901,60.46,Moderate,Review When Possible,Open,[],No IOC Match,Unknown,False
964,EVT08574,60.45,Moderate,Review When Possible,Open,[],No IOC Match,Unknown,False
965,EVT00346,60.44,Moderate,Review When Possible,Open,['Multiple failed login attempts'],No IOC Match,Unknown,False
966,EVT03471,60.42,Moderate,Review When Possible,Open,[],No IOC Match,Unknown,False
967,EVT06602,60.42,Moderate,Review When Possible,Open,['High CVSS vulnerability'],No IOC Match,Unknown,False
968,EVT02063,60.38,Moderate,Review When Possible,Open,['High CVSS vulnerability'],No IOC Match,Unknown,False
969,EVT03064,60.38,Moderate,Review When Possible,Open,[],No IOC Match,Unknown,False
970,EVT08441,60.38,Moderate,Review When Possible,Open,['High CVSS vulnerability'],No IOC Match,Unknown,False
971,EVT09288,60.38,Moderate,Review When Possible,Open,['Multiple failed login attempts'],No IOC Match,Unknown,False
972,EVT00355,60.37,Moderate,Review When Possible,Open,[],No IOC Match,Unknown,False
973,EVT06192,60.36,Moderate,Review When Possible,Open,['High CVSS vulnerability'],No IOC Match,Unknown,False
974,EVT09076,60.36,Moderate,Review When Possible,Open,[],No IOC Match,Unknown,False
975,EVT05533,60.34,Moderate,Review When Possible,Open,['High CVSS vulnerability'],No IOC Match,High,True
976,EVT07149,60.32,Moderate,Review When Possible,Open,[],No IOC Match,Unknown,False
977,EVT01768,60.3,Moderate,Review When Possible,Open,[],No IOC Match,Unknown,False
978,EVT01729,60.29,Moderate,Review When Possible,Open,['Multiple failed login attempts'],No IOC Match,Unknown,False
979,EVT03018,60.28,Moderate,Review When Possible,Open,[],No IOC Match,Unknown,False
980,EVT09061,60.27,Moderate,Review When Possible,Open,['High CVSS vulnerability'],No IOC Match,Unknown,False
981,EVT09192,60.27,Moderate,Review When Possible,Open,[],No IOC Match,Unknown,False
982,EVT05904,60.25,Moderate,Review When Possible,Open,[],No IOC Match,Unknown,False
983,EVT06816,60.23,Moderate,Review When Possible,Open,['High CVSS vulnerability'],No IOC Match,Unknown,False
984,EVT06928,60.23,Moderate,Review When Possible,Open,"['High CVSS vulnerability', 'Multiple failed login attempts']",No IOC Match,Unknown,False
985,EVT05256,60.22,Moderate,Review When Possible,Open,['High CVSS vulnerability'],No IOC Match,Unknown,False
986,EVT08260,60.22,Moderate,Review When Possible,Open,[],No IOC Match,Unknown,False
987,EVT09815,60.22,Moderate,Review When Possible,Open,[],No IOC Match,Unknown,False
988,EVT02273,60.21,Moderate,Review When Possible,Open,[],No IOC Match,Unknown,False
989,EVT08180,60.21,Moderate,Review When Possible,Open,['Multiple failed login attempts'],No IOC Match,Unknown,False
990,EVT04656,60.18,Moderate,Review When Possible,Open,['High CVSS vulnerability'],No IOC Match,Unknown,False
991,EVT06958,60.18,Moderate,Review When Possible,Open,['Multiple failed login attempts'],No IOC Match,Unknown,False
992,EVT00227,60.17,Moderate,Review When Possible,Open,[],No IOC Match,Unknown,False
993,EVT03081,60.17,Moderate,Review When Possible,Open,"['High ML confidence', 'Multiple failed login attempts']",No IOC Match,Unknown,False
994,EVT04883,60.17,Moderate,Review When Possible,Open,['High CVSS vulnerability'],No IOC Match,Unknown,False
995,EVT08362,60.17,Moderate,Review When Possible,Open,['Multiple failed login attempts'],No IOC Match,Unknown,False
996,EVT01386,60.15,Moderate,Review When Possible,Open,['High CVSS vulnerability'],No IOC Match,Unknown,False
997,EVT02500,60.14,Moderate,Review When Possible,Open,[],No IOC Match,Unknown,False
998,EVT02585,60.13,Moderate,Review When Possible,Open,[],No IOC Match,Unknown,False
999,EVT02880,60.13,Moderate,Review When Possible,Open,['High CVSS vulnerability'],No IOC Match,Unknown,False
1000,EVT02760,60.12,Moderate,Review When Possible,Open,['High CVSS vulnerability'],No IOC Match,High,True
1001,EVT05704,60.12,Moderate,Review When Possible,Open,['High CVSS vulnerability'],No IOC Match,Unknown,False
1002,EVT07797,60.12,Moderate,Review When Possible,Open,['High CVSS vulnerability'],No IOC Match,Unknown,False
1003,EVT09275,60.12,Moderate,Review When Possible,Open,[],No IOC Match,Unknown,False
1004,EVT00880,60.1,Moderate,Review When Possible,Open,[],No IOC Match,Unknown,False
1005,EVT07038,60.1,Moderate,Review When Possible,Open,['Multiple failed login attempts'],No IOC Match,Unknown,False
1006,EVT09492,60.1,Moderate,Review When Possible,Open,['High CVSS vulnerability'],No IOC Match,Unknown,False
1007,EVT00913,60.09,Moderate,Review When Possible,Open,['Critical asset'],No IOC Match,Critical,True
1008,EVT06429,60.09,Moderate,Review When Possible,Open,['Multiple failed login attempts'],No IOC Match,Unknown,False
1009,EVT04222,60.08,Moderate,Review When Possible,Open,[],No IOC Match,Unknown,False
1010,EVT05664,60.08,Moderate,Review When Possible,Open,"['High CVSS vulnerability', 'Multiple failed login attempts']",No IOC Match,Unknown,False
1011,EVT00483,60.07,Moderate,Review When Possible,Open,"['High CVSS vulnerability', 'Multiple failed login attempts']",No IOC Match,Unknown,False
1012,EVT06669,60.04,Moderate,Review When Possible,Open,['High CVSS vulnerability'],No IOC Match,Unknown,False
1013,EVT07897,60.04,Moderate,Review When Possible,Open,['High CVSS vulnerability'],No IOC Match,Unknown,False
1014,EVT01247,60.03,Moderate,Review When Possible,Open,"['High CVSS vulnerability', 'Multiple failed login attempts']",No IOC Match,Unknown,False
1015,EVT07951,60.03,Moderate,Review When Possible,Open,[],No IOC Match,Unknown,False
1016,EVT03198,60.02,Moderate,Review When Possible,Open,['High CVSS vulnerability'],No IOC Match,Unknown,False
1017,EVT06476,60.02,Moderate,Review When Possible,Open,['High CVSS vulnerability'],No IOC Match,Unknown,False
1018,EVT09406,59.99,Moderate,Review When Possible,Open,['High CVSS vulnerability'],No IOC Match,Unknown,False
1019,EVT04023,59.98,Moderate,Review When Possible,Open,[],No IOC Match,Unknown,False
1020,EVT05629,59.97,Moderate,Review When Possible,Open,[],No IOC Match,Unknown,False
1021,EVT05735,59.97,Moderate,Review When Possible,Open,['Multiple failed login attempts'],No IOC Match,Unknown,False
1022,EVT02020,59.94,Moderate,Review When Possible,Open,['High CVSS vulnerability'],No IOC Match,Unknown,False
1023,EVT07483,59.93,Moderate,Review When Possible,Open,[],No IOC Match,Unknown,False
1024,EVT09601,59.93,Moderate,Review When Possible,Open,"['High CVSS vulnerability', 'Multiple failed login attempts']",No IOC Match,Unknown,False
1025,EVT08001,59.92,Moderate,Review When Possible,Open,['High CVSS vulnerability'],No IOC Match,Unknown,False
1026,EVT09820,59.92,Moderate,Review When Possible,Open,[],No IOC Match,Unknown,False
1027,EVT06401,59.91,Moderate,Review When Possible,Open,['High CVSS vulnerability'],No IOC Match,Unknown,False
1028,EVT01303,59.89,Moderate,Review When Possible,Open,[],No IOC Match,Unknown,False
1029,EVT04331,59.87,Moderate,Review When Possible,Open,"['High CVSS vulnerability', 'Multiple failed login attempts']",No IOC Match,Unknown,False
1030,EVT07720,59.87,Moderate,Review When Possible,Open,[],No IOC Match,Unknown,False
1031,EVT02925,59.86,Moderate,Review When Possible,Open,['High CVSS vulnerability'],No IOC Match,Unknown,False
1032,EVT05047,59.86,Moderate,Review When Possible,Open,['High CVSS vulnerability'],No IOC Match,Unknown,False
1033,EVT08627,59.86,Moderate,Review When Possible,Open,[],No IOC Match,Unknown,False
1034,EVT01268,59.85,Moderate,Review When Possible,Open,['High CVSS vulnerability'],No IOC Match,Unknown,False
1035,EVT02277,59.83,Moderate,Review When Possible,Open,[],No IOC Match,Unknown,False
1036,EVT06113,59.82,Moderate,Review When Possible,Open,['High CVSS vulnerability'],No IOC Match,Unknown,False
1037,EVT07262,59.81,Moderate,Review When Possible,Open,['Multiple failed login attempts'],No IOC Match,Unknown,False
1038,EVT09291,59.81,Moderate,Review When Possible,Open,[],No IOC Match,Unknown,False
1039,EVT03939,59.8,Moderate,Review When Possible,Open,[],No IOC Match,Unknown,False
1040,EVT08457,59.8,Moderate,Review When Possible,Open,['High CVSS vulnerability'],No IOC Match,Unknown,False
1041,EVT05822,59.78,Moderate,Review When Possible,Open,[],No IOC Match,Unknown,False
1042,EVT06395,59.78,Moderate,Review When Possible,Open,['High CVSS vulnerability'],No IOC Match,Unknown,False
1043,EVT03093,59.76,Moderate,Review When Possible,Open,[],No IOC Match,Unknown,False
1044,EVT04379,59.76,Moderate,Review When Possible,Open,[],No IOC Match,Unknown,False
1045,EVT04463,59.76,Moderate,Review When Possible,Open,['Multiple failed login attempts'],No IOC Match,Unknown,False
1046,EVT07270,59.76,Moderate,Review When Possible,Open,[],No IOC Match,Unknown,False
1047,EVT03911,59.75,Moderate,Review When Possible,Open,[],No IOC Match,Unknown,False
1048,EVT06197,59.74,Moderate,Review When Possible,Open,['Multiple failed login attempts'],No IOC Match,High,True
1049,EVT07236,59.74,Moderate,Review When Possible,Open,[],No IOC Match,Unknown,False
1050,EVT02297,59.73,Moderate,Review When Possible,Open,['Multiple failed login attempts'],No IOC Match,Unknown,False
1051,EVT03082,59.72,Moderate,Review When Possible,Open,['High CVSS vulnerability'],No IOC Match,High,True
1052,EVT04118,59.72,Moderate,Review When Possible,Open,['High CVSS vulnerability'],No IOC Match,Unknown,False
1053,EVT04853,59.71,Moderate,Review When Possible,Open,['Multiple failed login attempts'],No IOC Match,Unknown,False
1054,EVT02443,59.7,Moderate,Review When Possible,Open,[],No IOC Match,Unknown,False
1055,EVT09754,59.7,Moderate,Review When Possible,Open,[],No IOC Match,Unknown,False
1056,EVT03146,59.69,Moderate,Review When Possible,Open,['High CVSS vulnerability'],No IOC Match,Unknown,False
1057,EVT05299,59.69,Moderate,Review When Possible,Open,['High CVSS vulnerability'],No IOC Match,Unknown,False
1058,EVT09801,59.69,Moderate,Review When Possible,Open,['Multiple failed login attempts'],No IOC Match,Unknown,False
1059,EVT01110,59.68,Moderate,Review When Possible,Open,['Multiple failed login attempts'],No IOC Match,Unknown,False
1060,EVT05648,59.68,Moderate,Review When Possible,Open,['High CVSS vulnerability'],No IOC Match,Unknown,False
1061,EVT08380,59.68,Moderate,Review When Possible,Open,[],No IOC Match,Unknown,False
1062,EVT00138,59.66,Moderate,Review When Possible,Open,[],No IOC Match,Unknown,False
1063,EVT06931,59.65,Moderate,Review When Possible,Open,['High CVSS vulnerability'],No IOC Match,Unknown,False
1064,EVT06450,59.64,Moderate,Review When Possible,Open,[],No IOC Match,Unknown,False
1065,EVT09732,59.64,Moderate,Review When Possible,Open,[],No IOC Match,Unknown,False
1066,EVT04471,59.63,Moderate,Review When Possible,Open,[],No IOC Match,Unknown,False
1067,EVT04510,59.61,Moderate,Review When Possible,Open,['Multiple failed login attempts'],No IOC Match,Unknown,False
1068,EVT09244,59.61,Moderate,Review When Possible,Open,[],No IOC Match,Unknown,False
1069,EVT03841,59.6,Moderate,Review When Possible,Open,['High CVSS vulnerability'],No IOC Match,Unknown,False
1070,EVT02987,59.59,Moderate,Review When Possible,Open,['High CVSS vulnerability'],No IOC Match,Unknown,False
1071,EVT03370,59.59,Moderate,Review When Possible,Open,[],No IOC Match,Unknown,False
1072,EVT07773,59.58,Moderate,Review When Possible,Open,[],No IOC Match,High,True
1073,EVT01587,59.57,Moderate,Review When Possible,Open,['High CVSS vulnerability'],No IOC Match,Unknown,False
1074,EVT01689,59.57,Moderate,Review When Possible,Open,[],No IOC Match,Unknown,False
1075,EVT05038,59.56,Moderate,Review When Possible,Open,[],No IOC Match,Unknown,False
1076,EVT02643,59.55,Moderate,Review When Possible,Open,['High CVSS vulnerability'],No IOC Match,Low,True
1077,EVT03555,59.55,Moderate,Review When Possible,Open,['High CVSS vulnerability'],No IOC Match,Unknown,False
1078,EVT04654,59.53,Moderate,Review When Possible,Open,['Multiple failed login attempts'],No IOC Match,Unknown,False
1079,EVT09036,59.53,Moderate,Review When Possible,Open,[],No IOC Match,Unknown,False
1080,EVT08889,59.52,Moderate,Review When Possible,Open,['High CVSS vulnerability'],No IOC Match,Unknown,False
1081,EVT02383,59.5,Moderate,Review When Possible,Open,[],No IOC Match,Unknown,False
1082,EVT07910,59.48,Moderate,Review When Possible,Open,[],No IOC Match,Unknown,False
1083,EVT00029,59.47,Moderate,Review When Possible,Open,['High CVSS vulnerability'],No IOC Match,Unknown,False
1084,EVT03641,59.47,Moderate,Review When Possible,Open,"['High ML confidence', 'High CVSS vulnerability', 'Multiple failed login attempts']",No IOC Match,Unknown,False
1085,EVT06744,59.47,Moderate,Review When Possible,Open,"['Critical asset', 'Multiple failed login attempts']",No IOC Match,Critical,True
1086,EVT07274,59.46,Moderate,Review When Possible,Open,[],No IOC Match,Unknown,False
1087,EVT02565,59.45,Moderate,Review When Possible,Open,['High CVSS vulnerability'],No IOC Match,Unknown,False
1088,EVT05286,59.45,Moderate,Review When Possible,Open,['Multiple failed login attempts'],No IOC Match,Unknown,False
1089,EVT01868,59.44,Moderate,Review When Possible,Open,['High CVSS vulnerability'],No IOC Match,Unknown,False
1090,EVT05542,59.44,Moderate,Review When Possible,Open,['High CVSS vulnerability'],No IOC Match,Unknown,False
1091,EVT01371,59.43,Moderate,Review When Possible,Open,[],No IOC Match,Unknown,False
1092,EVT01658,59.43,Moderate,Review When Possible,Open,['High CVSS vulnerability'],No IOC Match,Unknown,False
1093,EVT02188,59.43,Moderate,Review When Possible,Open,['High CVSS vulnerability'],No IOC Match,Unknown,False
1094,EVT04433,59.43,Moderate,Review When Possible,Open,['Multiple failed login attempts'],No IOC Match,Unknown,False
1095,EVT05244,59.43,Moderate,Review When Possible,Open,['Multiple failed login attempts'],No IOC Match,Unknown,False
1096,EVT00409,59.42,Moderate,Review When Possible,Open,[],No IOC Match,Unknown,False
1097,EVT08806,59.4,Moderate,Review When Possible,Open,['High CVSS vulnerability'],No IOC Match,High,True
1098,EVT02061,59.39,Moderate,Review When Possible,Open,['High CVSS vulnerability'],No IOC Match,Unknown,False
1099,EVT03525,59.39,Moderate,Review When Possible,Open,[],No IOC Match,Unknown,False
1100,EVT01582,59.38,Moderate,Review When Possible,Open,['Multiple failed login attempts'],No IOC Match,Unknown,False
1101,EVT09318,59.38,Moderate,Review When Possible,Open,['High CVSS vulnerability'],No IOC Match,Unknown,False
1102,EVT04048,59.37,Moderate,Review When Possible,Open,['High CVSS vulnerability'],No IOC Match,Unknown,False
1103,EVT01475,59.36,Moderate,Review When Possible,Open,[],No IOC Match,Unknown,False
1104,EVT09731,59.36,Moderate,Review When Possible,Open,['High CVSS vulnerability'],No IOC Match,Unknown,False
1105,EVT05606,59.34,Moderate,Review When Possible,Open,['High CVSS vulnerability'],No IOC Match,Unknown,False
1106,EVT00345,59.33,Moderate,Review When Possible,Open,['Multiple failed login attempts'],No IOC Match,Unknown,False
1107,EVT05004,59.33,Moderate,Review When Possible,Open,['High CVSS vulnerability'],No IOC Match,Unknown,False
1108,EVT00924,59.32,Moderate,Review When Possible,Open,"['High CVSS vulnerability', 'Multiple failed login attempts']",No IOC Match,Unknown,False
1109,EVT03433,59.32,Moderate,Review When Possible,Open,['Multiple failed login attempts'],No IOC Match,Unknown,False
1110,EVT07921,59.29,Moderate,Review When Possible,Open,['High CVSS vulnerability'],No IOC Match,High,True
1111,EVT03743,59.27,Moderate,Review When Possible,Open,[],No IOC Match,Unknown,False
1112,EVT02261,59.26,Moderate,Review When Possible,Open,['High CVSS vulnerability'],No IOC Match,Unknown,False
1113,EVT06541,59.25,Moderate,Review When Possible,Open,[],No IOC Match,Unknown,False
1114,EVT00800,59.24,Moderate,Review When Possible,Open,['Multiple failed login attempts'],No IOC Match,Unknown,False
1115,EVT05191,59.24,Moderate,Review When Possible,Open,['Multiple failed login attempts'],No IOC Match,Unknown,False
1116,EVT05479,59.24,Moderate,Review When Possible,Open,['Multiple failed login attempts'],No IOC Match,Unknown,False
1117,EVT01798,59.21,Moderate,Review When Possible,Open,['Multiple failed login attempts'],No IOC Match,Unknown,False
1118,EVT05052,59.21,Moderate,Review When Possible,Open,['High CVSS vulnerability'],No IOC Match,Unknown,False
1119,EVT06527,59.21,Moderate,Review When Possible,Open,[],No IOC Match,Unknown,False
1120,EVT05326,59.2,Moderate,Review When Possible,Open,[],No IOC Match,Unknown,False
1121,EVT09866,59.2,Moderate,Review When Possible,Open,[],No IOC Match,Unknown,False
1122,EVT04982,59.19,Moderate,Review When Possible,Open,"['High CVSS vulnerability', 'Multiple failed login attempts']",No IOC Match,Unknown,False
1123,EVT05092,59.18,Moderate,Review When Possible,Open,['High CVSS vulnerability'],No IOC Match,Unknown,False
1124,EVT03650,59.17,Moderate,Review When Possible,Open,[],No IOC Match,Unknown,False
1125,EVT06290,59.17,Moderate,Review When Possible,Open,['High CVSS vulnerability'],No IOC Match,Unknown,False
1126,EVT05061,59.14,Moderate,Review When Possible,Open,[],No IOC Match,Unknown,False
1127,EVT01638,59.12,Moderate,Review When Possible,Open,['High CVSS vulnerability'],No IOC Match,Unknown,False
1128,EVT07083,59.11,Moderate,Review When Possible,Open,['High CVSS vulnerability'],No IOC Match,Unknown,False
1129,EVT08032,59.11,Moderate,Review When Possible,Open,['High CVSS vulnerability'],No IOC Match,High,True
1130,EVT08699,59.09,Moderate,Review When Possible,Open,['High CVSS vulnerability'],No IOC Match,Unknown,False
1131,EVT00672,59.08,Moderate,Review When Possible,Open,[],No IOC Match,Unknown,False
1132,EVT00058,59.07,Moderate,Review When Possible,Open,"['High CVSS vulnerability', 'Multiple failed login attempts']",No IOC Match,Unknown,False
1133,EVT05575,59.05,Moderate,Review When Possible,Open,['High CVSS vulnerability'],No IOC Match,Unknown,False
1134,EVT06543,59.05,Moderate,Review When Possible,Open,[],No IOC Match,Unknown,False
1135,EVT02278,59.04,Moderate,Review When Possible,Open,['Multiple failed login attempts'],No IOC Match,Unknown,False
1136,EVT07826,59.04,Moderate,Review When Possible,Open,['High CVSS vulnerability'],No IOC Match,Unknown,False
1137,EVT08768,59.03,Moderate,Review When Possible,Open,[],No IOC Match,Unknown,False
1138,EVT02796,59.02,Moderate,Review When Possible,Open,"['Critical asset', 'Multiple failed login attempts']",No IOC Match,Critical,True
1139,EVT04382,59.02,Moderate,Review When Possible,Open,['High CVSS vulnerability'],No IOC Match,Unknown,False
1140,EVT09238,59.02,Moderate,Review When Possible,Open,"['Critical asset', 'High CVSS vulnerability']",No IOC Match,Critical,True
1141,EVT08422,59.0,Moderate,Review When Possible,Open,"['High CVSS vulnerability', 'Multiple failed login attempts']",No IOC Match,Unknown,False
1142,EVT07011,58.98,Moderate,Review When Possible,Open,['High CVSS vulnerability'],No IOC Match,Unknown,False
1143,EVT04730,58.97,Moderate,Review When Possible,Open,"['High CVSS vulnerability', 'Multiple failed login attempts']",No IOC Match,Unknown,False
1144,EVT05887,58.97,Moderate,Review When Possible,Open,[],No IOC Match,Unknown,False
1145,EVT06878,58.95,Moderate,Review When Possible,Open,[],No IOC Match,Unknown,False
1146,EVT05816,58.93,Moderate,Review When Possible,Open,['High CVSS vulnerability'],No IOC Match,Unknown,False
1147,EVT08687,58.93,Moderate,Review When Possible,Open,['High CVSS vulnerability'],No IOC Match,Unknown,False
1148,EVT01976,58.91,Moderate,Review When Possible,Open,['High CVSS vulnerability'],No IOC Match,Unknown,False
1149,EVT06820,58.9,Moderate,Review When Possible,Open,[],No IOC Match,Unknown,False
1150,EVT07763,58.9,Moderate,Review When Possible,Open,['Multiple failed login attempts'],No IOC Match,Unknown,False
1151,EVT06275,58.89,Moderate,Review When Possible,Open,[],No IOC Match,Unknown,False
1152,EVT08544,58.89,Moderate,Review When Possible,Open,['Multiple failed login attempts'],No IOC Match,Unknown,False
1153,EVT08928,58.88,Moderate,Review When Possible,Open,[],No IOC Match,Unknown,False
1154,EVT03362,58.87,Moderate,Review When Possible,Open,[],No IOC Match,Unknown,False
1155,EVT04024,58.86,Moderate,Review When Possible,Open,[],No IOC Match,Unknown,False
1156,EVT07066,58.86,Moderate,Review When Possible,Open,[],No IOC Match,Unknown,False
1157,EVT09159,58.86,Moderate,Review When Possible,Open,['High CVSS vulnerability'],No IOC Match,Low,True
1158,EVT00443,58.85,Moderate,Review When Possible,Open,['High CVSS vulnerability'],No IOC Match,Unknown,False
1159,EVT07278,58.85,Moderate,Review When Possible,Open,"['Critical asset', 'High CVSS vulnerability']",No IOC Match,Critical,True
1160,EVT03219,58.84,Moderate,Review When Possible,Open,['High CVSS vulnerability'],No IOC Match,Unknown,False
1161,EVT03823,58.84,Moderate,Review When Possible,Open,['High CVSS vulnerability'],No IOC Match,Unknown,False
1162,EVT05363,58.84,Moderate,Review When Possible,Open,['High CVSS vulnerability'],No IOC Match,Unknown,False
1163,EVT00229,58.83,Moderate,Review When Possible,Open,[],No IOC Match,Unknown,False
1164,EVT08660,58.83,Moderate,Review When Possible,Open,"['High CVSS vulnerability', 'Multiple failed login attempts']",No IOC Match,Unknown,False
1165,EVT05592,58.82,Moderate,Review When Possible,Open,['High CVSS vulnerability'],No IOC Match,Unknown,False
1166,EVT00111,58.81,Moderate,Review When Possible,Open,[],No IOC Match,Unknown,False
1167,EVT00795,58.77,Moderate,Review When Possible,Open,['High CVSS vulnerability'],No IOC Match,Unknown,False
1168,EVT04680,58.77,Moderate,Review When Possible,Open,['High CVSS vulnerability'],No IOC Match,Unknown,False
1169,EVT00534,58.76,Moderate,Review When Possible,Open,['Multiple failed login attempts'],No IOC Match,Unknown,False
1170,EVT07502,58.76,Moderate,Review When Possible,Open,['High CVSS vulnerability'],No IOC Match,Unknown,False
1171,EVT05896,58.75,Moderate,Review When Possible,Open,[],No IOC Match,Unknown,False
1172,EVT00930,58.74,Moderate,Review When Possible,Open,[],No IOC Match,Unknown,False
1173,EVT07611,58.73,Moderate,Review When Possible,Open,[],No IOC Match,Unknown,False
1174,EVT01354,58.71,Moderate,Review When Possible,Open,"['High CVSS vulnerability', 'Multiple failed login attempts']",No IOC Match,Unknown,False
1175,EVT02268,58.71,Moderate,Review When Possible,Open,['High CVSS vulnerability'],No IOC Match,Unknown,False
1176,EVT05683,58.71,Moderate,Review When Possible,Open,['High CVSS vulnerability'],No IOC Match,Unknown,False
1177,EVT07576,58.71,Moderate,Review When Possible,Open,['Multiple failed login attempts'],No IOC Match,Unknown,False
1178,EVT06998,58.7,Moderate,Review When Possible,Open,['High CVSS vulnerability'],No IOC Match,Unknown,False
1179,EVT00696,58.69,Moderate,Review When Possible,Open,[],No IOC Match,Unknown,False
1180,EVT03728,58.68,Moderate,Review When Possible,Open,[],No IOC Match,Unknown,False
1181,EVT06626,58.68,Moderate,Review When Possible,Open,['High CVSS vulnerability'],No IOC Match,Unknown,False
1182,EVT06269,58.67,Moderate,Review When Possible,Open,[],No IOC Match,Unknown,False
1183,EVT03267,58.66,Moderate,Review When Possible,Open,['High CVSS vulnerability'],No IOC Match,Unknown,False
1184,EVT09529,58.66,Moderate,Review When Possible,Open,['Multiple failed login attempts'],No IOC Match,Unknown,False
1185,EVT03016,58.64,Moderate,Review When Possible,Open,['High CVSS vulnerability'],No IOC Match,Unknown,False
1186,EVT04050,58.63,Moderate,Review When Possible,Open,[],No IOC Match,Unknown,False
1187,EVT04446,58.63,Moderate,Review When Possible,Open,['High CVSS vulnerability'],No IOC Match,Unknown,False
1188,EVT03023,58.62,Moderate,Review When Possible,Open,[],No IOC Match,Unknown,False
1189,EVT04879,58.62,Moderate,Review When Possible,Open,[],No IOC Match,Unknown,False
1190,EVT09887,58.62,Moderate,Review When Possible,Open,"['High CVSS vulnerability', 'Multiple failed login attempts']",No IOC Match,Unknown,False
1191,EVT03084,58.61,Moderate,Review When Possible,Open,['Multiple failed login attempts'],No IOC Match,Unknown,False
1192,EVT03807,58.56,Moderate,Review When Possible,Open,[],No IOC Match,Unknown,False
1193,EVT00752,58.54,Moderate,Review When Possible,Open,['Multiple failed login attempts'],No IOC Match,Unknown,False
1194,EVT05134,58.54,Moderate,Review When Possible,Open,[],No IOC Match,Unknown,False
1195,EVT07718,58.54,Moderate,Review When Possible,Open,['High CVSS vulnerability'],No IOC Match,Unknown,False
1196,EVT08487,58.53,Moderate,Review When Possible,Open,['Multiple failed login attempts'],No IOC Match,Unknown,False
1197,EVT08539,58.53,Moderate,Review When Possible,Open,[],No IOC Match,Unknown,False
1198,EVT03248,58.52,Moderate,Review When Possible,Open,['Multiple failed login attempts'],No IOC Match,Low,True
1199,EVT06024,58.52,Moderate,Review When Possible,Open,[],No IOC Match,Unknown,False
1200,EVT08648,58.5,Moderate,Review When Possible,Open,['High CVSS vulnerability'],No IOC Match,Low,True
1201,EVT03274,58.49,Moderate,Review When Possible,Open,[],No IOC Match,Unknown,False
1202,EVT05495,58.49,Moderate,Review When Possible,Open,['Multiple failed login attempts'],No IOC Match,Unknown,False
1203,EVT02577,58.48,Moderate,Review When Possible,Open,['High CVSS vulnerability'],No IOC Match,Unknown,False
1204,EVT01550,58.47,Moderate,Review When Possible,Open,[],No IOC Match,Unknown,False
1205,EVT04385,58.47,Moderate,Review When Possible,Open,[],No IOC Match,Unknown,False
1206,EVT02509,58.46,Moderate,Review When Possible,Open,"['High CVSS vulnerability', 'Multiple failed login attempts']",No IOC Match,Unknown,False
1207,EVT02566,58.46,Moderate,Review When Possible,Open,"['High CVSS vulnerability', 'Multiple failed login attempts']",No IOC Match,Unknown,False
1208,EVT02570,58.43,Moderate,Review When Possible,Open,['High CVSS vulnerability'],No IOC Match,Unknown,False
1209,EVT00897,58.42,Moderate,Review When Possible,Open,[],No IOC Match,Unknown,False
1210,EVT01416,58.42,Moderate,Review When Possible,Open,['High CVSS vulnerability'],No IOC Match,Unknown,False
1211,EVT05037,58.42,Moderate,Review When Possible,Open,['High CVSS vulnerability'],No IOC Match,Unknown,False
1212,EVT05183,58.42,Moderate,Review When Possible,Open,['High CVSS vulnerability'],No IOC Match,Unknown,False
1213,EVT08188,58.42,Moderate,Review When Possible,Open,['High CVSS vulnerability'],No IOC Match,Unknown,False
1214,EVT09108,58.41,Moderate,Review When Possible,Open,['High CVSS vulnerability'],No IOC Match,Unknown,False
1215,EVT01374,58.4,Moderate,Review When Possible,Open,[],No IOC Match,Unknown,False
1216,EVT08800,58.4,Moderate,Review When Possible,Open,[],No IOC Match,Unknown,False
1217,EVT00584,58.39,Moderate,Review When Possible,Open,['High CVSS vulnerability'],No IOC Match,Unknown,False
1218,EVT07025,58.39,Moderate,Review When Possible,Open,[],No IOC Match,Unknown,False
1219,EVT08235,58.38,Moderate,Review When Possible,Open,[],No IOC Match,Unknown,False
1220,EVT00656,58.37,Moderate,Review When Possible,Open,"['High CVSS vulnerability', 'Multiple failed login attempts']",No IOC Match,Unknown,False
1221,EVT07212,58.37,Moderate,Review When Possible,Open,['High CVSS vulnerability'],No IOC Match,Unknown,False
1222,EVT03205,58.36,Moderate,Review When Possible,Open,[],No IOC Match,Unknown,False
1223,EVT00516,58.35,Moderate,Review When Possible,Open,[],No IOC Match,Unknown,False
1224,EVT01243,58.35,Moderate,Review When Possible,Open,['High CVSS vulnerability'],No IOC Match,Unknown,False
1225,EVT09272,58.35,Moderate,Review When Possible,Open,['Multiple failed login attempts'],No IOC Match,Unknown,False
1226,EVT00214,58.34,Moderate,Review When Possible,Open,[],No IOC Match,Unknown,False
1227,EVT03282,58.34,Moderate,Review When Possible,Open,['Multiple failed login attempts'],No IOC Match,Unknown,False
1228,EVT08281,58.34,Moderate,Review When Possible,Open,['Multiple failed login attempts'],No IOC Match,Medium,True
1229,EVT07670,58.33,Moderate,Review When Possible,Open,[],No IOC Match,Unknown,False
1230,EVT00612,58.32,Moderate,Review When Possible,Open,['High CVSS vulnerability'],No IOC Match,Unknown,False
1231,EVT05431,58.32,Moderate,Review When Possible,Open,['Multiple failed login attempts'],No IOC Match,Unknown,False
1232,EVT02712,58.31,Moderate,Review When Possible,Open,[],No IOC Match,Unknown,False
1233,EVT00807,58.29,Moderate,Review When Possible,Open,[],No IOC Match,Unknown,False
1234,EVT02280,58.27,Moderate,Review When Possible,Open,['Multiple failed login attempts'],No IOC Match,Unknown,False
1235,EVT09630,58.27,Moderate,Review When Possible,Open,[],No IOC Match,Unknown,False
1236,EVT01216,58.25,Moderate,Review When Possible,Open,['High CVSS vulnerability'],No IOC Match,Unknown,False
1237,EVT02062,58.25,Moderate,Review When Possible,Open,['Multiple failed login attempts'],No IOC Match,Unknown,False
1238,EVT08692,58.25,Moderate,Review When Possible,Open,[],No IOC Match,Unknown,False
1239,EVT02031,58.24,Moderate,Review When Possible,Open,[],No IOC Match,Unknown,False
1240,EVT07538,58.24,Moderate,Review When Possible,Open,[],No IOC Match,Unknown,False
1241,EVT01848,58.23,Moderate,Review When Possible,Open,['High CVSS vulnerability'],No IOC Match,Unknown,False
1242,EVT09863,58.23,Moderate,Review When Possible,Open,['High CVSS vulnerability'],No IOC Match,Unknown,False
1243,EVT00960,58.22,Moderate,Review When Possible,Open,[],No IOC Match,Medium,True
1244,EVT06729,58.22,Moderate,Review When Possible,Open,[],No IOC Match,Unknown,False
1245,EVT06861,58.21,Moderate,Review When Possible,Open,['High CVSS vulnerability'],No IOC Match,Unknown,False
1246,EVT08475,58.21,Moderate,Review When Possible,Open,[],No IOC Match,Unknown,False
1247,EVT06723,58.2,Moderate,Review When Possible,Open,['Multiple failed login attempts'],No IOC Match,Unknown,False
1248,EVT08811,58.2,Moderate,Review When Possible,Open,[],No IOC Match,Unknown,False
1249,EVT06558,58.17,Moderate,Review When Possible,Open,"['High CVSS vulnerability', 'Multiple failed login attempts']",No IOC Match,Unknown,False
1250,EVT09854,58.17,Moderate,Review When Possible,Open,[],No IOC Match,Unknown,False
1251,EVT02191,58.16,Moderate,Review When Possible,Open,[],No IOC Match,Unknown,False
1252,EVT03810,58.16,Moderate,Review When Possible,Open,['High CVSS vulnerability'],No IOC Match,Unknown,False
1253,EVT09907,58.16,Moderate,Review When Possible,Open,"['High CVSS vulnerability', 'Multiple failed login attempts']",No IOC Match,Unknown,False
1254,EVT09955,58.16,Moderate,Review When Possible,Open,"['High CVSS vulnerability', 'Multiple failed login attempts']",No IOC Match,Low,True
1255,EVT02362,58.15,Moderate,Review When Possible,Open,"['High CVSS vulnerability', 'Multiple failed login attempts']",No IOC Match,Unknown,False
1256,EVT05903,58.14,Moderate,Review When Possible,Open,[],No IOC Match,Unknown,False
1257,EVT06963,58.14,Moderate,Review When Possible,Open,[],No IOC Match,Unknown,False
1258,EVT01595,58.13,Moderate,Review When Possible,Open,"['High CVSS vulnerability', 'Multiple failed login attempts']",No IOC Match,Unknown,False
1259,EVT05706,58.12,Moderate,Review When Possible,Open,[],No IOC Match,High,True
1260,EVT06306,58.12,Moderate,Review When Possible,Open,"['High CVSS vulnerability', 'Multiple failed login attempts']",No IOC Match,Unknown,False
1261,EVT06763,58.09,Moderate,Review When Possible,Open,[],No IOC Match,Unknown,False
1262,EVT04813,58.08,Moderate,Review When Possible,Open,[],No IOC Match,Unknown,False
1263,EVT06165,58.08,Moderate,Review When Possible,Open,[],No IOC Match,Unknown,False
1264,EVT07111,58.08,Moderate,Review When Possible,Open,[],No IOC Match,Unknown,False
1265,EVT00201,58.06,Moderate,Review When Possible,Open,['Multiple failed login attempts'],No IOC Match,Unknown,False
1266,EVT01747,58.06,Moderate,Review When Possible,Open,[],No IOC Match,Unknown,False
1267,EVT06656,58.06,Moderate,Review When Possible,Open,['High CVSS vulnerability'],No IOC Match,Unknown,False
1268,EVT02911,58.05,Moderate,Review When Possible,Open,['High CVSS vulnerability'],No IOC Match,Unknown,False
1269,EVT07723,58.05,Moderate,Review When Possible,Open,[],No IOC Match,Unknown,False
1270,EVT04850,58.04,Moderate,Review When Possible,Open,"['High CVSS vulnerability', 'Multiple failed login attempts']",No IOC Match,Unknown,False
1271,EVT08304,58.04,Moderate,Review When Possible,Open,[],No IOC Match,Unknown,False
1272,EVT06585,58.0,Moderate,Review When Possible,Open,[],No IOC Match,Unknown,False
1273,EVT06108,57.99,Moderate,Review When Possible,Open,['High CVSS vulnerability'],No IOC Match,Unknown,False
1274,EVT02453,57.97,Moderate,Review When Possible,Open,['Multiple failed login attempts'],No IOC Match,Unknown,False
1275,EVT03113,57.96,Moderate,Review When Possible,Open,['High CVSS vulnerability'],No IOC Match,Unknown,False
1276,EVT05241,57.96,Moderate,Review When Possible,Open,[],No IOC Match,Unknown,False
1277,EVT05003,57.95,Moderate,Review When Possible,Open,['High CVSS vulnerability'],No IOC Match,Unknown,False
1278,EVT06746,57.94,Moderate,Review When Possible,Open,[],No IOC Match,Unknown,False
1279,EVT07818,57.93,Moderate,Review When Possible,Open,['High CVSS vulnerability'],No IOC Match,Unknown,False
1280,EVT02576,57.91,Moderate,Review When Possible,Open,['Multiple failed login attempts'],No IOC Match,Unknown,False
1281,EVT06580,57.91,Moderate,Review When Possible,Open,['High CVSS vulnerability'],No IOC Match,Unknown,False
1282,EVT09641,57.91,Moderate,Review When Possible,Open,['High CVSS vulnerability'],No IOC Match,Unknown,False
1283,EVT05868,57.89,Moderate,Review When Possible,Open,['High CVSS vulnerability'],No IOC Match,Unknown,False
1284,EVT04176,57.88,Moderate,Review When Possible,Open,['High CVSS vulnerability'],No IOC Match,Unknown,False
1285,EVT04487,57.86,Moderate,Review When Possible,Open,[],No IOC Match,Unknown,False
1286,EVT05270,57.86,Moderate,Review When Possible,Open,[],No IOC Match,Unknown,False
1287,EVT01707,57.85,Moderate,Review When Possible,Open,[],No IOC Match,Unknown,False
1288,EVT05946,57.85,Moderate,Review When Possible,Open,['High CVSS vulnerability'],No IOC Match,Unknown,False
1289,EVT08612,57.85,Moderate,Review When Possible,Open,['Multiple failed login attempts'],No IOC Match,Unknown,False
1290,EVT03685,57.84,Moderate,Review When Possible,Open,['High CVSS vulnerability'],No IOC Match,Unknown,False
1291,EVT00586,57.82,Moderate,Review When Possible,Open,['High CVSS vulnerability'],No IOC Match,Unknown,False
1292,EVT01983,57.82,Moderate,Review When Possible,Open,[],No IOC Match,Unknown,False
1293,EVT02651,57.82,Moderate,Review When Possible,Open,['High CVSS vulnerability'],No IOC Match,Unknown,False
1294,EVT01684,57.81,Moderate,Review When Possible,Open,['Multiple failed login attempts'],No IOC Match,Unknown,False
1295,EVT09892,57.81,Moderate,Review When Possible,Open,['High CVSS vulnerability'],No IOC Match,Unknown,False
1296,EVT09008,57.8,Moderate,Review When Possible,Open,"['High CVSS vulnerability', 'Multiple failed login attempts']",No IOC Match,Unknown,False
1297,EVT04528,57.79,Moderate,Review When Possible,Open,[],No IOC Match,Unknown,False
1298,EVT05207,57.79,Moderate,Review When Possible,Open,['Multiple failed login attempts'],No IOC Match,Unknown,False
1299,EVT06115,57.78,Moderate,Review When Possible,Open,[],No IOC Match,Unknown,False
1300,EVT07039,57.78,Moderate,Review When Possible,Open,[],No IOC Match,Unknown,False
1301,EVT00212,57.77,Moderate,Review When Possible,Open,"['High CVSS vulnerability', 'Multiple failed login attempts']",No IOC Match,Unknown,False
1302,EVT09331,57.77,Moderate,Review When Possible,Open,"['High CVSS vulnerability', 'Multiple failed login attempts']",No IOC Match,Unknown,False
1303,EVT02558,57.76,Moderate,Review When Possible,Open,['High CVSS vulnerability'],No IOC Match,High,True
1304,EVT01189,57.75,Moderate,Review When Possible,Open,['High CVSS vulnerability'],No IOC Match,Unknown,False
1305,EVT07203,57.75,Moderate,Review When Possible,Open,"['High CVSS vulnerability', 'Multiple failed login attempts']",No IOC Match,Medium,True
1306,EVT07533,57.72,Moderate,Review When Possible,Open,['High CVSS vulnerability'],No IOC Match,Unknown,False
1307,EVT05537,57.71,Moderate,Review When Possible,Open,[],No IOC Match,Unknown,False
1308,EVT04274,57.69,Moderate,Review When Possible,Open,['High CVSS vulnerability'],No IOC Match,Unknown,False
1309,EVT05160,57.69,Moderate,Review When Possible,Open,[],No IOC Match,Unknown,False
1310,EVT03145,57.67,Moderate,Review When Possible,Open,[],No IOC Match,Unknown,False
1311,EVT06607,57.67,Moderate,Review When Possible,Open,['Multiple failed login attempts'],No IOC Match,Unknown,False
1312,EVT09082,57.67,Moderate,Review When Possible,Open,['Multiple failed login attempts'],No IOC Match,Unknown,False
1313,EVT01473,57.66,Moderate,Review When Possible,Open,[],No IOC Match,Unknown,False
1314,EVT01895,57.65,Moderate,Review When Possible,Open,['High CVSS vulnerability'],No IOC Match,Unknown,False
1315,EVT06178,57.65,Moderate,Review When Possible,Open,['Multiple failed login attempts'],No IOC Match,Unknown,False
1316,EVT07244,57.65,Moderate,Review When Possible,Open,[],No IOC Match,Unknown,False
1317,EVT05760,57.64,Moderate,Review When Possible,Open,[],No IOC Match,Unknown,False
1318,EVT07960,57.63,Moderate,Review When Possible,Open,['Multiple failed login attempts'],No IOC Match,Unknown,False
1319,EVT09989,57.63,Moderate,Review When Possible,Open,[],No IOC Match,Unknown,False
1320,EVT02363,57.62,Moderate,Review When Possible,Open,['High CVSS vulnerability'],No IOC Match,Unknown,False
1321,EVT04542,57.62,Moderate,Review When Possible,Open,['Multiple failed login attempts'],No IOC Match,Unknown,False
1322,EVT07218,57.62,Moderate,Review When Possible,Open,[],No IOC Match,Unknown,False
1323,EVT03135,57.61,Moderate,Review When Possible,Open,[],No IOC Match,Unknown,False
1324,EVT03212,57.6,Moderate,Review When Possible,Open,[],No IOC Match,Unknown,False
1325,EVT00177,57.58,Moderate,Review When Possible,Open,[],No IOC Match,Unknown,False
1326,EVT00687,57.58,Moderate,Review When Possible,Open,[],No IOC Match,Unknown,False
1327,EVT01121,57.58,Moderate,Review When Possible,Open,[],No IOC Match,Unknown,False
1328,EVT08575,57.58,Moderate,Review When Possible,Open,['Multiple failed login attempts'],No IOC Match,Unknown,False
1329,EVT01714,57.57,Moderate,Review When Possible,Open,[],No IOC Match,Unknown,False
1330,EVT03670,57.57,Moderate,Review When Possible,Open,['Multiple failed login attempts'],No IOC Match,Unknown,False
1331,EVT07465,57.57,Moderate,Review When Possible,Open,[],No IOC Match,Unknown,False
1332,EVT08114,57.57,Moderate,Review When Possible,Open,[],No IOC Match,Unknown,False
1333,EVT00035,57.56,Moderate,Review When Possible,Open,['Critical asset'],No IOC Match,Critical,True
1334,EVT01815,57.56,Moderate,Review When Possible,Open,[],No IOC Match,Unknown,False
1335,EVT07436,57.56,Moderate,Review When Possible,Open,['High CVSS vulnerability'],No IOC Match,Unknown,False
1336,EVT03601,57.52,Moderate,Review When Possible,Open,['Multiple failed login attempts'],No IOC Match,Unknown,False
1337,EVT04409,57.52,Moderate,Review When Possible,Open,[],No IOC Match,Unknown,False
1338,EVT05874,57.52,Moderate,Review When Possible,Open,['High CVSS vulnerability'],No IOC Match,Unknown,False
1339,EVT02053,57.51,Moderate,Review When Possible,Open,[],No IOC Match,Unknown,False
1340,EVT06815,57.51,Moderate,Review When Possible,Open,[],No IOC Match,Unknown,False
1341,EVT09145,57.51,Moderate,Review When Possible,Open,['High CVSS vulnerability'],No IOC Match,Unknown,False
1342,EVT08381,57.49,Moderate,Review When Possible,Open,['Multiple failed login attempts'],No IOC Match,Unknown,False
1343,EVT00480,57.48,Moderate,Review When Possible,Open,['High CVSS vulnerability'],No IOC Match,Unknown,False
1344,EVT01645,57.48,Moderate,Review When Possible,Open,['High CVSS vulnerability'],No IOC Match,Unknown,False
1345,EVT02082,57.48,Moderate,Review When Possible,Open,[],No IOC Match,Unknown,False
1346,EVT00033,57.47,Moderate,Review When Possible,Open,[],No IOC Match,Medium,True
1347,EVT05319,57.47,Moderate,Review When Possible,Open,['High CVSS vulnerability'],No IOC Match,High,True
1348,EVT05790,57.47,Moderate,Review When Possible,Open,['High CVSS vulnerability'],No IOC Match,Unknown,False
1349,EVT09583,57.47,Moderate,Review When Possible,Open,[],No IOC Match,Unknown,False
1350,EVT00153,57.46,Moderate,Review When Possible,Open,['High CVSS vulnerability'],No IOC Match,Unknown,False
1351,EVT00179,57.46,Moderate,Review When Possible,Open,[],No IOC Match,Unknown,False
1352,EVT04958,57.45,Moderate,Review When Possible,Open,[],No IOC Match,Unknown,False
1353,EVT07311,57.45,Moderate,Review When Possible,Open,['High CVSS vulnerability'],No IOC Match,Unknown,False
1354,EVT08979,57.44,Moderate,Review When Possible,Open,['Multiple failed login attempts'],No IOC Match,Unknown,False
1355,EVT05731,57.43,Moderate,Review When Possible,Open,[],No IOC Match,Unknown,False
1356,EVT08489,57.43,Moderate,Review When Possible,Open,['High CVSS vulnerability'],No IOC Match,Unknown,False
1357,EVT08749,57.43,Moderate,Review When Possible,Open,['High CVSS vulnerability'],No IOC Match,Unknown,False
1358,EVT03208,57.41,Moderate,Review When Possible,Open,[],No IOC Match,Unknown,False
1359,EVT05656,57.41,Moderate,Review When Possible,Open,['High CVSS vulnerability'],No IOC Match,Unknown,False
1360,EVT09926,57.39,Moderate,Review When Possible,Open,[],No IOC Match,Unknown,False
1361,EVT04295,57.38,Moderate,Review When Possible,Open,[],No IOC Match,Unknown,False
1362,EVT00554,57.37,Moderate,Review When Possible,Open,[],No IOC Match,Medium,True
1363,EVT01149,57.37,Moderate,Review When Possible,Open,['High CVSS vulnerability'],No IOC Match,Unknown,False
1364,EVT06003,57.37,Moderate,Review When Possible,Open,[],No IOC Match,Unknown,False
1365,EVT07094,57.37,Moderate,Review When Possible,Open,['High CVSS vulnerability'],No IOC Match,Unknown,False
1366,EVT03170,57.36,Moderate,Review When Possible,Open,['High CVSS vulnerability'],No IOC Match,Unknown,False
1367,EVT06128,57.36,Moderate,Review When Possible,Open,[],No IOC Match,Unknown,False
1368,EVT09978,57.35,Moderate,Review When Possible,Open,[],No IOC Match,Unknown,False
1369,EVT07642,57.33,Moderate,Review When Possible,Open,[],No IOC Match,Unknown,False
1370,EVT05044,57.32,Moderate,Review When Possible,Open,['High CVSS vulnerability'],No IOC Match,Unknown,False
1371,EVT08169,57.32,Moderate,Review When Possible,Open,[],No IOC Match,Unknown,False
1372,EVT08424,57.3,Moderate,Review When Possible,Open,['Multiple failed login attempts'],No IOC Match,Unknown,False
1373,EVT08035,57.29,Moderate,Review When Possible,Open,['Multiple failed login attempts'],No IOC Match,Unknown,False
1374,EVT08638,57.29,Moderate,Review When Possible,Open,['Multiple failed login attempts'],No IOC Match,Unknown,False
1375,EVT05089,57.28,Moderate,Review When Possible,Open,['Multiple failed login attempts'],No IOC Match,Unknown,False
1376,EVT03561,57.27,Moderate,Review When Possible,Open,[],No IOC Match,Unknown,False
1377,EVT04416,57.27,Moderate,Review When Possible,Open,"['High CVSS vulnerability', 'Multiple failed login attempts']",No IOC Match,Unknown,False
1378,EVT07180,57.27,Moderate,Review When Possible,Open,['High CVSS vulnerability'],No IOC Match,Unknown,False
1379,EVT07247,57.27,Moderate,Review When Possible,Open,['High CVSS vulnerability'],No IOC Match,Unknown,False
1380,EVT01972,57.26,Moderate,Review When Possible,Open,[],No IOC Match,Unknown,False
1381,EVT02079,57.26,Moderate,Review When Possible,Open,[],No IOC Match,Unknown,False
1382,EVT06116,57.26,Moderate,Review When Possible,Open,[],No IOC Match,Unknown,False
1383,EVT06988,57.25,Moderate,Review When Possible,Open,['Multiple failed login attempts'],No IOC Match,Unknown,False
1384,EVT07206,57.24,Moderate,Review When Possible,Open,['High CVSS vulnerability'],No IOC Match,Medium,True
1385,EVT08910,57.24,Moderate,Review When Possible,Open,[],No IOC Match,Unknown,False
1386,EVT02263,57.23,Moderate,Review When Possible,Open,['Multiple failed login attempts'],No IOC Match,Unknown,False
1387,EVT07175,57.23,Moderate,Review When Possible,Open,[],No IOC Match,Unknown,False
1388,EVT07548,57.23,Moderate,Review When Possible,Open,[],No IOC Match,Unknown,False
1389,EVT08613,57.22,Moderate,Review When Possible,Open,['High CVSS vulnerability'],No IOC Match,Unknown,False
1390,EVT02644,57.21,Moderate,Review When Possible,Open,['High CVSS vulnerability'],No IOC Match,Unknown,False
1391,EVT04713,57.21,Moderate,Review When Possible,Open,['Multiple failed login attempts'],No IOC Match,Unknown,False
1392,EVT06964,57.21,Moderate,Review When Possible,Open,[],No IOC Match,Unknown,False
1393,EVT08101,57.2,Moderate,Review When Possible,Open,[],No IOC Match,Unknown,False
1394,EVT00267,57.19,Moderate,Review When Possible,Open,[],No IOC Match,Unknown,False
1395,EVT01770,57.19,Moderate,Review When Possible,Open,['Multiple failed login attempts'],No IOC Match,Unknown,False
1396,EVT02440,57.17,Moderate,Review When Possible,Open,['Multiple failed login attempts'],No IOC Match,Unknown,False
1397,EVT04540,57.17,Moderate,Review When Possible,Open,[],No IOC Match,Unknown,False
1398,EVT02912,57.16,Moderate,Review When Possible,Open,['High CVSS vulnerability'],No IOC Match,Unknown,False
1399,EVT05148,57.16,Moderate,Review When Possible,Open,[],No IOC Match,Unknown,False
1400,EVT06385,57.16,Moderate,Review When Possible,Open,[],No IOC Match,Medium,True
1401,EVT07667,57.16,Moderate,Review When Possible,Open,[],No IOC Match,Unknown,False
1402,EVT07694,57.15,Moderate,Review When Possible,Open,[],No IOC Match,Unknown,False
1403,EVT01412,57.14,Moderate,Review When Possible,Open,['High CVSS vulnerability'],No IOC Match,Unknown,False
1404,EVT08485,57.14,Moderate,Review When Possible,Open,['High CVSS vulnerability'],No IOC Match,Unknown,False
1405,EVT02137,57.12,Moderate,Review When Possible,Open,['High CVSS vulnerability'],No IOC Match,Unknown,False
1406,EVT07442,57.12,Moderate,Review When Possible,Open,['High CVSS vulnerability'],No IOC Match,Unknown,False
1407,EVT08154,57.12,Moderate,Review When Possible,Open,[],No IOC Match,Unknown,False
1408,EVT09602,57.12,Moderate,Review When Possible,Open,[],No IOC Match,Unknown,False
1409,EVT09671,57.12,Moderate,Review When Possible,Open,['High CVSS vulnerability'],No IOC Match,Unknown,False
1410,EVT02316,57.11,Moderate,Review When Possible,Open,[],No IOC Match,Unknown,False
1411,EVT07185,57.11,Moderate,Review When Possible,Open,['High CVSS vulnerability'],No IOC Match,Unknown,False
1412,EVT06058,57.1,Moderate,Review When Possible,Open,[],No IOC Match,Unknown,False
1413,EVT09311,57.09,Moderate,Review When Possible,Open,[],No IOC Match,Unknown,False
1414,EVT05690,57.08,Moderate,Review When Possible,Open,['High CVSS vulnerability'],No IOC Match,Unknown,False
1415,EVT06241,57.08,Moderate,Review When Possible,Open,"['High CVSS vulnerability', 'Multiple failed login attempts']",No IOC Match,Unknown,False
1416,EVT07903,57.07,Moderate,Review When Possible,Open,['Multiple failed login attempts'],No IOC Match,Unknown,False
1417,EVT06542,57.06,Moderate,Review When Possible,Open,['High CVSS vulnerability'],No IOC Match,Unknown,False
1418,EVT00263,57.05,Moderate,Review When Possible,Open,['Multiple failed login attempts'],No IOC Match,Unknown,False
1419,EVT09745,57.05,Moderate,Review When Possible,Open,['High CVSS vulnerability'],No IOC Match,Unknown,False
1420,EVT03682,57.04,Moderate,Review When Possible,Open,['High CVSS vulnerability'],No IOC Match,Unknown,False
1421,EVT06718,57.04,Moderate,Review When Possible,Open,['Multiple failed login attempts'],No IOC Match,Unknown,False
1422,EVT06817,57.04,Moderate,Review When Possible,Open,"['High ML confidence', 'High CVSS vulnerability', 'Multiple failed login attempts']",No IOC Match,Unknown,False
1423,EVT06823,57.04,Moderate,Review When Possible,Open,[],No IOC Match,Unknown,False
1424,EVT06959,57.04,Moderate,Review When Possible,Open,['High CVSS vulnerability'],No IOC Match,Unknown,False
1425,EVT03542,57.03,Moderate,Review When Possible,Open,[],No IOC Match,Unknown,False
1426,EVT04172,57.02,Moderate,Review When Possible,Open,['High CVSS vulnerability'],No IOC Match,Unknown,False
1427,EVT00770,57.01,Moderate,Review When Possible,Open,[],No IOC Match,Unknown,False
1428,EVT05787,57.01,Moderate,Review When Possible,Open,[],No IOC Match,Unknown,False
1429,EVT07321,57.01,Moderate,Review When Possible,Open,[],No IOC Match,Unknown,False
1430,EVT07975,56.99,Moderate,Review When Possible,Open,['High CVSS vulnerability'],No IOC Match,Unknown,False
1431,EVT03421,56.98,Moderate,Review When Possible,Open,['High CVSS vulnerability'],No IOC Match,Unknown,False
1432,EVT02327,56.97,Moderate,Review When Possible,Open,['Multiple failed login attempts'],No IOC Match,Unknown,False
1433,EVT09606,56.97,Moderate,Review When Possible,Open,['Multiple failed login attempts'],No IOC Match,Unknown,False
1434,EVT04424,56.96,Moderate,Review When Possible,Open,[],No IOC Match,Unknown,False
1435,EVT02691,56.95,Moderate,Review When Possible,Open,['Critical asset'],No IOC Match,Critical,True
1436,EVT03687,56.95,Moderate,Review When Possible,Open,['High CVSS vulnerability'],No IOC Match,Unknown,False
1437,EVT03463,56.94,Moderate,Review When Possible,Open,[],No IOC Match,Unknown,False
1438,EVT07715,56.94,Moderate,Review When Possible,Open,['Multiple failed login attempts'],No IOC Match,Unknown,False
1439,EVT00823,56.93,Moderate,Review When Possible,Open,[],No IOC Match,Unknown,False
1440,EVT09019,56.93,Moderate,Review When Possible,Open,['High CVSS vulnerability'],No IOC Match,Unknown,False
1441,EVT00012,56.92,Moderate,Review When Possible,Open,[],Suspicious,Unknown,False
1442,EVT02220,56.91,Moderate,Review When Possible,Open,['High CVSS vulnerability'],No IOC Match,Unknown,False
1443,EVT06591,56.91,Moderate,Review When Possible,Open,['Multiple failed login attempts'],No IOC Match,Unknown,False
1444,EVT01226,56.9,Moderate,Review When Possible,Open,[],No IOC Match,Unknown,False
1445,EVT01415,56.9,Moderate,Review When Possible,Open,"['High CVSS vulnerability', 'Multiple failed login attempts']",No IOC Match,Unknown,False
1446,EVT01666,56.9,Moderate,Review When Possible,Open,[],No IOC Match,Unknown,False
1447,EVT03691,56.9,Moderate,Review When Possible,Open,"['High CVSS vulnerability', 'Multiple failed login attempts']",No IOC Match,Unknown,False
1448,EVT05025,56.89,Moderate,Review When Possible,Open,['High CVSS vulnerability'],No IOC Match,Unknown,False
1449,EVT06836,56.89,Moderate,Review When Possible,Open,[],No IOC Match,Unknown,False
1450,EVT05855,56.88,Moderate,Review When Possible,Open,['Multiple failed login attempts'],No IOC Match,Unknown,False
1451,EVT09232,56.88,Moderate,Review When Possible,Open,['High CVSS vulnerability'],No IOC Match,Unknown,False
1452,EVT06149,56.87,Moderate,Review When Possible,Open,['High CVSS vulnerability'],No IOC Match,Unknown,False
1453,EVT01125,56.85,Moderate,Review When Possible,Open,['High CVSS vulnerability'],No IOC Match,Unknown,False
1454,EVT02575,56.85,Moderate,Review When Possible,Open,['High CVSS vulnerability'],No IOC Match,Unknown,False
1455,EVT06484,56.85,Moderate,Review When Possible,Open,[],No IOC Match,Unknown,False
1456,EVT04417,56.83,Moderate,Review When Possible,Open,[],No IOC Match,Unknown,False
1457,EVT07760,56.82,Moderate,Review When Possible,Open,['High CVSS vulnerability'],No IOC Match,Unknown,False
1458,EVT02506,56.81,Moderate,Review When Possible,Open,['High CVSS vulnerability'],No IOC Match,Unknown,False
1459,EVT07652,56.81,Moderate,Review When Possible,Open,['High CVSS vulnerability'],No IOC Match,Unknown,False
1460,EVT06768,56.8,Moderate,Review When Possible,Open,[],No IOC Match,Unknown,False
1461,EVT02285,56.79,Moderate,Review When Possible,Open,"['High CVSS vulnerability', 'Multiple failed login attempts']",No IOC Match,Unknown,False
1462,EVT04700,56.79,Moderate,Review When Possible,Open,[],No IOC Match,Unknown,False
1463,EVT07266,56.79,Moderate,Review When Possible,Open,['High CVSS vulnerability'],No IOC Match,High,True
1464,EVT00491,56.78,Moderate,Review When Possible,Open,['High CVSS vulnerability'],No IOC Match,Unknown,False
1465,EVT08268,56.78,Moderate,Review When Possible,Open,[],No IOC Match,Unknown,False
1466,EVT07752,56.77,Moderate,Review When Possible,Open,['High CVSS vulnerability'],No IOC Match,Unknown,False
1467,EVT06406,56.75,Moderate,Review When Possible,Open,['High CVSS vulnerability'],No IOC Match,Unknown,False
1468,EVT00143,56.74,Moderate,Review When Possible,Open,['High CVSS vulnerability'],No IOC Match,Unknown,False
1469,EVT06589,56.74,Moderate,Review When Possible,Open,[],No IOC Match,Unknown,False
1470,EVT07602,56.74,Moderate,Review When Possible,Open,[],No IOC Match,Unknown,False
1471,EVT03048,56.73,Moderate,Review When Possible,Open,[],No IOC Match,Medium,True
1472,EVT03213,56.73,Moderate,Review When Possible,Open,['High CVSS vulnerability'],No IOC Match,Unknown,False
1473,EVT09257,56.73,Moderate,Review When Possible,Open,[],No IOC Match,Unknown,False
1474,EVT02376,56.72,Moderate,Review When Possible,Open,[],No IOC Match,Unknown,False
1475,EVT05018,56.72,Moderate,Review When Possible,Open,['High CVSS vulnerability'],No IOC Match,Unknown,False
1476,EVT00615,56.71,Moderate,Review When Possible,Open,['High CVSS vulnerability'],No IOC Match,Unknown,False
1477,EVT00809,56.71,Moderate,Review When Possible,Open,"['High CVSS vulnerability', 'Multiple failed login attempts']",No IOC Match,Unknown,False
1478,EVT00493,56.69,Moderate,Review When Possible,Open,[],No IOC Match,Unknown,False
1479,EVT03812,56.69,Moderate,Review When Possible,Open,['High CVSS vulnerability'],No IOC Match,Unknown,False
1480,EVT04518,56.68,Moderate,Review When Possible,Open,[],No IOC Match,Unknown,False
1481,EVT08205,56.68,Moderate,Review When Possible,Open,[],No IOC Match,Unknown,False
1482,EVT09545,56.68,Moderate,Review When Possible,Open,[],No IOC Match,Unknown,False
1483,EVT03263,56.67,Moderate,Review When Possible,Open,"['High CVSS vulnerability', 'Multiple failed login attempts']",No IOC Match,Unknown,False
1484,EVT00131,56.63,Moderate,Review When Possible,Open,['Multiple failed login attempts'],No IOC Match,Unknown,False
1485,EVT09122,56.63,Moderate,Review When Possible,Open,['High CVSS vulnerability'],No IOC Match,Unknown,False
1486,EVT01731,56.62,Moderate,Review When Possible,Open,['High CVSS vulnerability'],No IOC Match,Unknown,False
1487,EVT07646,56.62,Moderate,Review When Possible,Open,['High CVSS vulnerability'],No IOC Match,Unknown,False
1488,EVT08447,56.62,Moderate,Review When Possible,Open,['High CVSS vulnerability'],No IOC Match,Unknown,False
1489,EVT00101,56.61,Moderate,Review When Possible,Open,"['High CVSS vulnerability', 'Multiple failed login attempts']",No IOC Match,Unknown,False
1490,EVT00780,56.61,Moderate,Review When Possible,Open,[],No IOC Match,Unknown,False
1491,EVT02205,56.61,Moderate,Review When Possible,Open,['High CVSS vulnerability'],No IOC Match,Unknown,False
1492,EVT03898,56.61,Moderate,Review When Possible,Open,['High CVSS vulnerability'],No IOC Match,Unknown,False
1493,EVT05717,56.6,Moderate,Review When Possible,Open,['Multiple failed login attempts'],No IOC Match,Unknown,False
1494,EVT01348,56.59,Moderate,Review When Possible,Open,[],No IOC Match,Unknown,False
1495,EVT02750,56.59,Moderate,Review When Possible,Open,[],No IOC Match,Unknown,False
1496,EVT04832,56.59,Moderate,Review When Possible,Open,[],No IOC Match,Unknown,False
1497,EVT07513,56.58,Moderate,Review When Possible,Open,['High CVSS vulnerability'],No IOC Match,Unknown,False
1498,EVT01984,56.56,Moderate,Review When Possible,Open,"['High CVSS vulnerability', 'Multiple failed login attempts']",No IOC Match,Unknown,False
1499,EVT05199,56.56,Moderate,Review When Possible,Open,[],No IOC Match,Unknown,False
1500,EVT00566,56.54,Moderate,Review When Possible,Open,['Multiple failed login attempts'],No IOC Match,Unknown,False
1501,EVT04507,56.53,Moderate,Review When Possible,Open,"['High CVSS vulnerability', 'Multiple failed login attempts']",No IOC Match,Unknown,False
1502,EVT05884,56.53,Moderate,Review When Possible,Open,['High CVSS vulnerability'],No IOC Match,Unknown,False
1503,EVT08925,56.52,Moderate,Review When Possible,Open,[],No IOC Match,Unknown,False
1504,EVT04472,56.51,Moderate,Review When Possible,Open,"['High CVSS vulnerability', 'Multiple failed login attempts']",No IOC Match,Unknown,False
1505,EVT04328,56.5,Moderate,Review When Possible,Open,[],No IOC Match,Unknown,False
1506,EVT03335,56.48,Moderate,Review When Possible,Open,['Multiple failed login attempts'],No IOC Match,Unknown,False
1507,EVT08986,56.48,Moderate,Review When Possible,Open,['High CVSS vulnerability'],No IOC Match,Unknown,False
1508,EVT03914,56.47,Moderate,Review When Possible,Open,['High CVSS vulnerability'],No IOC Match,Unknown,False
1509,EVT07264,56.47,Moderate,Review When Possible,Open,['Multiple failed login attempts'],No IOC Match,Unknown,False
1510,EVT07685,56.45,Moderate,Review When Possible,Open,[],No IOC Match,Unknown,False
1511,EVT06018,56.44,Moderate,Review When Possible,Open,[],No IOC Match,Unknown,False
1512,EVT00771,56.43,Moderate,Review When Possible,Open,['Multiple failed login attempts'],No IOC Match,Unknown,False
1513,EVT02961,56.43,Moderate,Review When Possible,Open,['Multiple failed login attempts'],No IOC Match,Unknown,False
1514,EVT02648,56.42,Moderate,Review When Possible,Open,"['High CVSS vulnerability', 'Multiple failed login attempts']",No IOC Match,Unknown,False
1515,EVT06030,56.42,Moderate,Review When Possible,Open,['High CVSS vulnerability'],No IOC Match,Unknown,False
1516,EVT02124,56.41,Moderate,Review When Possible,Open,[],No IOC Match,Unknown,False
1517,EVT04563,56.41,Moderate,Review When Possible,Open,['Multiple failed login attempts'],No IOC Match,Unknown,False
1518,EVT08783,56.4,Moderate,Review When Possible,Open,['High CVSS vulnerability'],No IOC Match,Unknown,False
1519,EVT09284,56.39,Moderate,Review When Possible,Open,['High CVSS vulnerability'],No IOC Match,Unknown,False
1520,EVT00016,56.38,Moderate,Review When Possible,Open,['Multiple failed login attempts'],No IOC Match,Unknown,False
1521,EVT03809,56.38,Moderate,Review When Possible,Open,['High CVSS vulnerability'],No IOC Match,Unknown,False
1522,EVT03875,56.38,Moderate,Review When Possible,Open,['Multiple failed login attempts'],No IOC Match,Unknown,False
1523,EVT08708,56.38,Moderate,Review When Possible,Open,[],No IOC Match,Unknown,False
1524,EVT00678,56.36,Moderate,Review When Possible,Open,[],No IOC Match,Unknown,False
1525,EVT01760,56.36,Moderate,Review When Possible,Open,['High CVSS vulnerability'],No IOC Match,Unknown,False
1526,EVT02844,56.36,Moderate,Review When Possible,Open,['High CVSS vulnerability'],No IOC Match,Unknown,False
1527,EVT04627,56.36,Moderate,Review When Possible,Open,[],No IOC Match,Unknown,False
1528,EVT05444,56.36,Moderate,Review When Possible,Open,[],No IOC Match,Unknown,False
1529,EVT05964,56.36,Moderate,Review When Possible,Open,[],No IOC Match,High,True
1530,EVT07816,56.36,Moderate,Review When Possible,Open,"['High CVSS vulnerability', 'Multiple failed login attempts']",No IOC Match,Unknown,False
1531,EVT09462,56.36,Moderate,Review When Possible,Open,['High CVSS vulnerability'],No IOC Match,Unknown,False
1532,EVT06280,56.35,Moderate,Review When Possible,Open,[],No IOC Match,High,True
1533,EVT09446,56.35,Moderate,Review When Possible,Open,['High CVSS vulnerability'],No IOC Match,Unknown,False
1534,EVT01663,56.33,Moderate,Review When Possible,Open,['Multiple failed login attempts'],No IOC Match,Unknown,False
1535,EVT04943,56.32,Moderate,Review When Possible,Open,['High CVSS vulnerability'],No IOC Match,Unknown,False
1536,EVT05284,56.32,Moderate,Review When Possible,Open,['High CVSS vulnerability'],No IOC Match,Unknown,False
1537,EVT01360,56.31,Moderate,Review When Possible,Open,['High CVSS vulnerability'],No IOC Match,Unknown,False
1538,EVT02270,56.31,Moderate,Review When Possible,Open,['High CVSS vulnerability'],No IOC Match,Unknown,False
1539,EVT05380,56.31,Moderate,Review When Possible,Open,"['High CVSS vulnerability', 'Multiple failed login attempts']",No IOC Match,Unknown,False
1540,EVT02544,56.29,Moderate,Review When Possible,Open,['High CVSS vulnerability'],No IOC Match,Unknown,False
1541,EVT04920,56.29,Moderate,Review When Possible,Open,['High CVSS vulnerability'],No IOC Match,Unknown,False
1542,EVT02058,56.28,Moderate,Review When Possible,Open,[],No IOC Match,Unknown,False
1543,EVT07579,56.28,Moderate,Review When Possible,Open,['High CVSS vulnerability'],No IOC Match,Unknown,False
1544,EVT00070,56.27,Moderate,Review When Possible,Open,['High CVSS vulnerability'],No IOC Match,Unknown,False
1545,EVT06512,56.27,Moderate,Review When Possible,Open,['Multiple failed login attempts'],No IOC Match,Unknown,False
1546,EVT02217,56.26,Moderate,Review When Possible,Open,"['High CVSS vulnerability', 'Multiple failed login attempts']",No IOC Match,Unknown,False
1547,EVT09500,56.26,Moderate,Review When Possible,Open,['High CVSS vulnerability'],No IOC Match,Unknown,False
1548,EVT00541,56.25,Moderate,Review When Possible,Open,['High CVSS vulnerability'],No IOC Match,Unknown,False
1549,EVT01176,56.23,Moderate,Review When Possible,Open,['High CVSS vulnerability'],No IOC Match,Unknown,False
1550,EVT07235,56.23,Moderate,Review When Possible,Open,"['High CVSS vulnerability', 'Multiple failed login attempts']",No IOC Match,Unknown,False
1551,EVT03605,56.22,Moderate,Review When Possible,Open,"['High CVSS vulnerability', 'Multiple failed login attempts']",No IOC Match,Unknown,False
1552,EVT07471,56.22,Moderate,Review When Possible,Open,[],No IOC Match,Unknown,False
1553,EVT03673,56.21,Moderate,Review When Possible,Open,['High CVSS vulnerability'],No IOC Match,Unknown,False
1554,EVT09716,56.21,Moderate,Review When Possible,Open,[],No IOC Match,Medium,True
1555,EVT01835,56.2,Moderate,Review When Possible,Open,['Multiple failed login attempts'],No IOC Match,Unknown,False
1556,EVT01912,56.2,Moderate,Review When Possible,Open,['Multiple failed login attempts'],No IOC Match,Unknown,False
1557,EVT01319,56.19,Moderate,Review When Possible,Open,['Multiple failed login attempts'],No IOC Match,Unknown,False
1558,EVT08293,56.19,Moderate,Review When Possible,Open,['Multiple failed login attempts'],No IOC Match,Unknown,False
1559,EVT03543,56.17,Moderate,Review When Possible,Open,"['High CVSS vulnerability', 'Multiple failed login attempts']",No IOC Match,Unknown,False
1560,EVT09263,56.17,Moderate,Review When Possible,Open,[],No IOC Match,Unknown,False
1561,EVT03080,56.16,Moderate,Review When Possible,Open,['High CVSS vulnerability'],No IOC Match,Unknown,False
1562,EVT06636,56.16,Moderate,Review When Possible,Open,['High CVSS vulnerability'],No IOC Match,Unknown,False
1563,EVT09751,56.16,Moderate,Review When Possible,Open,[],No IOC Match,Unknown,False
1564,EVT00501,56.15,Moderate,Review When Possible,Open,['High CVSS vulnerability'],No IOC Match,Unknown,False
1565,EVT03781,56.15,Moderate,Review When Possible,Open,['Multiple failed login attempts'],No IOC Match,Unknown,False
1566,EVT04804,56.14,Moderate,Review When Possible,Open,['High CVSS vulnerability'],No IOC Match,Unknown,False
1567,EVT05937,56.14,Moderate,Review When Possible,Open,['Multiple failed login attempts'],No IOC Match,Unknown,False
1568,EVT01449,56.13,Moderate,Review When Possible,Open,[],No IOC Match,Unknown,False
1569,EVT02903,56.13,Moderate,Review When Possible,Open,[],No IOC Match,Unknown,False
1570,EVT07337,56.12,Moderate,Review When Possible,Open,['High CVSS vulnerability'],No IOC Match,Unknown,False
1571,EVT01477,56.11,Moderate,Review When Possible,Open,['High CVSS vulnerability'],No IOC Match,Unknown,False
1572,EVT05642,56.11,Moderate,Review When Possible,Open,['High CVSS vulnerability'],No IOC Match,Unknown,False
1573,EVT04772,56.1,Moderate,Review When Possible,Open,[],No IOC Match,Unknown,False
1574,EVT05675,56.1,Moderate,Review When Possible,Open,['High CVSS vulnerability'],No IOC Match,Unknown,False
1575,EVT01262,56.09,Moderate,Review When Possible,Open,[],No IOC Match,Unknown,False
1576,EVT08092,56.09,Moderate,Review When Possible,Open,['High CVSS vulnerability'],No IOC Match,Unknown,False
1577,EVT08103,56.09,Moderate,Review When Possible,Open,['High CVSS vulnerability'],No IOC Match,Unknown,False
1578,EVT00401,56.08,Moderate,Review When Possible,Open,['Multiple failed login attempts'],No IOC Match,Unknown,False
1579,EVT09079,56.08,Moderate,Review When Possible,Open,['Multiple failed login attempts'],No IOC Match,Unknown,False
1580,EVT06711,56.07,Moderate,Review When Possible,Open,[],No IOC Match,Unknown,False
1581,EVT07986,56.07,Moderate,Review When Possible,Open,['High CVSS vulnerability'],No IOC Match,Unknown,False
1582,EVT07674,56.06,Moderate,Review When Possible,Open,['High CVSS vulnerability'],No IOC Match,Unknown,False
1583,EVT09595,56.06,Moderate,Review When Possible,Open,['High CVSS vulnerability'],No IOC Match,Unknown,False
1584,EVT00208,56.05,Moderate,Review When Possible,Open,['Multiple failed login attempts'],No IOC Match,Unknown,False
1585,EVT05504,56.04,Moderate,Review When Possible,Open,[],No IOC Match,Unknown,False
1586,EVT06080,56.04,Moderate,Review When Possible,Open,['Critical asset'],No IOC Match,Critical,True
1587,EVT07313,56.04,Moderate,Review When Possible,Open,[],No IOC Match,Unknown,False
1588,EVT07318,56.04,Moderate,Review When Possible,Open,[],No IOC Match,Unknown,False
1589,EVT04980,56.03,Moderate,Review When Possible,Open,[],No IOC Match,Unknown,False
1590,EVT08000,56.03,Moderate,Review When Possible,Open,['High CVSS vulnerability'],No IOC Match,Unknown,False
1591,EVT00175,56.02,Moderate,Review When Possible,Open,[],No IOC Match,Unknown,False
1592,EVT01527,56.02,Moderate,Review When Possible,Open,['Multiple failed login attempts'],No IOC Match,Unknown,False
1593,EVT06916,56.02,Moderate,Review When Possible,Open,['High CVSS vulnerability'],No IOC Match,Unknown,False
1594,EVT04395,56.01,Moderate,Review When Possible,Open,['Multiple failed login attempts'],No IOC Match,Unknown,False
1595,EVT06784,56.01,Moderate,Review When Possible,Open,['High CVSS vulnerability'],No IOC Match,Unknown,False
1596,EVT07199,56.01,Moderate,Review When Possible,Open,[],No IOC Match,Unknown,False
1597,EVT01056,56.0,Moderate,Review When Possible,Open,['Multiple failed login attempts'],No IOC Match,Unknown,False
1598,EVT03025,55.99,Moderate,Review When Possible,Open,['Multiple failed login attempts'],No IOC Match,Unknown,False
1599,EVT03715,55.98,Moderate,Review When Possible,Open,['High CVSS vulnerability'],No IOC Match,Unknown,False
1600,EVT08183,55.98,Moderate,Review When Possible,Open,[],No IOC Match,Unknown,False
1601,EVT03163,55.96,Moderate,Review When Possible,Open,['High CVSS vulnerability'],No IOC Match,Unknown,False
1602,EVT06798,55.96,Moderate,Review When Possible,Open,"['High CVSS vulnerability', 'Multiple failed login attempts']",No IOC Match,Medium,True
1603,EVT04618,55.95,Moderate,Review When Possible,Open,['High CVSS vulnerability'],No IOC Match,Unknown,False
1604,EVT06790,55.95,Moderate,Review When Possible,Open,"['High CVSS vulnerability', 'Multiple failed login attempts']",No IOC Match,Unknown,False
1605,EVT02720,55.94,Moderate,Review When Possible,Open,[],No IOC Match,Unknown,False
1606,EVT06287,55.93,Moderate,Review When Possible,Open,['High CVSS vulnerability'],No IOC Match,Unknown,False
1607,EVT07397,55.92,Moderate,Review When Possible,Open,['High CVSS vulnerability'],No IOC Match,Unknown,False
1608,EVT02173,55.91,Moderate,Review When Possible,Open,[],No IOC Match,Unknown,False
1609,EVT09487,55.91,Moderate,Review When Possible,Open,['Multiple failed login attempts'],No IOC Match,Unknown,False
1610,EVT05860,55.9,Moderate,Review When Possible,Open,[],No IOC Match,Unknown,False
1611,EVT08546,55.9,Moderate,Review When Possible,Open,"['High CVSS vulnerability', 'Multiple failed login attempts']",No IOC Match,Unknown,False
1612,EVT03313,55.89,Moderate,Review When Possible,Open,[],No IOC Match,Unknown,False
1613,EVT05208,55.89,Moderate,Review When Possible,Open,"['High CVSS vulnerability', 'Multiple failed login attempts']",No IOC Match,Unknown,False
1614,EVT05843,55.89,Moderate,Review When Possible,Open,"['High CVSS vulnerability', 'Multiple failed login attempts']",No IOC Match,Unknown,False
1615,EVT02793,55.88,Moderate,Review When Possible,Open,[],No IOC Match,Unknown,False
1616,EVT03816,55.88,Moderate,Review When Possible,Open,[],No IOC Match,Unknown,False
1617,EVT03955,55.88,Moderate,Review When Possible,Open,['High CVSS vulnerability'],No IOC Match,Unknown,False
1618,EVT02662,55.85,Moderate,Review When Possible,Open,['Multiple failed login attempts'],No IOC Match,Unknown,False
1619,EVT01275,55.84,Moderate,Review When Possible,Open,['High CVSS vulnerability'],No IOC Match,Unknown,False
1620,EVT00268,55.82,Moderate,Review When Possible,Open,['High CVSS vulnerability'],No IOC Match,Unknown,False
1621,EVT05432,55.82,Moderate,Review When Possible,Open,[],No IOC Match,Unknown,False
1622,EVT08458,55.82,Moderate,Review When Possible,Open,[],No IOC Match,Unknown,False
1623,EVT03799,55.81,Moderate,Review When Possible,Open,"['High CVSS vulnerability', 'Multiple failed login attempts']",No IOC Match,Unknown,False
1624,EVT06694,55.81,Moderate,Review When Possible,Open,['High CVSS vulnerability'],No IOC Match,Unknown,False
1625,EVT02849,55.8,Moderate,Review When Possible,Open,['Multiple failed login attempts'],No IOC Match,Unknown,False
1626,EVT01476,55.79,Moderate,Review When Possible,Open,[],No IOC Match,Unknown,False
1627,EVT03507,55.79,Moderate,Review When Possible,Open,[],No IOC Match,Unknown,False
1628,EVT03846,55.79,Moderate,Review When Possible,Open,['Multiple failed login attempts'],No IOC Match,Unknown,False
1629,EVT09207,55.79,Moderate,Review When Possible,Open,[],No IOC Match,Unknown,False
1630,EVT01781,55.78,Moderate,Review When Possible,Open,['High CVSS vulnerability'],No IOC Match,Unknown,False
1631,EVT00203,55.76,Moderate,Review When Possible,Open,['High CVSS vulnerability'],No IOC Match,High,True
1632,EVT06681,55.76,Moderate,Review When Possible,Open,['High CVSS vulnerability'],No IOC Match,Unknown,False
1633,EVT08535,55.76,Moderate,Review When Possible,Open,[],No IOC Match,High,True
1634,EVT03897,55.74,Moderate,Review When Possible,Open,[],No IOC Match,Unknown,False
1635,EVT08671,55.74,Moderate,Review When Possible,Open,['High CVSS vulnerability'],No IOC Match,Unknown,False
1636,EVT05298,55.73,Moderate,Review When Possible,Open,['High CVSS vulnerability'],No IOC Match,Unknown,False
1637,EVT09477,55.72,Moderate,Review When Possible,Open,['High CVSS vulnerability'],No IOC Match,Unknown,False
1638,EVT05922,55.71,Moderate,Review When Possible,Open,['High CVSS vulnerability'],No IOC Match,Unknown,False
1639,EVT02301,55.7,Moderate,Review When Possible,Open,[],No IOC Match,Unknown,False
1640,EVT08949,55.7,Moderate,Review When Possible,Open,['High CVSS vulnerability'],No IOC Match,Unknown,False
1641,EVT09297,55.69,Moderate,Review When Possible,Open,['High CVSS vulnerability'],No IOC Match,Unknown,False
1642,EVT08128,55.68,Moderate,Review When Possible,Open,"['High CVSS vulnerability', 'Multiple failed login attempts']",No IOC Match,Unknown,False
1643,EVT00185,55.67,Moderate,Review When Possible,Open,[],No IOC Match,Unknown,False
1644,EVT08684,55.67,Moderate,Review When Possible,Open,['High CVSS vulnerability'],No IOC Match,Unknown,False
1645,EVT09969,55.67,Moderate,Review When Possible,Open,['High CVSS vulnerability'],No IOC Match,Unknown,False
1646,EVT06038,55.66,Moderate,Review When Possible,Open,['High CVSS vulnerability'],No IOC Match,Unknown,False
1647,EVT05362,55.65,Moderate,Review When Possible,Open,[],No IOC Match,Unknown,False
1648,EVT08379,55.65,Moderate,Review When Possible,Open,['High CVSS vulnerability'],No IOC Match,Unknown,False
1649,EVT02467,55.64,Moderate,Review When Possible,Open,[],No IOC Match,Unknown,False
1650,EVT00434,55.63,Moderate,Review When Possible,Open,['High CVSS vulnerability'],No IOC Match,Unknown,False
1651,EVT00474,55.63,Moderate,Review When Possible,Open,['High CVSS vulnerability'],No IOC Match,Unknown,False
1652,EVT07144,55.63,Moderate,Review When Possible,Open,[],No IOC Match,Unknown,False
1653,EVT07323,55.63,Moderate,Review When Possible,Open,[],No IOC Match,Unknown,False
1654,EVT04139,55.62,Moderate,Review When Possible,Open,[],No IOC Match,Unknown,False
1655,EVT01062,55.61,Moderate,Review When Possible,Open,['High CVSS vulnerability'],No IOC Match,Unknown,False
1656,EVT02633,55.61,Moderate,Review When Possible,Open,[],No IOC Match,Unknown,False
1657,EVT05340,55.61,Moderate,Review When Possible,Open,[],No IOC Match,Unknown,False
1658,EVT01038,55.6,Moderate,Review When Possible,Open,['Multiple failed login attempts'],No IOC Match,Unknown,False
1659,EVT00811,55.59,Moderate,Review When Possible,Open,[],No IOC Match,Unknown,False
1660,EVT08030,55.59,Moderate,Review When Possible,Open,[],No IOC Match,Unknown,False
1661,EVT09428,55.58,Moderate,Review When Possible,Open,['Multiple failed login attempts'],No IOC Match,Medium,True
1662,EVT00916,55.57,Moderate,Review When Possible,Open,[],No IOC Match,Unknown,False
1663,EVT02813,55.57,Moderate,Review When Possible,Open,['High CVSS vulnerability'],No IOC Match,Unknown,False
1664,EVT07340,55.57,Moderate,Review When Possible,Open,['Multiple failed login attempts'],No IOC Match,Unknown,False
1665,EVT04502,55.56,Moderate,Review When Possible,Open,['Multiple failed login attempts'],No IOC Match,Unknown,False
1666,EVT05545,55.56,Moderate,Review When Possible,Open,[],No IOC Match,Unknown,False
1667,EVT00963,55.54,Moderate,Review When Possible,Open,['Critical asset'],No IOC Match,Critical,True
1668,EVT07159,55.54,Moderate,Review When Possible,Open,['High CVSS vulnerability'],No IOC Match,Unknown,False
1669,EVT07280,55.54,Moderate,Review When Possible,Open,['Multiple failed login attempts'],No IOC Match,Unknown,False
1670,EVT06827,55.53,Moderate,Review When Possible,Open,['High CVSS vulnerability'],No IOC Match,Unknown,False
1671,EVT01250,55.52,Moderate,Review When Possible,Open,['Multiple failed login attempts'],No IOC Match,Unknown,False
1672,EVT03359,55.51,Moderate,Review When Possible,Open,"['High CVSS vulnerability', 'Multiple failed login attempts']",No IOC Match,Unknown,False
1673,EVT05861,55.51,Moderate,Review When Possible,Open,['High CVSS vulnerability'],No IOC Match,Unknown,False
1674,EVT08146,55.51,Moderate,Review When Possible,Open,"['Critical asset', 'High CVSS vulnerability']",No IOC Match,Critical,True
1675,EVT03204,55.5,Moderate,Review When Possible,Open,['High CVSS vulnerability'],No IOC Match,Unknown,False
1676,EVT07878,55.5,Moderate,Review When Possible,Open,['Multiple failed login attempts'],No IOC Match,Unknown,False
1677,EVT03604,55.47,Moderate,Review When Possible,Open,[],No IOC Match,Unknown,False
1678,EVT01073,55.46,Moderate,Review When Possible,Open,[],No IOC Match,Unknown,False
1679,EVT03231,55.45,Moderate,Review When Possible,Open,[],No IOC Match,Unknown,False
1680,EVT08465,55.45,Moderate,Review When Possible,Open,['Multiple failed login attempts'],No IOC Match,Unknown,False
1681,EVT05924,55.44,Moderate,Review When Possible,Open,[],No IOC Match,Unknown,False
1682,EVT08720,55.44,Moderate,Review When Possible,Open,[],No IOC Match,Unknown,False
1683,EVT09995,55.44,Moderate,Review When Possible,Open,[],No IOC Match,Unknown,False
1684,EVT08245,55.43,Moderate,Review When Possible,Open,['Multiple failed login attempts'],No IOC Match,Unknown,False
1685,EVT09178,55.43,Moderate,Review When Possible,Open,['High CVSS vulnerability'],No IOC Match,Unknown,False
1686,EVT00718,55.42,Moderate,Review When Possible,Open,[],No IOC Match,Unknown,False
1687,EVT08654,55.41,Moderate,Review When Possible,Open,['High CVSS vulnerability'],No IOC Match,Unknown,False
1688,EVT01578,55.4,Moderate,Review When Possible,Open,['Multiple failed login attempts'],No IOC Match,Unknown,False
1689,EVT01405,55.39,Moderate,Review When Possible,Open,['High CVSS vulnerability'],No IOC Match,Unknown,False
1690,EVT06053,55.39,Moderate,Review When Possible,Open,['High CVSS vulnerability'],No IOC Match,Unknown,False
1691,EVT01813,55.38,Moderate,Review When Possible,Open,['High CVSS vulnerability'],No IOC Match,Unknown,False
1692,EVT05653,55.38,Moderate,Review When Possible,Open,"['High CVSS vulnerability', 'Multiple failed login attempts']",No IOC Match,Unknown,False
1693,EVT09616,55.38,Moderate,Review When Possible,Open,"['High CVSS vulnerability', 'Multiple failed login attempts']",No IOC Match,Unknown,False
1694,EVT06738,55.37,Moderate,Review When Possible,Open,[],No IOC Match,Unknown,False
1695,EVT01748,55.36,Moderate,Review When Possible,Open,[],No IOC Match,Unknown,False
1696,EVT06828,55.36,Moderate,Review When Possible,Open,['High CVSS vulnerability'],No IOC Match,Unknown,False
1697,EVT00705,55.35,Moderate,Review When Possible,Open,[],No IOC Match,Unknown,False
1698,EVT01755,55.35,Moderate,Review When Possible,Open,['High CVSS vulnerability'],No IOC Match,Unknown,False
1699,EVT04783,55.35,Moderate,Review When Possible,Open,['High CVSS vulnerability'],No IOC Match,Unknown,False
1700,EVT08066,55.33,Moderate,Review When Possible,Open,['High CVSS vulnerability'],No IOC Match,Unknown,False
1701,EVT08698,55.33,Moderate,Review When Possible,Open,[],No IOC Match,Unknown,False
1702,EVT04717,55.32,Moderate,Review When Possible,Open,[],No IOC Match,Unknown,False
1703,EVT00886,55.31,Moderate,Review When Possible,Open,['High CVSS vulnerability'],No IOC Match,Unknown,False
1704,EVT01012,55.29,Moderate,Review When Possible,Open,[],No IOC Match,Unknown,False
1705,EVT02746,55.29,Moderate,Review When Possible,Open,['High CVSS vulnerability'],No IOC Match,Unknown,False
1706,EVT03216,55.28,Moderate,Review When Possible,Open,['Critical asset'],No IOC Match,Critical,True
1707,EVT05294,55.28,Moderate,Review When Possible,Open,['High CVSS vulnerability'],No IOC Match,Unknown,False
1708,EVT00847,55.27,Moderate,Review When Possible,Open,[],No IOC Match,Unknown,False
1709,EVT04016,55.27,Moderate,Review When Possible,Open,['High CVSS vulnerability'],No IOC Match,Unknown,False
1710,EVT06839,55.27,Moderate,Review When Possible,Open,['High CVSS vulnerability'],No IOC Match,Unknown,False
1711,EVT00731,55.26,Moderate,Review When Possible,Open,[],No IOC Match,Unknown,False
1712,EVT01442,55.25,Moderate,Review When Possible,Open,[],No IOC Match,Unknown,False
1713,EVT02091,55.24,Moderate,Review When Possible,Open,[],No IOC Match,Unknown,False
1714,EVT09694,55.24,Moderate,Review When Possible,Open,[],No IOC Match,Unknown,False
1715,EVT00446,55.23,Moderate,Review When Possible,Open,['Critical asset'],No IOC Match,Critical,True
1716,EVT00487,55.23,Moderate,Review When Possible,Open,['High CVSS vulnerability'],No IOC Match,Unknown,False
1717,EVT00819,55.23,Moderate,Review When Possible,Open,[],No IOC Match,Unknown,False
1718,EVT01447,55.22,Moderate,Review When Possible,Open,['Multiple failed login attempts'],No IOC Match,Unknown,False
1719,EVT08725,55.22,Moderate,Review When Possible,Open,[],No IOC Match,Unknown,False
1720,EVT08978,55.22,Moderate,Review When Possible,Open,[],No IOC Match,Unknown,False
1721,EVT09423,55.22,Moderate,Review When Possible,Open,['High CVSS vulnerability'],No IOC Match,Unknown,False
1722,EVT03571,55.21,Moderate,Review When Possible,Open,[],No IOC Match,High,True
1723,EVT09831,55.21,Moderate,Review When Possible,Open,[],No IOC Match,Unknown,False
1724,EVT01997,55.2,Moderate,Review When Possible,Open,['Multiple failed login attempts'],No IOC Match,Unknown,False
1725,EVT02709,55.2,Moderate,Review When Possible,Open,[],No IOC Match,Unknown,False
1726,EVT04677,55.19,Moderate,Review When Possible,Open,[],No IOC Match,Unknown,False
1727,EVT05361,55.19,Moderate,Review When Possible,Open,['High CVSS vulnerability'],No IOC Match,Unknown,False
1728,EVT08817,55.19,Moderate,Review When Possible,Open,['Multiple failed login attempts'],No IOC Match,Unknown,False
1729,EVT07621,55.18,Moderate,Review When Possible,Open,['High CVSS vulnerability'],No IOC Match,Unknown,False
1730,EVT05056,55.17,Moderate,Review When Possible,Open,['Multiple failed login attempts'],No IOC Match,Low,True
1731,EVT08071,55.17,Moderate,Review When Possible,Open,[],No IOC Match,Unknown,False
1732,EVT03795,55.16,Moderate,Review When Possible,Open,[],No IOC Match,Unknown,False
1733,EVT05242,55.16,Moderate,Review When Possible,Open,"['High CVSS vulnerability', 'Multiple failed login attempts']",No IOC Match,Unknown,False
1734,EVT04242,55.15,Moderate,Review When Possible,Open,[],No IOC Match,Unknown,False
1735,EVT09645,55.13,Moderate,Review When Possible,Open,[],No IOC Match,Unknown,False
1736,EVT03096,55.11,Moderate,Review When Possible,Open,['Multiple failed login attempts'],No IOC Match,Unknown,False
1737,EVT03309,55.11,Moderate,Review When Possible,Open,['High CVSS vulnerability'],No IOC Match,Unknown,False
1738,EVT07285,55.11,Moderate,Review When Possible,Open,[],No IOC Match,Unknown,False
1739,EVT01457,55.1,Moderate,Review When Possible,Open,['Multiple failed login attempts'],No IOC Match,Unknown,False
1740,EVT09378,55.1,Moderate,Review When Possible,Open,['High CVSS vulnerability'],No IOC Match,Low,True
1741,EVT05314,55.09,Moderate,Review When Possible,Open,['Multiple failed login attempts'],No IOC Match,Unknown,False
1742,EVT07692,55.09,Moderate,Review When Possible,Open,['High CVSS vulnerability'],No IOC Match,Unknown,False
1743,EVT02732,55.08,Moderate,Review When Possible,Open,[],No IOC Match,Unknown,False
1744,EVT02606,55.07,Moderate,Review When Possible,Open,[],No IOC Match,Unknown,False
1745,EVT08224,55.07,Moderate,Review When Possible,Open,['High CVSS vulnerability'],No IOC Match,Unknown,False
1746,EVT09171,55.07,Moderate,Review When Possible,Open,[],No IOC Match,Unknown,False
1747,EVT04951,55.06,Moderate,Review When Possible,Open,['High CVSS vulnerability'],No IOC Match,High,True
1748,EVT08656,55.06,Moderate,Review When Possible,Open,['High CVSS vulnerability'],No IOC Match,Unknown,False
1749,EVT01680,55.05,Moderate,Review When Possible,Open,[],No IOC Match,Unknown,False
1750,EVT06730,55.04,Moderate,Review When Possible,Open,[],No IOC Match,Unknown,False
1751,EVT04817,55.01,Moderate,Review When Possible,Open,['High CVSS vulnerability'],No IOC Match,Unknown,False
1752,EVT06514,55.01,Moderate,Review When Possible,Open,[],No IOC Match,Unknown,False
1753,EVT08115,55.01,Moderate,Review When Possible,Open,['High CVSS vulnerability'],No IOC Match,Unknown,False
1754,EVT01332,54.99,Moderate,Review When Possible,Open,[],No IOC Match,Unknown,False
1755,EVT02198,54.99,Moderate,Review When Possible,Open,['High CVSS vulnerability'],No IOC Match,Unknown,False
1756,EVT03053,54.99,Moderate,Review When Possible,Open,[],No IOC Match,Unknown,False
1757,EVT05892,54.99,Moderate,Review When Possible,Open,[],No IOC Match,Unknown,False
1758,EVT03876,54.98,Moderate,Review When Possible,Open,[],No IOC Match,Unknown,False
1759,EVT00217,54.97,Moderate,Review When Possible,Open,[],No IOC Match,Unknown,False
1760,EVT00695,54.97,Moderate,Review When Possible,Open,[],No IOC Match,Unknown,False
1761,EVT01296,54.97,Moderate,Review When Possible,Open,"['High CVSS vulnerability', 'Multiple failed login attempts']",No IOC Match,Unknown,False
1762,EVT01686,54.97,Moderate,Review When Possible,Open,[],No IOC Match,Unknown,False
1763,EVT02798,54.97,Moderate,Review When Possible,Open,['High CVSS vulnerability'],No IOC Match,Unknown,False
1764,EVT05421,54.97,Moderate,Review When Possible,Open,['High CVSS vulnerability'],No IOC Match,Unknown,False
1765,EVT08504,54.97,Moderate,Review When Possible,Open,['High CVSS vulnerability'],No IOC Match,Unknown,False
1766,EVT00195,54.96,Moderate,Review When Possible,Open,['High CVSS vulnerability'],No IOC Match,Unknown,False
1767,EVT02658,54.95,Moderate,Review When Possible,Open,['High CVSS vulnerability'],No IOC Match,High,True
1768,EVT03905,54.95,Moderate,Review When Possible,Open,['High CVSS vulnerability'],No IOC Match,Unknown,False
1769,EVT08289,54.94,Moderate,Review When Possible,Open,['High CVSS vulnerability'],No IOC Match,Unknown,False
1770,EVT06668,54.92,Moderate,Review When Possible,Open,[],No IOC Match,Unknown,False
1771,EVT09379,54.91,Moderate,Review When Possible,Open,['High CVSS vulnerability'],No IOC Match,Unknown,False
1772,EVT04723,54.9,Moderate,Review When Possible,Open,[],No IOC Match,Unknown,False
1773,EVT03614,54.88,Moderate,Review When Possible,Open,['High CVSS vulnerability'],No IOC Match,Unknown,False
1774,EVT05246,54.88,Moderate,Review When Possible,Open,['High CVSS vulnerability'],No IOC Match,Unknown,False
1775,EVT06597,54.88,Moderate,Review When Possible,Open,[],No IOC Match,Unknown,False
1776,EVT08302,54.88,Moderate,Review When Possible,Open,['High CVSS vulnerability'],No IOC Match,Unknown,False
1777,EVT01083,54.87,Moderate,Review When Possible,Open,['High CVSS vulnerability'],No IOC Match,Unknown,False
1778,EVT02526,54.87,Moderate,Review When Possible,Open,[],No IOC Match,Unknown,False
1779,EVT05265,54.87,Moderate,Review When Possible,Open,['Multiple failed login attempts'],No IOC Match,Medium,True
1780,EVT05455,54.87,Moderate,Review When Possible,Open,['Multiple failed login attempts'],No IOC Match,Unknown,False
1781,EVT01372,54.85,Moderate,Review When Possible,Open,['High CVSS vulnerability'],No IOC Match,Unknown,False
1782,EVT08740,54.85,Moderate,Review When Possible,Open,['High CVSS vulnerability'],No IOC Match,Unknown,False
1783,EVT05050,54.84,Moderate,Review When Possible,Open,[],No IOC Match,Unknown,False
1784,EVT08462,54.84,Moderate,Review When Possible,Open,[],No IOC Match,Unknown,False
1785,EVT00289,54.83,Moderate,Review When Possible,Open,['High CVSS vulnerability'],No IOC Match,Unknown,False
1786,EVT00729,54.82,Moderate,Review When Possible,Open,[],No IOC Match,Unknown,False
1787,EVT07167,54.82,Moderate,Review When Possible,Open,['High CVSS vulnerability'],No IOC Match,Unknown,False
1788,EVT08139,54.82,Moderate,Review When Possible,Open,['High CVSS vulnerability'],No IOC Match,Unknown,False
1789,EVT05371,54.81,Moderate,Review When Possible,Open,[],No IOC Match,Unknown,False
1790,EVT07759,54.81,Moderate,Review When Possible,Open,['Multiple failed login attempts'],No IOC Match,Unknown,False
1791,EVT07770,54.81,Moderate,Review When Possible,Open,[],No IOC Match,Unknown,False
1792,EVT08734,54.81,Moderate,Review When Possible,Open,['High CVSS vulnerability'],No IOC Match,Unknown,False
1793,EVT04874,54.8,Moderate,Review When Possible,Open,"['High CVSS vulnerability', 'Multiple failed login attempts']",No IOC Match,Unknown,False
1794,EVT08062,54.8,Moderate,Review When Possible,Open,[],No IOC Match,Unknown,False
1795,EVT00202,54.79,Moderate,Review When Possible,Open,[],No IOC Match,Unknown,False
1796,EVT03891,54.79,Moderate,Review When Possible,Open,[],No IOC Match,Unknown,False
1797,EVT02238,54.78,Moderate,Review When Possible,Open,[],No IOC Match,Unknown,False
1798,EVT02632,54.78,Moderate,Review When Possible,Open,[],No IOC Match,Unknown,False
1799,EVT04317,54.78,Moderate,Review When Possible,Open,[],No IOC Match,Unknown,False
1800,EVT07948,54.77,Moderate,Review When Possible,Open,[],No IOC Match,Unknown,False
1801,EVT07063,54.76,Moderate,Review When Possible,Open,['High CVSS vulnerability'],No IOC Match,Unknown,False
1802,EVT02788,54.75,Moderate,Review When Possible,Open,"['High CVSS vulnerability', 'Multiple failed login attempts']",No IOC Match,Medium,True
1803,EVT03418,54.75,Moderate,Review When Possible,Open,['High CVSS vulnerability'],No IOC Match,Unknown,False
1804,EVT01667,54.74,Moderate,Review When Possible,Open,['Multiple failed login attempts'],No IOC Match,Unknown,False
1805,EVT04036,54.73,Moderate,Review When Possible,Open,['High CVSS vulnerability'],No IOC Match,Unknown,False
1806,EVT08832,54.73,Moderate,Review When Possible,Open,[],No IOC Match,Unknown,False
1807,EVT09239,54.73,Moderate,Review When Possible,Open,[],No IOC Match,Unknown,False
1808,EVT00463,54.72,Moderate,Review When Possible,Open,['High CVSS vulnerability'],No IOC Match,Unknown,False
1809,EVT07893,54.72,Moderate,Review When Possible,Open,[],No IOC Match,Unknown,False
1810,EVT08086,54.72,Moderate,Review When Possible,Open,[],No IOC Match,Unknown,False
1811,EVT08261,54.72,Moderate,Review When Possible,Open,['High CVSS vulnerability'],No IOC Match,Unknown,False
1812,EVT02758,54.71,Moderate,Review When Possible,Open,[],No IOC Match,Unknown,False
1813,EVT06876,54.71,Moderate,Review When Possible,Open,"['High CVSS vulnerability', 'Multiple failed login attempts']",No IOC Match,Unknown,False
1814,EVT09827,54.71,Moderate,Review When Possible,Open,[],No IOC Match,Unknown,False
1815,EVT02072,54.69,Moderate,Review When Possible,Open,['High CVSS vulnerability'],No IOC Match,Unknown,False
1816,EVT09421,54.69,Moderate,Review When Possible,Open,['High CVSS vulnerability'],No IOC Match,Unknown,False
1817,EVT03396,54.68,Moderate,Review When Possible,Open,['High CVSS vulnerability'],No IOC Match,Unknown,False
1818,EVT01782,54.66,Moderate,Review When Possible,Open,['High CVSS vulnerability'],No IOC Match,Unknown,False
1819,EVT05193,54.66,Moderate,Review When Possible,Open,['High CVSS vulnerability'],No IOC Match,Unknown,False
1820,EVT03832,54.65,Moderate,Review When Possible,Open,[],No IOC Match,Unknown,False
1821,EVT04321,54.65,Moderate,Review When Possible,Open,['High CVSS vulnerability'],No IOC Match,Unknown,False
1822,EVT07184,54.64,Moderate,Review When Possible,Open,[],No IOC Match,Unknown,False
1823,EVT08867,54.63,Moderate,Review When Possible,Open,['High CVSS vulnerability'],No IOC Match,Unknown,False
1824,EVT00473,54.62,Moderate,Review When Possible,Open,['Multiple failed login attempts'],No IOC Match,Unknown,False
1825,EVT05236,54.62,Moderate,Review When Possible,Open,['High CVSS vulnerability'],No IOC Match,Unknown,False
1826,EVT06480,54.62,Moderate,Review When Possible,Open,['High CVSS vulnerability'],No IOC Match,Unknown,False
1827,EVT06592,54.62,Moderate,Review When Possible,Open,[],No IOC Match,Medium,True
1828,EVT08061,54.62,Moderate,Review When Possible,Open,[],No IOC Match,Medium,True
1829,EVT06622,54.61,Moderate,Review When Possible,Open,['High CVSS vulnerability'],No IOC Match,Unknown,False
1830,EVT09568,54.61,Moderate,Review When Possible,Open,[],No IOC Match,Unknown,False
1831,EVT05867,54.6,Moderate,Review When Possible,Open,['High CVSS vulnerability'],No IOC Match,Unknown,False
1832,EVT07165,54.6,Moderate,Review When Possible,Open,['High CVSS vulnerability'],No IOC Match,Unknown,False
1833,EVT02267,54.59,Moderate,Review When Possible,Open,[],No IOC Match,Unknown,False
1834,EVT04909,54.59,Moderate,Review When Possible,Open,[],No IOC Match,Unknown,False
1835,EVT09142,54.59,Moderate,Review When Possible,Open,['High CVSS vulnerability'],No IOC Match,Unknown,False
1836,EVT06500,54.58,Moderate,Review When Possible,Open,['High CVSS vulnerability'],No IOC Match,Unknown,False
1837,EVT04262,54.57,Moderate,Review When Possible,Open,[],No IOC Match,Unknown,False
1838,EVT04329,54.57,Moderate,Review When Possible,Open,['High CVSS vulnerability'],No IOC Match,Unknown,False
1839,EVT05859,54.57,Moderate,Review When Possible,Open,['High CVSS vulnerability'],No IOC Match,Unknown,False
1840,EVT07293,54.57,Moderate,Review When Possible,Open,['Multiple failed login attempts'],No IOC Match,Unknown,False
1841,EVT00689,54.56,Moderate,Review When Possible,Open,['Multiple failed login attempts'],No IOC Match,Unknown,False
1842,EVT05751,54.56,Moderate,Review When Possible,Open,[],No IOC Match,Unknown,False
1843,EVT03137,54.55,Moderate,Review When Possible,Open,[],No IOC Match,Unknown,False
1844,EVT09527,54.55,Moderate,Review When Possible,Open,['Multiple failed login attempts'],No IOC Match,Unknown,False
1845,EVT02868,54.54,Moderate,Review When Possible,Open,['High CVSS vulnerability'],No IOC Match,Unknown,False
1846,EVT06991,54.54,Moderate,Review When Possible,Open,['High CVSS vulnerability'],No IOC Match,Unknown,False
1847,EVT09236,54.54,Moderate,Review When Possible,Open,['High CVSS vulnerability'],No IOC Match,Unknown,False
1848,EVT03055,54.53,Moderate,Review When Possible,Open,['Multiple failed login attempts'],No IOC Match,Unknown,False
1849,EVT05186,54.52,Moderate,Review When Possible,Open,['High CVSS vulnerability'],No IOC Match,Unknown,False
1850,EVT00939,54.51,Moderate,Review When Possible,Open,['High CVSS vulnerability'],No IOC Match,Unknown,False
1851,EVT02677,54.51,Moderate,Review When Possible,Open,[],No IOC Match,Unknown,False
1852,EVT07490,54.5,Moderate,Review When Possible,Open,['Multiple failed login attempts'],No IOC Match,Unknown,False
1853,EVT09702,54.5,Moderate,Review When Possible,Open,['Multiple failed login attempts'],No IOC Match,Unknown,False
1854,EVT02110,54.49,Moderate,Review When Possible,Open,['Multiple failed login attempts'],No IOC Match,Unknown,False
1855,EVT08337,54.49,Moderate,Review When Possible,Open,['Multiple failed login attempts'],No IOC Match,Unknown,False
1856,EVT08243,54.48,Moderate,Review When Possible,Open,[],No IOC Match,Unknown,False
1857,EVT01810,54.47,Moderate,Review When Possible,Open,"['High CVSS vulnerability', 'Multiple failed login attempts']",No IOC Match,Unknown,False
1858,EVT02879,54.46,Moderate,Review When Possible,Open,['Multiple failed login attempts'],No IOC Match,Unknown,False
1859,EVT08610,54.45,Moderate,Review When Possible,Open,['High CVSS vulnerability'],No IOC Match,Unknown,False
1860,EVT01271,54.44,Moderate,Review When Possible,Open,['High CVSS vulnerability'],No IOC Match,Unknown,False
1861,EVT01769,54.44,Moderate,Review When Possible,Open,['High CVSS vulnerability'],No IOC Match,Unknown,False
1862,EVT07403,54.44,Moderate,Review When Possible,Open,['High CVSS vulnerability'],No IOC Match,Unknown,False
1863,EVT04788,54.43,Moderate,Review When Possible,Open,[],No IOC Match,Unknown,False
1864,EVT05132,54.43,Moderate,Review When Possible,Open,"['High CVSS vulnerability', 'Multiple failed login attempts']",No IOC Match,Unknown,False
1865,EVT02782,54.42,Moderate,Review When Possible,Open,['High CVSS vulnerability'],No IOC Match,Unknown,False
1866,EVT08791,54.42,Moderate,Review When Possible,Open,['High CVSS vulnerability'],No IOC Match,Unknown,False
1867,EVT01739,54.41,Moderate,Review When Possible,Open,[],No IOC Match,Unknown,False
1868,EVT02339,54.4,Moderate,Review When Possible,Open,['Multiple failed login attempts'],No IOC Match,High,True
1869,EVT05388,54.4,Moderate,Review When Possible,Open,['High CVSS vulnerability'],No IOC Match,Unknown,False
1870,EVT07497,54.4,Moderate,Review When Possible,Open,[],No IOC Match,Unknown,False
1871,EVT01358,54.39,Moderate,Review When Possible,Open,['High CVSS vulnerability'],No IOC Match,Unknown,False
1872,EVT02218,54.39,Moderate,Review When Possible,Open,[],No IOC Match,Unknown,False
1873,EVT04035,54.39,Moderate,Review When Possible,Open,['High CVSS vulnerability'],No IOC Match,Unknown,False
1874,EVT00540,54.38,Moderate,Review When Possible,Open,['High CVSS vulnerability'],No IOC Match,High,True
1875,EVT04483,54.38,Moderate,Review When Possible,Open,['High CVSS vulnerability'],No IOC Match,Unknown,False
1876,EVT05477,54.38,Moderate,Review When Possible,Open,[],No IOC Match,Unknown,False
1877,EVT08601,54.38,Moderate,Review When Possible,Open,['High CVSS vulnerability'],No IOC Match,Unknown,False
1878,EVT01697,54.37,Moderate,Review When Possible,Open,['High CVSS vulnerability'],No IOC Match,Unknown,False
1879,EVT03181,54.37,Moderate,Review When Possible,Open,['High CVSS vulnerability'],No IOC Match,Unknown,False
1880,EVT05933,54.37,Moderate,Review When Possible,Open,[],No IOC Match,Unknown,False
1881,EVT03698,54.36,Moderate,Review When Possible,Open,['High CVSS vulnerability'],No IOC Match,Unknown,False
1882,EVT04532,54.36,Moderate,Review When Possible,Open,[],No IOC Match,Unknown,False
1883,EVT08615,54.34,Moderate,Review When Possible,Open,['High CVSS vulnerability'],No IOC Match,Unknown,False
1884,EVT01943,54.32,Moderate,Review When Possible,Open,[],No IOC Match,Unknown,False
1885,EVT05231,54.32,Moderate,Review When Possible,Open,['High CVSS vulnerability'],No IOC Match,Unknown,False
1886,EVT09883,54.31,Moderate,Review When Possible,Open,[],No IOC Match,Unknown,False
1887,EVT09964,54.31,Moderate,Review When Possible,Open,"['High CVSS vulnerability', 'Multiple failed login attempts']",No IOC Match,Unknown,False
1888,EVT03952,54.3,Moderate,Review When Possible,Open,[],No IOC Match,Unknown,False
1889,EVT06046,54.3,Moderate,Review When Possible,Open,[],No IOC Match,Unknown,False
1890,EVT06322,54.3,Moderate,Review When Possible,Open,"['High CVSS vulnerability', 'Multiple failed login attempts']",No IOC Match,Unknown,False
1891,EVT01251,54.29,Moderate,Review When Possible,Open,['High CVSS vulnerability'],No IOC Match,Unknown,False
1892,EVT07260,54.29,Moderate,Review When Possible,Open,['High CVSS vulnerability'],No IOC Match,Medium,True
1893,EVT05500,54.28,Moderate,Review When Possible,Open,"['High CVSS vulnerability', 'Multiple failed login attempts']",No IOC Match,Unknown,False
1894,EVT00799,54.27,Moderate,Review When Possible,Open,"['High CVSS vulnerability', 'Multiple failed login attempts']",No IOC Match,Unknown,False
1895,EVT05856,54.27,Moderate,Review When Possible,Open,[],No IOC Match,Unknown,False
1896,EVT06807,54.27,Moderate,Review When Possible,Open,['High CVSS vulnerability'],No IOC Match,Unknown,False
1897,EVT00711,54.25,Moderate,Review When Possible,Open,[],No IOC Match,Unknown,False
1898,EVT02655,54.25,Moderate,Review When Possible,Open,['High CVSS vulnerability'],No IOC Match,Unknown,False
1899,EVT03455,54.25,Moderate,Review When Possible,Open,[],No IOC Match,Medium,True
1900,EVT01776,54.24,Moderate,Review When Possible,Open,[],No IOC Match,Unknown,False
1901,EVT03884,54.24,Moderate,Review When Possible,Open,['Multiple failed login attempts'],No IOC Match,Unknown,False
1902,EVT06005,54.24,Moderate,Review When Possible,Open,['High CVSS vulnerability'],No IOC Match,Unknown,False
1903,EVT08804,54.24,Moderate,Review When Possible,Open,['High CVSS vulnerability'],No IOC Match,Medium,True
1904,EVT09043,54.24,Moderate,Review When Possible,Open,[],No IOC Match,Unknown,False
1905,EVT05339,54.23,Moderate,Review When Possible,Open,"['High CVSS vulnerability', 'Multiple failed login attempts']",No IOC Match,Unknown,False
1906,EVT02581,54.22,Moderate,Review When Possible,Open,['High CVSS vulnerability'],No IOC Match,Unknown,False
1907,EVT05979,54.22,Moderate,Review When Possible,Open,[],No IOC Match,Unknown,False
1908,EVT07364,54.22,Moderate,Review When Possible,Open,['High CVSS vulnerability'],No IOC Match,Unknown,False
1909,EVT08746,54.22,Moderate,Review When Possible,Open,['High CVSS vulnerability'],No IOC Match,Unknown,False
1910,EVT07224,54.21,Moderate,Review When Possible,Open,[],No IOC Match,Unknown,False
1911,EVT06027,54.2,Moderate,Review When Possible,Open,['Multiple failed login attempts'],No IOC Match,Unknown,False
1912,EVT06105,54.19,Moderate,Review When Possible,Open,[],No IOC Match,Unknown,False
1913,EVT08651,54.18,Moderate,Review When Possible,Open,[],No IOC Match,Unknown,False
1914,EVT03398,54.17,Moderate,Review When Possible,Open,['High CVSS vulnerability'],No IOC Match,Unknown,False
1915,EVT05750,54.17,Moderate,Review When Possible,Open,[],No IOC Match,Unknown,False
1916,EVT08303,54.17,Moderate,Review When Possible,Open,[],No IOC Match,Unknown,False
1917,EVT09906,54.17,Moderate,Review When Possible,Open,['Multiple failed login attempts'],No IOC Match,Unknown,False
1918,EVT03329,54.16,Moderate,Review When Possible,Open,['Multiple failed login attempts'],No IOC Match,Unknown,False
1919,EVT03470,54.16,Moderate,Review When Possible,Open,['High CVSS vulnerability'],No IOC Match,Unknown,False
1920,EVT05010,54.16,Moderate,Review When Possible,Open,[],No IOC Match,Unknown,False
1921,EVT08926,54.16,Moderate,Review When Possible,Open,[],No IOC Match,Medium,True
1922,EVT01115,54.15,Moderate,Review When Possible,Open,[],No IOC Match,Unknown,False
1923,EVT02012,54.15,Moderate,Review When Possible,Open,[],No IOC Match,Unknown,False
1924,EVT03719,54.15,Moderate,Review When Possible,Open,[],No IOC Match,Unknown,False
1925,EVT08507,54.15,Moderate,Review When Possible,Open,['Multiple failed login attempts'],No IOC Match,Medium,True
1926,EVT06844,54.14,Moderate,Review When Possible,Open,['High CVSS vulnerability'],No IOC Match,Unknown,False
1927,EVT01687,54.13,Moderate,Review When Possible,Open,['Critical asset'],No IOC Match,Critical,True
1928,EVT03074,54.13,Moderate,Review When Possible,Open,[],No IOC Match,Unknown,False
1929,EVT06213,54.13,Moderate,Review When Possible,Open,[],No IOC Match,Unknown,False
1930,EVT07466,54.13,Moderate,Review When Possible,Open,['High CVSS vulnerability'],No IOC Match,Unknown,False
1931,EVT09135,54.13,Moderate,Review When Possible,Open,[],No IOC Match,Unknown,False
1932,EVT01318,54.12,Moderate,Review When Possible,Open,['High CVSS vulnerability'],No IOC Match,Unknown,False
1933,EVT02722,54.1,Moderate,Review When Possible,Open,['High CVSS vulnerability'],No IOC Match,Unknown,False
1934,EVT04695,54.1,Moderate,Review When Possible,Open,['Multiple failed login attempts'],No IOC Match,Unknown,False
1935,EVT08046,54.1,Moderate,Review When Possible,Open,"['High CVSS vulnerability', 'Multiple failed login attempts']",No IOC Match,Unknown,False
1936,EVT04256,54.09,Moderate,Review When Possible,Open,[],No IOC Match,Unknown,False
1937,EVT04665,54.07,Moderate,Review When Possible,Open,[],No IOC Match,Unknown,False
1938,EVT04957,54.07,Moderate,Review When Possible,Open,['Multiple failed login attempts'],No IOC Match,Unknown,False
1939,EVT09553,54.07,Moderate,Review When Possible,Open,['Multiple failed login attempts'],No IOC Match,Unknown,False
1940,EVT01887,54.06,Moderate,Review When Possible,Open,"['High CVSS vulnerability', 'Multiple failed login attempts']",No IOC Match,Unknown,False
1941,EVT07473,54.06,Moderate,Review When Possible,Open,[],No IOC Match,Unknown,False
1942,EVT08394,54.06,Moderate,Review When Possible,Open,[],No IOC Match,Unknown,False
1943,EVT03803,54.05,Moderate,Review When Possible,Open,[],No IOC Match,Unknown,False
1944,EVT04939,54.05,Moderate,Review When Possible,Open,[],No IOC Match,Unknown,False
1945,EVT00286,54.04,Moderate,Review When Possible,Open,[],No IOC Match,Unknown,False
1946,EVT01066,54.04,Moderate,Review When Possible,Open,[],No IOC Match,Unknown,False
1947,EVT07697,54.03,Moderate,Review When Possible,Open,['Multiple failed login attempts'],No IOC Match,Unknown,False
1948,EVT07783,54.03,Moderate,Review When Possible,Open,[],No IOC Match,Unknown,False
1949,EVT02629,54.02,Moderate,Review When Possible,Open,[],No IOC Match,Unknown,False
1950,EVT04221,54.02,Moderate,Review When Possible,Open,['High CVSS vulnerability'],No IOC Match,Unknown,False
1951,EVT07492,54.02,Moderate,Review When Possible,Open,['High CVSS vulnerability'],No IOC Match,Unknown,False
1952,EVT00743,54.01,Moderate,Review When Possible,Open,['High CVSS vulnerability'],No IOC Match,Unknown,False
1953,EVT02825,54.0,Moderate,Review When Possible,Open,[],No IOC Match,Unknown,False
1954,EVT03184,54.0,Moderate,Review When Possible,Open,['High CVSS vulnerability'],No IOC Match,Unknown,False
1955,EVT04516,54.0,Moderate,Review When Possible,Open,[],No IOC Match,Unknown,False
1956,EVT01571,53.99,Moderate,Review When Possible,Open,[],No IOC Match,Unknown,False
1957,EVT03072,53.98,Moderate,Review When Possible,Open,[],No IOC Match,Unknown,False
1958,EVT08785,53.98,Moderate,Review When Possible,Open,['High CVSS vulnerability'],No IOC Match,Unknown,False
1959,EVT05821,53.97,Moderate,Review When Possible,Open,['Multiple failed login attempts'],No IOC Match,Unknown,False
1960,EVT07228,53.96,Moderate,Review When Possible,Open,['High CVSS vulnerability'],No IOC Match,Unknown,False
1961,EVT07828,53.96,Moderate,Review When Possible,Open,['High CVSS vulnerability'],No IOC Match,Unknown,False
1962,EVT08902,53.96,Moderate,Review When Possible,Open,['High CVSS vulnerability'],No IOC Match,Unknown,False
1963,EVT04590,53.95,Moderate,Review When Possible,Open,[],No IOC Match,Unknown,False
1964,EVT06614,53.94,Moderate,Review When Possible,Open,"['High CVSS vulnerability', 'Multiple failed login attempts']",No IOC Match,Unknown,False
1965,EVT03748,53.93,Moderate,Review When Possible,Open,[],No IOC Match,Medium,True
1966,EVT04325,53.93,Moderate,Review When Possible,Open,[],No IOC Match,Unknown,False
1967,EVT06383,53.93,Moderate,Review When Possible,Open,[],No IOC Match,Unknown,False
1968,EVT05601,53.91,Moderate,Review When Possible,Open,['High CVSS vulnerability'],No IOC Match,Unknown,False
1969,EVT08031,53.91,Moderate,Review When Possible,Open,['High CVSS vulnerability'],No IOC Match,Unknown,False
1970,EVT09950,53.91,Moderate,Review When Possible,Open,['High CVSS vulnerability'],No IOC Match,Unknown,False
1971,EVT02168,53.9,Moderate,Review When Possible,Open,['High CVSS vulnerability'],No IOC Match,Unknown,False
1972,EVT01129,53.88,Moderate,Review When Possible,Open,[],No IOC Match,Unknown,False
1973,EVT04873,53.87,Moderate,Review When Possible,Open,['High CVSS vulnerability'],No IOC Match,Unknown,False
1974,EVT08055,53.87,Moderate,Review When Possible,Open,[],No IOC Match,Unknown,False
1975,EVT06157,53.86,Moderate,Review When Possible,Open,[],No IOC Match,Unknown,False
1976,EVT06685,53.86,Moderate,Review When Possible,Open,[],No IOC Match,Unknown,False
1977,EVT00585,53.85,Moderate,Review When Possible,Open,['Multiple failed login attempts'],No IOC Match,Unknown,False
1978,EVT07553,53.85,Moderate,Review When Possible,Open,['High CVSS vulnerability'],No IOC Match,Unknown,False
1979,EVT09943,53.85,Moderate,Review When Possible,Open,['High CVSS vulnerability'],No IOC Match,Unknown,False
1980,EVT06330,53.84,Moderate,Review When Possible,Open,['High CVSS vulnerability'],No IOC Match,Unknown,False
1981,EVT08738,53.84,Moderate,Review When Possible,Open,[],No IOC Match,Unknown,False
1982,EVT00914,53.83,Moderate,Review When Possible,Open,[],No IOC Match,Unknown,False
1983,EVT05554,53.83,Moderate,Review When Possible,Open,[],No IOC Match,Medium,True
1984,EVT08228,53.83,Moderate,Review When Possible,Open,[],No IOC Match,Unknown,False
1985,EVT09811,53.83,Moderate,Review When Possible,Open,[],No IOC Match,Unknown,False
1986,EVT01219,53.82,Moderate,Review When Possible,Open,[],No IOC Match,Unknown,False
1987,EVT04707,53.82,Moderate,Review When Possible,Open,['High CVSS vulnerability'],No IOC Match,Unknown,False
1988,EVT07423,53.82,Moderate,Review When Possible,Open,['Multiple failed login attempts'],No IOC Match,Unknown,False
1989,EVT08285,53.82,Moderate,Review When Possible,Open,[],No IOC Match,Unknown,False
1990,EVT09327,53.82,Moderate,Review When Possible,Open,['Multiple failed login attempts'],No IOC Match,Unknown,False
1991,EVT01000,53.81,Moderate,Review When Possible,Open,[],No IOC Match,Unknown,False
1992,EVT02996,53.81,Moderate,Review When Possible,Open,['High CVSS vulnerability'],No IOC Match,Unknown,False
1993,EVT06854,53.81,Moderate,Review When Possible,Open,[],No IOC Match,Unknown,False
1994,EVT00646,53.8,Moderate,Review When Possible,Open,['Multiple failed login attempts'],No IOC Match,Low,True
1995,EVT05349,53.8,Moderate,Review When Possible,Open,[],No IOC Match,Unknown,False
1996,EVT00587,53.79,Moderate,Review When Possible,Open,['High CVSS vulnerability'],No IOC Match,Medium,True
1997,EVT00933,53.79,Moderate,Review When Possible,Open,['High CVSS vulnerability'],No IOC Match,Unknown,False
1998,EVT01474,53.79,Moderate,Review When Possible,Open,['Multiple failed login attempts'],No IOC Match,Unknown,False
1999,EVT01788,53.79,Moderate,Review When Possible,Open,[],No IOC Match,Unknown,False
2000,EVT05429,53.79,Moderate,Review When Possible,Open,['High CVSS vulnerability'],No IOC Match,Low,True
2001,EVT06278,53.79,Moderate,Review When Possible,Open,['High CVSS vulnerability'],No IOC Match,Unknown,False
2002,EVT09106,53.79,Moderate,Review When Possible,Open,[],No IOC Match,Unknown,False
2003,EVT05192,53.78,Moderate,Review When Possible,Open,[],No IOC Match,Unknown,False
2004,EVT05263,53.78,Moderate,Review When Possible,Open,[],No IOC Match,Unknown,False
2005,EVT01403,53.77,Moderate,Review When Possible,Open,[],No IOC Match,Unknown,False
2006,EVT05618,53.77,Moderate,Review When Possible,Open,['High CVSS vulnerability'],No IOC Match,Unknown,False
2007,EVT07800,53.77,Moderate,Review When Possible,Open,[],No IOC Match,Unknown,False
2008,EVT08354,53.77,Moderate,Review When Possible,Open,[],No IOC Match,Unknown,False
2009,EVT04666,53.75,Moderate,Review When Possible,Open,['High CVSS vulnerability'],No IOC Match,Unknown,False
2010,EVT09973,53.75,Moderate,Review When Possible,Open,"['High CVSS vulnerability', 'Multiple failed login attempts']",No IOC Match,Unknown,False
2011,EVT05223,53.74,Moderate,Review When Possible,Open,[],No IOC Match,Unknown,False
2012,EVT08639,53.74,Moderate,Review When Possible,Open,['High CVSS vulnerability'],No IOC Match,Unknown,False
2013,EVT01542,53.73,Moderate,Review When Possible,Open,['High CVSS vulnerability'],No IOC Match,Unknown,False
2014,EVT03694,53.73,Moderate,Review When Possible,Open,['High CVSS vulnerability'],No IOC Match,Unknown,False
2015,EVT04584,53.73,Moderate,Review When Possible,Open,[],No IOC Match,Unknown,False
2016,EVT08809,53.73,Moderate,Review When Possible,Open,['High CVSS vulnerability'],No IOC Match,Unknown,False
2017,EVT09335,53.73,Moderate,Review When Possible,Open,[],No IOC Match,Unknown,False
2018,EVT00080,53.72,Moderate,Review When Possible,Open,['High CVSS vulnerability'],No IOC Match,Unknown,False
2019,EVT05187,53.72,Moderate,Review When Possible,Open,['Multiple failed login attempts'],No IOC Match,Unknown,False
2020,EVT02350,53.71,Moderate,Review When Possible,Open,[],No IOC Match,Unknown,False
2021,EVT09444,53.71,Moderate,Review When Possible,Open,[],No IOC Match,Unknown,False
2022,EVT05925,53.7,Moderate,Review When Possible,Open,['High CVSS vulnerability'],No IOC Match,Unknown,False
2023,EVT07567,53.7,Moderate,Review When Possible,Open,['High CVSS vulnerability'],No IOC Match,Unknown,False
2024,EVT09400,53.69,Moderate,Review When Possible,Open,[],No IOC Match,Unknown,False
2025,EVT05396,53.68,Moderate,Review When Possible,Open,[],No IOC Match,Unknown,False
2026,EVT08990,53.68,Moderate,Review When Possible,Open,[],No IOC Match,Unknown,False
2027,EVT01225,53.67,Moderate,Review When Possible,Open,['Multiple failed login attempts'],No IOC Match,Unknown,False
2028,EVT08014,53.67,Moderate,Review When Possible,Open,['Multiple failed login attempts'],No IOC Match,Unknown,False
2029,EVT05446,53.66,Moderate,Review When Possible,Open,['High CVSS vulnerability'],No IOC Match,Unknown,False
2030,EVT07961,53.66,Moderate,Review When Possible,Open,[],No IOC Match,Unknown,False
2031,EVT08217,53.65,Moderate,Review When Possible,Open,[],No IOC Match,Unknown,False
2032,EVT05074,53.64,Moderate,Review When Possible,Open,[],No IOC Match,Unknown,False
2033,EVT05667,53.64,Moderate,Review When Possible,Open,['Multiple failed login attempts'],No IOC Match,Unknown,False
2034,EVT09971,53.64,Moderate,Review When Possible,Open,[],No IOC Match,Unknown,False
2035,EVT01016,53.63,Moderate,Review When Possible,Open,['High CVSS vulnerability'],No IOC Match,Unknown,False
2036,EVT06649,53.62,Moderate,Review When Possible,Open,[],No IOC Match,Unknown,False
2037,EVT01124,53.61,Moderate,Review When Possible,Open,['High CVSS vulnerability'],No IOC Match,Unknown,False
2038,EVT03327,53.61,Moderate,Review When Possible,Open,[],No IOC Match,Unknown,False
2039,EVT04339,53.61,Moderate,Review When Possible,Open,[],No IOC Match,Unknown,False
2040,EVT08463,53.61,Moderate,Review When Possible,Open,[],No IOC Match,Unknown,False
2041,EVT01817,53.6,Moderate,Review When Possible,Open,['Multiple failed login attempts'],No IOC Match,Unknown,False
2042,EVT06168,53.6,Moderate,Review When Possible,Open,[],No IOC Match,Unknown,False
2043,EVT07946,53.59,Moderate,Review When Possible,Open,['Multiple failed login attempts'],No IOC Match,Unknown,False
2044,EVT03858,53.58,Moderate,Review When Possible,Open,['High CVSS vulnerability'],No IOC Match,Unknown,False
2045,EVT07085,53.58,Moderate,Review When Possible,Open,['High CVSS vulnerability'],No IOC Match,Unknown,False
2046,EVT09467,53.58,Moderate,Review When Possible,Open,[],No IOC Match,Unknown,False
2047,EVT05894,53.57,Moderate,Review When Possible,Open,['High CVSS vulnerability'],No IOC Match,Unknown,False
2048,EVT00553,53.56,Moderate,Review When Possible,Open,[],No IOC Match,Unknown,False
2049,EVT04356,53.56,Moderate,Review When Possible,Open,[],No IOC Match,Unknown,False
2050,EVT00230,53.55,Moderate,Review When Possible,Open,[],No IOC Match,Unknown,False
2051,EVT02743,53.55,Moderate,Review When Possible,Open,[],No IOC Match,Unknown,False
2052,EVT08168,53.55,Moderate,Review When Possible,Open,[],No IOC Match,High,True
2053,EVT01989,53.54,Moderate,Review When Possible,Open,['Multiple failed login attempts'],No IOC Match,Unknown,False
2054,EVT05725,53.53,Moderate,Review When Possible,Open,"['High CVSS vulnerability', 'Multiple failed login attempts']",No IOC Match,Unknown,False
2055,EVT08586,53.53,Moderate,Review When Possible,Open,['Multiple failed login attempts'],No IOC Match,Unknown,False
2056,EVT03221,53.52,Moderate,Review When Possible,Open,['High CVSS vulnerability'],No IOC Match,High,True
2057,EVT01244,53.51,Moderate,Review When Possible,Open,[],No IOC Match,Unknown,False
2058,EVT06623,53.51,Moderate,Review When Possible,Open,[],No IOC Match,Unknown,False
2059,EVT06838,53.51,Moderate,Review When Possible,Open,[],No IOC Match,Unknown,False
2060,EVT09855,53.51,Moderate,Review When Possible,Open,['High CVSS vulnerability'],No IOC Match,Unknown,False
2061,EVT05329,53.5,Moderate,Review When Possible,Open,[],No IOC Match,Unknown,False
2062,EVT09891,53.5,Moderate,Review When Possible,Open,[],No IOC Match,Unknown,False
2063,EVT01195,53.49,Moderate,Review When Possible,Open,['Multiple failed login attempts'],No IOC Match,Unknown,False
2064,EVT07564,53.49,Moderate,Review When Possible,Open,[],No IOC Match,High,True
2065,EVT08931,53.49,Moderate,Review When Possible,Open,[],No IOC Match,Unknown,False
2066,EVT02684,53.48,Moderate,Review When Possible,Open,"['High CVSS vulnerability', 'Multiple failed login attempts']",No IOC Match,Unknown,False
2067,EVT02871,53.48,Moderate,Review When Possible,Open,['High CVSS vulnerability'],No IOC Match,Unknown,False
2068,EVT03176,53.48,Moderate,Review When Possible,Open,[],No IOC Match,Unknown,False
2069,EVT03341,53.48,Moderate,Review When Possible,Open,['High CVSS vulnerability'],No IOC Match,Unknown,False
2070,EVT02403,53.47,Moderate,Review When Possible,Open,['High CVSS vulnerability'],No IOC Match,Unknown,False
2071,EVT09300,53.47,Moderate,Review When Possible,Open,['Multiple failed login attempts'],No IOC Match,Unknown,False
2072,EVT01992,53.46,Moderate,Review When Possible,Open,[],No IOC Match,Unknown,False
2073,EVT05478,53.46,Moderate,Review When Possible,Open,['High CVSS vulnerability'],No IOC Match,Unknown,False
2074,EVT07292,53.46,Moderate,Review When Possible,Open,[],No IOC Match,Unknown,False
2075,EVT09075,53.46,Moderate,Review When Possible,Open,['High CVSS vulnerability'],No IOC Match,Unknown,False
2076,EVT00437,53.45,Moderate,Review When Possible,Open,[],No IOC Match,Unknown,False
2077,EVT01438,53.45,Moderate,Review When Possible,Open,['High CVSS vulnerability'],No IOC Match,Unknown,False
2078,EVT02905,53.45,Moderate,Review When Possible,Open,['Multiple failed login attempts'],No IOC Match,Unknown,False
2079,EVT04149,53.45,Moderate,Review When Possible,Open,[],No IOC Match,Unknown,False
2080,EVT05541,53.44,Moderate,Review When Possible,Open,['High CVSS vulnerability'],No IOC Match,Unknown,False
2081,EVT05573,53.44,Moderate,Review When Possible,Open,[],No IOC Match,Unknown,False
2082,EVT08444,53.44,Moderate,Review When Possible,Open,['High CVSS vulnerability'],No IOC Match,Unknown,False
2083,EVT09578,53.44,Moderate,Review When Possible,Open,['High CVSS vulnerability'],No IOC Match,Unknown,False
2084,EVT05438,53.43,Moderate,Review When Possible,Open,['High CVSS vulnerability'],No IOC Match,Unknown,False
2085,EVT01284,53.42,Moderate,Review When Possible,Open,[],No IOC Match,Unknown,False
2086,EVT09493,53.42,Moderate,Review When Possible,Open,[],No IOC Match,Unknown,False
2087,EVT01893,53.41,Moderate,Review When Possible,Open,[],No IOC Match,Unknown,False
2088,EVT02751,53.41,Moderate,Review When Possible,Open,"['High CVSS vulnerability', 'Multiple failed login attempts']",No IOC Match,Unknown,False
2089,EVT05457,53.41,Moderate,Review When Possible,Open,['High CVSS vulnerability'],No IOC Match,Unknown,False
2090,EVT07086,53.41,Moderate,Review When Possible,Open,['Multiple failed login attempts'],No IOC Match,Unknown,False
2091,EVT07592,53.41,Moderate,Review When Possible,Open,['High CVSS vulnerability'],No IOC Match,Unknown,False
2092,EVT08241,53.41,Moderate,Review When Possible,Open,['High CVSS vulnerability'],No IOC Match,Unknown,False
2093,EVT04091,53.4,Moderate,Review When Possible,Open,['High CVSS vulnerability'],No IOC Match,Unknown,False
2094,EVT04422,53.4,Moderate,Review When Possible,Open,[],No IOC Match,Unknown,False
2095,EVT07435,53.4,Moderate,Review When Possible,Open,['High CVSS vulnerability'],No IOC Match,Unknown,False
2096,EVT03887,53.39,Moderate,Review When Possible,Open,['High CVSS vulnerability'],No IOC Match,Unknown,False
2097,EVT05257,53.38,Moderate,Review When Possible,Open,[],No IOC Match,Unknown,False
2098,EVT05402,53.38,Moderate,Review When Possible,Open,['High CVSS vulnerability'],No IOC Match,Low,True
2099,EVT05482,53.38,Moderate,Review When Possible,Open,[],No IOC Match,Unknown,False
2100,EVT00888,53.37,Moderate,Review When Possible,Open,[],No IOC Match,Unknown,False
2101,EVT03256,53.37,Moderate,Review When Possible,Open,[],No IOC Match,Unknown,False
2102,EVT04712,53.37,Moderate,Review When Possible,Open,['Multiple failed login attempts'],No IOC Match,Unknown,False
2103,EVT05845,53.37,Moderate,Review When Possible,Open,[],No IOC Match,Unknown,False
2104,EVT02883,53.36,Moderate,Review When Possible,Open,"['High CVSS vulnerability', 'Multiple failed login attempts']",No IOC Match,Unknown,False
2105,EVT02939,53.36,Moderate,Review When Possible,Open,['High CVSS vulnerability'],No IOC Match,Unknown,False
2106,EVT07597,53.36,Moderate,Review When Possible,Open,['High CVSS vulnerability'],No IOC Match,Unknown,False
2107,EVT07918,53.36,Moderate,Review When Possible,Open,['High CVSS vulnerability'],No IOC Match,Unknown,False
2108,EVT09262,53.36,Moderate,Review When Possible,Open,['High CVSS vulnerability'],No IOC Match,Unknown,False
2109,EVT05245,53.34,Moderate,Review When Possible,Open,['High CVSS vulnerability'],No IOC Match,High,True
2110,EVT08142,53.34,Moderate,Review When Possible,Open,['High CVSS vulnerability'],No IOC Match,Unknown,False
2111,EVT04569,53.32,Moderate,Review When Possible,Open,['High CVSS vulnerability'],No IOC Match,Medium,True
2112,EVT03220,53.31,Moderate,Review When Possible,Open,"['High ML confidence', 'Multiple failed login attempts']",No IOC Match,Unknown,False
2113,EVT04236,53.31,Moderate,Review When Possible,Open,[],No IOC Match,High,True
2114,EVT04737,53.31,Moderate,Review When Possible,Open,[],No IOC Match,Unknown,False
2115,EVT07613,53.3,Moderate,Review When Possible,Open,['High CVSS vulnerability'],No IOC Match,Unknown,False
2116,EVT09041,53.3,Moderate,Review When Possible,Open,[],No IOC Match,Unknown,False
2117,EVT00238,53.29,Moderate,Review When Possible,Open,[],No IOC Match,Unknown,False
2118,EVT02774,53.29,Moderate,Review When Possible,Open,['High CVSS vulnerability'],No IOC Match,Unknown,False
2119,EVT03986,53.29,Moderate,Review When Possible,Open,['Multiple failed login attempts'],No IOC Match,Unknown,False
2120,EVT06794,53.29,Moderate,Review When Possible,Open,[],No IOC Match,Unknown,False
2121,EVT09390,53.29,Moderate,Review When Possible,Open,[],No IOC Match,Unknown,False
2122,EVT03228,53.28,Moderate,Review When Possible,Open,['Multiple failed login attempts'],No IOC Match,Unknown,False
2123,EVT07249,53.27,Moderate,Review When Possible,Open,['High CVSS vulnerability'],No IOC Match,Unknown,False
2124,EVT08158,53.27,Moderate,Review When Possible,Open,[],No IOC Match,Unknown,False
2125,EVT08597,53.27,Moderate,Review When Possible,Open,[],No IOC Match,Unknown,False
2126,EVT01352,53.26,Moderate,Review When Possible,Open,[],No IOC Match,Unknown,False
2127,EVT01370,53.26,Moderate,Review When Possible,Open,['Multiple failed login attempts'],No IOC Match,Unknown,False
2128,EVT05305,53.26,Moderate,Review When Possible,Open,['High CVSS vulnerability'],No IOC Match,Medium,True
2129,EVT07508,53.26,Moderate,Review When Possible,Open,['High CVSS vulnerability'],No IOC Match,Unknown,False
2130,EVT01126,53.25,Moderate,Review When Possible,Open,['Multiple failed login attempts'],No IOC Match,Unknown,False
2131,EVT02309,53.25,Moderate,Review When Possible,Open,[],No IOC Match,Unknown,False
2132,EVT02749,53.25,Moderate,Review When Possible,Open,['High CVSS vulnerability'],No IOC Match,Unknown,False
2133,EVT07182,53.24,Moderate,Review When Possible,Open,['High CVSS vulnerability'],No IOC Match,Unknown,False
2134,EVT02734,53.23,Moderate,Review When Possible,Open,['Multiple failed login attempts'],No IOC Match,Unknown,False
2135,EVT04228,53.23,Moderate,Review When Possible,Open,"['High CVSS vulnerability', 'Multiple failed login attempts']",No IOC Match,Unknown,False
2136,EVT09298,53.23,Moderate,Review When Possible,Open,[],No IOC Match,Unknown,False
2137,EVT03569,53.22,Moderate,Review When Possible,Open,[],No IOC Match,Unknown,False
2138,EVT06848,53.21,Moderate,Review When Possible,Open,[],No IOC Match,Unknown,False
2139,EVT07850,53.21,Moderate,Review When Possible,Open,[],No IOC Match,Unknown,False
2140,EVT09161,53.21,Moderate,Review When Possible,Open,[],No IOC Match,Unknown,False
2141,EVT00496,53.2,Moderate,Review When Possible,Open,['High CVSS vulnerability'],No IOC Match,Unknown,False
2142,EVT06826,53.2,Moderate,Review When Possible,Open,['High CVSS vulnerability'],No IOC Match,Unknown,False
2143,EVT01557,53.19,Moderate,Review When Possible,Open,['High CVSS vulnerability'],No IOC Match,Unknown,False
2144,EVT02778,53.19,Moderate,Review When Possible,Open,['Multiple failed login attempts'],No IOC Match,Unknown,False
2145,EVT01359,53.18,Moderate,Review When Possible,Open,['High CVSS vulnerability'],No IOC Match,Unknown,False
2146,EVT00517,53.17,Moderate,Review When Possible,Open,['High CVSS vulnerability'],No IOC Match,Unknown,False
2147,EVT01353,53.17,Moderate,Review When Possible,Open,[],No IOC Match,Unknown,False
2148,EVT03851,53.17,Moderate,Review When Possible,Open,[],No IOC Match,Unknown,False
2149,EVT07848,53.17,Moderate,Review When Possible,Open,['Multiple failed login attempts'],No IOC Match,Unknown,False
2150,EVT09859,53.17,Moderate,Review When Possible,Open,['High CVSS vulnerability'],No IOC Match,Unknown,False
2151,EVT00218,53.16,Moderate,Review When Possible,Open,['Multiple failed login attempts'],No IOC Match,Unknown,False
2152,EVT04184,53.16,Moderate,Review When Possible,Open,['High CVSS vulnerability'],No IOC Match,Unknown,False
2153,EVT08057,53.16,Moderate,Review When Possible,Open,['High CVSS vulnerability'],No IOC Match,Unknown,False
2154,EVT00896,53.15,Moderate,Review When Possible,Open,[],No IOC Match,Unknown,False
2155,EVT03365,53.15,Moderate,Review When Possible,Open,[],No IOC Match,Unknown,False
2156,EVT08765,53.15,Moderate,Review When Possible,Open,['Multiple failed login attempts'],No IOC Match,Unknown,False
2157,EVT01192,53.14,Moderate,Review When Possible,Open,['High CVSS vulnerability'],No IOC Match,Unknown,False
2158,EVT03383,53.14,Moderate,Review When Possible,Open,[],No IOC Match,Unknown,False
2159,EVT01879,53.13,Moderate,Review When Possible,Open,['High CVSS vulnerability'],No IOC Match,High,True
2160,EVT04159,53.13,Moderate,Review When Possible,Open,['High CVSS vulnerability'],No IOC Match,Unknown,False
2161,EVT06014,53.13,Moderate,Review When Possible,Open,[],No IOC Match,Unknown,False
2162,EVT07620,53.13,Moderate,Review When Possible,Open,[],No IOC Match,High,True
2163,EVT08145,53.12,Moderate,Review When Possible,Open,[],No IOC Match,Unknown,False
2164,EVT02790,53.11,Moderate,Review When Possible,Open,[],No IOC Match,Unknown,False
2165,EVT04907,53.11,Moderate,Review When Possible,Open,[],No IOC Match,Unknown,False
2166,EVT09679,53.11,Moderate,Review When Possible,Open,['High CVSS vulnerability'],No IOC Match,Unknown,False
2167,EVT00429,53.1,Moderate,Review When Possible,Open,['High CVSS vulnerability'],No IOC Match,Unknown,False
2168,EVT05108,53.09,Moderate,Review When Possible,Open,['Multiple failed login attempts'],No IOC Match,Unknown,False
2169,EVT08467,53.09,Moderate,Review When Possible,Open,[],No IOC Match,Unknown,False
2170,EVT09843,53.09,Moderate,Review When Possible,Open,"['High CVSS vulnerability', 'Multiple failed login attempts']",No IOC Match,Unknown,False
2171,EVT06087,53.08,Moderate,Review When Possible,Open,[],No IOC Match,Unknown,False
2172,EVT08666,53.08,Moderate,Review When Possible,Open,[],No IOC Match,Unknown,False
2173,EVT00959,53.07,Moderate,Review When Possible,Open,['High CVSS vulnerability'],No IOC Match,Unknown,False
2174,EVT08407,53.07,Moderate,Review When Possible,Open,['High CVSS vulnerability'],No IOC Match,Unknown,False
2175,EVT04567,53.06,Moderate,Review When Possible,Open,[],No IOC Match,Unknown,False
2176,EVT04491,53.05,Moderate,Review When Possible,Open,['High CVSS vulnerability'],No IOC Match,Unknown,False
2177,EVT05253,53.05,Moderate,Review When Possible,Open,[],No IOC Match,Unknown,False
2178,EVT07347,53.05,Moderate,Review When Possible,Open,[],No IOC Match,Unknown,False
2179,EVT04128,53.03,Moderate,Review When Possible,Open,[],No IOC Match,Unknown,False
2180,EVT05053,53.03,Moderate,Review When Possible,Open,['Multiple failed login attempts'],No IOC Match,Unknown,False
2181,EVT00166,53.02,Moderate,Review When Possible,Open,['Multiple failed login attempts'],No IOC Match,Unknown,False
2182,EVT02646,53.02,Moderate,Review When Possible,Open,['High CVSS vulnerability'],No IOC Match,Unknown,False
2183,EVT02021,53.01,Moderate,Review When Possible,Open,[],No IOC Match,Unknown,False
2184,EVT03141,53.01,Moderate,Review When Possible,Open,['Multiple failed login attempts'],No IOC Match,Unknown,False
2185,EVT01581,53.0,Moderate,Review When Possible,Open,[],No IOC Match,Unknown,False
2186,EVT08155,53.0,Moderate,Review When Possible,Open,[],No IOC Match,Unknown,False
2187,EVT09354,52.99,Moderate,Review When Possible,Open,['Multiple failed login attempts'],No IOC Match,Unknown,False
2188,EVT04224,52.98,Moderate,Review When Possible,Open,['High CVSS vulnerability'],No IOC Match,Unknown,False
2189,EVT08368,52.97,Moderate,Review When Possible,Open,['Multiple failed login attempts'],No IOC Match,Unknown,False
2190,EVT09144,52.97,Moderate,Review When Possible,Open,['High CVSS vulnerability'],No IOC Match,Unknown,False
2191,EVT07122,52.96,Moderate,Review When Possible,Open,['High CVSS vulnerability'],No IOC Match,Unknown,False
2192,EVT05281,52.95,Moderate,Review When Possible,Open,[],No IOC Match,Unknown,False
2193,EVT01188,52.94,Moderate,Review When Possible,Open,['High CVSS vulnerability'],No IOC Match,Unknown,False
2194,EVT02549,52.94,Moderate,Review When Possible,Open,[],No IOC Match,Unknown,False
2195,EVT08130,52.94,Moderate,Review When Possible,Open,['Multiple failed login attempts'],No IOC Match,Unknown,False
2196,EVT01324,52.93,Moderate,Review When Possible,Open,"['High CVSS vulnerability', 'Multiple failed login attempts']",No IOC Match,Unknown,False
2197,EVT03820,52.93,Moderate,Review When Possible,Open,[],No IOC Match,Unknown,False
2198,EVT02904,52.92,Moderate,Review When Possible,Open,"['High CVSS vulnerability', 'Multiple failed login attempts']",No IOC Match,Unknown,False
2199,EVT02976,52.92,Moderate,Review When Possible,Open,[],No IOC Match,Unknown,False
2200,EVT04985,52.92,Moderate,Review When Possible,Open,['High CVSS vulnerability'],No IOC Match,Unknown,False
2201,EVT06445,52.91,Moderate,Review When Possible,Open,['High CVSS vulnerability'],No IOC Match,Unknown,False
2202,EVT01801,52.89,Moderate,Review When Possible,Open,['High CVSS vulnerability'],No IOC Match,Unknown,False
2203,EVT04232,52.89,Moderate,Review When Possible,Open,[],No IOC Match,Unknown,False
2204,EVT00804,52.88,Moderate,Review When Possible,Open,['High CVSS vulnerability'],No IOC Match,Medium,True
2205,EVT01252,52.88,Moderate,Review When Possible,Open,[],No IOC Match,Unknown,False
2206,EVT01320,52.88,Moderate,Review When Possible,Open,[],No IOC Match,Unknown,False
2207,EVT04411,52.88,Moderate,Review When Possible,Open,['Multiple failed login attempts'],No IOC Match,Unknown,False
2208,EVT08041,52.88,Moderate,Review When Possible,Open,[],No IOC Match,Unknown,False
2209,EVT02708,52.87,Moderate,Review When Possible,Open,['Multiple failed login attempts'],No IOC Match,Unknown,False
2210,EVT06323,52.87,Moderate,Review When Possible,Open,['Multiple failed login attempts'],No IOC Match,Unknown,False
2211,EVT06982,52.87,Moderate,Review When Possible,Open,['Multiple failed login attempts'],No IOC Match,Unknown,False
2212,EVT09504,52.87,Moderate,Review When Possible,Open,[],No IOC Match,Unknown,False
2213,EVT07187,52.86,Moderate,Review When Possible,Open,['Multiple failed login attempts'],No IOC Match,Unknown,False
2214,EVT03567,52.84,Moderate,Review When Possible,Open,[],No IOC Match,Medium,True
2215,EVT07825,52.84,Moderate,Review When Possible,Open,['High CVSS vulnerability'],No IOC Match,Unknown,False
2216,EVT00408,52.82,Moderate,Review When Possible,Open,[],No IOC Match,Unknown,False
2217,EVT02464,52.82,Moderate,Review When Possible,Open,['Multiple failed login attempts'],No IOC Match,Unknown,False
2218,EVT05777,52.82,Moderate,Review When Possible,Open,[],No IOC Match,Unknown,False
2219,EVT04219,52.81,Moderate,Review When Possible,Open,['High CVSS vulnerability'],No IOC Match,Unknown,False
2220,EVT04553,52.81,Moderate,Review When Possible,Open,['High CVSS vulnerability'],No IOC Match,Unknown,False
2221,EVT06088,52.81,Moderate,Review When Possible,Open,['High CVSS vulnerability'],No IOC Match,Unknown,False
2222,EVT06236,52.81,Moderate,Review When Possible,Open,[],No IOC Match,Unknown,False
2223,EVT07874,52.81,Moderate,Review When Possible,Open,['High CVSS vulnerability'],No IOC Match,Unknown,False
2224,EVT08834,52.81,Moderate,Review When Possible,Open,[],No IOC Match,Unknown,False
2225,EVT00598,52.8,Moderate,Review When Possible,Open,[],No IOC Match,Unknown,False
2226,EVT09693,52.8,Moderate,Review When Possible,Open,['Multiple failed login attempts'],No IOC Match,Unknown,False
2227,EVT06020,52.79,Moderate,Review When Possible,Open,[],No IOC Match,Unknown,False
2228,EVT09558,52.79,Moderate,Review When Possible,Open,['High CVSS vulnerability'],No IOC Match,Unknown,False
2229,EVT09998,52.79,Moderate,Review When Possible,Open,"['High CVSS vulnerability', 'Multiple failed login attempts']",No IOC Match,Unknown,False
2230,EVT08793,52.78,Moderate,Review When Possible,Open,[],No IOC Match,Unknown,False
2231,EVT04573,52.77,Moderate,Review When Possible,Open,['High CVSS vulnerability'],No IOC Match,Unknown,False
2232,EVT05258,52.77,Moderate,Review When Possible,Open,[],No IOC Match,Unknown,False
2233,EVT08972,52.76,Moderate,Review When Possible,Open,['High CVSS vulnerability'],No IOC Match,Unknown,False
2234,EVT09705,52.76,Moderate,Review When Possible,Open,[],No IOC Match,Unknown,False
2235,EVT02673,52.75,Moderate,Review When Possible,Open,[],No IOC Match,Unknown,False
2236,EVT05016,52.75,Moderate,Review When Possible,Open,[],No IOC Match,Unknown,False
2237,EVT08198,52.74,Moderate,Review When Possible,Open,[],No IOC Match,Unknown,False
2238,EVT03376,52.73,Moderate,Review When Possible,Open,[],No IOC Match,Unknown,False
2239,EVT07154,52.73,Moderate,Review When Possible,Open,['High CVSS vulnerability'],No IOC Match,Unknown,False
2240,EVT01539,52.72,Moderate,Review When Possible,Open,[],No IOC Match,Unknown,False
2241,EVT02231,52.72,Moderate,Review When Possible,Open,['Multiple failed login attempts'],No IOC Match,Unknown,False
2242,EVT03760,52.72,Moderate,Review When Possible,Open,[],No IOC Match,Unknown,False
2243,EVT05488,52.72,Moderate,Review When Possible,Open,[],No IOC Match,Unknown,False
2244,EVT01157,52.7,Moderate,Review When Possible,Open,[],No IOC Match,Unknown,False
2245,EVT07440,52.7,Moderate,Review When Possible,Open,['Multiple failed login attempts'],No IOC Match,Unknown,False
2246,EVT08157,52.7,Moderate,Review When Possible,Open,[],No IOC Match,Unknown,False
2247,EVT01392,52.69,Moderate,Review When Possible,Open,[],No IOC Match,Unknown,False
2248,EVT01639,52.69,Moderate,Review When Possible,Open,['High CVSS vulnerability'],No IOC Match,Unknown,False
2249,EVT07504,52.69,Moderate,Review When Possible,Open,[],No IOC Match,Unknown,False
2250,EVT05328,52.68,Moderate,Review When Possible,Open,[],No IOC Match,Unknown,False
2251,EVT09223,52.68,Moderate,Review When Possible,Open,['High CVSS vulnerability'],No IOC Match,Unknown,False
2252,EVT05337,52.67,Moderate,Review When Possible,Open,['High CVSS vulnerability'],No IOC Match,Unknown,False
2253,EVT09517,52.67,Moderate,Review When Possible,Open,['High CVSS vulnerability'],No IOC Match,Unknown,False
2254,EVT01361,52.65,Moderate,Review When Possible,Open,[],No IOC Match,Unknown,False
2255,EVT04577,52.65,Moderate,Review When Possible,Open,[],No IOC Match,Unknown,False
2256,EVT03837,52.64,Moderate,Review When Possible,Open,['High CVSS vulnerability'],No IOC Match,Unknown,False
2257,EVT03882,52.64,Moderate,Review When Possible,Open,[],No IOC Match,Unknown,False
2258,EVT07665,52.64,Moderate,Review When Possible,Open,[],No IOC Match,Unknown,False
2259,EVT09457,52.64,Moderate,Review When Possible,Open,[],No IOC Match,Unknown,False
2260,EVT04285,52.63,Moderate,Review When Possible,Open,[],No IOC Match,Unknown,False
2261,EVT03210,52.62,Moderate,Review When Possible,Open,['Multiple failed login attempts'],No IOC Match,Unknown,False
2262,EVT03494,52.62,Moderate,Review When Possible,Open,['High CVSS vulnerability'],No IOC Match,Unknown,False
2263,EVT06787,52.62,Moderate,Review When Possible,Open,['High CVSS vulnerability'],No IOC Match,Unknown,False
2264,EVT01230,52.61,Moderate,Review When Possible,Open,[],No IOC Match,Unknown,False
2265,EVT01890,52.6,Moderate,Review When Possible,Open,['High CVSS vulnerability'],No IOC Match,Unknown,False
2266,EVT05215,52.6,Moderate,Review When Possible,Open,[],No IOC Match,Unknown,False
2267,EVT02624,52.59,Moderate,Review When Possible,Open,[],No IOC Match,Unknown,False
2268,EVT01221,52.58,Moderate,Review When Possible,Open,['Multiple failed login attempts'],No IOC Match,Unknown,False
2269,EVT02540,52.58,Moderate,Review When Possible,Open,[],No IOC Match,Unknown,False
2270,EVT06380,52.58,Moderate,Review When Possible,Open,['High CVSS vulnerability'],No IOC Match,Unknown,False
2271,EVT07314,52.58,Moderate,Review When Possible,Open,[],No IOC Match,Unknown,False
2272,EVT00581,52.57,Moderate,Review When Possible,Open,[],No IOC Match,Unknown,False
2273,EVT02417,52.57,Moderate,Review When Possible,Open,['High CVSS vulnerability'],No IOC Match,Unknown,False
2274,EVT02241,52.56,Moderate,Review When Possible,Open,[],No IOC Match,Unknown,False
2275,EVT06308,52.56,Moderate,Review When Possible,Open,['Multiple failed login attempts'],No IOC Match,Unknown,False
2276,EVT04591,52.53,Moderate,Review When Possible,Open,"['High CVSS vulnerability', 'Multiple failed login attempts']",No IOC Match,Unknown,False
2277,EVT08680,52.52,Moderate,Review When Possible,Open,['Multiple failed login attempts'],No IOC Match,Medium,True
2278,EVT01299,52.51,Moderate,Review When Possible,Open,[],No IOC Match,Unknown,False
2279,EVT09667,52.51,Moderate,Review When Possible,Open,['Multiple failed login attempts'],No IOC Match,Unknown,False
2280,EVT03278,52.5,Moderate,Review When Possible,Open,[],No IOC Match,Unknown,False
2281,EVT04135,52.5,Moderate,Review When Possible,Open,['High CVSS vulnerability'],No IOC Match,Unknown,False
2282,EVT09184,52.5,Moderate,Review When Possible,Open,"['High CVSS vulnerability', 'Multiple failed login attempts']",No IOC Match,Unknown,False
2283,EVT09592,52.5,Moderate,Review When Possible,Open,[],No IOC Match,Unknown,False
2284,EVT07296,52.49,Moderate,Review When Possible,Open,[],No IOC Match,Unknown,False
2285,EVT08220,52.49,Moderate,Review When Possible,Open,[],No IOC Match,Unknown,False
2286,EVT00817,52.48,Moderate,Review When Possible,Open,[],No IOC Match,Unknown,False
2287,EVT04466,52.48,Moderate,Review When Possible,Open,"['High CVSS vulnerability', 'Multiple failed login attempts']",No IOC Match,Low,True
2288,EVT08819,52.48,Moderate,Review When Possible,Open,['High CVSS vulnerability'],No IOC Match,Medium,True
2289,EVT09816,52.47,Moderate,Review When Possible,Open,[],No IOC Match,Unknown,False
2290,EVT05730,52.46,Moderate,Review When Possible,Open,['Multiple failed login attempts'],No IOC Match,Unknown,False
2291,EVT06666,52.46,Moderate,Review When Possible,Open,[],No IOC Match,Unknown,False
2292,EVT00342,52.45,Moderate,Review When Possible,Open,['High CVSS vulnerability'],No IOC Match,Unknown,False
2293,EVT00955,52.45,Moderate,Review When Possible,Open,['High CVSS vulnerability'],No IOC Match,Unknown,False
2294,EVT07679,52.45,Moderate,Review When Possible,Open,['High CVSS vulnerability'],No IOC Match,Unknown,False
2295,EVT02547,52.44,Moderate,Review When Possible,Open,['Multiple failed login attempts'],No IOC Match,Unknown,False
2296,EVT03388,52.44,Moderate,Review When Possible,Open,[],No IOC Match,Unknown,False
2297,EVT04830,52.44,Moderate,Review When Possible,Open,[],No IOC Match,Unknown,False
2298,EVT05419,52.43,Moderate,Review When Possible,Open,[],No IOC Match,Unknown,False
2299,EVT05915,52.43,Moderate,Review When Possible,Open,[],No IOC Match,Unknown,False
2300,EVT09401,52.43,Moderate,Review When Possible,Open,['Multiple failed login attempts'],No IOC Match,Unknown,False
2301,EVT03149,52.42,Moderate,Review When Possible,Open,['High CVSS vulnerability'],No IOC Match,Unknown,False
2302,EVT05623,52.42,Moderate,Review When Possible,Open,[],No IOC Match,Unknown,False
2303,EVT07701,52.42,Moderate,Review When Possible,Open,['High CVSS vulnerability'],No IOC Match,Unknown,False
2304,EVT08398,52.42,Moderate,Review When Possible,Open,[],No IOC Match,Unknown,False
2305,EVT03965,52.41,Moderate,Review When Possible,Open,['High CVSS vulnerability'],No IOC Match,Unknown,False
2306,EVT06728,52.4,Moderate,Review When Possible,Open,[],No IOC Match,Unknown,False
2307,EVT09795,52.4,Moderate,Review When Possible,Open,[],No IOC Match,Unknown,False
2308,EVT01019,52.39,Moderate,Review When Possible,Open,[],No IOC Match,Unknown,False
2309,EVT04226,52.39,Moderate,Review When Possible,Open,['High CVSS vulnerability'],No IOC Match,Unknown,False
2310,EVT08704,52.39,Moderate,Review When Possible,Open,['High CVSS vulnerability'],No IOC Match,Unknown,False
2311,EVT01977,52.38,Moderate,Review When Possible,Open,[],No IOC Match,Unknown,False
2312,EVT01398,52.36,Moderate,Review When Possible,Open,"['High CVSS vulnerability', 'Multiple failed login attempts']",No IOC Match,Unknown,False
2313,EVT03317,52.36,Moderate,Review When Possible,Open,[],No IOC Match,Unknown,False
2314,EVT03815,52.36,Moderate,Review When Possible,Open,[],No IOC Match,Unknown,False
2315,EVT00318,52.35,Moderate,Review When Possible,Open,[],No IOC Match,Unknown,False
2316,EVT05290,52.35,Moderate,Review When Possible,Open,['High CVSS vulnerability'],No IOC Match,Medium,True
2317,EVT01750,52.33,Moderate,Review When Possible,Open,[],No IOC Match,Unknown,False
2318,EVT03917,52.33,Moderate,Review When Possible,Open,[],No IOC Match,Unknown,False
2319,EVT09014,52.33,Moderate,Review When Possible,Open,[],No IOC Match,Unknown,False
2320,EVT00951,52.32,Moderate,Review When Possible,Open,['High CVSS vulnerability'],No IOC Match,Unknown,False
2321,EVT01131,52.32,Moderate,Review When Possible,Open,[],No IOC Match,Unknown,False
2322,EVT09306,52.32,Moderate,Review When Possible,Open,[],No IOC Match,Unknown,False
2323,EVT06033,52.31,Moderate,Review When Possible,Open,['High CVSS vulnerability'],No IOC Match,Unknown,False
2324,EVT07317,52.31,Moderate,Review When Possible,Open,['High CVSS vulnerability'],No IOC Match,Unknown,False
2325,EVT07729,52.31,Moderate,Review When Possible,Open,['Multiple failed login attempts'],No IOC Match,Unknown,False
2326,EVT09217,52.3,Moderate,Review When Possible,Open,['Multiple failed login attempts'],No IOC Match,Unknown,False
2327,EVT00651,52.28,Moderate,Review When Possible,Open,[],No IOC Match,Low,True
2328,EVT02736,52.28,Moderate,Review When Possible,Open,[],No IOC Match,Unknown,False
2329,EVT03582,52.27,Moderate,Review When Possible,Open,[],No IOC Match,Unknown,False
2330,EVT06987,52.27,Moderate,Review When Possible,Open,[],No IOC Match,Unknown,False
2331,EVT08134,52.27,Moderate,Review When Possible,Open,['Multiple failed login attempts'],No IOC Match,Unknown,False
2332,EVT03456,52.26,Moderate,Review When Possible,Open,[],No IOC Match,Unknown,False
2333,EVT07214,52.26,Moderate,Review When Possible,Open,[],No IOC Match,Unknown,False
2334,EVT07554,52.26,Moderate,Review When Possible,Open,['High CVSS vulnerability'],No IOC Match,Unknown,False
2335,EVT04245,52.25,Moderate,Review When Possible,Open,[],No IOC Match,Unknown,False
2336,EVT06470,52.25,Moderate,Review When Possible,Open,[],No IOC Match,Unknown,False
2337,EVT08840,52.25,Moderate,Review When Possible,Open,['High CVSS vulnerability'],No IOC Match,Unknown,False
2338,EVT08095,52.24,Moderate,Review When Possible,Open,['High CVSS vulnerability'],No IOC Match,Unknown,False
2339,EVT03280,52.23,Moderate,Review When Possible,Open,[],No IOC Match,Unknown,False
2340,EVT06220,52.23,Moderate,Review When Possible,Open,[],No IOC Match,Unknown,False
2341,EVT08851,52.23,Moderate,Review When Possible,Open,[],No IOC Match,Unknown,False
2342,EVT02165,52.22,Moderate,Review When Possible,Open,['High CVSS vulnerability'],No IOC Match,Unknown,False
2343,EVT04315,52.22,Moderate,Review When Possible,Open,[],No IOC Match,Unknown,False
2344,EVT08856,52.22,Moderate,Review When Possible,Open,[],No IOC Match,Medium,True
2345,EVT02356,52.21,Moderate,Review When Possible,Open,[],No IOC Match,Unknown,False
2346,EVT01154,52.2,Moderate,Review When Possible,Open,[],No IOC Match,Unknown,False
2347,EVT03380,52.2,Moderate,Review When Possible,Open,[],No IOC Match,Unknown,False
2348,EVT03989,52.2,Moderate,Review When Possible,Open,[],No IOC Match,Unknown,False
2349,EVT08552,52.2,Moderate,Review When Possible,Open,['High CVSS vulnerability'],No IOC Match,Unknown,False
2350,EVT09911,52.2,Moderate,Review When Possible,Open,"['High CVSS vulnerability', 'Multiple failed login attempts']",No IOC Match,Unknown,False
2351,EVT09682,52.19,Moderate,Review When Possible,Open,"['High CVSS vulnerability', 'Multiple failed login attempts']",No IOC Match,Unknown,False
2352,EVT02081,52.18,Moderate,Review When Possible,Open,[],No IOC Match,High,True
2353,EVT02477,52.18,Moderate,Review When Possible,Open,['High CVSS vulnerability'],No IOC Match,Unknown,False
2354,EVT09003,52.18,Moderate,Review When Possible,Open,['High CVSS vulnerability'],No IOC Match,Unknown,False
2355,EVT00950,52.17,Moderate,Review When Possible,Open,[],No IOC Match,Unknown,False
2356,EVT02683,52.17,Moderate,Review When Possible,Open,['High CVSS vulnerability'],No IOC Match,Unknown,False
2357,EVT03496,52.17,Moderate,Review When Possible,Open,['High CVSS vulnerability'],No IOC Match,Unknown,False
2358,EVT07361,52.17,Moderate,Review When Possible,Open,['High CVSS vulnerability'],No IOC Match,Unknown,False
2359,EVT08653,52.16,Moderate,Review When Possible,Open,[],No IOC Match,Unknown,False
2360,EVT00885,52.15,Moderate,Review When Possible,Open,['High CVSS vulnerability'],No IOC Match,Unknown,False
2361,EVT07291,52.15,Moderate,Review When Possible,Open,['High CVSS vulnerability'],No IOC Match,High,True
2362,EVT09942,52.15,Moderate,Review When Possible,Open,['Multiple failed login attempts'],No IOC Match,Unknown,False
2363,EVT01063,52.13,Moderate,Review When Possible,Open,"['High CVSS vulnerability', 'Multiple failed login attempts']",No IOC Match,Unknown,False
2364,EVT04910,52.13,Moderate,Review When Possible,Open,[],No IOC Match,Unknown,False
2365,EVT06029,52.13,Moderate,Review When Possible,Open,[],No IOC Match,Unknown,False
2366,EVT03598,52.12,Moderate,Review When Possible,Open,['High CVSS vulnerability'],No IOC Match,Unknown,False
2367,EVT03580,52.11,Moderate,Review When Possible,Open,['High CVSS vulnerability'],No IOC Match,Unknown,False
2368,EVT05072,52.1,Moderate,Review When Possible,Open,['High CVSS vulnerability'],No IOC Match,Unknown,False
2369,EVT07030,52.1,Moderate,Review When Possible,Open,[],No IOC Match,Unknown,False
2370,EVT02474,52.08,Moderate,Review When Possible,Open,[],No IOC Match,Unknown,False
2371,EVT03128,52.08,Moderate,Review When Possible,Open,['High CVSS vulnerability'],No IOC Match,Unknown,False
2372,EVT07037,52.08,Moderate,Review When Possible,Open,[],No IOC Match,Unknown,False
2373,EVT01906,52.07,Moderate,Review When Possible,Open,[],No IOC Match,Unknown,False
2374,EVT09006,52.07,Moderate,Review When Possible,Open,['High CVSS vulnerability'],No IOC Match,Unknown,False
2375,EVT06904,52.06,Moderate,Review When Possible,Open,['High CVSS vulnerability'],No IOC Match,Unknown,False
2376,EVT01495,52.05,Moderate,Review When Possible,Open,[],No IOC Match,Unknown,False
2377,EVT04509,52.05,Moderate,Review When Possible,Open,['High CVSS vulnerability'],No IOC Match,Unknown,False
2378,EVT06049,52.05,Moderate,Review When Possible,Open,[],No IOC Match,Unknown,False
2379,EVT06670,52.05,Moderate,Review When Possible,Open,['Multiple failed login attempts'],No IOC Match,Unknown,False
2380,EVT04670,52.04,Moderate,Review When Possible,Open,[],No IOC Match,Unknown,False
2381,EVT06731,52.04,Moderate,Review When Possible,Open,[],No IOC Match,Unknown,False
2382,EVT06906,52.04,Moderate,Review When Possible,Open,['High CVSS vulnerability'],No IOC Match,Unknown,False
2383,EVT01850,52.03,Moderate,Review When Possible,Open,[],No IOC Match,Unknown,False
2384,EVT06778,52.03,Moderate,Review When Possible,Open,[],No IOC Match,Unknown,False
2385,EVT01393,52.02,Moderate,Review When Possible,Open,[],No IOC Match,Unknown,False
2386,EVT04423,52.02,Moderate,Review When Possible,Open,['High CVSS vulnerability'],No IOC Match,Unknown,False
2387,EVT09916,52.02,Moderate,Review When Possible,Open,['High CVSS vulnerability'],No IOC Match,Unknown,False
2388,EVT01034,52.01,Moderate,Review When Possible,Open,['Multiple failed login attempts'],No IOC Match,High,True
2389,EVT03593,52.01,Moderate,Review When Possible,Open,[],No IOC Match,Unknown,False
2390,EVT04231,52.0,Moderate,Review When Possible,Open,[],No IOC Match,Unknown,False
2391,EVT06574,52.0,Moderate,Review When Possible,Open,[],No IOC Match,Unknown,False
2392,EVT09510,52.0,Moderate,Review When Possible,Open,['High CVSS vulnerability'],No IOC Match,Unknown,False
2393,EVT05188,51.99,Moderate,Review When Possible,Open,[],No IOC Match,Unknown,False
2394,EVT08882,51.99,Moderate,Review When Possible,Open,[],No IOC Match,Unknown,False
2395,EVT09678,51.99,Moderate,Review When Possible,Open,['High CVSS vulnerability'],No IOC Match,Unknown,False
2396,EVT00926,51.98,Moderate,Review When Possible,Open,['High CVSS vulnerability'],No IOC Match,Unknown,False
2397,EVT01373,51.98,Moderate,Review When Possible,Open,[],No IOC Match,Unknown,False
2398,EVT03457,51.98,Moderate,Review When Possible,Open,[],No IOC Match,Unknown,False
2399,EVT08011,51.98,Moderate,Review When Possible,Open,[],No IOC Match,Unknown,False
2400,EVT02940,51.97,Moderate,Review When Possible,Open,['Critical asset'],No IOC Match,Critical,True
2401,EVT09627,51.97,Moderate,Review When Possible,Open,"['High CVSS vulnerability', 'Multiple failed login attempts']",No IOC Match,Unknown,False
2402,EVT05558,51.96,Moderate,Review When Possible,Open,[],No IOC Match,Unknown,False
2403,EVT06246,51.96,Moderate,Review When Possible,Open,['Multiple failed login attempts'],No IOC Match,Unknown,False
2404,EVT09193,51.96,Moderate,Review When Possible,Open,['Multiple failed login attempts'],No IOC Match,Unknown,False
2405,EVT04944,51.95,Moderate,Review When Possible,Open,[],No IOC Match,Unknown,False
2406,EVT07008,51.95,Moderate,Review When Possible,Open,[],No IOC Match,Unknown,False
2407,EVT06912,51.94,Moderate,Review When Possible,Open,[],No IOC Match,Unknown,False
2408,EVT09052,51.94,Moderate,Review When Possible,Open,[],No IOC Match,Unknown,False
2409,EVT00638,51.92,Moderate,Review When Possible,Open,['High CVSS vulnerability'],No IOC Match,Unknown,False
2410,EVT06150,51.92,Moderate,Review When Possible,Open,['Multiple failed login attempts'],No IOC Match,Unknown,False
2411,EVT06315,51.92,Moderate,Review When Possible,Open,['Multiple failed login attempts'],No IOC Match,Unknown,False
2412,EVT05420,51.91,Moderate,Review When Possible,Open,[],No IOC Match,Unknown,False
2413,EVT09425,51.91,Moderate,Review When Possible,Open,"['High CVSS vulnerability', 'Multiple failed login attempts']",No IOC Match,Unknown,False
2414,EVT05110,51.9,Moderate,Review When Possible,Open,['High CVSS vulnerability'],No IOC Match,Unknown,False
2415,EVT09285,51.9,Moderate,Review When Possible,Open,['High CVSS vulnerability'],No IOC Match,Unknown,False
2416,EVT01394,51.89,Moderate,Review When Possible,Open,[],No IOC Match,Unknown,False
2417,EVT06411,51.89,Moderate,Review When Possible,Open,[],No IOC Match,Unknown,False
2418,EVT08204,51.89,Moderate,Review When Possible,Open,[],No IOC Match,Unknown,False
2419,EVT01540,51.88,Moderate,Review When Possible,Open,[],No IOC Match,Unknown,False
2420,EVT03076,51.87,Moderate,Review When Possible,Open,['Multiple failed login attempts'],No IOC Match,Unknown,False
2421,EVT08171,51.87,Moderate,Review When Possible,Open,[],No IOC Match,Unknown,False
2422,EVT01381,51.86,Moderate,Review When Possible,Open,[],No IOC Match,Unknown,False
2423,EVT05398,51.86,Moderate,Review When Possible,Open,[],No IOC Match,Unknown,False
2424,EVT05401,51.84,Moderate,Review When Possible,Open,['Multiple failed login attempts'],No IOC Match,Unknown,False
2425,EVT05958,51.84,Moderate,Review When Possible,Open,['Multiple failed login attempts'],No IOC Match,Unknown,False
2426,EVT09136,51.84,Moderate,Review When Possible,Open,['High CVSS vulnerability'],No IOC Match,Unknown,False
2427,EVT00946,51.83,Moderate,Review When Possible,Open,[],No IOC Match,Unknown,False
2428,EVT03707,51.83,Moderate,Review When Possible,Open,[],No IOC Match,High,True
2429,EVT08807,51.83,Moderate,Review When Possible,Open,['Multiple failed login attempts'],No IOC Match,Unknown,False
2430,EVT00125,51.82,Moderate,Review When Possible,Open,['High CVSS vulnerability'],No IOC Match,Unknown,False
2431,EVT07068,51.82,Moderate,Review When Possible,Open,['Multiple failed login attempts'],No IOC Match,Unknown,False
2432,EVT07954,51.82,Moderate,Review When Possible,Open,[],No IOC Match,Unknown,False
2433,EVT04766,51.81,Moderate,Review When Possible,Open,['High CVSS vulnerability'],No IOC Match,High,True
2434,EVT05585,51.81,Moderate,Review When Possible,Open,[],No IOC Match,Unknown,False
2435,EVT09463,51.81,Moderate,Review When Possible,Open,['High CVSS vulnerability'],No IOC Match,Unknown,False
2436,EVT02767,51.8,Moderate,Review When Possible,Open,[],No IOC Match,Unknown,False
2437,EVT05963,51.8,Moderate,Review When Possible,Open,['High CVSS vulnerability'],No IOC Match,Unknown,False
2438,EVT06571,51.8,Moderate,Review When Possible,Open,[],No IOC Match,Unknown,False
2439,EVT09882,51.8,Moderate,Review When Possible,Open,['High CVSS vulnerability'],No IOC Match,Unknown,False
2440,EVT03488,51.79,Moderate,Review When Possible,Open,[],No IOC Match,Unknown,False
2441,EVT04628,51.79,Moderate,Review When Possible,Open,[],No IOC Match,Unknown,False
2442,EVT00216,51.78,Moderate,Review When Possible,Open,[],No IOC Match,Unknown,False
2443,EVT01265,51.78,Moderate,Review When Possible,Open,[],No IOC Match,Unknown,False
2444,EVT04965,51.78,Moderate,Review When Possible,Open,['Multiple failed login attempts'],No IOC Match,Unknown,False
2445,EVT05212,51.78,Moderate,Review When Possible,Open,[],No IOC Match,Unknown,False
2446,EVT06942,51.78,Moderate,Review When Possible,Open,[],No IOC Match,Unknown,False
2447,EVT09495,51.78,Moderate,Review When Possible,Open,[],No IOC Match,Unknown,False
2448,EVT09967,51.78,Moderate,Review When Possible,Open,['Multiple failed login attempts'],No IOC Match,Unknown,False
2449,EVT01404,51.77,Moderate,Review When Possible,Open,[],No IOC Match,Unknown,False
2450,EVT02365,51.77,Moderate,Review When Possible,Open,['High CVSS vulnerability'],No IOC Match,Unknown,False
2451,EVT02884,51.77,Moderate,Review When Possible,Open,['High CVSS vulnerability'],No IOC Match,Unknown,False
2452,EVT05091,51.77,Moderate,Review When Possible,Open,['Multiple failed login attempts'],No IOC Match,Unknown,False
2453,EVT08022,51.77,Moderate,Review When Possible,Open,['High CVSS vulnerability'],No IOC Match,Unknown,False
2454,EVT01426,51.75,Moderate,Review When Possible,Open,[],No IOC Match,Unknown,False
2455,EVT02125,51.75,Moderate,Review When Possible,Open,[],No IOC Match,Unknown,False
2456,EVT04105,51.75,Moderate,Review When Possible,Open,['Multiple failed login attempts'],No IOC Match,Low,True
2457,EVT09319,51.74,Moderate,Review When Possible,Open,[],No IOC Match,Unknown,False
2458,EVT09471,51.74,Moderate,Review When Possible,Open,[],No IOC Match,Unknown,False
2459,EVT06846,51.73,Moderate,Review When Possible,Open,['Multiple failed login attempts'],No IOC Match,Unknown,False
2460,EVT07173,51.73,Moderate,Review When Possible,Open,['Multiple failed login attempts'],No IOC Match,Unknown,False
2461,EVT09206,51.73,Moderate,Review When Possible,Open,['High CVSS vulnerability'],No IOC Match,Unknown,False
2462,EVT03013,51.72,Moderate,Review When Possible,Open,[],No IOC Match,Unknown,False
2463,EVT03703,51.72,Moderate,Review When Possible,Open,[],No IOC Match,Unknown,False
2464,EVT05556,51.72,Moderate,Review When Possible,Open,['Multiple failed login attempts'],No IOC Match,Unknown,False
2465,EVT05955,51.72,Moderate,Review When Possible,Open,['Multiple failed login attempts'],No IOC Match,Unknown,False
2466,EVT07881,51.72,Moderate,Review When Possible,Open,['High CVSS vulnerability'],No IOC Match,Unknown,False
2467,EVT02682,51.7,Moderate,Review When Possible,Open,['High CVSS vulnerability'],No IOC Match,Unknown,False
2468,EVT04143,51.7,Moderate,Review When Possible,Open,[],No IOC Match,Unknown,False
2469,EVT08301,51.7,Moderate,Review When Possible,Open,[],No IOC Match,Unknown,False
2470,EVT03134,51.69,Moderate,Review When Possible,Open,"['High CVSS vulnerability', 'Multiple failed login attempts']",No IOC Match,Unknown,False
2471,EVT06781,51.68,Moderate,Review When Possible,Open,[],No IOC Match,Unknown,False
2472,EVT07257,51.68,Moderate,Review When Possible,Open,['High CVSS vulnerability'],No IOC Match,Unknown,False
2473,EVT00892,51.67,Moderate,Review When Possible,Open,['Multiple failed login attempts'],No IOC Match,Unknown,False
2474,EVT01059,51.67,Moderate,Review When Possible,Open,[],No IOC Match,Medium,True
2475,EVT01938,51.67,Moderate,Review When Possible,Open,[],No IOC Match,Unknown,False
2476,EVT03111,51.67,Moderate,Review When Possible,Open,[],No IOC Match,Unknown,False
2477,EVT09100,51.67,Moderate,Review When Possible,Open,[],No IOC Match,Unknown,False
2478,EVT09167,51.67,Moderate,Review When Possible,Open,[],No IOC Match,Unknown,False
2479,EVT07794,51.66,Moderate,Review When Possible,Open,[],No IOC Match,Unknown,False
2480,EVT09231,51.66,Moderate,Review When Possible,Open,['Multiple failed login attempts'],No IOC Match,Unknown,False
2481,EVT01752,51.65,Moderate,Review When Possible,Open,[],No IOC Match,Unknown,False
2482,EVT01778,51.65,Moderate,Review When Possible,Open,['High CVSS vulnerability'],No IOC Match,Low,True
2483,EVT03039,51.65,Moderate,Review When Possible,Open,['Multiple failed login attempts'],No IOC Match,Unknown,False
2484,EVT08234,51.65,Moderate,Review When Possible,Open,[],No IOC Match,Unknown,False
2485,EVT08805,51.65,Moderate,Review When Possible,Open,['Multiple failed login attempts'],No IOC Match,Unknown,False
2486,EVT00527,51.64,Moderate,Review When Possible,Open,[],No IOC Match,Unknown,False
2487,EVT01606,51.64,Moderate,Review When Possible,Open,[],No IOC Match,Unknown,False
2488,EVT04400,51.64,Moderate,Review When Possible,Open,[],No IOC Match,Unknown,False
2489,EVT03353,51.63,Moderate,Review When Possible,Open,[],No IOC Match,Unknown,False
2490,EVT01147,51.62,Moderate,Review When Possible,Open,['High CVSS vulnerability'],No IOC Match,Unknown,False
2491,EVT08802,51.62,Moderate,Review When Possible,Open,"['High CVSS vulnerability', 'Multiple failed login attempts']",No IOC Match,Unknown,False
2492,EVT05076,51.61,Moderate,Review When Possible,Open,[],No IOC Match,Unknown,False
2493,EVT05509,51.61,Moderate,Review When Possible,Open,[],No IOC Match,Unknown,False
2494,EVT01289,51.6,Moderate,Review When Possible,Open,[],No IOC Match,Unknown,False
2495,EVT05900,51.59,Moderate,Review When Possible,Open,['High CVSS vulnerability'],No IOC Match,Unknown,False
2496,EVT01614,51.58,Moderate,Review When Possible,Open,['High CVSS vulnerability'],No IOC Match,Unknown,False
2497,EVT05405,51.57,Moderate,Review When Possible,Open,['High CVSS vulnerability'],No IOC Match,Unknown,False
2498,EVT07368,51.56,Moderate,Review When Possible,Open,['High CVSS vulnerability'],No IOC Match,Unknown,False
2499,EVT01240,51.53,Moderate,Review When Possible,Open,[],No IOC Match,Unknown,False
2500,EVT02342,51.53,Moderate,Review When Possible,Open,['Multiple failed login attempts'],No IOC Match,Unknown,False
2501,EVT03805,51.53,Moderate,Review When Possible,Open,['High CVSS vulnerability'],No IOC Match,Unknown,False
2502,EVT08534,51.53,Moderate,Review When Possible,Open,['High CVSS vulnerability'],No IOC Match,Unknown,False
2503,EVT08672,51.53,Moderate,Review When Possible,Open,[],No IOC Match,Unknown,False
2504,EVT02299,51.52,Moderate,Review When Possible,Open,[],No IOC Match,Unknown,False
2505,EVT05311,51.52,Moderate,Review When Possible,Open,['High CVSS vulnerability'],No IOC Match,Unknown,False
2506,EVT01256,51.51,Moderate,Review When Possible,Open,[],No IOC Match,Unknown,False
2507,EVT01263,51.51,Moderate,Review When Possible,Open,[],No IOC Match,Unknown,False
2508,EVT06992,51.51,Moderate,Review When Possible,Open,['Multiple failed login attempts'],No IOC Match,Unknown,False
2509,EVT02178,51.5,Moderate,Review When Possible,Open,[],No IOC Match,Unknown,False
2510,EVT02699,51.5,Moderate,Review When Possible,Open,[],No IOC Match,Unknown,False
2511,EVT05009,51.5,Moderate,Review When Possible,Open,['High CVSS vulnerability'],No IOC Match,Unknown,False
2512,EVT08484,51.5,Moderate,Review When Possible,Open,['High CVSS vulnerability'],No IOC Match,Unknown,False
2513,EVT09633,51.5,Moderate,Review When Possible,Open,[],No IOC Match,Medium,True
2514,EVT06188,51.49,Moderate,Review When Possible,Open,['Multiple failed login attempts'],No IOC Match,Unknown,False
2515,EVT08438,51.49,Moderate,Review When Possible,Open,"['High CVSS vulnerability', 'Multiple failed login attempts']",No IOC Match,Unknown,False
2516,EVT03997,51.48,Moderate,Review When Possible,Open,[],No IOC Match,Unknown,False
2517,EVT04462,51.48,Moderate,Review When Possible,Open,[],No IOC Match,Unknown,False
2518,EVT05525,51.48,Moderate,Review When Possible,Open,['High CVSS vulnerability'],No IOC Match,Unknown,False
2519,EVT09544,51.48,Moderate,Review When Possible,Open,[],No IOC Match,Unknown,False
2520,EVT07084,51.47,Moderate,Review When Possible,Open,['High CVSS vulnerability'],No IOC Match,Unknown,False
2521,EVT09172,51.47,Moderate,Review When Possible,Open,['High CVSS vulnerability'],No IOC Match,Unknown,False
2522,EVT06621,51.46,Moderate,Review When Possible,Open,"['High CVSS vulnerability', 'Multiple failed login attempts']",No IOC Match,Unknown,False
2523,EVT06534,51.45,Moderate,Review When Possible,Open,['High CVSS vulnerability'],No IOC Match,Unknown,False
2524,EVT09640,51.45,Moderate,Review When Possible,Open,[],No IOC Match,Unknown,False
2525,EVT01901,51.44,Moderate,Review When Possible,Open,['High CVSS vulnerability'],No IOC Match,Unknown,False
2526,EVT03774,51.44,Moderate,Review When Possible,Open,['Multiple failed login attempts'],No IOC Match,Unknown,False
2527,EVT04786,51.44,Moderate,Review When Possible,Open,[],No IOC Match,Unknown,False
2528,EVT07330,51.44,Moderate,Review When Possible,Open,[],No IOC Match,Unknown,False
2529,EVT08570,51.44,Moderate,Review When Possible,Open,[],No IOC Match,Unknown,False
2530,EVT03316,51.43,Moderate,Review When Possible,Open,[],No IOC Match,Unknown,False
2531,EVT07535,51.43,Moderate,Review When Possible,Open,['High CVSS vulnerability'],No IOC Match,Unknown,False
2532,EVT07031,51.42,Moderate,Review When Possible,Open,[],No IOC Match,Unknown,False
2533,EVT08364,51.42,Moderate,Review When Possible,Open,[],No IOC Match,Unknown,False
2534,EVT02430,51.41,Moderate,Review When Possible,Open,['High CVSS vulnerability'],No IOC Match,Unknown,False
2535,EVT05463,51.41,Moderate,Review When Possible,Open,['High CVSS vulnerability'],No IOC Match,Unknown,False
2536,EVT05850,51.41,Moderate,Review When Possible,Open,[],No IOC Match,Unknown,False
2537,EVT05645,51.4,Moderate,Review When Possible,Open,['High CVSS vulnerability'],No IOC Match,Unknown,False
2538,EVT05941,51.4,Moderate,Review When Possible,Open,['High CVSS vulnerability'],No IOC Match,Unknown,False
2539,EVT08753,51.39,Moderate,Review When Possible,Open,['Multiple failed login attempts'],No IOC Match,Unknown,False
2540,EVT01060,51.38,Moderate,Review When Possible,Open,[],No IOC Match,Unknown,False
2541,EVT02446,51.38,Moderate,Review When Possible,Open,[],No IOC Match,Unknown,False
2542,EVT02874,51.38,Moderate,Review When Possible,Open,['Multiple failed login attempts'],No IOC Match,Unknown,False
2543,EVT04229,51.38,Moderate,Review When Possible,Open,[],No IOC Match,Unknown,False
2544,EVT04517,51.38,Moderate,Review When Possible,Open,[],No IOC Match,Unknown,False
2545,EVT07929,51.38,Moderate,Review When Possible,Open,[],No IOC Match,Unknown,False
2546,EVT03006,51.37,Moderate,Review When Possible,Open,['High CVSS vulnerability'],No IOC Match,Unknown,False
2547,EVT03654,51.37,Moderate,Review When Possible,Open,[],No IOC Match,Unknown,False
2548,EVT05162,51.37,Moderate,Review When Possible,Open,[],No IOC Match,Unknown,False
2549,EVT05671,51.35,Moderate,Review When Possible,Open,['Multiple failed login attempts'],No IOC Match,Unknown,False
2550,EVT06089,51.35,Moderate,Review When Possible,Open,[],No IOC Match,Unknown,False
2551,EVT00671,51.34,Moderate,Review When Possible,Open,['High CVSS vulnerability'],No IOC Match,Unknown,False
2552,EVT01363,51.34,Moderate,Review When Possible,Open,[],No IOC Match,Unknown,False
2553,EVT04511,51.34,Moderate,Review When Possible,Open,[],No IOC Match,Unknown,False
2554,EVT04740,51.34,Moderate,Review When Possible,Open,['Multiple failed login attempts'],No IOC Match,Unknown,False
2555,EVT09233,51.34,Moderate,Review When Possible,Open,['High CVSS vulnerability'],No IOC Match,Unknown,False
2556,EVT00457,51.33,Moderate,Review When Possible,Open,[],No IOC Match,Unknown,False
2557,EVT01818,51.33,Moderate,Review When Possible,Open,[],No IOC Match,Unknown,False
2558,EVT00728,51.32,Moderate,Review When Possible,Open,[],No IOC Match,Unknown,False
2559,EVT03545,51.32,Moderate,Review When Possible,Open,['Multiple failed login attempts'],No IOC Match,Unknown,False
2560,EVT06427,51.32,Moderate,Review When Possible,Open,['High CVSS vulnerability'],No IOC Match,Unknown,False
2561,EVT00733,51.31,Moderate,Review When Possible,Open,['High CVSS vulnerability'],No IOC Match,Unknown,False
2562,EVT04521,51.31,Moderate,Review When Possible,Open,[],No IOC Match,Unknown,False
2563,EVT02587,51.3,Moderate,Review When Possible,Open,['High CVSS vulnerability'],No IOC Match,Unknown,False
2564,EVT07234,51.3,Moderate,Review When Possible,Open,[],No IOC Match,Unknown,False
2565,EVT03920,51.29,Moderate,Review When Possible,Open,['Multiple failed login attempts'],No IOC Match,Unknown,False
2566,EVT00808,51.28,Moderate,Review When Possible,Open,[],No IOC Match,Unknown,False
2567,EVT05307,51.28,Moderate,Review When Possible,Open,[],No IOC Match,Unknown,False
2568,EVT08274,51.28,Moderate,Review When Possible,Open,['High CVSS vulnerability'],No IOC Match,Unknown,False
2569,EVT07556,51.27,Moderate,Review When Possible,Open,['High CVSS vulnerability'],No IOC Match,Unknown,False
2570,EVT02013,51.26,Moderate,Review When Possible,Open,[],No IOC Match,Unknown,False
2571,EVT06850,51.26,Moderate,Review When Possible,Open,[],No IOC Match,Unknown,False
2572,EVT08980,51.26,Moderate,Review When Possible,Open,[],No IOC Match,Unknown,False
2573,EVT02223,51.25,Moderate,Review When Possible,Open,['Multiple failed login attempts'],No IOC Match,Unknown,False
2574,EVT04485,51.25,Moderate,Review When Possible,Open,['Multiple failed login attempts'],No IOC Match,Unknown,False
2575,EVT04762,51.25,Moderate,Review When Possible,Open,['High CVSS vulnerability'],No IOC Match,Unknown,False
2576,EVT07943,51.25,Moderate,Review When Possible,Open,[],No IOC Match,Unknown,False
2577,EVT07808,51.24,Moderate,Review When Possible,Open,['High CVSS vulnerability'],No IOC Match,Medium,True
2578,EVT03347,51.23,Moderate,Review When Possible,Open,[],No IOC Match,Unknown,False
2579,EVT08713,51.23,Moderate,Review When Possible,Open,[],No IOC Match,Unknown,False
2580,EVT01588,51.22,Moderate,Review When Possible,Open,['High CVSS vulnerability'],No IOC Match,Unknown,False
2581,EVT06501,51.22,Moderate,Review When Possible,Open,[],No IOC Match,Unknown,False
2582,EVT06977,51.22,Moderate,Review When Possible,Open,['High CVSS vulnerability'],No IOC Match,Unknown,False
2583,EVT02896,51.21,Moderate,Review When Possible,Open,['High CVSS vulnerability'],No IOC Match,Unknown,False
2584,EVT08588,51.21,Moderate,Review When Possible,Open,['Multiple failed login attempts'],No IOC Match,High,True
2585,EVT01437,51.2,Moderate,Review When Possible,Open,['Multiple failed login attempts'],No IOC Match,Unknown,False
2586,EVT09963,51.2,Moderate,Review When Possible,Open,[],No IOC Match,Medium,True
2587,EVT04327,51.19,Moderate,Review When Possible,Open,['Multiple failed login attempts'],No IOC Match,Unknown,False
2588,EVT01075,51.18,Moderate,Review When Possible,Open,[],No IOC Match,Unknown,False
2589,EVT01733,51.18,Moderate,Review When Possible,Open,[],No IOC Match,Unknown,False
2590,EVT09411,51.17,Moderate,Review When Possible,Open,[],No IOC Match,Unknown,False
2591,EVT09901,51.17,Moderate,Review When Possible,Open,[],No IOC Match,Unknown,False
2592,EVT05914,51.16,Moderate,Review When Possible,Open,['High CVSS vulnerability'],No IOC Match,Medium,True
2593,EVT07006,51.16,Moderate,Review When Possible,Open,[],No IOC Match,Unknown,False
2594,EVT07985,51.16,Moderate,Review When Possible,Open,[],No IOC Match,Unknown,False
2595,EVT01443,51.15,Moderate,Review When Possible,Open,[],No IOC Match,Unknown,False
2596,EVT01489,51.15,Moderate,Review When Possible,Open,['High CVSS vulnerability'],No IOC Match,Unknown,False
2597,EVT04798,51.15,Moderate,Review When Possible,Open,[],No IOC Match,Unknown,False
2598,EVT06652,51.15,Moderate,Review When Possible,Open,['High CVSS vulnerability'],No IOC Match,Unknown,False
2599,EVT00256,51.14,Moderate,Review When Possible,Open,['High CVSS vulnerability'],No IOC Match,Unknown,False
2600,EVT05157,51.14,Moderate,Review When Possible,Open,['High CVSS vulnerability'],No IOC Match,Unknown,False
2601,EVT05652,51.14,Moderate,Review When Possible,Open,[],No IOC Match,Unknown,False
2602,EVT02670,51.13,Moderate,Review When Possible,Open,[],No IOC Match,Unknown,False
2603,EVT07043,51.13,Moderate,Review When Possible,Open,[],No IOC Match,Medium,True
2604,EVT09789,51.13,Moderate,Review When Possible,Open,['Multiple failed login attempts'],No IOC Match,Unknown,False
2605,EVT03648,51.12,Moderate,Review When Possible,Open,['High CVSS vulnerability'],No IOC Match,Unknown,False
2606,EVT06834,51.12,Moderate,Review When Possible,Open,['High CVSS vulnerability'],No IOC Match,Unknown,False
2607,EVT00595,51.1,Moderate,Review When Possible,Open,[],No IOC Match,Unknown,False
2608,EVT00853,51.1,Moderate,Review When Possible,Open,[],No IOC Match,Unknown,False
2609,EVT05734,51.1,Moderate,Review When Possible,Open,[],No IOC Match,Medium,True
2610,EVT07889,51.1,Moderate,Review When Possible,Open,['Multiple failed login attempts'],No IOC Match,Unknown,False
2611,EVT08276,51.1,Moderate,Review When Possible,Open,[],No IOC Match,Unknown,False
2612,EVT03261,51.08,Moderate,Review When Possible,Open,[],No IOC Match,Unknown,False
2613,EVT05732,51.08,Moderate,Review When Possible,Open,[],No IOC Match,Unknown,False
2614,EVT07088,51.08,Moderate,Review When Possible,Open,[],No IOC Match,Unknown,False
2615,EVT07829,51.08,Moderate,Review When Possible,Open,[],No IOC Match,Unknown,False
2616,EVT02642,51.07,Moderate,Review When Possible,Open,['Multiple failed login attempts'],No IOC Match,Unknown,False
2617,EVT04085,51.07,Moderate,Review When Possible,Open,[],No IOC Match,Unknown,False
2618,EVT06006,51.07,Moderate,Review When Possible,Open,[],No IOC Match,Unknown,False
2619,EVT09976,51.07,Moderate,Review When Possible,Open,['High CVSS vulnerability'],No IOC Match,Unknown,False
2620,EVT00972,51.06,Moderate,Review When Possible,Open,['Multiple failed login attempts'],No IOC Match,Unknown,False
2621,EVT03408,51.06,Moderate,Review When Possible,Open,[],No IOC Match,Unknown,False
2622,EVT04453,51.06,Moderate,Review When Possible,Open,['Multiple failed login attempts'],No IOC Match,Unknown,False
2623,EVT09563,51.06,Moderate,Review When Possible,Open,['Multiple failed login attempts'],No IOC Match,Unknown,False
2624,EVT02763,51.05,Moderate,Review When Possible,Open,['High CVSS vulnerability'],No IOC Match,Unknown,False
2625,EVT06648,51.04,Moderate,Review When Possible,Open,[],No IOC Match,Unknown,False
2626,EVT07395,51.04,Moderate,Review When Possible,Open,['Multiple failed login attempts'],No IOC Match,Unknown,False
2627,EVT08977,51.04,Moderate,Review When Possible,Open,[],No IOC Match,Unknown,False
2628,EVT01491,51.03,Moderate,Review When Possible,Open,['High CVSS vulnerability'],No IOC Match,Unknown,False
2629,EVT02221,51.03,Moderate,Review When Possible,Open,['High CVSS vulnerability'],No IOC Match,Unknown,False
2630,EVT04273,51.02,Moderate,Review When Possible,Open,[],No IOC Match,Unknown,False
2631,EVT01007,51.01,Moderate,Review When Possible,Open,['Multiple failed login attempts'],No IOC Match,Unknown,False
2632,EVT07271,51.01,Moderate,Review When Possible,Open,['High CVSS vulnerability'],No IOC Match,Unknown,False
2633,EVT07077,51.0,Moderate,Review When Possible,Open,['High CVSS vulnerability'],No IOC Match,Unknown,False
2634,EVT07139,51.0,Moderate,Review When Possible,Open,['Multiple failed login attempts'],No IOC Match,Unknown,False
2635,EVT03666,50.99,Moderate,Review When Possible,Open,[],No IOC Match,Unknown,False
2636,EVT05105,50.99,Moderate,Review When Possible,Open,[],No IOC Match,Unknown,False
2637,EVT09200,50.99,Moderate,Review When Possible,Open,[],No IOC Match,Unknown,False
2638,EVT04625,50.98,Moderate,Review When Possible,Open,[],No IOC Match,Unknown,False
2639,EVT05565,50.98,Moderate,Review When Possible,Open,[],No IOC Match,Unknown,False
2640,EVT03938,50.97,Moderate,Review When Possible,Open,"['High CVSS vulnerability', 'Multiple failed login attempts']",No IOC Match,Unknown,False
2641,EVT00659,50.96,Moderate,Review When Possible,Open,['High CVSS vulnerability'],No IOC Match,Unknown,False
2642,EVT02071,50.96,Moderate,Review When Possible,Open,[],No IOC Match,Unknown,False
2643,EVT02783,50.96,Moderate,Review When Possible,Open,['Multiple failed login attempts'],No IOC Match,Unknown,False
2644,EVT00564,50.95,Moderate,Review When Possible,Open,[],No IOC Match,High,True
2645,EVT07771,50.95,Moderate,Review When Possible,Open,['High CVSS vulnerability'],No IOC Match,Unknown,False
2646,EVT00045,50.94,Moderate,Review When Possible,Open,['Multiple failed login attempts'],No IOC Match,Unknown,False
2647,EVT04451,50.94,Moderate,Review When Possible,Open,['High CVSS vulnerability'],No IOC Match,Medium,True
2648,EVT01619,50.93,Moderate,Review When Possible,Open,['Multiple failed login attempts'],No IOC Match,Unknown,False
2649,EVT03514,50.93,Moderate,Review When Possible,Open,[],No IOC Match,Unknown,False
2650,EVT06037,50.93,Moderate,Review When Possible,Open,['High CVSS vulnerability'],No IOC Match,Unknown,False
2651,EVT01524,50.92,Moderate,Review When Possible,Open,['Multiple failed login attempts'],No IOC Match,Unknown,False
2652,EVT02978,50.92,Moderate,Review When Possible,Open,[],No IOC Match,Unknown,False
2653,EVT03992,50.92,Moderate,Review When Possible,Open,['Multiple failed login attempts'],No IOC Match,Unknown,False
2654,EVT04635,50.92,Moderate,Review When Possible,Open,['High CVSS vulnerability'],No IOC Match,Unknown,False
2655,EVT05608,50.92,Moderate,Review When Possible,Open,[],No IOC Match,Unknown,False
2656,EVT00041,50.91,Moderate,Review When Possible,Open,['High CVSS vulnerability'],No IOC Match,Unknown,False
2657,EVT06611,50.91,Moderate,Review When Possible,Open,[],No IOC Match,Unknown,False
2658,EVT07596,50.91,Moderate,Review When Possible,Open,[],No IOC Match,Unknown,False
2659,EVT07431,50.9,Moderate,Review When Possible,Open,['Multiple failed login attempts'],No IOC Match,Unknown,False
2660,EVT02950,50.89,Moderate,Review When Possible,Open,['High CVSS vulnerability'],No IOC Match,Unknown,False
2661,EVT07912,50.88,Moderate,Review When Possible,Open,['High CVSS vulnerability'],No IOC Match,Unknown,False
2662,EVT02046,50.87,Moderate,Review When Possible,Open,[],No IOC Match,Unknown,False
2663,EVT02345,50.87,Moderate,Review When Possible,Open,[],No IOC Match,Low,True
2664,EVT03790,50.87,Moderate,Review When Possible,Open,[],No IOC Match,High,True
2665,EVT06573,50.87,Moderate,Review When Possible,Open,[],No IOC Match,Unknown,False
2666,EVT08295,50.87,Moderate,Review When Possible,Open,['High CVSS vulnerability'],No IOC Match,Unknown,False
2667,EVT04679,50.86,Moderate,Review When Possible,Open,[],No IOC Match,Unknown,False
2668,EVT00170,50.85,Moderate,Review When Possible,Open,"['High CVSS vulnerability', 'Multiple failed login attempts']",No IOC Match,Low,True
2669,EVT03038,50.85,Moderate,Review When Possible,Open,['High CVSS vulnerability'],No IOC Match,High,True
2670,EVT08657,50.85,Moderate,Review When Possible,Open,['High CVSS vulnerability'],No IOC Match,Unknown,False
2671,EVT09089,50.85,Moderate,Review When Possible,Open,[],No IOC Match,Unknown,False
2672,EVT00305,50.84,Moderate,Review When Possible,Open,[],No IOC Match,Unknown,False
2673,EVT06119,50.84,Moderate,Review When Possible,Open,['High CVSS vulnerability'],No IOC Match,Unknown,False
2674,EVT08667,50.84,Moderate,Review When Possible,Open,['High CVSS vulnerability'],No IOC Match,Unknown,False
2675,EVT06047,50.83,Moderate,Review When Possible,Open,[],No IOC Match,Unknown,False
2676,EVT06634,50.83,Moderate,Review When Possible,Open,['High CVSS vulnerability'],No IOC Match,Unknown,False
2677,EVT07194,50.83,Moderate,Review When Possible,Open,['High CVSS vulnerability'],No IOC Match,Unknown,False
2678,EVT08286,50.82,Moderate,Review When Possible,Open,[],No IOC Match,Unknown,False
2679,EVT05769,50.8,Moderate,Review When Possible,Open,[],No IOC Match,Unknown,False
2680,EVT00052,50.79,Moderate,Review When Possible,Open,['Multiple failed login attempts'],No IOC Match,Unknown,False
2681,EVT03741,50.78,Moderate,Review When Possible,Open,['Multiple failed login attempts'],No IOC Match,Unknown,False
2682,EVT05490,50.78,Moderate,Review When Possible,Open,['High CVSS vulnerability'],No IOC Match,Unknown,False
2683,EVT08123,50.78,Moderate,Review When Possible,Open,[],No IOC Match,Unknown,False
2684,EVT00173,50.77,Moderate,Review When Possible,Open,['Multiple failed login attempts'],No IOC Match,Unknown,False
2685,EVT03155,50.77,Moderate,Review When Possible,Open,[],No IOC Match,Unknown,False
2686,EVT03364,50.77,Moderate,Review When Possible,Open,['High CVSS vulnerability'],No IOC Match,Unknown,False
2687,EVT04419,50.77,Moderate,Review When Possible,Open,"['High CVSS vulnerability', 'Multiple failed login attempts']",No IOC Match,Unknown,False
2688,EVT06999,50.77,Moderate,Review When Possible,Open,[],No IOC Match,Unknown,False
2689,EVT01935,50.76,Moderate,Review When Possible,Open,[],No IOC Match,Unknown,False
2690,EVT02222,50.76,Moderate,Review When Possible,Open,['High CVSS vulnerability'],No IOC Match,Unknown,False
2691,EVT03232,50.76,Moderate,Review When Possible,Open,[],No IOC Match,Unknown,False
2692,EVT06075,50.76,Moderate,Review When Possible,Open,['High CVSS vulnerability'],No IOC Match,Unknown,False
2693,EVT06363,50.76,Moderate,Review When Possible,Open,[],No IOC Match,Unknown,False
2694,EVT08004,50.76,Moderate,Review When Possible,Open,[],No IOC Match,Unknown,False
2695,EVT05945,50.75,Moderate,Review When Possible,Open,['Multiple failed login attempts'],No IOC Match,Unknown,False
2696,EVT03306,50.73,Moderate,Review When Possible,Open,[],No IOC Match,Unknown,False
2697,EVT04107,50.73,Moderate,Review When Possible,Open,['High CVSS vulnerability'],No IOC Match,Unknown,False
2698,EVT05854,50.73,Moderate,Review When Possible,Open,"['High CVSS vulnerability', 'Multiple failed login attempts']",No IOC Match,Unknown,False
2699,EVT07555,50.73,Moderate,Review When Possible,Open,[],No IOC Match,Unknown,False
2700,EVT07645,50.73,Moderate,Review When Possible,Open,[],No IOC Match,Unknown,False
2701,EVT00944,50.72,Moderate,Review When Possible,Open,[],No IOC Match,Unknown,False
2702,EVT05809,50.72,Moderate,Review When Possible,Open,[],No IOC Match,Unknown,False
2703,EVT06691,50.72,Moderate,Review When Possible,Open,['Multiple failed login attempts'],No IOC Match,Unknown,False
2704,EVT03088,50.71,Moderate,Review When Possible,Open,[],No IOC Match,Unknown,False
2705,EVT03988,50.71,Moderate,Review When Possible,Open,[],No IOC Match,Unknown,False
2706,EVT09372,50.71,Moderate,Review When Possible,Open,[],No IOC Match,Unknown,False
2707,EVT09576,50.71,Moderate,Review When Possible,Open,[],No IOC Match,Unknown,False
2708,EVT00832,50.69,Moderate,Review When Possible,Open,['Multiple failed login attempts'],No IOC Match,Unknown,False
2709,EVT09250,50.69,Moderate,Review When Possible,Open,[],No IOC Match,Unknown,False
2710,EVT08953,50.67,Moderate,Review When Possible,Open,['High CVSS vulnerability'],No IOC Match,Unknown,False
2711,EVT00904,50.66,Moderate,Review When Possible,Open,[],No IOC Match,Low,True
2712,EVT09470,50.66,Moderate,Review When Possible,Open,['Multiple failed login attempts'],No IOC Match,Unknown,False
2713,EVT02628,50.65,Moderate,Review When Possible,Open,[],No IOC Match,Unknown,False
2714,EVT01743,50.64,Moderate,Review When Possible,Open,['High CVSS vulnerability'],No IOC Match,Unknown,False
2715,EVT02889,50.64,Moderate,Review When Possible,Open,[],No IOC Match,Unknown,False
2716,EVT08543,50.63,Moderate,Review When Possible,Open,['Multiple failed login attempts'],No IOC Match,Unknown,False
2717,EVT04851,50.62,Moderate,Review When Possible,Open,['Multiple failed login attempts'],No IOC Match,Unknown,False
2718,EVT08216,50.62,Moderate,Review When Possible,Open,['High CVSS vulnerability'],No IOC Match,Unknown,False
2719,EVT06502,50.61,Moderate,Review When Possible,Open,['High CVSS vulnerability'],No IOC Match,Unknown,False
2720,EVT03609,50.6,Moderate,Review When Possible,Open,[],No IOC Match,Unknown,False
2721,EVT05819,50.6,Moderate,Review When Possible,Open,[],No IOC Match,Unknown,False
2722,EVT05036,50.59,Moderate,Review When Possible,Open,[],No IOC Match,Unknown,False
2723,EVT05381,50.59,Moderate,Review When Possible,Open,['Multiple failed login attempts'],No IOC Match,Unknown,False
2724,EVT00488,50.58,Moderate,Review When Possible,Open,['High CVSS vulnerability'],No IOC Match,Unknown,False
2725,EVT00167,50.57,Moderate,Review When Possible,Open,[],No IOC Match,Unknown,False
2726,EVT01695,50.57,Moderate,Review When Possible,Open,"['High CVSS vulnerability', 'Multiple failed login attempts']",No IOC Match,Unknown,False
2727,EVT02207,50.57,Moderate,Review When Possible,Open,[],No IOC Match,High,True
2728,EVT06643,50.57,Moderate,Review When Possible,Open,[],No IOC Match,Unknown,False
2729,EVT01792,50.56,Moderate,Review When Possible,Open,[],No IOC Match,Unknown,False
2730,EVT01849,50.56,Moderate,Review When Possible,Open,[],No IOC Match,Unknown,False
2731,EVT05075,50.56,Moderate,Review When Possible,Open,['High CVSS vulnerability'],No IOC Match,Unknown,False
2732,EVT01044,50.55,Moderate,Review When Possible,Open,[],No IOC Match,Unknown,False
2733,EVT05414,50.55,Moderate,Review When Possible,Open,[],No IOC Match,Unknown,False
2734,EVT00748,50.54,Moderate,Review When Possible,Open,['High CVSS vulnerability'],No IOC Match,Unknown,False
2735,EVT07434,50.53,Moderate,Review When Possible,Open,['High CVSS vulnerability'],No IOC Match,Unknown,False
2736,EVT01966,50.52,Moderate,Review When Possible,Open,[],No IOC Match,Unknown,False
2737,EVT06468,50.52,Moderate,Review When Possible,Open,['High CVSS vulnerability'],No IOC Match,Unknown,False
2738,EVT09904,50.52,Moderate,Review When Possible,Open,['Multiple failed login attempts'],No IOC Match,Unknown,False
2739,EVT03069,50.51,Moderate,Review When Possible,Open,[],No IOC Match,Unknown,False
2740,EVT05994,50.51,Moderate,Review When Possible,Open,[],No IOC Match,Unknown,False
2741,EVT03737,50.5,Moderate,Review When Possible,Open,[],No IOC Match,Unknown,False
2742,EVT04802,50.49,Moderate,Review When Possible,Open,[],No IOC Match,Unknown,False
2743,EVT04983,50.48,Moderate,Review When Possible,Open,['High CVSS vulnerability'],No IOC Match,Unknown,False
2744,EVT07841,50.48,Moderate,Review When Possible,Open,[],No IOC Match,Unknown,False
2745,EVT08186,50.48,Moderate,Review When Possible,Open,[],No IOC Match,Unknown,False
2746,EVT01172,50.47,Moderate,Review When Possible,Open,[],No IOC Match,Unknown,False
2747,EVT04924,50.47,Moderate,Review When Possible,Open,['High CVSS vulnerability'],No IOC Match,Unknown,False
2748,EVT08961,50.47,Moderate,Review When Possible,Open,['Multiple failed login attempts'],No IOC Match,Unknown,False
2749,EVT00189,50.46,Moderate,Review When Possible,Open,[],No IOC Match,Unknown,False
2750,EVT01208,50.46,Moderate,Review When Possible,Open,['High CVSS vulnerability'],No IOC Match,Unknown,False
2751,EVT03845,50.46,Moderate,Review When Possible,Open,[],No IOC Match,Unknown,False
2752,EVT07087,50.46,Moderate,Review When Possible,Open,[],No IOC Match,Unknown,False
2753,EVT00936,50.43,Moderate,Review When Possible,Open,[],No IOC Match,Unknown,False
2754,EVT01627,50.43,Moderate,Review When Possible,Open,[],No IOC Match,Unknown,False
2755,EVT00051,50.42,Moderate,Review When Possible,Open,[],No IOC Match,Unknown,False
2756,EVT00893,50.42,Moderate,Review When Possible,Open,[],No IOC Match,Unknown,False
2757,EVT01502,50.42,Moderate,Review When Possible,Open,[],No IOC Match,Unknown,False
2758,EVT03178,50.42,Moderate,Review When Possible,Open,['Multiple failed login attempts'],No IOC Match,High,True
2759,EVT04904,50.42,Moderate,Review When Possible,Open,['Multiple failed login attempts'],No IOC Match,Unknown,False
2760,EVT04918,50.42,Moderate,Review When Possible,Open,['High CVSS vulnerability'],No IOC Match,Unknown,False
2761,EVT02337,50.41,Moderate,Review When Possible,Open,"['High CVSS vulnerability', 'Multiple failed login attempts']",No IOC Match,Unknown,False
2762,EVT03529,50.41,Moderate,Review When Possible,Open,[],No IOC Match,Unknown,False
2763,EVT08751,50.41,Moderate,Review When Possible,Open,[],No IOC Match,Unknown,False
2764,EVT04492,50.39,Moderate,Review When Possible,Open,['High CVSS vulnerability'],No IOC Match,Unknown,False
2765,EVT00220,50.38,Moderate,Review When Possible,Open,"['High CVSS vulnerability', 'Multiple failed login attempts']",No IOC Match,Unknown,False
2766,EVT01547,50.38,Moderate,Review When Possible,Open,"['High CVSS vulnerability', 'Multiple failed login attempts']",No IOC Match,Unknown,False
2767,EVT03369,50.38,Moderate,Review When Possible,Open,[],No IOC Match,Unknown,False
2768,EVT04776,50.38,Moderate,Review When Possible,Open,['Multiple failed login attempts'],No IOC Match,Unknown,False
2769,EVT06307,50.38,Moderate,Review When Possible,Open,[],No IOC Match,Unknown,False
2770,EVT09494,50.38,Moderate,Review When Possible,Open,[],No IOC Match,Unknown,False
2771,EVT09959,50.38,Moderate,Review When Possible,Open,['Critical asset'],No IOC Match,Critical,True
2772,EVT00871,50.37,Moderate,Review When Possible,Open,[],No IOC Match,Unknown,False
2773,EVT01555,50.36,Moderate,Review When Possible,Open,['Multiple failed login attempts'],No IOC Match,Unknown,False
2774,EVT06212,50.36,Moderate,Review When Possible,Open,['High CVSS vulnerability'],No IOC Match,Unknown,False
2775,EVT08541,50.36,Moderate,Review When Possible,Open,['High CVSS vulnerability'],No IOC Match,Unknown,False
2776,EVT00682,50.35,Moderate,Review When Possible,Open,[],No IOC Match,Unknown,False
2777,EVT05567,50.35,Moderate,Review When Possible,Open,[],No IOC Match,Medium,True
2778,EVT06803,50.35,Moderate,Review When Possible,Open,[],No IOC Match,Unknown,False
2779,EVT09700,50.34,Moderate,Review When Possible,Open,['Multiple failed login attempts'],No IOC Match,Unknown,False
2780,EVT03873,50.33,Moderate,Review When Possible,Open,"['High CVSS vulnerability', 'Multiple failed login attempts']",No IOC Match,Unknown,False
2781,EVT04810,50.33,Moderate,Review When Possible,Open,[],No IOC Match,Unknown,False
2782,EVT04053,50.32,Moderate,Review When Possible,Open,['High CVSS vulnerability'],No IOC Match,Unknown,False
2783,EVT08710,50.32,Moderate,Review When Possible,Open,[],No IOC Match,Unknown,False
2784,EVT01594,50.31,Moderate,Review When Possible,Open,['High CVSS vulnerability'],No IOC Match,Unknown,False
2785,EVT02424,50.31,Moderate,Review When Possible,Open,[],No IOC Match,Unknown,False
2786,EVT02781,50.3,Moderate,Review When Possible,Open,[],No IOC Match,Unknown,False
2787,EVT03657,50.29,Moderate,Review When Possible,Open,"['High CVSS vulnerability', 'Multiple failed login attempts']",No IOC Match,Unknown,False
2788,EVT07565,50.29,Moderate,Review When Possible,Open,[],No IOC Match,Unknown,False
2789,EVT06956,50.28,Moderate,Review When Possible,Open,[],No IOC Match,Unknown,False
2790,EVT00790,50.27,Moderate,Review When Possible,Open,['High CVSS vulnerability'],No IOC Match,Unknown,False
2791,EVT00866,50.27,Moderate,Review When Possible,Open,[],No IOC Match,Unknown,False
2792,EVT03340,50.27,Moderate,Review When Possible,Open,[],No IOC Match,Unknown,False
2793,EVT04793,50.27,Moderate,Review When Possible,Open,[],No IOC Match,Unknown,False
2794,EVT06600,50.27,Moderate,Review When Possible,Open,[],No IOC Match,Unknown,False
2795,EVT04777,50.26,Moderate,Review When Possible,Open,['High CVSS vulnerability'],No IOC Match,Unknown,False
2796,EVT04914,50.26,Moderate,Review When Possible,Open,['High CVSS vulnerability'],No IOC Match,Unknown,False
2797,EVT07655,50.26,Moderate,Review When Possible,Open,['High CVSS vulnerability'],No IOC Match,Unknown,False
2798,EVT01281,50.25,Moderate,Review When Possible,Open,[],No IOC Match,Unknown,False
2799,EVT02579,50.25,Moderate,Review When Possible,Open,['High CVSS vulnerability'],No IOC Match,Unknown,False
2800,EVT00857,50.24,Moderate,Review When Possible,Open,[],No IOC Match,Unknown,False
2801,EVT02033,50.23,Moderate,Review When Possible,Open,[],No IOC Match,Unknown,False
2802,EVT04778,50.23,Moderate,Review When Possible,Open,[],No IOC Match,Unknown,False
2803,EVT08533,50.23,Moderate,Review When Possible,Open,['Multiple failed login attempts'],No IOC Match,Unknown,False
2804,EVT09305,50.23,Moderate,Review When Possible,Open,[],No IOC Match,Unknown,False
2805,EVT00856,50.22,Moderate,Review When Possible,Open,[],No IOC Match,Unknown,False
2806,EVT05986,50.22,Moderate,Review When Possible,Open,['Multiple failed login attempts'],No IOC Match,Unknown,False
2807,EVT06937,50.21,Moderate,Review When Possible,Open,[],No IOC Match,Unknown,False
2808,EVT00362,50.19,Moderate,Review When Possible,Open,[],No IOC Match,Medium,True
2809,EVT03539,50.19,Moderate,Review When Possible,Open,['Multiple failed login attempts'],No IOC Match,Medium,True
2810,EVT09112,50.19,Moderate,Review When Possible,Open,[],No IOC Match,Unknown,False
2811,EVT00003,50.18,Moderate,Review When Possible,Open,['Multiple failed login attempts'],No IOC Match,Unknown,False
2812,EVT06106,50.18,Moderate,Review When Possible,Open,[],No IOC Match,High,True
2813,EVT06471,50.18,Moderate,Review When Possible,Open,[],No IOC Match,Unknown,False
2814,EVT08007,50.18,Moderate,Review When Possible,Open,['Multiple failed login attempts'],No IOC Match,Unknown,False
2815,EVT08184,50.18,Moderate,Review When Possible,Open,['High CVSS vulnerability'],No IOC Match,Medium,True
2816,EVT08554,50.18,Moderate,Review When Possible,Open,[],No IOC Match,Unknown,False
2817,EVT01812,50.17,Moderate,Review When Possible,Open,[],No IOC Match,Unknown,False
2818,EVT02830,50.17,Moderate,Review When Possible,Open,['Multiple failed login attempts'],No IOC Match,Medium,True
2819,EVT03646,50.17,Moderate,Review When Possible,Open,['High CVSS vulnerability'],No IOC Match,Unknown,False
2820,EVT04121,50.17,Moderate,Review When Possible,Open,[],No IOC Match,Unknown,False
2821,EVT05657,50.16,Moderate,Review When Possible,Open,[],No IOC Match,Unknown,False
2822,EVT05427,50.15,Moderate,Review When Possible,Open,['Multiple failed login attempts'],No IOC Match,Unknown,False
2823,EVT01065,50.14,Moderate,Review When Possible,Open,[],No IOC Match,Unknown,False
2824,EVT01998,50.14,Moderate,Review When Possible,Open,[],No IOC Match,Unknown,False
2825,EVT07341,50.14,Moderate,Review When Possible,Open,[],No IOC Match,Unknown,False
2826,EVT04070,50.13,Moderate,Review When Possible,Open,[],No IOC Match,Unknown,False
2827,EVT08091,50.12,Moderate,Review When Possible,Open,[],No IOC Match,Unknown,False
2828,EVT02018,50.11,Moderate,Review When Possible,Open,[],No IOC Match,Low,True
2829,EVT04995,50.1,Moderate,Review When Possible,Open,[],No IOC Match,Unknown,False
2830,EVT06472,50.1,Moderate,Review When Possible,Open,[],No IOC Match,Unknown,False
2831,EVT07534,50.08,Moderate,Review When Possible,Open,[],No IOC Match,Unknown,False
2832,EVT01241,50.07,Moderate,Review When Possible,Open,[],No IOC Match,Unknown,False
2833,EVT02488,50.07,Moderate,Review When Possible,Open,[],No IOC Match,Unknown,False
2834,EVT02988,50.07,Moderate,Review When Possible,Open,[],No IOC Match,Unknown,False
2835,EVT04390,50.07,Moderate,Review When Possible,Open,[],No IOC Match,Unknown,False
2836,EVT05559,50.07,Moderate,Review When Possible,Open,[],No IOC Match,Unknown,False
2837,EVT06673,50.07,Moderate,Review When Possible,Open,[],No IOC Match,Unknown,False
2838,EVT01307,50.06,Moderate,Review When Possible,Open,['High CVSS vulnerability'],No IOC Match,Unknown,False
2839,EVT02435,50.06,Moderate,Review When Possible,Open,[],No IOC Match,Unknown,False
2840,EVT06567,50.06,Moderate,Review When Possible,Open,[],No IOC Match,Unknown,False
2841,EVT08526,50.06,Moderate,Review When Possible,Open,[],No IOC Match,Unknown,False
2842,EVT00297,50.05,Moderate,Review When Possible,Open,[],No IOC Match,Unknown,False
2843,EVT02511,50.05,Moderate,Review When Possible,Open,[],No IOC Match,Unknown,False
2844,EVT04531,50.05,Moderate,Review When Possible,Open,[],No IOC Match,Unknown,False
2845,EVT06789,50.05,Moderate,Review When Possible,Open,['Multiple failed login attempts'],No IOC Match,Unknown,False
2846,EVT01312,50.04,Moderate,Review When Possible,Open,['Multiple failed login attempts'],No IOC Match,Unknown,False
2847,EVT01831,50.04,Moderate,Review When Possible,Open,['High CVSS vulnerability'],No IOC Match,Unknown,False
2848,EVT08065,50.04,Moderate,Review When Possible,Open,['High CVSS vulnerability'],No IOC Match,Unknown,False
2849,EVT05895,50.03,Moderate,Review When Possible,Open,[],No IOC Match,Unknown,False
2850,EVT07928,50.03,Moderate,Review When Possible,Open,[],No IOC Match,Unknown,False
2851,EVT04366,50.02,Moderate,Review When Possible,Open,[],No IOC Match,High,True
2852,EVT07811,50.02,Moderate,Review When Possible,Open,['High CVSS vulnerability'],No IOC Match,Unknown,False
2853,EVT01232,50.01,Moderate,Review When Possible,Open,['Multiple failed login attempts'],No IOC Match,Unknown,False
2854,EVT05599,50.01,Moderate,Review When Possible,Open,['Critical asset'],No IOC Match,Critical,True
2855,EVT06832,49.99,Moderate,Review When Possible,Open,"['High CVSS vulnerability', 'Multiple failed login attempts']",No IOC Match,Unknown,False
2856,EVT02421,49.98,Moderate,Review When Possible,Open,[],No IOC Match,Unknown,False
2857,EVT04831,49.98,Moderate,Review When Possible,Open,['High CVSS vulnerability'],No IOC Match,Unknown,False
2858,EVT04844,49.98,Moderate,Review When Possible,Open,['Critical asset'],No IOC Match,Critical,True
2859,EVT07449,49.98,Moderate,Review When Possible,Open,['High CVSS vulnerability'],No IOC Match,Unknown,False
2860,EVT09101,49.98,Moderate,Review When Possible,Open,['Multiple failed login attempts'],No IOC Match,Unknown,False
2861,EVT02408,49.96,Moderate,Review When Possible,Open,[],No IOC Match,Unknown,False
2862,EVT04239,49.96,Moderate,Review When Possible,Open,['High CVSS vulnerability'],No IOC Match,Unknown,False
2863,EVT04691,49.96,Moderate,Review When Possible,Open,"['High ML confidence', 'Multiple failed login attempts']",No IOC Match,Unknown,False
2864,EVT06810,49.96,Moderate,Review When Possible,Open,[],No IOC Match,Unknown,False
2865,EVT00271,49.95,Moderate,Review When Possible,Open,['High CVSS vulnerability'],No IOC Match,Unknown,False
2866,EVT05273,49.95,Moderate,Review When Possible,Open,[],No IOC Match,Unknown,False
2867,EVT05686,49.95,Moderate,Review When Possible,Open,[],No IOC Match,Unknown,False
2868,EVT01384,49.94,Moderate,Review When Possible,Open,['Multiple failed login attempts'],No IOC Match,Unknown,False
2869,EVT07263,49.93,Moderate,Review When Possible,Open,['High CVSS vulnerability'],No IOC Match,Unknown,False
2870,EVT09661,49.93,Moderate,Review When Possible,Open,[],No IOC Match,Unknown,False
2871,EVT04735,49.92,Moderate,Review When Possible,Open,[],No IOC Match,Unknown,False
2872,EVT05828,49.92,Moderate,Review When Possible,Open,[],No IOC Match,Unknown,False
2873,EVT03233,49.91,Moderate,Review When Possible,Open,[],No IOC Match,Unknown,False
2874,EVT05084,49.9,Moderate,Review When Possible,Open,[],No IOC Match,Unknown,False
2875,EVT07151,49.9,Moderate,Review When Possible,Open,[],No IOC Match,Unknown,False
2876,EVT01710,49.89,Moderate,Review When Possible,Open,['High CVSS vulnerability'],No IOC Match,Unknown,False
2877,EVT04779,49.89,Moderate,Review When Possible,Open,[],No IOC Match,Unknown,False
2878,EVT04249,49.88,Moderate,Review When Possible,Open,['High CVSS vulnerability'],No IOC Match,Unknown,False
2879,EVT04755,49.88,Moderate,Review When Possible,Open,[],No IOC Match,Unknown,False
2880,EVT05688,49.88,Moderate,Review When Possible,Open,[],No IOC Match,Unknown,False
2881,EVT07503,49.88,Moderate,Review When Possible,Open,[],No IOC Match,Unknown,False
2882,EVT07509,49.88,Moderate,Review When Possible,Open,[],No IOC Match,Unknown,False
2883,EVT00614,49.87,Moderate,Review When Possible,Open,[],No IOC Match,Unknown,False
2884,EVT08750,49.87,Moderate,Review When Possible,Open,['Multiple failed login attempts'],No IOC Match,Unknown,False
2885,EVT03534,49.86,Moderate,Review When Possible,Open,[],No IOC Match,Unknown,False
2886,EVT04173,49.86,Moderate,Review When Possible,Open,[],No IOC Match,Unknown,False
2887,EVT05395,49.86,Moderate,Review When Possible,Open,[],No IOC Match,Unknown,False
2888,EVT07634,49.86,Moderate,Review When Possible,Open,['High CVSS vulnerability'],No IOC Match,Unknown,False
2889,EVT04170,49.85,Moderate,Review When Possible,Open,['High CVSS vulnerability'],No IOC Match,Unknown,False
2890,EVT09703,49.85,Moderate,Review When Possible,Open,[],No IOC Match,Unknown,False
2891,EVT09198,49.84,Moderate,Review When Possible,Open,[],No IOC Match,High,True
2892,EVT01198,49.83,Moderate,Review When Possible,Open,[],No IOC Match,Unknown,False
2893,EVT01512,49.83,Moderate,Review When Possible,Open,[],No IOC Match,Unknown,False
2894,EVT02688,49.83,Moderate,Review When Possible,Open,[],No IOC Match,Unknown,False
2895,EVT03058,49.83,Moderate,Review When Possible,Open,['High CVSS vulnerability'],No IOC Match,Unknown,False
2896,EVT00314,49.82,Moderate,Review When Possible,Open,[],No IOC Match,Unknown,False
2897,EVT02681,49.81,Moderate,Review When Possible,Open,[],No IOC Match,Unknown,False
2898,EVT05406,49.81,Moderate,Review When Possible,Open,[],No IOC Match,Unknown,False
2899,EVT06326,49.8,Moderate,Review When Possible,Open,[],No IOC Match,Unknown,False
2900,EVT08288,49.8,Moderate,Review When Possible,Open,['High CVSS vulnerability'],No IOC Match,Unknown,False
2901,EVT08959,49.8,Moderate,Review When Possible,Open,[],No IOC Match,Unknown,False
2902,EVT00066,49.79,Moderate,Review When Possible,Open,[],No IOC Match,Unknown,False
2903,EVT04612,49.79,Moderate,Review When Possible,Open,[],No IOC Match,Unknown,False
2904,EVT04637,49.79,Moderate,Review When Possible,Open,[],No IOC Match,Unknown,False
2905,EVT06360,49.79,Moderate,Review When Possible,Open,['Multiple failed login attempts'],No IOC Match,Unknown,False
2906,EVT00864,49.78,Moderate,Review When Possible,Open,['High CVSS vulnerability'],No IOC Match,Unknown,False
2907,EVT01939,49.78,Moderate,Review When Possible,Open,['High CVSS vulnerability'],No IOC Match,Unknown,False
2908,EVT02185,49.78,Moderate,Review When Possible,Open,['High CVSS vulnerability'],No IOC Match,Unknown,False
2909,EVT05218,49.77,Moderate,Review When Possible,Open,['High CVSS vulnerability'],No IOC Match,Unknown,False
2910,EVT04167,49.76,Moderate,Review When Possible,Open,['High CVSS vulnerability'],No IOC Match,Unknown,False
2911,EVT04064,49.75,Moderate,Review When Possible,Open,[],No IOC Match,Unknown,False
2912,EVT06554,49.75,Moderate,Review When Possible,Open,['Multiple failed login attempts'],No IOC Match,Unknown,False
2913,EVT00984,49.74,Moderate,Review When Possible,Open,[],No IOC Match,Unknown,False
2914,EVT05142,49.74,Moderate,Review When Possible,Open,['Multiple failed login attempts'],No IOC Match,Unknown,False
2915,EVT08282,49.74,Moderate,Review When Possible,Open,[],No IOC Match,High,True
2916,EVT03334,49.73,Moderate,Review When Possible,Open,[],No IOC Match,Unknown,False
2917,EVT04862,49.73,Moderate,Review When Possible,Open,"['High CVSS vulnerability', 'Multiple failed login attempts']",No IOC Match,Low,True
2918,EVT04997,49.72,Moderate,Review When Possible,Open,[],No IOC Match,Unknown,False
2919,EVT07393,49.72,Moderate,Review When Possible,Open,['Multiple failed login attempts'],No IOC Match,Unknown,False
2920,EVT06873,49.71,Moderate,Review When Possible,Open,[],No IOC Match,Unknown,False
2921,EVT00109,49.7,Moderate,Review When Possible,Open,['High CVSS vulnerability'],No IOC Match,Unknown,False
2922,EVT07919,49.7,Moderate,Review When Possible,Open,['High CVSS vulnerability'],No IOC Match,Unknown,False
2923,EVT07448,49.69,Moderate,Review When Possible,Open,[],No IOC Match,Unknown,False
2924,EVT09699,49.69,Moderate,Review When Possible,Open,['High CVSS vulnerability'],No IOC Match,Unknown,False
2925,EVT00739,49.68,Moderate,Review When Possible,Open,[],No IOC Match,Unknown,False
2926,EVT01310,49.68,Moderate,Review When Possible,Open,['Multiple failed login attempts'],No IOC Match,Unknown,False
2927,EVT01891,49.68,Moderate,Review When Possible,Open,[],No IOC Match,Unknown,False
2928,EVT00873,49.67,Moderate,Review When Possible,Open,['Multiple failed login attempts'],No IOC Match,Unknown,False
2929,EVT01349,49.67,Moderate,Review When Possible,Open,[],No IOC Match,Unknown,False
2930,EVT08508,49.67,Moderate,Review When Possible,Open,[],No IOC Match,Unknown,False
2931,EVT00064,49.66,Moderate,Review When Possible,Open,['Multiple failed login attempts'],No IOC Match,Unknown,False
2932,EVT00511,49.66,Moderate,Review When Possible,Open,[],No IOC Match,Unknown,False
2933,EVT02014,49.66,Moderate,Review When Possible,Open,[],No IOC Match,Unknown,False
2934,EVT03173,49.66,Moderate,Review When Possible,Open,[],No IOC Match,Unknown,False
2935,EVT03870,49.66,Moderate,Review When Possible,Open,['Multiple failed login attempts'],No IOC Match,Unknown,False
2936,EVT00915,49.65,Moderate,Review When Possible,Open,['High CVSS vulnerability'],No IOC Match,Unknown,False
2937,EVT02502,49.65,Moderate,Review When Possible,Open,['Multiple failed login attempts'],No IOC Match,Unknown,False
2938,EVT06751,49.65,Moderate,Review When Possible,Open,[],No IOC Match,Unknown,False
2939,EVT06923,49.65,Moderate,Review When Possible,Open,['Multiple failed login attempts'],No IOC Match,Unknown,False
2940,EVT09799,49.65,Moderate,Review When Possible,Open,['Multiple failed login attempts'],No IOC Match,Unknown,False
2941,EVT01169,49.64,Moderate,Review When Possible,Open,[],No IOC Match,Unknown,False
2942,EVT04841,49.63,Moderate,Review When Possible,Open,[],No IOC Match,Unknown,False
2943,EVT06055,49.63,Moderate,Review When Possible,Open,['Multiple failed login attempts'],No IOC Match,Unknown,False
2944,EVT06474,49.63,Moderate,Review When Possible,Open,[],No IOC Match,Unknown,False
2945,EVT07638,49.63,Moderate,Review When Possible,Open,['Multiple failed login attempts'],No IOC Match,Unknown,False
2946,EVT00198,49.62,Moderate,Review When Possible,Open,[],No IOC Match,Unknown,False
2947,EVT04090,49.62,Moderate,Review When Possible,Open,['Multiple failed login attempts'],No IOC Match,Unknown,False
2948,EVT00020,49.61,Moderate,Review When Possible,Open,[],No IOC Match,Unknown,False
2949,EVT00025,49.61,Moderate,Review When Possible,Open,[],No IOC Match,Unknown,False
2950,EVT06276,49.6,Moderate,Review When Possible,Open,['High CVSS vulnerability'],No IOC Match,Unknown,False
2951,EVT02727,49.59,Moderate,Review When Possible,Open,[],No IOC Match,Unknown,False
2952,EVT04313,49.59,Moderate,Review When Possible,Open,['High CVSS vulnerability'],No IOC Match,Unknown,False
2953,EVT05079,49.59,Moderate,Review When Possible,Open,['Multiple failed login attempts'],No IOC Match,Unknown,False
2954,EVT09991,49.57,Moderate,Review When Possible,Open,[],No IOC Match,Unknown,False
2955,EVT02784,49.56,Moderate,Review When Possible,Open,[],No IOC Match,Unknown,False
2956,EVT08263,49.56,Moderate,Review When Possible,Open,[],No IOC Match,Unknown,False
2957,EVT08718,49.56,Moderate,Review When Possible,Open,['Multiple failed login attempts'],No IOC Match,Unknown,False
2958,EVT05097,49.54,Moderate,Review When Possible,Open,[],No IOC Match,Unknown,False
2959,EVT07141,49.54,Moderate,Review When Possible,Open,['Multiple failed login attempts'],No IOC Match,Unknown,False
2960,EVT09939,49.54,Moderate,Review When Possible,Open,['Multiple failed login attempts'],No IOC Match,Unknown,False
2961,EVT01649,49.53,Moderate,Review When Possible,Open,[],No IOC Match,Medium,True
2962,EVT04969,49.53,Moderate,Review When Possible,Open,[],No IOC Match,Unknown,False
2963,EVT05824,49.53,Moderate,Review When Possible,Open,['Multiple failed login attempts'],No IOC Match,Unknown,False
2964,EVT08727,49.53,Moderate,Review When Possible,Open,['Multiple failed login attempts'],No IOC Match,Unknown,False
2965,EVT04470,49.52,Moderate,Review When Possible,Open,"['High CVSS vulnerability', 'Multiple failed login attempts']",No IOC Match,Unknown,False
2966,EVT09817,49.52,Moderate,Review When Possible,Open,"['High CVSS vulnerability', 'Multiple failed login attempts']",No IOC Match,Unknown,False
2967,EVT00136,49.51,Moderate,Review When Possible,Open,['High CVSS vulnerability'],No IOC Match,Unknown,False
2968,EVT01290,49.51,Moderate,Review When Possible,Open,[],No IOC Match,Unknown,False
2969,EVT06780,49.51,Moderate,Review When Possible,Open,[],No IOC Match,Unknown,False
2970,EVT01441,49.5,Moderate,Review When Possible,Open,['High CVSS vulnerability'],No IOC Match,Unknown,False
2971,EVT01564,49.5,Moderate,Review When Possible,Open,['High CVSS vulnerability'],No IOC Match,Unknown,False
2972,EVT01685,49.5,Moderate,Review When Possible,Open,[],No IOC Match,Unknown,False
2973,EVT04465,49.5,Moderate,Review When Possible,Open,[],No IOC Match,High,True
2974,EVT08877,49.5,Moderate,Review When Possible,Open,[],No IOC Match,Unknown,False
2975,EVT09157,49.5,Moderate,Review When Possible,Open,[],No IOC Match,Medium,True
2976,EVT04912,49.49,Moderate,Review When Possible,Open,[],No IOC Match,Unknown,False
2977,EVT08562,49.49,Moderate,Review When Possible,Open,[],No IOC Match,Unknown,False
2978,EVT00863,49.48,Moderate,Review When Possible,Open,[],No IOC Match,Unknown,False
2979,EVT02098,49.48,Moderate,Review When Possible,Open,[],No IOC Match,Unknown,False
2980,EVT04083,49.48,Moderate,Review When Possible,Open,[],No IOC Match,Unknown,False
2981,EVT04600,49.48,Moderate,Review When Possible,Open,[],No IOC Match,Unknown,False
2982,EVT04994,49.48,Moderate,Review When Possible,Open,[],No IOC Match,Unknown,False
2983,EVT01137,49.47,Moderate,Review When Possible,Open,[],No IOC Match,Unknown,False
2984,EVT02390,49.47,Moderate,Review When Possible,Open,[],No IOC Match,Unknown,False
2985,EVT03037,49.47,Moderate,Review When Possible,Open,[],No IOC Match,Unknown,False
2986,EVT03909,49.47,Moderate,Review When Possible,Open,['High CVSS vulnerability'],No IOC Match,Unknown,False
2987,EVT03020,49.46,Moderate,Review When Possible,Open,['High CVSS vulnerability'],No IOC Match,Unknown,False
2988,EVT03671,49.46,Moderate,Review When Possible,Open,['High CVSS vulnerability'],No IOC Match,Unknown,False
2989,EVT07044,49.46,Moderate,Review When Possible,Open,['High CVSS vulnerability'],No IOC Match,Medium,True
2990,EVT07792,49.46,Moderate,Review When Possible,Open,[],No IOC Match,Unknown,False
2991,EVT09124,49.46,Moderate,Review When Possible,Open,[],No IOC Match,Medium,True
2992,EVT01448,49.45,Moderate,Review When Possible,Open,[],No IOC Match,Unknown,False
2993,EVT01453,49.44,Moderate,Review When Possible,Open,['High CVSS vulnerability'],No IOC Match,Unknown,False
2994,EVT06953,49.44,Moderate,Review When Possible,Open,['Multiple failed login attempts'],No IOC Match,Unknown,False
2995,EVT01790,49.43,Moderate,Review When Possible,Open,[],No IOC Match,Unknown,False
2996,EVT02660,49.43,Moderate,Review When Possible,Open,[],No IOC Match,Unknown,False
2997,EVT08947,49.43,Moderate,Review When Possible,Open,[],No IOC Match,Unknown,False
2998,EVT01607,49.42,Moderate,Review When Possible,Open,[],No IOC Match,Unknown,False
2999,EVT03235,49.42,Moderate,Review When Possible,Open,[],No IOC Match,Unknown,False
3000,EVT05086,49.42,Moderate,Review When Possible,Open,[],No IOC Match,Unknown,False
3001,EVT05347,49.41,Moderate,Review When Possible,Open,[],No IOC Match,Unknown,False
3002,EVT06970,49.41,Moderate,Review When Possible,Open,[],No IOC Match,Unknown,False
3003,EVT06983,49.41,Moderate,Review When Possible,Open,['High CVSS vulnerability'],No IOC Match,Unknown,False
3004,EVT02598,49.4,Moderate,Review When Possible,Open,[],No IOC Match,Unknown,False
3005,EVT06117,49.4,Moderate,Review When Possible,Open,[],No IOC Match,Unknown,False
3006,EVT08025,49.4,Moderate,Review When Possible,Open,[],No IOC Match,Unknown,False
3007,EVT03961,49.39,Moderate,Review When Possible,Open,['High CVSS vulnerability'],No IOC Match,Unknown,False
3008,EVT02657,49.38,Moderate,Review When Possible,Open,[],No IOC Match,High,True
3009,EVT03001,49.38,Moderate,Review When Possible,Open,['High CVSS vulnerability'],No IOC Match,Unknown,False
3010,EVT08881,49.38,Moderate,Review When Possible,Open,[],No IOC Match,Unknown,False
3011,EVT09755,49.38,Moderate,Review When Possible,Open,[],No IOC Match,Unknown,False
3012,EVT01584,49.37,Moderate,Review When Possible,Open,['High CVSS vulnerability'],No IOC Match,Unknown,False
3013,EVT09753,49.37,Moderate,Review When Possible,Open,[],No IOC Match,Unknown,False
3014,EVT03281,49.36,Moderate,Review When Possible,Open,[],No IOC Match,Unknown,False
3015,EVT04082,49.36,Moderate,Review When Possible,Open,[],No IOC Match,Unknown,False
3016,EVT05029,49.36,Moderate,Review When Possible,Open,[],No IOC Match,Unknown,False
3017,EVT04305,49.35,Moderate,Review When Possible,Open,['High CVSS vulnerability'],No IOC Match,Unknown,False
3018,EVT00157,49.34,Moderate,Review When Possible,Open,['Multiple failed login attempts'],No IOC Match,Unknown,False
3019,EVT05232,49.34,Moderate,Review When Possible,Open,[],No IOC Match,Unknown,False
3020,EVT01889,49.33,Moderate,Review When Possible,Open,['High CVSS vulnerability'],No IOC Match,Unknown,False
3021,EVT05534,49.33,Moderate,Review When Possible,Open,[],No IOC Match,Unknown,False
3022,EVT07220,49.33,Moderate,Review When Possible,Open,[],No IOC Match,Unknown,False
3023,EVT09520,49.33,Moderate,Review When Possible,Open,['High CVSS vulnerability'],No IOC Match,Unknown,False
3024,EVT01407,49.32,Moderate,Review When Possible,Open,['High CVSS vulnerability'],No IOC Match,Unknown,False
3025,EVT02431,49.32,Moderate,Review When Possible,Open,[],No IOC Match,Unknown,False
3026,EVT03565,49.32,Moderate,Review When Possible,Open,[],No IOC Match,Unknown,False
3027,EVT04559,49.32,Moderate,Review When Possible,Open,[],No IOC Match,Unknown,False
3028,EVT04561,49.32,Moderate,Review When Possible,Open,['Multiple failed login attempts'],No IOC Match,Unknown,False
3029,EVT09876,49.32,Moderate,Review When Possible,Open,[],No IOC Match,Unknown,False
3030,EVT04459,49.31,Moderate,Review When Possible,Open,['High CVSS vulnerability'],No IOC Match,Unknown,False
3031,EVT08242,49.31,Moderate,Review When Possible,Open,['High CVSS vulnerability'],No IOC Match,Unknown,False
3032,EVT08614,49.3,Moderate,Review When Possible,Open,[],No IOC Match,Unknown,False
3033,EVT00291,49.29,Moderate,Review When Possible,Open,['Multiple failed login attempts'],No IOC Match,Unknown,False
3034,EVT02047,49.29,Moderate,Review When Possible,Open,['Multiple failed login attempts'],No IOC Match,Unknown,False
3035,EVT03877,49.29,Moderate,Review When Possible,Open,['High CVSS vulnerability'],No IOC Match,Unknown,False
3036,EVT06488,49.29,Moderate,Review When Possible,Open,[],No IOC Match,Unknown,False
3037,EVT02524,49.28,Moderate,Review When Possible,Open,['Multiple failed login attempts'],No IOC Match,Unknown,False
3038,EVT05767,49.28,Moderate,Review When Possible,Open,['High CVSS vulnerability'],No IOC Match,Unknown,False
3039,EVT05823,49.28,Moderate,Review When Possible,Open,"['High CVSS vulnerability', 'Multiple failed login attempts']",No IOC Match,Unknown,False
3040,EVT00486,49.27,Moderate,Review When Possible,Open,['High CVSS vulnerability'],No IOC Match,Unknown,False
3041,EVT04715,49.27,Moderate,Review When Possible,Open,[],No IOC Match,Unknown,False
3042,EVT02366,49.26,Moderate,Review When Possible,Open,[],No IOC Match,Unknown,False
3043,EVT00356,49.25,Moderate,Review When Possible,Open,[],No IOC Match,Unknown,False
3044,EVT00572,49.24,Moderate,Review When Possible,Open,['Multiple failed login attempts'],No IOC Match,Unknown,False
3045,EVT07728,49.24,Moderate,Review When Possible,Open,['Multiple failed login attempts'],No IOC Match,Unknown,False
3046,EVT08418,49.24,Moderate,Review When Possible,Open,[],No IOC Match,High,True
3047,EVT00281,49.23,Moderate,Review When Possible,Open,[],No IOC Match,Unknown,False
3048,EVT00693,49.23,Moderate,Review When Possible,Open,['Multiple failed login attempts'],No IOC Match,Unknown,False
3049,EVT04311,49.23,Moderate,Review When Possible,Open,[],No IOC Match,Unknown,False
3050,EVT04646,49.23,Moderate,Review When Possible,Open,['High CVSS vulnerability'],No IOC Match,Unknown,False
3051,EVT00191,49.22,Moderate,Review When Possible,Open,['Multiple failed login attempts'],No IOC Match,Unknown,False
3052,EVT01406,49.22,Moderate,Review When Possible,Open,['High CVSS vulnerability'],No IOC Match,Unknown,False
3053,EVT01751,49.22,Moderate,Review When Possible,Open,[],No IOC Match,Unknown,False
3054,EVT02513,49.22,Moderate,Review When Possible,Open,['Multiple failed login attempts'],No IOC Match,Unknown,False
3055,EVT07287,49.22,Moderate,Review When Possible,Open,[],No IOC Match,Unknown,False
3056,EVT08280,49.22,Moderate,Review When Possible,Open,['Multiple failed login attempts'],No IOC Match,Unknown,False
3057,EVT01325,49.19,Moderate,Review When Possible,Open,['Multiple failed login attempts'],No IOC Match,Unknown,False
3058,EVT07124,49.19,Moderate,Review When Possible,Open,[],No IOC Match,Unknown,False
3059,EVT04343,49.18,Moderate,Review When Possible,Open,['Multiple failed login attempts'],No IOC Match,Unknown,False
3060,EVT05001,49.18,Moderate,Review When Possible,Open,[],No IOC Match,Unknown,False
3061,EVT06139,49.18,Moderate,Review When Possible,Open,['High CVSS vulnerability'],No IOC Match,Unknown,False
3062,EVT01023,49.17,Moderate,Review When Possible,Open,[],No IOC Match,Unknown,False
3063,EVT02465,49.17,Moderate,Review When Possible,Open,[],No IOC Match,Unknown,False
3064,EVT08445,49.17,Moderate,Review When Possible,Open,"['High CVSS vulnerability', 'Multiple failed login attempts']",No IOC Match,Unknown,False
3065,EVT08604,49.17,Moderate,Review When Possible,Open,[],No IOC Match,Unknown,False
3066,EVT08700,49.17,Moderate,Review When Possible,Open,['High CVSS vulnerability'],No IOC Match,Unknown,False
3067,EVT09416,49.17,Moderate,Review When Possible,Open,['High CVSS vulnerability'],No IOC Match,Unknown,False
3068,EVT00694,49.16,Moderate,Review When Possible,Open,[],No IOC Match,Unknown,False
3069,EVT06238,49.16,Moderate,Review When Possible,Open,['High CVSS vulnerability'],No IOC Match,Unknown,False
3070,EVT07995,49.16,Moderate,Review When Possible,Open,[],No IOC Match,Unknown,False
3071,EVT00724,49.15,Moderate,Review When Possible,Open,[],No IOC Match,Unknown,False
3072,EVT09871,49.15,Moderate,Review When Possible,Open,[],No IOC Match,Unknown,False
3073,EVT03032,49.14,Moderate,Review When Possible,Open,['High CVSS vulnerability'],No IOC Match,Unknown,False
3074,EVT04168,49.14,Moderate,Review When Possible,Open,"['High CVSS vulnerability', 'Multiple failed login attempts']",No IOC Match,Unknown,False
3075,EVT07319,49.14,Moderate,Review When Possible,Open,['High CVSS vulnerability'],No IOC Match,Unknown,False
3076,EVT00640,49.13,Moderate,Review When Possible,Open,[],No IOC Match,Unknown,False
3077,EVT02404,49.13,Moderate,Review When Possible,Open,[],No IOC Match,Unknown,False
3078,EVT04928,49.13,Moderate,Review When Possible,Open,[],No IOC Match,Unknown,False
3079,EVT00265,49.12,Moderate,Review When Possible,Open,['High CVSS vulnerability'],No IOC Match,Medium,True
3080,EVT03775,49.11,Moderate,Review When Possible,Open,[],No IOC Match,Unknown,False
3081,EVT06818,49.11,Moderate,Review When Possible,Open,['Multiple failed login attempts'],No IOC Match,Unknown,False
3082,EVT01636,49.09,Moderate,Review When Possible,Open,[],No IOC Match,Unknown,False
3083,EVT02461,49.09,Moderate,Review When Possible,Open,[],No IOC Match,Unknown,False
3084,EVT04452,49.09,Moderate,Review When Possible,Open,['High CVSS vulnerability'],No IOC Match,Unknown,False
3085,EVT04970,49.09,Moderate,Review When Possible,Open,[],No IOC Match,Unknown,False
3086,EVT06579,49.09,Moderate,Review When Possible,Open,[],No IOC Match,Unknown,False
3087,EVT07815,49.09,Moderate,Review When Possible,Open,[],No IOC Match,Unknown,False
3088,EVT08211,49.09,Moderate,Review When Possible,Open,[],No IOC Match,Unknown,False
3089,EVT08448,49.09,Moderate,Review When Possible,Open,['Multiple failed login attempts'],No IOC Match,Unknown,False
3090,EVT08885,49.09,Moderate,Review When Possible,Open,[],No IOC Match,Unknown,False
3091,EVT09307,49.09,Moderate,Review When Possible,Open,[],No IOC Match,Medium,True
3092,EVT02213,49.08,Moderate,Review When Possible,Open,"['High CVSS vulnerability', 'Multiple failed login attempts']",No IOC Match,Unknown,False
3093,EVT02770,49.08,Moderate,Review When Possible,Open,['High CVSS vulnerability'],No IOC Match,Unknown,False
3094,EVT02877,49.07,Moderate,Review When Possible,Open,[],No IOC Match,Unknown,False
3095,EVT07119,49.07,Moderate,Review When Possible,Open,['Multiple failed login attempts'],No IOC Match,Unknown,False
3096,EVT00453,49.06,Moderate,Review When Possible,Open,[],No IOC Match,Unknown,False
3097,EVT01565,49.06,Moderate,Review When Possible,Open,[],No IOC Match,Medium,True
3098,EVT03499,49.06,Moderate,Review When Possible,Open,['Multiple failed login attempts'],No IOC Match,Unknown,False
3099,EVT07941,49.06,Moderate,Review When Possible,Open,[],No IOC Match,Unknown,False
3100,EVT08880,49.06,Moderate,Review When Possible,Open,['Multiple failed login attempts'],No IOC Match,Unknown,False
3101,EVT00258,49.05,Moderate,Review When Possible,Open,['Multiple failed login attempts'],No IOC Match,Unknown,False
3102,EVT00679,49.05,Moderate,Review When Possible,Open,[],No IOC Match,Unknown,False
3103,EVT08226,49.05,Moderate,Review When Possible,Open,[],No IOC Match,Unknown,False
3104,EVT01215,49.04,Moderate,Review When Possible,Open,['High CVSS vulnerability'],No IOC Match,Unknown,False
3105,EVT07478,49.04,Moderate,Review When Possible,Open,['Multiple failed login attempts'],No IOC Match,Unknown,False
3106,EVT08079,49.04,Moderate,Review When Possible,Open,['High CVSS vulnerability'],No IOC Match,Unknown,False
3107,EVT00326,49.03,Moderate,Review When Possible,Open,[],No IOC Match,Unknown,False
3108,EVT04709,49.03,Moderate,Review When Possible,Open,['High CVSS vulnerability'],No IOC Match,Unknown,False
3109,EVT06448,49.03,Moderate,Review When Possible,Open,[],No IOC Match,Unknown,False
3110,EVT00123,49.02,Moderate,Review When Possible,Open,['Multiple failed login attempts'],No IOC Match,Unknown,False
3111,EVT02487,49.02,Moderate,Review When Possible,Open,['High CVSS vulnerability'],No IOC Match,Unknown,False
3112,EVT04251,49.02,Moderate,Review When Possible,Open,['High CVSS vulnerability'],No IOC Match,Unknown,False
3113,EVT05808,49.02,Moderate,Review When Possible,Open,[],No IOC Match,Unknown,False
3114,EVT07820,49.02,Moderate,Review When Possible,Open,['Multiple failed login attempts'],No IOC Match,Unknown,False
3115,EVT01880,49.01,Moderate,Review When Possible,Open,[],No IOC Match,Unknown,False
3116,EVT04602,49.01,Moderate,Review When Possible,Open,[],No IOC Match,Unknown,False
3117,EVT06863,49.01,Moderate,Review When Possible,Open,[],No IOC Match,Unknown,False
3118,EVT09376,49.01,Moderate,Review When Possible,Open,[],No IOC Match,Unknown,False
3119,EVT00133,48.99,Moderate,Review When Possible,Open,['Multiple failed login attempts'],No IOC Match,Unknown,False
3120,EVT02739,48.99,Moderate,Review When Possible,Open,[],No IOC Match,Unknown,False
3121,EVT07643,48.99,Moderate,Review When Possible,Open,['Multiple failed login attempts'],No IOC Match,Unknown,False
3122,EVT04942,48.98,Moderate,Review When Possible,Open,['High CVSS vulnerability'],No IOC Match,Unknown,False
3123,EVT07055,48.98,Moderate,Review When Possible,Open,['High CVSS vulnerability'],No IOC Match,Unknown,False
3124,EVT07552,48.98,Moderate,Review When Possible,Open,['Multiple failed login attempts'],No IOC Match,Unknown,False
3125,EVT09040,48.98,Moderate,Review When Possible,Open,['High CVSS vulnerability'],No IOC Match,Unknown,False
3126,EVT09397,48.98,Moderate,Review When Possible,Open,['Multiple failed login attempts'],No IOC Match,Unknown,False
3127,EVT09765,48.98,Moderate,Review When Possible,Open,['High CVSS vulnerability'],No IOC Match,Unknown,False
3128,EVT02378,48.97,Moderate,Review When Possible,Open,['High CVSS vulnerability'],No IOC Match,Unknown,False
3129,EVT05857,48.97,Moderate,Review When Possible,Open,['Multiple failed login attempts'],No IOC Match,Unknown,False
3130,EVT06065,48.97,Moderate,Review When Possible,Open,[],No IOC Match,Unknown,False
3131,EVT02384,48.96,Moderate,Review When Possible,Open,['Multiple failed login attempts'],No IOC Match,Unknown,False
3132,EVT02979,48.96,Moderate,Review When Possible,Open,['High CVSS vulnerability'],No IOC Match,Unknown,False
3133,EVT04429,48.96,Moderate,Review When Possible,Open,['Multiple failed login attempts'],No IOC Match,Unknown,False
3134,EVT04436,48.96,Moderate,Review When Possible,Open,[],No IOC Match,Unknown,False
3135,EVT07018,48.96,Moderate,Review When Possible,Open,[],No IOC Match,Unknown,False
3136,EVT09027,48.96,Moderate,Review When Possible,Open,['High CVSS vulnerability'],No IOC Match,Unknown,False
3137,EVT09126,48.96,Moderate,Review When Possible,Open,[],No IOC Match,Unknown,False
3138,EVT09341,48.96,Moderate,Review When Possible,Open,['High CVSS vulnerability'],No IOC Match,Unknown,False
3139,EVT03252,48.95,Moderate,Review When Possible,Open,[],No IOC Match,Unknown,False
3140,EVT06071,48.95,Moderate,Review When Possible,Open,[],No IOC Match,Medium,True
3141,EVT02612,48.94,Moderate,Review When Possible,Open,[],No IOC Match,Unknown,False
3142,EVT03015,48.94,Moderate,Review When Possible,Open,[],No IOC Match,Unknown,False
3143,EVT03629,48.93,Moderate,Review When Possible,Open,['High CVSS vulnerability'],No IOC Match,Unknown,False
3144,EVT02314,48.91,Moderate,Review When Possible,Open,['High CVSS vulnerability'],No IOC Match,High,True
3145,EVT04348,48.91,Moderate,Review When Possible,Open,['Multiple failed login attempts'],No IOC Match,Unknown,False
3146,EVT06070,48.91,Moderate,Review When Possible,Open,['Multiple failed login attempts'],No IOC Match,Unknown,False
3147,EVT09189,48.91,Moderate,Review When Possible,Open,[],No IOC Match,Unknown,False
3148,EVT01965,48.9,Moderate,Review When Possible,Open,[],No IOC Match,Unknown,False
3149,EVT03375,48.89,Moderate,Review When Possible,Open,[],No IOC Match,Unknown,False
3150,EVT00891,48.88,Moderate,Review When Possible,Open,['High CVSS vulnerability'],No IOC Match,Unknown,False
3151,EVT01043,48.88,Moderate,Review When Possible,Open,[],No IOC Match,Medium,True
3152,EVT03962,48.88,Moderate,Review When Possible,Open,[],No IOC Match,Unknown,False
3153,EVT05981,48.88,Moderate,Review When Possible,Open,['High CVSS vulnerability'],No IOC Match,Unknown,False
3154,EVT07489,48.87,Moderate,Review When Possible,Open,[],No IOC Match,Unknown,False
3155,EVT05627,48.86,Moderate,Review When Possible,Open,[],No IOC Match,Unknown,False
3156,EVT04565,48.85,Moderate,Review When Possible,Open,['High CVSS vulnerability'],No IOC Match,Unknown,False
3157,EVT07398,48.85,Moderate,Review When Possible,Open,['High CVSS vulnerability'],No IOC Match,Unknown,False
3158,EVT00618,48.84,Moderate,Review When Possible,Open,[],No IOC Match,Unknown,False
3159,EVT07078,48.84,Moderate,Review When Possible,Open,[],No IOC Match,Unknown,False
3160,EVT08555,48.84,Moderate,Review When Possible,Open,['High CVSS vulnerability'],No IOC Match,Unknown,False
3161,EVT09756,48.84,Moderate,Review When Possible,Open,['High CVSS vulnerability'],No IOC Match,Unknown,False
3162,EVT00874,48.83,Moderate,Review When Possible,Open,['High CVSS vulnerability'],No IOC Match,Unknown,False
3163,EVT03226,48.83,Moderate,Review When Possible,Open,[],No IOC Match,Unknown,False
3164,EVT06497,48.81,Moderate,Review When Possible,Open,['High CVSS vulnerability'],No IOC Match,Unknown,False
3165,EVT07241,48.81,Moderate,Review When Possible,Open,[],No IOC Match,Unknown,False
3166,EVT09657,48.81,Moderate,Review When Possible,Open,['High CVSS vulnerability'],No IOC Match,Unknown,False
3167,EVT02237,48.8,Moderate,Review When Possible,Open,['High CVSS vulnerability'],No IOC Match,Unknown,False
3168,EVT05483,48.79,Moderate,Review When Possible,Open,['Multiple failed login attempts'],No IOC Match,Unknown,False
3169,EVT06179,48.79,Moderate,Review When Possible,Open,['High CVSS vulnerability'],No IOC Match,Unknown,False
3170,EVT09489,48.79,Moderate,Review When Possible,Open,['High CVSS vulnerability'],No IOC Match,Unknown,False
3171,EVT01071,48.78,Moderate,Review When Possible,Open,[],No IOC Match,Unknown,False
3172,EVT04287,48.78,Moderate,Review When Possible,Open,['Multiple failed login attempts'],No IOC Match,Unknown,False
3173,EVT00280,48.77,Moderate,Review When Possible,Open,[],No IOC Match,Unknown,False
3174,EVT00887,48.77,Moderate,Review When Possible,Open,['Multiple failed login attempts'],No IOC Match,Medium,True
3175,EVT05520,48.76,Moderate,Review When Possible,Open,[],No IOC Match,Unknown,False
3176,EVT07459,48.76,Moderate,Review When Possible,Open,['High CVSS vulnerability'],No IOC Match,Unknown,False
3177,EVT08915,48.76,Moderate,Review When Possible,Open,[],No IOC Match,Unknown,False
3178,EVT00470,48.75,Moderate,Review When Possible,Open,['High CVSS vulnerability'],No IOC Match,Unknown,False
3179,EVT02583,48.75,Moderate,Review When Possible,Open,['Multiple failed login attempts'],No IOC Match,Unknown,False
3180,EVT04206,48.75,Moderate,Review When Possible,Open,['High CVSS vulnerability'],No IOC Match,Unknown,False
3181,EVT05803,48.75,Moderate,Review When Possible,Open,[],No IOC Match,Unknown,False
3182,EVT07227,48.75,Moderate,Review When Possible,Open,[],No IOC Match,High,True
3183,EVT00812,48.74,Moderate,Review When Possible,Open,['Multiple failed login attempts'],No IOC Match,Unknown,False
3184,EVT04829,48.74,Moderate,Review When Possible,Open,['High CVSS vulnerability'],No IOC Match,Unknown,False
3185,EVT05549,48.74,Moderate,Review When Possible,Open,['High CVSS vulnerability'],No IOC Match,Unknown,False
3186,EVT08677,48.74,Moderate,Review When Possible,Open,['High CVSS vulnerability'],No IOC Match,Unknown,False
3187,EVT04837,48.73,Moderate,Review When Possible,Open,['High CVSS vulnerability'],No IOC Match,Unknown,False
3188,EVT08473,48.73,Moderate,Review When Possible,Open,['Multiple failed login attempts'],No IOC Match,Unknown,False
3189,EVT09045,48.72,Moderate,Review When Possible,Open,['High CVSS vulnerability'],No IOC Match,Unknown,False
3190,EVT00334,48.71,Moderate,Review When Possible,Open,['High CVSS vulnerability'],No IOC Match,Unknown,False
3191,EVT05739,48.71,Moderate,Review When Possible,Open,[],No IOC Match,Unknown,False
3192,EVT08185,48.71,Moderate,Review When Possible,Open,"['High CVSS vulnerability', 'Multiple failed login attempts']",No IOC Match,Unknown,False
3193,EVT09847,48.71,Moderate,Review When Possible,Open,[],No IOC Match,Unknown,False
3194,EVT00087,48.7,Moderate,Review When Possible,Open,[],No IOC Match,Unknown,False
3195,EVT00107,48.7,Moderate,Review When Possible,Open,[],No IOC Match,Unknown,False
3196,EVT01561,48.7,Moderate,Review When Possible,Open,[],No IOC Match,Unknown,False
3197,EVT02564,48.7,Moderate,Review When Possible,Open,['Multiple failed login attempts'],No IOC Match,Low,True
3198,EVT07281,48.7,Moderate,Review When Possible,Open,['High CVSS vulnerability'],No IOC Match,Unknown,False
3199,EVT07656,48.7,Moderate,Review When Possible,Open,[],No IOC Match,Unknown,False
3200,EVT00414,48.69,Moderate,Review When Possible,Open,[],No IOC Match,Unknown,False
3201,EVT08371,48.69,Moderate,Review When Possible,Open,['High CVSS vulnerability'],No IOC Match,Unknown,False
3202,EVT02491,48.68,Moderate,Review When Possible,Open,[],No IOC Match,Unknown,False
3203,EVT05830,48.68,Moderate,Review When Possible,Open,['Multiple failed login attempts'],No IOC Match,Unknown,False
3204,EVT07562,48.68,Moderate,Review When Possible,Open,[],No IOC Match,Unknown,False
3205,EVT08096,48.68,Moderate,Review When Possible,Open,[],No IOC Match,Unknown,False
3206,EVT08122,48.68,Moderate,Review When Possible,Open,['High CVSS vulnerability'],No IOC Match,Unknown,False
3207,EVT00484,48.67,Moderate,Review When Possible,Open,[],No IOC Match,Unknown,False
3208,EVT00528,48.67,Moderate,Review When Possible,Open,[],No IOC Match,Unknown,False
3209,EVT03019,48.67,Moderate,Review When Possible,Open,['High CVSS vulnerability'],No IOC Match,Unknown,False
3210,EVT01871,48.66,Moderate,Review When Possible,Open,[],No IOC Match,Unknown,False
3211,EVT03769,48.66,Moderate,Review When Possible,Open,[],No IOC Match,Unknown,False
3212,EVT03982,48.66,Moderate,Review When Possible,Open,[],No IOC Match,Unknown,False
3213,EVT06122,48.66,Moderate,Review When Possible,Open,[],No IOC Match,Unknown,False
3214,EVT00148,48.65,Moderate,Review When Possible,Open,[],No IOC Match,Unknown,False
3215,EVT01040,48.65,Moderate,Review When Possible,Open,"['High CVSS vulnerability', 'Multiple failed login attempts']",No IOC Match,Unknown,False
3216,EVT08975,48.65,Moderate,Review When Possible,Open,[],No IOC Match,Unknown,False
3217,EVT01721,48.64,Moderate,Review When Possible,Open,['High CVSS vulnerability'],No IOC Match,Unknown,False
3218,EVT09985,48.64,Moderate,Review When Possible,Open,['High CVSS vulnerability'],No IOC Match,Unknown,False
3219,EVT07016,48.63,Moderate,Review When Possible,Open,['Multiple failed login attempts'],No IOC Match,Unknown,False
3220,EVT00965,48.62,Moderate,Review When Possible,Open,[],No IOC Match,High,True
3221,EVT05109,48.62,Moderate,Review When Possible,Open,[],No IOC Match,Unknown,False
3222,EVT09642,48.62,Moderate,Review When Possible,Open,[],No IOC Match,Unknown,False
3223,EVT00142,48.61,Moderate,Review When Possible,Open,[],No IOC Match,Unknown,False
3224,EVT05674,48.61,Moderate,Review When Possible,Open,[],No IOC Match,Unknown,False
3225,EVT04267,48.6,Moderate,Review When Possible,Open,['Multiple failed login attempts'],No IOC Match,Unknown,False
3226,EVT06725,48.6,Moderate,Review When Possible,Open,[],No IOC Match,Unknown,False
3227,EVT08860,48.6,Moderate,Review When Possible,Open,['High CVSS vulnerability'],No IOC Match,Unknown,False
3228,EVT01556,48.59,Moderate,Review When Possible,Open,[],No IOC Match,Unknown,False
3229,EVT04357,48.59,Moderate,Review When Possible,Open,['High CVSS vulnerability'],No IOC Match,Unknown,False
3230,EVT06211,48.59,Moderate,Review When Possible,Open,[],No IOC Match,Unknown,False
3231,EVT02333,48.58,Moderate,Review When Possible,Open,['High CVSS vulnerability'],No IOC Match,Unknown,False
3232,EVT04676,48.58,Moderate,Review When Possible,Open,[],No IOC Match,Unknown,False
3233,EVT07051,48.58,Moderate,Review When Possible,Open,[],No IOC Match,Unknown,False
3234,EVT09516,48.58,Moderate,Review When Possible,Open,['High CVSS vulnerability'],No IOC Match,Unknown,False
3235,EVT01337,48.57,Moderate,Review When Possible,Open,['High CVSS vulnerability'],No IOC Match,Unknown,False
3236,EVT01722,48.57,Moderate,Review When Possible,Open,[],No IOC Match,Unknown,False
3237,EVT06446,48.57,Moderate,Review When Possible,Open,[],No IOC Match,Unknown,False
3238,EVT07425,48.57,Moderate,Review When Possible,Open,[],No IOC Match,Unknown,False
3239,EVT09521,48.57,Moderate,Review When Possible,Open,['High CVSS vulnerability'],No IOC Match,Unknown,False
3240,EVT03077,48.56,Moderate,Review When Possible,Open,['High CVSS vulnerability'],No IOC Match,Unknown,False
3241,EVT00994,48.55,Moderate,Review When Possible,Open,['High CVSS vulnerability'],No IOC Match,Unknown,False
3242,EVT02894,48.55,Moderate,Review When Possible,Open,[],No IOC Match,Unknown,False
3243,EVT09721,48.55,Moderate,Review When Possible,Open,['Multiple failed login attempts'],No IOC Match,Unknown,False
3244,EVT05560,48.54,Moderate,Review When Possible,Open,[],No IOC Match,Medium,True
3245,EVT00097,48.52,Moderate,Review When Possible,Open,['High CVSS vulnerability'],No IOC Match,Unknown,False
3246,EVT06547,48.52,Moderate,Review When Possible,Open,[],No IOC Match,Unknown,False
3247,EVT08329,48.52,Moderate,Review When Possible,Open,['High CVSS vulnerability'],No IOC Match,Low,True
3248,EVT09537,48.51,Moderate,Review When Possible,Open,[],No IOC Match,Unknown,False
3249,EVT00941,48.5,Moderate,Review When Possible,Open,[],No IOC Match,Unknown,False
3250,EVT02930,48.5,Moderate,Review When Possible,Open,[],No IOC Match,Unknown,False
3251,EVT06761,48.5,Moderate,Review When Possible,Open,['High CVSS vulnerability'],No IOC Match,Unknown,False
3252,EVT00940,48.49,Moderate,Review When Possible,Open,[],No IOC Match,Unknown,False
3253,EVT06325,48.49,Moderate,Review When Possible,Open,[],No IOC Match,Unknown,False
3254,EVT07161,48.49,Moderate,Review When Possible,Open,[],No IOC Match,Unknown,False
3255,EVT00026,48.48,Moderate,Review When Possible,Open,['High CVSS vulnerability'],No IOC Match,Unknown,False
3256,EVT04006,48.48,Moderate,Review When Possible,Open,[],No IOC Match,Unknown,False
3257,EVT07809,48.48,Moderate,Review When Possible,Open,[],No IOC Match,Unknown,False
3258,EVT08152,48.47,Moderate,Review When Possible,Open,['High CVSS vulnerability'],No IOC Match,Unknown,False
3259,EVT08864,48.47,Moderate,Review When Possible,Open,[],No IOC Match,Unknown,False
3260,EVT08981,48.47,Moderate,Review When Possible,Open,[],No IOC Match,Unknown,False
3261,EVT01139,48.45,Moderate,Review When Possible,Open,['Multiple failed login attempts'],No IOC Match,Unknown,False
3262,EVT02281,48.45,Moderate,Review When Possible,Open,['High CVSS vulnerability'],No IOC Match,Unknown,False
3263,EVT05358,48.45,Moderate,Review When Possible,Open,['High CVSS vulnerability'],No IOC Match,Unknown,False
3264,EVT05812,48.45,Moderate,Review When Possible,Open,[],No IOC Match,Unknown,False
3265,EVT03954,48.44,Moderate,Review When Possible,Open,['High CVSS vulnerability'],No IOC Match,Unknown,False
3266,EVT07288,48.44,Moderate,Review When Possible,Open,['High CVSS vulnerability'],No IOC Match,Unknown,False
3267,EVT03295,48.43,Moderate,Review When Possible,Open,['High CVSS vulnerability'],No IOC Match,Unknown,False
3268,EVT04292,48.43,Moderate,Review When Possible,Open,[],No IOC Match,Unknown,False
3269,EVT05497,48.43,Moderate,Review When Possible,Open,[],No IOC Match,Unknown,False
3270,EVT09005,48.43,Moderate,Review When Possible,Open,[],No IOC Match,Unknown,False
3271,EVT01767,48.42,Moderate,Review When Possible,Open,['High CVSS vulnerability'],No IOC Match,Unknown,False
3272,EVT04716,48.42,Moderate,Review When Possible,Open,[],No IOC Match,Unknown,False
3273,EVT07603,48.42,Moderate,Review When Possible,Open,['High CVSS vulnerability'],No IOC Match,Unknown,False
3274,EVT09402,48.42,Moderate,Review When Possible,Open,['High CVSS vulnerability'],No IOC Match,Unknown,False
3275,EVT02907,48.41,Moderate,Review When Possible,Open,['High CVSS vulnerability'],No IOC Match,Unknown,False
3276,EVT04271,48.41,Moderate,Review When Possible,Open,['High CVSS vulnerability'],No IOC Match,Medium,True
3277,EVT09710,48.41,Moderate,Review When Possible,Open,['High CVSS vulnerability'],No IOC Match,Unknown,False
3278,EVT02731,48.4,Moderate,Review When Possible,Open,[],No IOC Match,Unknown,False
3279,EVT02795,48.4,Moderate,Review When Possible,Open,"['High CVSS vulnerability', 'Multiple failed login attempts']",No IOC Match,Unknown,False
3280,EVT06748,48.4,Moderate,Review When Possible,Open,['High CVSS vulnerability'],No IOC Match,Unknown,False
3281,EVT01525,48.39,Moderate,Review When Possible,Open,['High CVSS vulnerability'],No IOC Match,Unknown,False
3282,EVT01925,48.39,Moderate,Review When Possible,Open,[],No IOC Match,Unknown,False
3283,EVT07242,48.39,Moderate,Review When Possible,Open,[],No IOC Match,Unknown,False
3284,EVT00196,48.38,Moderate,Review When Possible,Open,['Multiple failed login attempts'],No IOC Match,Unknown,False
3285,EVT00381,48.38,Moderate,Review When Possible,Open,[],No IOC Match,Unknown,False
3286,EVT08789,48.38,Moderate,Review When Possible,Open,[],No IOC Match,High,True
3287,EVT04001,48.37,Moderate,Review When Possible,Open,['High CVSS vulnerability'],No IOC Match,Unknown,False
3288,EVT04905,48.37,Moderate,Review When Possible,Open,[],No IOC Match,Unknown,False
3289,EVT07128,48.36,Moderate,Review When Possible,Open,[],No IOC Match,Unknown,False
3290,EVT02965,48.35,Moderate,Review When Possible,Open,[],No IOC Match,Unknown,False
3291,EVT07906,48.35,Moderate,Review When Possible,Open,[],No IOC Match,Unknown,False
3292,EVT00163,48.34,Moderate,Review When Possible,Open,[],No IOC Match,Unknown,False
3293,EVT01160,48.34,Moderate,Review When Possible,Open,['High CVSS vulnerability'],No IOC Match,Unknown,False
3294,EVT03495,48.34,Moderate,Review When Possible,Open,[],No IOC Match,Unknown,False
3295,EVT04733,48.34,Moderate,Review When Possible,Open,['Multiple failed login attempts'],No IOC Match,Unknown,False
3296,EVT07845,48.34,Moderate,Review When Possible,Open,[],No IOC Match,Unknown,False
3297,EVT04204,48.32,Moderate,Review When Possible,Open,[],No IOC Match,Unknown,False
3298,EVT08676,48.32,Moderate,Review When Possible,Open,[],No IOC Match,Unknown,False
3299,EVT02791,48.31,Moderate,Review When Possible,Open,['High CVSS vulnerability'],No IOC Match,Unknown,False
3300,EVT03636,48.31,Moderate,Review When Possible,Open,[],No IOC Match,Unknown,False
3301,EVT05322,48.31,Moderate,Review When Possible,Open,['Multiple failed login attempts'],No IOC Match,Unknown,False
3302,EVT05759,48.31,Moderate,Review When Possible,Open,[],No IOC Match,Unknown,False
3303,EVT08792,48.31,Moderate,Review When Possible,Open,[],No IOC Match,Unknown,False
3304,EVT02109,48.3,Moderate,Review When Possible,Open,[],No IOC Match,Unknown,False
3305,EVT02711,48.3,Moderate,Review When Possible,Open,[],No IOC Match,Unknown,False
3306,EVT03554,48.3,Moderate,Review When Possible,Open,['High CVSS vulnerability'],No IOC Match,Unknown,False
3307,EVT05820,48.3,Moderate,Review When Possible,Open,[],No IOC Match,Unknown,False
3308,EVT06310,48.3,Moderate,Review When Possible,Open,[],No IOC Match,Unknown,False
3309,EVT08052,48.28,Moderate,Review When Possible,Open,['High CVSS vulnerability'],No IOC Match,Unknown,False
3310,EVT08413,48.28,Moderate,Review When Possible,Open,[],No IOC Match,Unknown,False
3311,EVT06410,48.27,Moderate,Review When Possible,Open,[],No IOC Match,Unknown,False
3312,EVT06613,48.27,Moderate,Review When Possible,Open,[],No IOC Match,Unknown,False
3313,EVT09121,48.27,Moderate,Review When Possible,Open,['High CVSS vulnerability'],No IOC Match,Unknown,False
3314,EVT05027,48.26,Moderate,Review When Possible,Open,[],No IOC Match,Unknown,False
3315,EVT06007,48.26,Moderate,Review When Possible,Open,[],No IOC Match,Unknown,False
3316,EVT01446,48.25,Moderate,Review When Possible,Open,['Multiple failed login attempts'],No IOC Match,Unknown,False
3317,EVT01732,48.25,Moderate,Review When Possible,Open,['Multiple failed login attempts'],No IOC Match,Unknown,False
3318,EVT02106,48.25,Moderate,Review When Possible,Open,['High CVSS vulnerability'],No IOC Match,Unknown,False
3319,EVT07089,48.25,Moderate,Review When Possible,Open,[],No IOC Match,Unknown,False
3320,EVT05758,48.24,Moderate,Review When Possible,Open,['Multiple failed login attempts'],No IOC Match,Unknown,False
3321,EVT07137,48.24,Moderate,Review When Possible,Open,['High CVSS vulnerability'],No IOC Match,Unknown,False
3322,EVT04004,48.23,Moderate,Review When Possible,Open,[],No IOC Match,Unknown,False
3323,EVT06223,48.23,Moderate,Review When Possible,Open,"['High CVSS vulnerability', 'Multiple failed login attempts']",No IOC Match,Unknown,False
3324,EVT03211,48.22,Moderate,Review When Possible,Open,[],No IOC Match,Unknown,False
3325,EVT07239,48.22,Moderate,Review When Possible,Open,['High CVSS vulnerability'],No IOC Match,Unknown,False
3326,EVT00669,48.21,Moderate,Review When Possible,Open,['Multiple failed login attempts'],No IOC Match,Unknown,False
3327,EVT09226,48.21,Moderate,Review When Possible,Open,['Multiple failed login attempts'],No IOC Match,Unknown,False
3328,EVT02475,48.2,Moderate,Review When Possible,Open,['Multiple failed login attempts'],No IOC Match,Unknown,False
3329,EVT02802,48.2,Moderate,Review When Possible,Open,['Multiple failed login attempts'],No IOC Match,Unknown,False
3330,EVT03577,48.2,Moderate,Review When Possible,Open,[],No IOC Match,Unknown,False
3331,EVT07998,48.2,Moderate,Review When Possible,Open,['High CVSS vulnerability'],No IOC Match,Unknown,False
3332,EVT08108,48.2,Moderate,Review When Possible,Open,[],No IOC Match,Unknown,False
3333,EVT01238,48.19,Moderate,Review When Possible,Open,['High CVSS vulnerability'],No IOC Match,Unknown,False
3334,EVT07406,48.19,Moderate,Review When Possible,Open,['High CVSS vulnerability'],No IOC Match,Unknown,False
3335,EVT06261,48.18,Moderate,Review When Possible,Open,['Multiple failed login attempts'],No IOC Match,Unknown,False
3336,EVT00034,48.17,Moderate,Review When Possible,Open,[],No IOC Match,Unknown,False
3337,EVT00086,48.17,Moderate,Review When Possible,Open,['High CVSS vulnerability'],No IOC Match,Unknown,False
3338,EVT00285,48.17,Moderate,Review When Possible,Open,['Multiple failed login attempts'],No IOC Match,Unknown,False
3339,EVT02414,48.17,Moderate,Review When Possible,Open,[],No IOC Match,Unknown,False
3340,EVT03915,48.17,Moderate,Review When Possible,Open,['High CVSS vulnerability'],No IOC Match,Unknown,False
3341,EVT08968,48.17,Moderate,Review When Possible,Open,[],No IOC Match,Unknown,False
3342,EVT03940,48.16,Moderate,Review When Possible,Open,[],No IOC Match,Unknown,False
3343,EVT04694,48.16,Moderate,Review When Possible,Open,[],No IOC Match,Unknown,False
3344,EVT05685,48.16,Moderate,Review When Possible,Open,[],No IOC Match,Unknown,False
3345,EVT06907,48.16,Moderate,Review When Possible,Open,[],No IOC Match,Unknown,False
3346,EVT06422,48.15,Moderate,Review When Possible,Open,['High CVSS vulnerability'],No IOC Match,Unknown,False
3347,EVT01635,48.14,Moderate,Review When Possible,Open,['Multiple failed login attempts'],No IOC Match,Unknown,False
3348,EVT03066,48.14,Moderate,Review When Possible,Open,['High CVSS vulnerability'],No IOC Match,Unknown,False
3349,EVT09717,48.14,Moderate,Review When Possible,Open,[],No IOC Match,Unknown,False
3350,EVT02559,48.13,Moderate,Review When Possible,Open,[],No IOC Match,Unknown,False
3351,EVT04084,48.13,Moderate,Review When Possible,Open,['Multiple failed login attempts'],No IOC Match,Unknown,False
3352,EVT08238,48.13,Moderate,Review When Possible,Open,[],No IOC Match,Unknown,False
3353,EVT01716,48.12,Moderate,Review When Possible,Open,[],No IOC Match,Unknown,False
3354,EVT05818,48.12,Moderate,Review When Possible,Open,[],No IOC Match,Unknown,False
3355,EVT06104,48.12,Moderate,Review When Possible,Open,[],No IOC Match,Unknown,False
3356,EVT07618,48.12,Moderate,Review When Possible,Open,[],No IOC Match,Unknown,False
3357,EVT00650,48.11,Moderate,Review When Possible,Open,[],No IOC Match,Unknown,False
3358,EVT02797,48.11,Moderate,Review When Possible,Open,[],No IOC Match,Unknown,False
3359,EVT06552,48.11,Moderate,Review When Possible,Open,['Multiple failed login attempts'],No IOC Match,Unknown,False
3360,EVT02786,48.1,Moderate,Review When Possible,Open,[],No IOC Match,Unknown,False
3361,EVT07526,48.1,Moderate,Review When Possible,Open,['High CVSS vulnerability'],No IOC Match,Unknown,False
3362,EVT09371,48.1,Moderate,Review When Possible,Open,[],No IOC Match,Unknown,False
3363,EVT04784,48.09,Moderate,Review When Possible,Open,['High CVSS vulnerability'],No IOC Match,Unknown,False
3364,EVT05141,48.09,Moderate,Review When Possible,Open,[],No IOC Match,Unknown,False
3365,EVT05390,48.09,Moderate,Review When Possible,Open,[],No IOC Match,Unknown,False
3366,EVT01832,48.08,Moderate,Review When Possible,Open,"['High CVSS vulnerability', 'Multiple failed login attempts']",No IOC Match,Unknown,False
3367,EVT02831,48.08,Moderate,Review When Possible,Open,"['High CVSS vulnerability', 'Multiple failed login attempts']",No IOC Match,Low,True
3368,EVT03586,48.08,Moderate,Review When Possible,Open,['High CVSS vulnerability'],No IOC Match,Unknown,False
3369,EVT07500,48.08,Moderate,Review When Possible,Open,['High CVSS vulnerability'],No IOC Match,Unknown,False
3370,EVT07983,48.08,Moderate,Review When Possible,Open,[],No IOC Match,Unknown,False
3371,EVT03574,48.07,Moderate,Review When Possible,Open,[],No IOC Match,Unknown,False
3372,EVT03275,48.05,Moderate,Review When Possible,Open,['High CVSS vulnerability'],No IOC Match,Unknown,False
3373,EVT03465,48.05,Moderate,Review When Possible,Open,['High CVSS vulnerability'],No IOC Match,Unknown,False
3374,EVT04073,48.05,Moderate,Review When Possible,Open,[],No IOC Match,Unknown,False
3375,EVT07381,48.05,Moderate,Review When Possible,Open,[],No IOC Match,Unknown,False
3376,EVT09954,48.05,Moderate,Review When Possible,Open,[],No IOC Match,Unknown,False
3377,EVT02507,48.04,Moderate,Review When Possible,Open,[],No IOC Match,Unknown,False
3378,EVT03264,48.04,Moderate,Review When Possible,Open,['Multiple failed login attempts'],No IOC Match,Unknown,False
3379,EVT04376,48.04,Moderate,Review When Possible,Open,['Multiple failed login attempts'],No IOC Match,Unknown,False
3380,EVT03344,48.02,Moderate,Review When Possible,Open,['High CVSS vulnerability'],No IOC Match,Unknown,False
3381,EVT05386,48.02,Moderate,Review When Possible,Open,['Multiple failed login attempts'],No IOC Match,Unknown,False
3382,EVT08782,48.02,Moderate,Review When Possible,Open,['Multiple failed login attempts'],No IOC Match,Unknown,False
3383,EVT05095,48.01,Moderate,Review When Possible,Open,['Multiple failed login attempts'],No IOC Match,Unknown,False
3384,EVT09551,48.01,Moderate,Review When Possible,Open,[],No IOC Match,Unknown,False
3385,EVT07973,48.0,Moderate,Review When Possible,Open,['Multiple failed login attempts'],No IOC Match,Unknown,False
3386,EVT09848,48.0,Moderate,Review When Possible,Open,[],No IOC Match,Unknown,False
3387,EVT06576,47.99,Moderate,Review When Possible,Open,[],No IOC Match,Unknown,False
3388,EVT08635,47.99,Moderate,Review When Possible,Open,['High CVSS vulnerability'],No IOC Match,Unknown,False
3389,EVT09253,47.99,Moderate,Review When Possible,Open,[],No IOC Match,Unknown,False
3390,EVT00431,47.98,Moderate,Review When Possible,Open,[],No IOC Match,Unknown,False
3391,EVT00530,47.98,Moderate,Review When Possible,Open,['High CVSS vulnerability'],No IOC Match,Unknown,False
3392,EVT02578,47.97,Moderate,Review When Possible,Open,[],No IOC Match,Unknown,False
3393,EVT03945,47.97,Moderate,Review When Possible,Open,['High CVSS vulnerability'],No IOC Match,Unknown,False
3394,EVT04257,47.97,Moderate,Review When Possible,Open,[],No IOC Match,Unknown,False
3395,EVT05838,47.97,Moderate,Review When Possible,Open,[],No IOC Match,Unknown,False
3396,EVT01574,47.96,Moderate,Review When Possible,Open,[],No IOC Match,Unknown,False
3397,EVT06560,47.96,Moderate,Review When Possible,Open,['High CVSS vulnerability'],No IOC Match,Unknown,False
3398,EVT00814,47.95,Moderate,Review When Possible,Open,['Multiple failed login attempts'],No IOC Match,Unknown,False
3399,EVT05699,47.95,Moderate,Review When Possible,Open,[],No IOC Match,Unknown,False
3400,EVT07870,47.94,Moderate,Review When Possible,Open,[],No IOC Match,Unknown,False
3401,EVT01006,47.93,Moderate,Review When Possible,Open,['Multiple failed login attempts'],No IOC Match,Unknown,False
3402,EVT03293,47.93,Moderate,Review When Possible,Open,['High CVSS vulnerability'],No IOC Match,Unknown,False
3403,EVT04255,47.92,Moderate,Review When Possible,Open,['High CVSS vulnerability'],No IOC Match,Unknown,False
3404,EVT06852,47.92,Moderate,Review When Possible,Open,[],No IOC Match,Unknown,False
3405,EVT07383,47.92,Moderate,Review When Possible,Open,['High CVSS vulnerability'],No IOC Match,Medium,True
3406,EVT08966,47.92,Moderate,Review When Possible,Open,['High CVSS vulnerability'],No IOC Match,Unknown,False
3407,EVT04445,47.91,Moderate,Review When Possible,Open,[],No IOC Match,Unknown,False
3408,EVT06393,47.91,Moderate,Review When Possible,Open,[],No IOC Match,Medium,True
3409,EVT02398,47.9,Moderate,Review When Possible,Open,['High CVSS vulnerability'],No IOC Match,Unknown,False
3410,EVT03068,47.9,Moderate,Review When Possible,Open,[],No IOC Match,Unknown,False
3411,EVT04718,47.9,Moderate,Review When Possible,Open,['Multiple failed login attempts'],No IOC Match,Unknown,False
3412,EVT00137,47.89,Moderate,Review When Possible,Open,[],No IOC Match,Unknown,False
3413,EVT00818,47.89,Moderate,Review When Possible,Open,[],No IOC Match,Unknown,False
3414,EVT02627,47.89,Moderate,Review When Possible,Open,[],No IOC Match,Unknown,False
3415,EVT03645,47.89,Moderate,Review When Possible,Open,['Multiple failed login attempts'],No IOC Match,Unknown,False
3416,EVT05442,47.89,Moderate,Review When Possible,Open,['High CVSS vulnerability'],No IOC Match,Unknown,False
3417,EVT09115,47.89,Moderate,Review When Possible,Open,[],No IOC Match,Unknown,False
3418,EVT00559,47.88,Moderate,Review When Possible,Open,['Multiple failed login attempts'],No IOC Match,Unknown,False
3419,EVT01777,47.88,Moderate,Review When Possible,Open,[],No IOC Match,Unknown,False
3420,EVT03175,47.88,Moderate,Review When Possible,Open,['High CVSS vulnerability'],No IOC Match,Unknown,False
3421,EVT05219,47.88,Moderate,Review When Possible,Open,[],No IOC Match,Unknown,False
3422,EVT09934,47.88,Moderate,Review When Possible,Open,[],No IOC Match,Unknown,False
3423,EVT09763,47.87,Moderate,Review When Possible,Open,[],No IOC Match,Unknown,False
3424,EVT02536,47.86,Moderate,Review When Possible,Open,['High CVSS vulnerability'],No IOC Match,Unknown,False
3425,EVT01039,47.85,Moderate,Review When Possible,Open,[],No IOC Match,Unknown,False
3426,EVT01846,47.85,Moderate,Review When Possible,Open,[],No IOC Match,Unknown,False
3427,EVT03575,47.85,Moderate,Review When Possible,Open,[],No IOC Match,Unknown,False
3428,EVT08430,47.85,Moderate,Review When Possible,Open,['High CVSS vulnerability'],No IOC Match,Low,True
3429,EVT09922,47.85,Moderate,Review When Possible,Open,[],No IOC Match,Unknown,False
3430,EVT00205,47.84,Moderate,Review When Possible,Open,['High CVSS vulnerability'],No IOC Match,Unknown,False
3431,EVT01171,47.84,Moderate,Review When Possible,Open,[],No IOC Match,High,True
3432,EVT04077,47.84,Moderate,Review When Possible,Open,['High CVSS vulnerability'],No IOC Match,Unknown,False
3433,EVT06387,47.84,Moderate,Review When Possible,Open,"['High CVSS vulnerability', 'Multiple failed login attempts']",No IOC Match,Unknown,False
3434,EVT02759,47.83,Moderate,Review When Possible,Open,[],No IOC Match,Unknown,False
3435,EVT03188,47.83,Moderate,Review When Possible,Open,[],No IOC Match,High,True
3436,EVT03206,47.82,Moderate,Review When Possible,Open,['High CVSS vulnerability'],No IOC Match,Unknown,False
3437,EVT03964,47.82,Moderate,Review When Possible,Open,['Multiple failed login attempts'],No IOC Match,Unknown,False
3438,EVT00870,47.81,Moderate,Review When Possible,Open,[],No IOC Match,Unknown,False
3439,EVT01553,47.81,Moderate,Review When Possible,Open,[],No IOC Match,Unknown,False
3440,EVT02074,47.81,Moderate,Review When Possible,Open,['High CVSS vulnerability'],No IOC Match,Unknown,False
3441,EVT00199,47.8,Moderate,Review When Possible,Open,[],No IOC Match,Unknown,False
3442,EVT05747,47.8,Moderate,Review When Possible,Open,['High CVSS vulnerability'],No IOC Match,Unknown,False
3443,EVT02622,47.79,Moderate,Review When Possible,Open,['Multiple failed login attempts'],No IOC Match,Unknown,False
3444,EVT03420,47.79,Moderate,Review When Possible,Open,[],No IOC Match,Unknown,False
3445,EVT05104,47.79,Moderate,Review When Possible,Open,['High CVSS vulnerability'],No IOC Match,Unknown,False
3446,EVT05526,47.79,Moderate,Review When Possible,Open,['Multiple failed login attempts'],No IOC Match,Unknown,False
3447,EVT06022,47.79,Moderate,Review When Possible,Open,['Multiple failed login attempts'],No IOC Match,Unknown,False
3448,EVT09070,47.79,Moderate,Review When Possible,Open,['Multiple failed login attempts'],No IOC Match,Unknown,False
3449,EVT01166,47.78,Moderate,Review When Possible,Open,['High CVSS vulnerability'],No IOC Match,Unknown,False
3450,EVT01311,47.78,Moderate,Review When Possible,Open,[],No IOC Match,Unknown,False
3451,EVT07046,47.78,Moderate,Review When Possible,Open,[],No IOC Match,Unknown,False
3452,EVT08784,47.78,Moderate,Review When Possible,Open,[],No IOC Match,Unknown,False
3453,EVT01709,47.77,Moderate,Review When Possible,Open,[],No IOC Match,Unknown,False
3454,EVT03559,47.77,Moderate,Review When Possible,Open,['High CVSS vulnerability'],No IOC Match,Unknown,False
3455,EVT09350,47.77,Moderate,Review When Possible,Open,[],No IOC Match,Unknown,False
3456,EVT09507,47.77,Moderate,Review When Possible,Open,[],No IOC Match,Unknown,False
3457,EVT01301,47.75,Moderate,Review When Possible,Open,[],No IOC Match,Unknown,False
3458,EVT02824,47.75,Moderate,Review When Possible,Open,[],No IOC Match,Unknown,False
3459,EVT00773,47.74,Moderate,Review When Possible,Open,['High CVSS vulnerability'],No IOC Match,Unknown,False
3460,EVT05418,47.74,Moderate,Review When Possible,Open,[],No IOC Match,Unknown,False
3461,EVT09165,47.73,Moderate,Review When Possible,Open,['Multiple failed login attempts'],No IOC Match,Unknown,False
3462,EVT03180,47.72,Moderate,Review When Possible,Open,['High CVSS vulnerability'],No IOC Match,Unknown,False
3463,EVT04141,47.72,Moderate,Review When Possible,Open,['High CVSS vulnerability'],No IOC Match,Unknown,False
3464,EVT08529,47.72,Moderate,Review When Possible,Open,['High CVSS vulnerability'],No IOC Match,Unknown,False
3465,EVT06258,47.71,Moderate,Review When Possible,Open,['Multiple failed login attempts'],No IOC Match,Unknown,False
3466,EVT09997,47.71,Moderate,Review When Possible,Open,['High CVSS vulnerability'],No IOC Match,Unknown,False
3467,EVT08331,47.7,Moderate,Review When Possible,Open,['High CVSS vulnerability'],No IOC Match,Unknown,False
3468,EVT02084,47.69,Moderate,Review When Possible,Open,['High CVSS vulnerability'],No IOC Match,Unknown,False
3469,EVT03102,47.69,Moderate,Review When Possible,Open,[],No IOC Match,Unknown,False
3470,EVT09337,47.69,Moderate,Review When Possible,Open,[],No IOC Match,Unknown,False
3471,EVT01899,47.68,Moderate,Review When Possible,Open,['Multiple failed login attempts'],No IOC Match,Unknown,False
3472,EVT03223,47.68,Moderate,Review When Possible,Open,['High CVSS vulnerability'],No IOC Match,Unknown,False
3473,EVT06892,47.68,Moderate,Review When Possible,Open,[],No IOC Match,Unknown,False
3474,EVT00042,47.67,Moderate,Review When Possible,Open,[],No IOC Match,Unknown,False
3475,EVT07126,47.67,Moderate,Review When Possible,Open,[],No IOC Match,Unknown,False
3476,EVT07520,47.67,Moderate,Review When Possible,Open,[],No IOC Match,Unknown,False
3477,EVT08050,47.67,Moderate,Review When Possible,Open,[],No IOC Match,Unknown,False
3478,EVT00079,47.66,Moderate,Review When Possible,Open,[],No IOC Match,Unknown,False
3479,EVT00147,47.66,Moderate,Review When Possible,Open,[],No IOC Match,Unknown,False
3480,EVT04046,47.66,Moderate,Review When Possible,Open,[],No IOC Match,Unknown,False
3481,EVT05065,47.65,Moderate,Review When Possible,Open,['High CVSS vulnerability'],No IOC Match,Unknown,False
3482,EVT05976,47.65,Moderate,Review When Possible,Open,[],No IOC Match,Unknown,False
3483,EVT07405,47.65,Moderate,Review When Possible,Open,[],No IOC Match,Unknown,False
3484,EVT09242,47.64,Moderate,Review When Possible,Open,[],No IOC Match,Unknown,False
3485,EVT01112,47.63,Moderate,Review When Possible,Open,[],No IOC Match,Unknown,False
3486,EVT02663,47.63,Moderate,Review When Possible,Open,['High CVSS vulnerability'],No IOC Match,Unknown,False
3487,EVT03000,47.63,Moderate,Review When Possible,Open,['High CVSS vulnerability'],No IOC Match,Unknown,False
3488,EVT04964,47.63,Moderate,Review When Possible,Open,[],No IOC Match,Unknown,False
3489,EVT07190,47.63,Moderate,Review When Possible,Open,[],No IOC Match,Unknown,False
3490,EVT07372,47.63,Moderate,Review When Possible,Open,['Multiple failed login attempts'],No IOC Match,Unknown,False
3491,EVT08148,47.63,Moderate,Review When Possible,Open,['High CVSS vulnerability'],No IOC Match,Unknown,False
3492,EVT08741,47.63,Moderate,Review When Possible,Open,['High CVSS vulnerability'],No IOC Match,Unknown,False
3493,EVT07766,47.62,Moderate,Review When Possible,Open,[],No IOC Match,Unknown,False
3494,EVT01499,47.61,Moderate,Review When Possible,Open,[],No IOC Match,Unknown,False
3495,EVT01894,47.61,Moderate,Review When Possible,Open,['High CVSS vulnerability'],No IOC Match,Unknown,False
3496,EVT04546,47.61,Moderate,Review When Possible,Open,[],No IOC Match,Unknown,False
3497,EVT08283,47.61,Moderate,Review When Possible,Open,[],No IOC Match,Unknown,False
3498,EVT08594,47.61,Moderate,Review When Possible,Open,['High CVSS vulnerability'],No IOC Match,Unknown,False
3499,EVT05576,47.6,Moderate,Review When Possible,Open,['High CVSS vulnerability'],No IOC Match,Unknown,False
3500,EVT00257,47.59,Moderate,Review When Possible,Open,[],No IOC Match,Unknown,False
3501,EVT00828,47.59,Moderate,Review When Possible,Open,['High CVSS vulnerability'],No IOC Match,Unknown,False
3502,EVT03968,47.59,Moderate,Review When Possible,Open,['Multiple failed login attempts'],No IOC Match,Unknown,False
3503,EVT05225,47.59,Moderate,Review When Possible,Open,[],No IOC Match,Low,True
3504,EVT06386,47.59,Moderate,Review When Possible,Open,['High CVSS vulnerability'],No IOC Match,Unknown,False
3505,EVT06405,47.59,Moderate,Review When Possible,Open,['High CVSS vulnerability'],No IOC Match,Unknown,False
3506,EVT06893,47.59,Moderate,Review When Possible,Open,['Multiple failed login attempts'],No IOC Match,Unknown,False
3507,EVT07097,47.59,Moderate,Review When Possible,Open,['High CVSS vulnerability'],No IOC Match,Unknown,False
3508,EVT07354,47.59,Moderate,Review When Possible,Open,[],No IOC Match,Low,True
3509,EVT08532,47.58,Moderate,Review When Possible,Open,[],No IOC Match,Unknown,False
3510,EVT06693,47.57,Moderate,Review When Possible,Open,['High CVSS vulnerability'],No IOC Match,Unknown,False
3511,EVT09422,47.57,Moderate,Review When Possible,Open,[],No IOC Match,Unknown,False
3512,EVT03778,47.56,Moderate,Review When Possible,Open,[],No IOC Match,Unknown,False
3513,EVT00450,47.55,Moderate,Review When Possible,Open,['High CVSS vulnerability'],No IOC Match,Unknown,False
3514,EVT00468,47.55,Moderate,Review When Possible,Open,[],No IOC Match,Unknown,False
3515,EVT04726,47.55,Moderate,Review When Possible,Open,[],No IOC Match,Unknown,False
3516,EVT05145,47.55,Moderate,Review When Possible,Open,['High CVSS vulnerability'],No IOC Match,Unknown,False
3517,EVT09202,47.55,Moderate,Review When Possible,Open,[],No IOC Match,Unknown,False
3518,EVT00776,47.54,Moderate,Review When Possible,Open,[],No IOC Match,Unknown,False
3519,EVT00162,47.53,Moderate,Review When Possible,Open,[],No IOC Match,Medium,True
3520,EVT03385,47.53,Moderate,Review When Possible,Open,['Multiple failed login attempts'],No IOC Match,Unknown,False
3521,EVT04129,47.53,Moderate,Review When Possible,Open,[],No IOC Match,Unknown,False
3522,EVT04685,47.52,Moderate,Review When Possible,Open,['Multiple failed login attempts'],No IOC Match,Unknown,False
3523,EVT06013,47.52,Moderate,Review When Possible,Open,[],No IOC Match,Unknown,False
3524,EVT06228,47.52,Moderate,Review When Possible,Open,[],No IOC Match,Medium,True
3525,EVT08622,47.52,Moderate,Review When Possible,Open,['High CVSS vulnerability'],No IOC Match,Unknown,False
3526,EVT00452,47.51,Moderate,Review When Possible,Open,['Multiple failed login attempts'],No IOC Match,Unknown,False
3527,EVT01267,47.51,Moderate,Review When Possible,Open,['High CVSS vulnerability'],No IOC Match,Unknown,False
3528,EVT03339,47.51,Moderate,Review When Possible,Open,['Multiple failed login attempts'],No IOC Match,Unknown,False
3529,EVT03623,47.51,Moderate,Review When Possible,Open,['High CVSS vulnerability'],No IOC Match,Medium,True
3530,EVT00273,47.5,Moderate,Review When Possible,Open,['Multiple failed login attempts'],No IOC Match,Unknown,False
3531,EVT04480,47.48,Moderate,Review When Possible,Open,['High CVSS vulnerability'],No IOC Match,Unknown,False
3532,EVT05114,47.48,Moderate,Review When Possible,Open,"['High CVSS vulnerability', 'Multiple failed login attempts']",No IOC Match,Unknown,False
3533,EVT07896,47.48,Moderate,Review When Possible,Open,['High CVSS vulnerability'],No IOC Match,Low,True
3534,EVT01207,47.47,Moderate,Review When Possible,Open,['High CVSS vulnerability'],No IOC Match,Unknown,False
3535,EVT05445,47.47,Moderate,Review When Possible,Open,[],No IOC Match,Low,True
3536,EVT06660,47.46,Moderate,Review When Possible,Open,[],No IOC Match,High,True
3537,EVT00531,47.45,Moderate,Review When Possible,Open,[],No IOC Match,Unknown,False
3538,EVT02516,47.45,Moderate,Review When Possible,Open,[],No IOC Match,Unknown,False
3539,EVT06063,47.45,Moderate,Review When Possible,Open,[],No IOC Match,Unknown,False
3540,EVT09559,47.45,Moderate,Review When Possible,Open,[],No IOC Match,Unknown,False
3541,EVT07633,47.44,Moderate,Review When Possible,Open,[],No IOC Match,Unknown,False
3542,EVT00439,47.43,Moderate,Review When Possible,Open,['High CVSS vulnerability'],No IOC Match,Unknown,False
3543,EVT09895,47.43,Moderate,Review When Possible,Open,[],No IOC Match,Unknown,False
3544,EVT05008,47.42,Moderate,Review When Possible,Open,['Multiple failed login attempts'],No IOC Match,Unknown,False
3545,EVT06129,47.42,Moderate,Review When Possible,Open,['Multiple failed login attempts'],No IOC Match,Unknown,False
3546,EVT06498,47.42,Moderate,Review When Possible,Open,['High CVSS vulnerability'],No IOC Match,Unknown,False
3547,EVT04631,47.41,Moderate,Review When Possible,Open,[],No IOC Match,Unknown,False
3548,EVT04720,47.41,Moderate,Review When Possible,Open,['High CVSS vulnerability'],No IOC Match,Unknown,False
3549,EVT04889,47.41,Moderate,Review When Possible,Open,[],No IOC Match,Unknown,False
3550,EVT06400,47.41,Moderate,Review When Possible,Open,[],No IOC Match,Unknown,False
3551,EVT07150,47.41,Moderate,Review When Possible,Open,[],No IOC Match,Unknown,False
3552,EVT02359,47.4,Moderate,Review When Possible,Open,['High CVSS vulnerability'],No IOC Match,Unknown,False
3553,EVT04805,47.4,Moderate,Review When Possible,Open,[],No IOC Match,Unknown,False
3554,EVT09186,47.4,Moderate,Review When Possible,Open,['High CVSS vulnerability'],No IOC Match,Unknown,False
3555,EVT09970,47.4,Moderate,Review When Possible,Open,['High CVSS vulnerability'],No IOC Match,Unknown,False
3556,EVT00067,47.39,Moderate,Review When Possible,Open,[],No IOC Match,Unknown,False
3557,EVT01823,47.39,Moderate,Review When Possible,Open,['Multiple failed login attempts'],No IOC Match,Unknown,False
3558,EVT01824,47.39,Moderate,Review When Possible,Open,[],No IOC Match,Unknown,False
3559,EVT07243,47.39,Moderate,Review When Possible,Open,['Multiple failed login attempts'],No IOC Match,Unknown,False
3560,EVT09049,47.39,Moderate,Review When Possible,Open,['High CVSS vulnerability'],No IOC Match,Unknown,False
3561,EVT09622,47.39,Moderate,Review When Possible,Open,[],No IOC Match,Unknown,False
3562,EVT05465,47.38,Moderate,Review When Possible,Open,[],No IOC Match,Unknown,False
3563,EVT00389,47.37,Moderate,Review When Possible,Open,[],No IOC Match,Unknown,False
3564,EVT01609,47.37,Moderate,Review When Possible,Open,['Multiple failed login attempts'],No IOC Match,Unknown,False
3565,EVT06799,47.37,Moderate,Review When Possible,Open,['Multiple failed login attempts'],No IOC Match,Unknown,False
3566,EVT06954,47.37,Moderate,Review When Possible,Open,['High CVSS vulnerability'],No IOC Match,Unknown,False
3567,EVT01913,47.36,Moderate,Review When Possible,Open,['High CVSS vulnerability'],No IOC Match,Unknown,False
3568,EVT07210,47.36,Moderate,Review When Possible,Open,[],No IOC Match,Unknown,False
3569,EVT02134,47.35,Moderate,Review When Possible,Open,[],No IOC Match,Unknown,False
3570,EVT04075,47.35,Moderate,Review When Possible,Open,['High CVSS vulnerability'],No IOC Match,Unknown,False
3571,EVT05926,47.35,Moderate,Review When Possible,Open,[],No IOC Match,Unknown,False
3572,EVT01132,47.34,Moderate,Review When Possible,Open,['Multiple failed login attempts'],No IOC Match,Unknown,False
3573,EVT04072,47.34,Moderate,Review When Possible,Open,['High CVSS vulnerability'],No IOC Match,Unknown,False
3574,EVT07324,47.34,Moderate,Review When Possible,Open,['Multiple failed login attempts'],No IOC Match,Unknown,False
3575,EVT01089,47.33,Moderate,Review When Possible,Open,"['High CVSS vulnerability', 'Multiple failed login attempts']",No IOC Match,Unknown,False
3576,EVT05090,47.33,Moderate,Review When Possible,Open,[],No IOC Match,Unknown,False
3577,EVT01084,47.32,Moderate,Review When Possible,Open,[],No IOC Match,Unknown,False
3578,EVT03299,47.32,Moderate,Review When Possible,Open,['Multiple failed login attempts'],No IOC Match,Unknown,False
3579,EVT04307,47.32,Moderate,Review When Possible,Open,[],No IOC Match,Unknown,False
3580,EVT04361,47.32,Moderate,Review When Possible,Open,['Multiple failed login attempts'],No IOC Match,Unknown,False
3581,EVT05287,47.32,Moderate,Review When Possible,Open,['Multiple failed login attempts'],No IOC Match,Unknown,False
3582,EVT07104,47.32,Moderate,Review When Possible,Open,[],No IOC Match,Unknown,False
3583,EVT02399,47.31,Moderate,Review When Possible,Open,['High CVSS vulnerability'],No IOC Match,Unknown,False
3584,EVT05073,47.31,Moderate,Review When Possible,Open,['Multiple failed login attempts'],No IOC Match,Unknown,False
3585,EVT07735,47.31,Moderate,Review When Possible,Open,[],No IOC Match,Medium,True
3586,EVT01657,47.3,Moderate,Review When Possible,Open,['High CVSS vulnerability'],No IOC Match,Unknown,False
3587,EVT03665,47.3,Moderate,Review When Possible,Open,['Multiple failed login attempts'],No IOC Match,Unknown,False
3588,EVT07110,47.3,Moderate,Review When Possible,Open,[],No IOC Match,Unknown,False
3589,EVT08621,47.3,Moderate,Review When Possible,Open,['High CVSS vulnerability'],No IOC Match,Unknown,False
3590,EVT07965,47.29,Moderate,Review When Possible,Open,[],No IOC Match,Unknown,False
3591,EVT09249,47.29,Moderate,Review When Possible,Open,[],No IOC Match,Unknown,False
3592,EVT02292,47.28,Moderate,Review When Possible,Open,['High CVSS vulnerability'],No IOC Match,Unknown,False
3593,EVT02469,47.27,Moderate,Review When Possible,Open,[],No IOC Match,Unknown,False
3594,EVT04809,47.27,Moderate,Review When Possible,Open,[],No IOC Match,Unknown,False
3595,EVT06713,47.27,Moderate,Review When Possible,Open,['Multiple failed login attempts'],No IOC Match,Unknown,False
3596,EVT03152,47.26,Moderate,Review When Possible,Open,['High CVSS vulnerability'],No IOC Match,Unknown,False
3597,EVT05173,47.26,Moderate,Review When Possible,Open,[],No IOC Match,Unknown,False
3598,EVT05407,47.26,Moderate,Review When Possible,Open,[],No IOC Match,Unknown,False
3599,EVT02001,47.25,Moderate,Review When Possible,Open,[],No IOC Match,Unknown,False
3600,EVT09366,47.25,Moderate,Review When Possible,Open,[],No IOC Match,Unknown,False
3601,EVT03052,47.24,Moderate,Review When Possible,Open,['High CVSS vulnerability'],No IOC Match,Unknown,False
3602,EVT03467,47.24,Moderate,Review When Possible,Open,[],No IOC Match,Unknown,False
3603,EVT05879,47.24,Moderate,Review When Possible,Open,[],No IOC Match,Unknown,False
3604,EVT06069,47.24,Moderate,Review When Possible,Open,[],No IOC Match,Medium,True
3605,EVT00232,47.23,Moderate,Review When Possible,Open,[],No IOC Match,Unknown,False
3606,EVT02702,47.23,Moderate,Review When Possible,Open,[],No IOC Match,Unknown,False
3607,EVT04166,47.23,Moderate,Review When Possible,Open,['High CVSS vulnerability'],No IOC Match,Unknown,False
3608,EVT06689,47.23,Moderate,Review When Possible,Open,['High CVSS vulnerability'],No IOC Match,Unknown,False
3609,EVT07488,47.23,Moderate,Review When Possible,Open,['High CVSS vulnerability'],No IOC Match,Unknown,False
3610,EVT02096,47.22,Moderate,Review When Possible,Open,['High CVSS vulnerability'],No IOC Match,Unknown,False
3611,EVT05515,47.22,Moderate,Review When Possible,Open,[],No IOC Match,Unknown,False
3612,EVT00085,47.2,Moderate,Review When Possible,Open,['High CVSS vulnerability'],No IOC Match,Unknown,False
3613,EVT03330,47.2,Moderate,Review When Possible,Open,[],No IOC Match,High,True
3614,EVT08338,47.2,Moderate,Review When Possible,Open,['Multiple failed login attempts'],No IOC Match,Unknown,False
3615,EVT05909,47.19,Moderate,Review When Possible,Open,[],No IOC Match,Unknown,False
3616,EVT06434,47.19,Moderate,Review When Possible,Open,['Multiple failed login attempts'],No IOC Match,Unknown,False
3617,EVT08196,47.19,Moderate,Review When Possible,Open,[],No IOC Match,Unknown,False
3618,EVT00172,47.18,Moderate,Review When Possible,Open,[],No IOC Match,Unknown,False
3619,EVT01612,47.18,Moderate,Review When Possible,Open,[],No IOC Match,Unknown,False
3620,EVT07753,47.18,Moderate,Review When Possible,Open,['High CVSS vulnerability'],No IOC Match,Unknown,False
3621,EVT01343,47.17,Moderate,Review When Possible,Open,['High CVSS vulnerability'],No IOC Match,Unknown,False
3622,EVT04088,47.16,Moderate,Review When Possible,Open,['Multiple failed login attempts'],No IOC Match,Unknown,False
3623,EVT07801,47.16,Moderate,Review When Possible,Open,['High CVSS vulnerability'],No IOC Match,Unknown,False
3624,EVT00270,47.15,Moderate,Review When Possible,Open,['High CVSS vulnerability'],No IOC Match,Unknown,False
3625,EVT02287,47.15,Moderate,Review When Possible,Open,['High CVSS vulnerability'],No IOC Match,Unknown,False
3626,EVT03067,47.15,Moderate,Review When Possible,Open,['High CVSS vulnerability'],No IOC Match,Unknown,False
3627,EVT04975,47.15,Moderate,Review When Possible,Open,['High CVSS vulnerability'],No IOC Match,Unknown,False
3628,EVT05333,47.15,Moderate,Review When Possible,Open,[],No IOC Match,Unknown,False
3629,EVT06136,47.15,Moderate,Review When Possible,Open,['High CVSS vulnerability'],No IOC Match,Unknown,False
3630,EVT05357,47.14,Moderate,Review When Possible,Open,['Multiple failed login attempts'],No IOC Match,Unknown,False
3631,EVT01651,47.13,Moderate,Review When Possible,Open,[],No IOC Match,Unknown,False
3632,EVT06032,47.13,Moderate,Review When Possible,Open,[],No IOC Match,High,True
3633,EVT06608,47.13,Moderate,Review When Possible,Open,[],No IOC Match,Unknown,False
3634,EVT08900,47.13,Moderate,Review When Possible,Open,['High CVSS vulnerability'],No IOC Match,Unknown,False
3635,EVT00500,47.12,Moderate,Review When Possible,Open,['High CVSS vulnerability'],No IOC Match,Unknown,False
3636,EVT05978,47.12,Moderate,Review When Possible,Open,[],No IOC Match,Unknown,False
3637,EVT09591,47.11,Moderate,Review When Possible,Open,['High CVSS vulnerability'],No IOC Match,Unknown,False
3638,EVT05716,47.1,Moderate,Review When Possible,Open,[],No IOC Match,Unknown,False
3639,EVT07472,47.1,Moderate,Review When Possible,Open,['High CVSS vulnerability'],No IOC Match,Unknown,False
3640,EVT00596,47.08,Moderate,Review When Possible,Open,[],No IOC Match,Unknown,False
3641,EVT03596,47.08,Moderate,Review When Possible,Open,['Multiple failed login attempts'],No IOC Match,Unknown,False
3642,EVT09021,47.08,Moderate,Review When Possible,Open,[],No IOC Match,Unknown,False
3643,EVT09174,47.08,Moderate,Review When Possible,Open,['Multiple failed login attempts'],No IOC Match,Unknown,False
3644,EVT09856,47.07,Moderate,Review When Possible,Open,['Multiple failed login attempts'],No IOC Match,Unknown,False
3645,EVT04811,47.06,Moderate,Review When Possible,Open,[],No IOC Match,Unknown,False
3646,EVT06042,47.06,Moderate,Review When Possible,Open,[],No IOC Match,Unknown,False
3647,EVT03005,47.05,Moderate,Review When Possible,Open,[],No IOC Match,Unknown,False
3648,EVT07737,47.05,Moderate,Review When Possible,Open,[],No IOC Match,Unknown,False
3649,EVT00380,47.04,Moderate,Review When Possible,Open,['High CVSS vulnerability'],No IOC Match,Unknown,False
3650,EVT09585,47.04,Moderate,Review When Possible,Open,[],No IOC Match,Unknown,False
3651,EVT09893,47.04,Moderate,Review When Possible,Open,[],No IOC Match,Unknown,False
3652,EVT07764,47.03,Moderate,Review When Possible,Open,['High CVSS vulnerability'],No IOC Match,Unknown,False
3653,EVT08072,47.02,Moderate,Review When Possible,Open,['Multiple failed login attempts'],No IOC Match,Unknown,False
3654,EVT09418,47.02,Moderate,Review When Possible,Open,['High CVSS vulnerability'],No IOC Match,Unknown,False
3655,EVT01327,47.01,Moderate,Review When Possible,Open,['High CVSS vulnerability'],No IOC Match,Unknown,False
3656,EVT02867,47.01,Moderate,Review When Possible,Open,['Multiple failed login attempts'],No IOC Match,Unknown,False
3657,EVT07595,47.01,Moderate,Review When Possible,Open,[],No IOC Match,Unknown,False
3658,EVT00787,47.0,Moderate,Review When Possible,Open,[],No IOC Match,Unknown,False
3659,EVT03333,47.0,Moderate,Review When Possible,Open,['Multiple failed login attempts'],No IOC Match,Unknown,False
3660,EVT05597,47.0,Moderate,Review When Possible,Open,[],No IOC Match,Unknown,False
3661,EVT09228,47.0,Moderate,Review When Possible,Open,['Multiple failed login attempts'],No IOC Match,Unknown,False
3662,EVT00503,46.99,Moderate,Review When Possible,Open,[],No IOC Match,Unknown,False
3663,EVT01740,46.99,Moderate,Review When Possible,Open,['High CVSS vulnerability'],No IOC Match,Unknown,False
3664,EVT04116,46.99,Moderate,Review When Possible,Open,['High CVSS vulnerability'],No IOC Match,Unknown,False
3665,EVT06431,46.99,Moderate,Review When Possible,Open,[],No IOC Match,Unknown,False
3666,EVT09212,46.99,Moderate,Review When Possible,Open,['Multiple failed login attempts'],No IOC Match,Unknown,False
3667,EVT03607,46.98,Moderate,Review When Possible,Open,[],No IOC Match,Unknown,False
3668,EVT04897,46.98,Moderate,Review When Possible,Open,['Multiple failed login attempts'],No IOC Match,Unknown,False
3669,EVT07875,46.98,Moderate,Review When Possible,Open,['Multiple failed login attempts'],No IOC Match,Unknown,False
3670,EVT08233,46.98,Moderate,Review When Possible,Open,['High CVSS vulnerability'],No IOC Match,Unknown,False
3671,EVT00248,46.97,Moderate,Review When Possible,Open,[],No IOC Match,Unknown,False
3672,EVT02290,46.97,Moderate,Review When Possible,Open,[],No IOC Match,Unknown,False
3673,EVT03151,46.97,Moderate,Review When Possible,Open,['Multiple failed login attempts'],No IOC Match,Unknown,False
3674,EVT08300,46.97,Moderate,Review When Possible,Open,[],No IOC Match,Unknown,False
3675,EVT08150,46.95,Moderate,Review When Possible,Open,[],No IOC Match,Unknown,False
3676,EVT03003,46.94,Moderate,Review When Possible,Open,['Multiple failed login attempts'],No IOC Match,Unknown,False
3677,EVT05410,46.94,Moderate,Review When Possible,Open,[],No IOC Match,Unknown,False
3678,EVT09356,46.94,Moderate,Review When Possible,Open,[],No IOC Match,Unknown,False
3679,EVT04296,46.93,Moderate,Review When Possible,Open,[],No IOC Match,Unknown,False
3680,EVT00709,46.92,Moderate,Review When Possible,Open,[],No IOC Match,Unknown,False
3681,EVT03971,46.92,Moderate,Review When Possible,Open,[],No IOC Match,Unknown,False
3682,EVT07924,46.91,Moderate,Review When Possible,Open,[],No IOC Match,Unknown,False
3683,EVT04103,46.9,Moderate,Review When Possible,Open,[],No IOC Match,Unknown,False
3684,EVT06919,46.9,Moderate,Review When Possible,Open,[],No IOC Match,Unknown,False
3685,EVT03225,46.89,Moderate,Review When Possible,Open,[],No IOC Match,Unknown,False
3686,EVT01661,46.88,Moderate,Review When Possible,Open,[],No IOC Match,Unknown,False
3687,EVT03974,46.88,Moderate,Review When Possible,Open,['Multiple failed login attempts'],No IOC Match,Unknown,False
3688,EVT00394,46.87,Moderate,Review When Possible,Open,[],No IOC Match,Unknown,False
3689,EVT05814,46.87,Moderate,Review When Possible,Open,[],No IOC Match,Unknown,False
3690,EVT00684,46.85,Moderate,Review When Possible,Open,['High CVSS vulnerability'],No IOC Match,Unknown,False
3691,EVT05778,46.85,Moderate,Review When Possible,Open,['High CVSS vulnerability'],No IOC Match,Unknown,False
3692,EVT00428,46.83,Moderate,Review When Possible,Open,['High CVSS vulnerability'],No IOC Match,Unknown,False
3693,EVT04288,46.83,Moderate,Review When Possible,Open,[],No IOC Match,Unknown,False
3694,EVT05217,46.82,Moderate,Review When Possible,Open,['Multiple failed login attempts'],No IOC Match,Unknown,False
3695,EVT00370,46.81,Moderate,Review When Possible,Open,['High CVSS vulnerability'],No IOC Match,Unknown,False
3696,EVT00023,46.8,Moderate,Review When Possible,Open,[],No IOC Match,Unknown,False
3697,EVT00692,46.8,Moderate,Review When Possible,Open,[],No IOC Match,Unknown,False
3698,EVT00717,46.8,Moderate,Review When Possible,Open,['Multiple failed login attempts'],No IOC Match,Unknown,False
3699,EVT02379,46.8,Moderate,Review When Possible,Open,['High CVSS vulnerability'],No IOC Match,Unknown,False
3700,EVT02678,46.8,Moderate,Review When Possible,Open,[],No IOC Match,Unknown,False
3701,EVT03922,46.8,Moderate,Review When Possible,Open,[],No IOC Match,Unknown,False
3702,EVT05043,46.8,Moderate,Review When Possible,Open,[],No IOC Match,Unknown,False
3703,EVT05279,46.78,Moderate,Review When Possible,Open,"['High CVSS vulnerability', 'Multiple failed login attempts']",No IOC Match,Unknown,False
3704,EVT06857,46.78,Moderate,Review When Possible,Open,['High CVSS vulnerability'],No IOC Match,Unknown,False
3705,EVT02311,46.77,Moderate,Review When Possible,Open,['High CVSS vulnerability'],No IOC Match,Unknown,False
3706,EVT04604,46.76,Moderate,Review When Possible,Open,['High CVSS vulnerability'],No IOC Match,Unknown,False
3707,EVT01212,46.75,Moderate,Review When Possible,Open,['High CVSS vulnerability'],No IOC Match,Unknown,False
3708,EVT01975,46.75,Moderate,Review When Possible,Open,['High CVSS vulnerability'],No IOC Match,Unknown,False
3709,EVT02456,46.75,Moderate,Review When Possible,Open,[],No IOC Match,Unknown,False
3710,EVT03286,46.75,Moderate,Review When Possible,Open,[],No IOC Match,Unknown,False
3711,EVT04512,46.75,Moderate,Review When Possible,Open,['High CVSS vulnerability'],No IOC Match,Unknown,False
3712,EVT09677,46.75,Moderate,Review When Possible,Open,[],No IOC Match,Unknown,False
3713,EVT05817,46.74,Moderate,Review When Possible,Open,['Multiple failed login attempts'],No IOC Match,Unknown,False
3714,EVT01501,46.73,Moderate,Review When Possible,Open,['Multiple failed login attempts'],No IOC Match,Unknown,False
3715,EVT05607,46.73,Moderate,Review When Possible,Open,['High CVSS vulnerability'],No IOC Match,Unknown,False
3716,EVT01072,46.72,Moderate,Review When Possible,Open,"['High CVSS vulnerability', 'Multiple failed login attempts']",No IOC Match,Unknown,False
3717,EVT06203,46.72,Moderate,Review When Possible,Open,['High CVSS vulnerability'],No IOC Match,Unknown,False
3718,EVT09129,46.72,Moderate,Review When Possible,Open,['High CVSS vulnerability'],No IOC Match,Unknown,False
3719,EVT09160,46.72,Moderate,Review When Possible,Open,[],No IOC Match,High,True
3720,EVT03768,46.71,Moderate,Review When Possible,Open,['High CVSS vulnerability'],No IOC Match,Unknown,False
3721,EVT04820,46.71,Moderate,Review When Possible,Open,['High CVSS vulnerability'],No IOC Match,Unknown,False
3722,EVT05167,46.71,Moderate,Review When Possible,Open,[],No IOC Match,Unknown,False
3723,EVT06709,46.7,Moderate,Review When Possible,Open,[],No IOC Match,Unknown,False
3724,EVT08334,46.7,Moderate,Review When Possible,Open,[],No IOC Match,Unknown,False
3725,EVT00962,46.69,Moderate,Review When Possible,Open,[],No IOC Match,Unknown,False
3726,EVT01786,46.69,Moderate,Review When Possible,Open,[],No IOC Match,Unknown,False
3727,EVT07540,46.69,Moderate,Review When Possible,Open,['High CVSS vulnerability'],No IOC Match,Unknown,False
3728,EVT09639,46.69,Moderate,Review When Possible,Open,[],No IOC Match,Unknown,False
3729,EVT00093,46.68,Moderate,Review When Possible,Open,[],No IOC Match,Unknown,False
3730,EVT01725,46.68,Moderate,Review When Possible,Open,[],No IOC Match,Unknown,False
3731,EVT03849,46.67,Moderate,Review When Possible,Open,[],No IOC Match,Unknown,False
3732,EVT08199,46.66,Moderate,Review When Possible,Open,[],No IOC Match,Unknown,False
3733,EVT00292,46.65,Moderate,Review When Possible,Open,[],No IOC Match,Low,True
3734,EVT06946,46.65,Moderate,Review When Possible,Open,['High CVSS vulnerability'],No IOC Match,Unknown,False
3735,EVT09140,46.65,Moderate,Review When Possible,Open,['High CVSS vulnerability'],No IOC Match,Unknown,False
3736,EVT00134,46.64,Moderate,Review When Possible,Open,['Multiple failed login attempts'],No IOC Match,Unknown,False
3737,EVT01285,46.64,Moderate,Review When Possible,Open,['High CVSS vulnerability'],No IOC Match,Unknown,False
3738,EVT05780,46.64,Moderate,Review When Possible,Open,[],No IOC Match,Unknown,False
3739,EVT06821,46.64,Moderate,Review When Possible,Open,[],No IOC Match,Unknown,False
3740,EVT09042,46.63,Moderate,Review When Possible,Open,[],No IOC Match,Unknown,False
3741,EVT02189,46.61,Moderate,Review When Possible,Open,['High CVSS vulnerability'],No IOC Match,High,True
3742,EVT06853,46.61,Moderate,Review When Possible,Open,[],No IOC Match,Unknown,False
3743,EVT09292,46.61,Moderate,Review When Possible,Open,['Multiple failed login attempts'],No IOC Match,Unknown,False
3744,EVT07962,46.6,Moderate,Review When Possible,Open,[],No IOC Match,Unknown,False
3745,EVT05345,46.58,Moderate,Review When Possible,Open,[],No IOC Match,Unknown,False
3746,EVT05665,46.58,Moderate,Review When Possible,Open,['Multiple failed login attempts'],No IOC Match,Unknown,False
3747,EVT03808,46.57,Moderate,Review When Possible,Open,['High CVSS vulnerability'],No IOC Match,Unknown,False
3748,EVT04332,46.57,Moderate,Review When Possible,Open,['Multiple failed login attempts'],No IOC Match,Unknown,False
3749,EVT04603,46.57,Moderate,Review When Possible,Open,[],No IOC Match,Unknown,False
3750,EVT04629,46.56,Moderate,Review When Possible,Open,[],No IOC Match,Unknown,False
3751,EVT08452,46.56,Moderate,Review When Possible,Open,[],No IOC Match,Unknown,False
3752,EVT03007,46.55,Moderate,Review When Possible,Open,['High CVSS vulnerability'],No IOC Match,Unknown,False
3753,EVT04040,46.55,Moderate,Review When Possible,Open,['High CVSS vulnerability'],No IOC Match,Unknown,False
3754,EVT01091,46.54,Moderate,Review When Possible,Open,['High CVSS vulnerability'],No IOC Match,Unknown,False
3755,EVT01637,46.54,Moderate,Review When Possible,Open,['High CVSS vulnerability'],No IOC Match,Unknown,False
3756,EVT03576,46.54,Moderate,Review When Possible,Open,[],No IOC Match,Unknown,False
3757,EVT03587,46.54,Moderate,Review When Possible,Open,[],No IOC Match,Unknown,False
3758,EVT03792,46.54,Moderate,Review When Possible,Open,['High CVSS vulnerability'],No IOC Match,Unknown,False
3759,EVT07112,46.54,Moderate,Review When Possible,Open,[],No IOC Match,Unknown,False
3760,EVT08773,46.54,Moderate,Review When Possible,Open,['Multiple failed login attempts'],No IOC Match,Unknown,False
3761,EVT09147,46.54,Moderate,Review When Possible,Open,['Multiple failed login attempts'],No IOC Match,Unknown,False
3762,EVT09634,46.54,Moderate,Review When Possible,Open,[],No IOC Match,Unknown,False
3763,EVT00490,46.53,Moderate,Review When Possible,Open,[],No IOC Match,Unknown,False
3764,EVT01020,46.53,Moderate,Review When Possible,Open,[],No IOC Match,Unknown,False
3765,EVT02141,46.53,Moderate,Review When Possible,Open,[],No IOC Match,Unknown,False
3766,EVT06702,46.53,Moderate,Review When Possible,Open,[],No IOC Match,Unknown,False
3767,EVT01117,46.52,Moderate,Review When Possible,Open,['Multiple failed login attempts'],No IOC Match,Unknown,False
3768,EVT01988,46.52,Moderate,Review When Possible,Open,['Multiple failed login attempts'],No IOC Match,Unknown,False
3769,EVT02807,46.52,Moderate,Review When Possible,Open,[],No IOC Match,Unknown,False
3770,EVT06887,46.52,Moderate,Review When Possible,Open,[],No IOC Match,Unknown,False
3771,EVT08006,46.52,Moderate,Review When Possible,Open,[],No IOC Match,Unknown,False
3772,EVT08486,46.52,Moderate,Review When Possible,Open,[],No IOC Match,Unknown,False
3773,EVT02426,46.51,Moderate,Review When Possible,Open,['High CVSS vulnerability'],No IOC Match,Unknown,False
3774,EVT07511,46.51,Moderate,Review When Possible,Open,[],No IOC Match,Unknown,False
3775,EVT09183,46.51,Moderate,Review When Possible,Open,['High CVSS vulnerability'],No IOC Match,Unknown,False
3776,EVT02993,46.5,Moderate,Review When Possible,Open,[],No IOC Match,Unknown,False
3777,EVT03452,46.5,Moderate,Review When Possible,Open,[],No IOC Match,Unknown,False
3778,EVT04123,46.5,Moderate,Review When Possible,Open,['High CVSS vulnerability'],No IOC Match,Unknown,False
3779,EVT06777,46.5,Moderate,Review When Possible,Open,['Multiple failed login attempts'],No IOC Match,Unknown,False
3780,EVT04768,46.49,Moderate,Review When Possible,Open,['Multiple failed login attempts'],No IOC Match,Unknown,False
3781,EVT05006,46.49,Moderate,Review When Possible,Open,['Multiple failed login attempts'],No IOC Match,Unknown,False
3782,EVT02032,46.48,Moderate,Review When Possible,Open,['High CVSS vulnerability'],No IOC Match,Unknown,False
3783,EVT03222,46.48,Moderate,Review When Possible,Open,[],No IOC Match,Unknown,False
3784,EVT04634,46.48,Moderate,Review When Possible,Open,['Multiple failed login attempts'],No IOC Match,Unknown,False
3785,EVT06868,46.48,Moderate,Review When Possible,Open,['High CVSS vulnerability'],No IOC Match,Unknown,False
3786,EVT00509,46.47,Moderate,Review When Possible,Open,[],No IOC Match,Unknown,False
3787,EVT00710,46.47,Moderate,Review When Possible,Open,[],No IOC Match,Unknown,False
3788,EVT04742,46.47,Moderate,Review When Possible,Open,['High CVSS vulnerability'],No IOC Match,Unknown,False
3789,EVT05275,46.47,Moderate,Review When Possible,Open,['High CVSS vulnerability'],No IOC Match,Medium,True
3790,EVT06516,46.47,Moderate,Review When Possible,Open,[],No IOC Match,Unknown,False
3791,EVT07546,46.47,Moderate,Review When Possible,Open,[],No IOC Match,Unknown,False
3792,EVT07609,46.47,Moderate,Review When Possible,Open,[],No IOC Match,Unknown,False
3793,EVT09116,46.47,Moderate,Review When Possible,Open,[],No IOC Match,Unknown,False
3794,EVT09992,46.47,Moderate,Review When Possible,Open,[],No IOC Match,Unknown,False
3795,EVT00510,46.46,Moderate,Review When Possible,Open,['High CVSS vulnerability'],No IOC Match,Unknown,False
3796,EVT01780,46.46,Moderate,Review When Possible,Open,[],No IOC Match,Unknown,False
3797,EVT02400,46.46,Moderate,Review When Possible,Open,[],No IOC Match,Unknown,False
3798,EVT02869,46.46,Moderate,Review When Possible,Open,['High CVSS vulnerability'],No IOC Match,Unknown,False
3799,EVT08174,46.46,Moderate,Review When Possible,Open,[],No IOC Match,Unknown,False
3800,EVT09281,46.46,Moderate,Review When Possible,Open,['High CVSS vulnerability'],No IOC Match,Unknown,False
3801,EVT01300,46.45,Moderate,Review When Possible,Open,['High CVSS vulnerability'],No IOC Match,Unknown,False
3802,EVT04426,46.45,Moderate,Review When Possible,Open,['High CVSS vulnerability'],No IOC Match,Unknown,False
3803,EVT03640,46.44,Moderate,Review When Possible,Open,['High CVSS vulnerability'],No IOC Match,Unknown,False
3804,EVT04977,46.44,Moderate,Review When Possible,Open,['High CVSS vulnerability'],No IOC Match,Unknown,False
3805,EVT05154,46.44,Moderate,Review When Possible,Open,[],No IOC Match,Unknown,False
3806,EVT06658,46.44,Moderate,Review When Possible,Open,['High CVSS vulnerability'],No IOC Match,Unknown,False
3807,EVT08133,46.44,Moderate,Review When Possible,Open,['High CVSS vulnerability'],No IOC Match,Unknown,False
3808,EVT02946,46.42,Moderate,Review When Possible,Open,[],No IOC Match,Unknown,False
3809,EVT03890,46.42,Moderate,Review When Possible,Open,['High CVSS vulnerability'],No IOC Match,Unknown,False
3810,EVT09838,46.42,Moderate,Review When Possible,Open,['High CVSS vulnerability'],No IOC Match,Unknown,False
3811,EVT00021,46.41,Moderate,Review When Possible,Open,['High CVSS vulnerability'],No IOC Match,Unknown,False
3812,EVT03951,46.41,Moderate,Review When Possible,Open,[],No IOC Match,Unknown,False
3813,EVT00197,46.4,Moderate,Review When Possible,Open,[],No IOC Match,Unknown,False
3814,EVT00923,46.4,Moderate,Review When Possible,Open,['High CVSS vulnerability'],No IOC Match,Unknown,False
3815,EVT00506,46.39,Moderate,Review When Possible,Open,[],No IOC Match,Unknown,False
3816,EVT01369,46.39,Moderate,Review When Possible,Open,[],No IOC Match,Unknown,False
3817,EVT04345,46.39,Moderate,Review When Possible,Open,[],No IOC Match,Unknown,False
3818,EVT09224,46.39,Moderate,Review When Possible,Open,[],No IOC Match,Unknown,False
3819,EVT09889,46.39,Moderate,Review When Possible,Open,[],No IOC Match,Unknown,False
3820,EVT06524,46.38,Moderate,Review When Possible,Open,['Multiple failed login attempts'],No IOC Match,Unknown,False
3821,EVT08946,46.38,Moderate,Review When Possible,Open,[],No IOC Match,Unknown,False
3822,EVT00469,46.37,Moderate,Review When Possible,Open,[],No IOC Match,Unknown,False
3823,EVT00820,46.37,Moderate,Review When Possible,Open,[],No IOC Match,Unknown,False
3824,EVT01351,46.37,Moderate,Review When Possible,Open,[],No IOC Match,Unknown,False
3825,EVT03579,46.37,Moderate,Review When Possible,Open,[],No IOC Match,Unknown,False
3826,EVT09927,46.37,Moderate,Review When Possible,Open,[],No IOC Match,Low,True
3827,EVT02928,46.36,Moderate,Review When Possible,Open,[],No IOC Match,Unknown,False
3828,EVT08761,46.36,Moderate,Review When Possible,Open,['High CVSS vulnerability'],No IOC Match,Unknown,False
3829,EVT00222,46.35,Moderate,Review When Possible,Open,['Multiple failed login attempts'],No IOC Match,Unknown,False
3830,EVT04916,46.35,Moderate,Review When Possible,Open,[],No IOC Match,Unknown,False
3831,EVT09994,46.34,Moderate,Review When Possible,Open,"['High CVSS vulnerability', 'Multiple failed login attempts']",No IOC Match,Unknown,False
3832,EVT02355,46.33,Moderate,Review When Possible,Open,['High CVSS vulnerability'],No IOC Match,Unknown,False
3833,EVT00917,46.32,Moderate,Review When Possible,Open,['Multiple failed login attempts'],No IOC Match,Unknown,False
3834,EVT02451,46.32,Moderate,Review When Possible,Open,[],No IOC Match,Unknown,False
3835,EVT03117,46.32,Moderate,Review When Possible,Open,['High CVSS vulnerability'],No IOC Match,Unknown,False
3836,EVT09175,46.32,Moderate,Review When Possible,Open,['Multiple failed login attempts'],No IOC Match,Unknown,False
3837,EVT09780,46.32,Moderate,Review When Possible,Open,['Multiple failed login attempts'],No IOC Match,Unknown,False
3838,EVT01425,46.31,Moderate,Review When Possible,Open,[],No IOC Match,Unknown,False
3839,EVT01867,46.31,Moderate,Review When Possible,Open,[],No IOC Match,Unknown,False
3840,EVT05156,46.31,Moderate,Review When Possible,Open,[],No IOC Match,Unknown,False
3841,EVT07757,46.31,Moderate,Review When Possible,Open,['High CVSS vulnerability'],No IOC Match,Unknown,False
3842,EVT07930,46.31,Moderate,Review When Possible,Open,[],No IOC Match,Unknown,False
3843,EVT08592,46.31,Moderate,Review When Possible,Open,[],No IOC Match,Unknown,False
3844,EVT03592,46.3,Moderate,Review When Possible,Open,['Multiple failed login attempts'],No IOC Match,Unknown,False
3845,EVT05551,46.3,Moderate,Review When Possible,Open,[],No IOC Match,Unknown,False
3846,EVT06155,46.3,Moderate,Review When Possible,Open,['Multiple failed login attempts'],No IOC Match,Unknown,False
3847,EVT07786,46.3,Moderate,Review When Possible,Open,[],No IOC Match,Unknown,False
3848,EVT00680,46.29,Moderate,Review When Possible,Open,['High CVSS vulnerability'],No IOC Match,Unknown,False
3849,EVT02772,46.29,Moderate,Review When Possible,Open,['High CVSS vulnerability'],No IOC Match,Unknown,False
3850,EVT00158,46.28,Moderate,Review When Possible,Open,['Multiple failed login attempts'],No IOC Match,Unknown,False
3851,EVT00841,46.28,Moderate,Review When Possible,Open,['High CVSS vulnerability'],No IOC Match,Unknown,False
3852,EVT08872,46.28,Moderate,Review When Possible,Open,['High CVSS vulnerability'],No IOC Match,Unknown,False
3853,EVT08890,46.28,Moderate,Review When Possible,Open,[],No IOC Match,Unknown,False
3854,EVT02497,46.27,Moderate,Review When Possible,Open,['High CVSS vulnerability'],No IOC Match,Unknown,False
3855,EVT03893,46.27,Moderate,Review When Possible,Open,['High CVSS vulnerability'],No IOC Match,Unknown,False
3856,EVT05707,46.27,Moderate,Review When Possible,Open,['High CVSS vulnerability'],No IOC Match,Unknown,False
3857,EVT06503,46.27,Moderate,Review When Possible,Open,[],No IOC Match,Unknown,False
3858,EVT08553,46.27,Moderate,Review When Possible,Open,[],No IOC Match,Unknown,False
3859,EVT01222,46.26,Moderate,Review When Possible,Open,[],No IOC Match,Unknown,False
3860,EVT01910,46.26,Moderate,Review When Possible,Open,[],No IOC Match,Unknown,False
3861,EVT04186,46.26,Moderate,Review When Possible,Open,[],No IOC Match,Unknown,False
3862,EVT04359,46.26,Moderate,Review When Possible,Open,[],No IOC Match,Unknown,False
3863,EVT05255,46.26,Moderate,Review When Possible,Open,[],No IOC Match,Unknown,False
3864,EVT05315,46.26,Moderate,Review When Possible,Open,[],No IOC Match,High,True
3865,EVT06655,46.26,Moderate,Review When Possible,Open,['High CVSS vulnerability'],No IOC Match,Unknown,False
3866,EVT08138,46.26,Moderate,Review When Possible,Open,[],No IOC Match,Unknown,False
3867,EVT09044,46.26,Moderate,Review When Possible,Open,[],No IOC Match,Unknown,False
3868,EVT09413,46.25,Moderate,Review When Possible,Open,['High CVSS vulnerability'],No IOC Match,Unknown,False
3869,EVT09608,46.25,Moderate,Review When Possible,Open,[],No IOC Match,Unknown,False
3870,EVT07953,46.24,Moderate,Review When Possible,Open,[],No IOC Match,Unknown,False
3871,EVT06610,46.23,Moderate,Review When Possible,Open,['High CVSS vulnerability'],No IOC Match,Unknown,False
3872,EVT08578,46.23,Moderate,Review When Possible,Open,[],No IOC Match,Unknown,False
3873,EVT08796,46.23,Moderate,Review When Possible,Open,[],No IOC Match,Unknown,False
3874,EVT03904,46.22,Moderate,Review When Possible,Open,['High CVSS vulnerability'],No IOC Match,Unknown,False
3875,EVT05752,46.22,Moderate,Review When Possible,Open,[],No IOC Match,Unknown,False
3876,EVT05768,46.22,Moderate,Review When Possible,Open,['Multiple failed login attempts'],No IOC Match,Unknown,False
3877,EVT05975,46.22,Moderate,Review When Possible,Open,['Multiple failed login attempts'],No IOC Match,Unknown,False
3878,EVT02512,46.21,Moderate,Review When Possible,Open,[],No IOC Match,Unknown,False
3879,EVT06764,46.21,Moderate,Review When Possible,Open,['Multiple failed login attempts'],No IOC Match,Unknown,False
3880,EVT06973,46.21,Moderate,Review When Possible,Open,['High CVSS vulnerability'],No IOC Match,Unknown,False
3881,EVT00037,46.2,Moderate,Review When Possible,Open,[],No IOC Match,Unknown,False
3882,EVT01432,46.2,Moderate,Review When Possible,Open,['High CVSS vulnerability'],No IOC Match,Unknown,False
3883,EVT02755,46.2,Moderate,Review When Possible,Open,['High CVSS vulnerability'],No IOC Match,Unknown,False
3884,EVT03239,46.2,Moderate,Review When Possible,Open,[],No IOC Match,Unknown,False
3885,EVT00144,46.18,Moderate,Review When Possible,Open,[],No IOC Match,Unknown,False
3886,EVT00649,46.17,Moderate,Review When Possible,Open,[],No IOC Match,Unknown,False
3887,EVT03260,46.17,Moderate,Review When Possible,Open,[],No IOC Match,Unknown,False
3888,EVT05259,46.17,Moderate,Review When Possible,Open,[],No IOC Match,Unknown,False
3889,EVT06384,46.17,Moderate,Review When Possible,Open,[],No IOC Match,Unknown,False
3890,EVT06556,46.17,Moderate,Review When Possible,Open,['High CVSS vulnerability'],No IOC Match,Unknown,False
3891,EVT03010,46.16,Moderate,Review When Possible,Open,[],No IOC Match,Unknown,False
3892,EVT02695,46.15,Moderate,Review When Possible,Open,[],No IOC Match,Unknown,False
3893,EVT03191,46.15,Moderate,Review When Possible,Open,['High CVSS vulnerability'],No IOC Match,Medium,True
3894,EVT06131,46.15,Moderate,Review When Possible,Open,['High CVSS vulnerability'],No IOC Match,Unknown,False
3895,EVT07904,46.15,Moderate,Review When Possible,Open,[],No IOC Match,Unknown,False
3896,EVT05070,46.14,Moderate,Review When Possible,Open,[],No IOC Match,Unknown,False
3897,EVT05459,46.14,Moderate,Review When Possible,Open,['Multiple failed login attempts'],No IOC Match,Unknown,False
3898,EVT01079,46.13,Moderate,Review When Possible,Open,[],No IOC Match,Low,True
3899,EVT04021,46.13,Moderate,Review When Possible,Open,['Multiple failed login attempts'],No IOC Match,Unknown,False
3900,EVT05426,46.13,Moderate,Review When Possible,Open,[],No IOC Match,Unknown,False
3901,EVT05692,46.13,Moderate,Review When Possible,Open,[],No IOC Match,Unknown,False
3902,EVT09830,46.13,Moderate,Review When Possible,Open,['High CVSS vulnerability'],No IOC Match,Unknown,False
3903,EVT00978,46.12,Moderate,Review When Possible,Open,['Multiple failed login attempts'],No IOC Match,Unknown,False
3904,EVT02991,46.12,Moderate,Review When Possible,Open,['High CVSS vulnerability'],No IOC Match,Unknown,False
3905,EVT05873,46.12,Moderate,Review When Possible,Open,['Multiple failed login attempts'],No IOC Match,Unknown,False
3906,EVT01518,46.11,Moderate,Review When Possible,Open,[],No IOC Match,Unknown,False
3907,EVT02288,46.1,Moderate,Review When Possible,Open,[],No IOC Match,Unknown,False
3908,EVT05782,46.1,Moderate,Review When Possible,Open,[],No IOC Match,Unknown,False
3909,EVT06843,46.1,Moderate,Review When Possible,Open,['High CVSS vulnerability'],No IOC Match,Unknown,False
3910,EVT07931,46.1,Moderate,Review When Possible,Open,[],No IOC Match,Unknown,False
3911,EVT08201,46.1,Moderate,Review When Possible,Open,['Multiple failed login attempts'],No IOC Match,Unknown,False
3912,EVT05133,46.09,Moderate,Review When Possible,Open,['Multiple failed login attempts'],No IOC Match,Unknown,False
3913,EVT07578,46.09,Moderate,Review When Possible,Open,['High CVSS vulnerability'],No IOC Match,Unknown,False
3914,EVT07413,46.08,Moderate,Review When Possible,Open,[],No IOC Match,Unknown,False
3915,EVT08480,46.08,Moderate,Review When Possible,Open,[],No IOC Match,Unknown,False
3916,EVT08522,46.08,Moderate,Review When Possible,Open,['High CVSS vulnerability'],No IOC Match,Unknown,False
3917,EVT02039,46.06,Moderate,Review When Possible,Open,['Multiple failed login attempts'],No IOC Match,Unknown,False
3918,EVT03628,46.04,Moderate,Review When Possible,Open,['Multiple failed login attempts'],No IOC Match,Unknown,False
3919,EVT05774,46.04,Moderate,Review When Possible,Open,['Multiple failed login attempts'],No IOC Match,Unknown,False
3920,EVT07189,46.04,Moderate,Review When Possible,Open,['High CVSS vulnerability'],No IOC Match,Low,True
3921,EVT09427,46.03,Moderate,Review When Possible,Open,['High CVSS vulnerability'],No IOC Match,Unknown,False
3922,EVT02834,46.02,Moderate,Review When Possible,Open,[],No IOC Match,Unknown,False
3923,EVT08411,46.02,Moderate,Review When Possible,Open,['High CVSS vulnerability'],No IOC Match,Unknown,False
3924,EVT09644,46.02,Moderate,Review When Possible,Open,['Multiple failed login attempts'],No IOC Match,Unknown,False
3925,EVT00901,46.01,Moderate,Review When Possible,Open,['High CVSS vulnerability'],No IOC Match,Unknown,False
3926,EVT01205,46.01,Moderate,Review When Possible,Open,[],No IOC Match,Unknown,False
3927,EVT01341,46.01,Moderate,Review When Possible,Open,['High CVSS vulnerability'],No IOC Match,Unknown,False
3928,EVT06009,46.01,Moderate,Review When Possible,Open,[],No IOC Match,Unknown,False
3929,EVT01314,46.0,Moderate,Review When Possible,Open,['High CVSS vulnerability'],No IOC Match,Unknown,False
3930,EVT01990,46.0,Moderate,Review When Possible,Open,[],No IOC Match,Unknown,False
3931,EVT09264,46.0,Moderate,Review When Possible,Open,[],No IOC Match,Unknown,False
3932,EVT09303,46.0,Moderate,Review When Possible,Open,['Multiple failed login attempts'],No IOC Match,Unknown,False
3933,EVT00209,45.99,Moderate,Review When Possible,Open,[],No IOC Match,Unknown,False
3934,EVT03322,45.99,Moderate,Review When Possible,Open,[],No IOC Match,Unknown,False
3935,EVT03378,45.99,Moderate,Review When Possible,Open,['High CVSS vulnerability'],No IOC Match,Unknown,False
3936,EVT03896,45.99,Moderate,Review When Possible,Open,[],No IOC Match,Unknown,False
3937,EVT01013,45.98,Moderate,Review When Possible,Open,[],No IOC Match,Unknown,False
3938,EVT01914,45.97,Moderate,Review When Possible,Open,[],No IOC Match,Unknown,False
3939,EVT02149,45.97,Moderate,Review When Possible,Open,['Multiple failed login attempts'],No IOC Match,Medium,True
3940,EVT02562,45.97,Moderate,Review When Possible,Open,['High CVSS vulnerability'],No IOC Match,Unknown,False
3941,EVT03215,45.97,Moderate,Review When Possible,Open,[],No IOC Match,Unknown,False
3942,EVT05469,45.96,Moderate,Review When Possible,Open,['Multiple failed login attempts'],No IOC Match,Unknown,False
3943,EVT07703,45.96,Moderate,Review When Possible,Open,[],No IOC Match,Unknown,False
3944,EVT09574,45.96,Moderate,Review When Possible,Open,[],No IOC Match,Unknown,False
3945,EVT09902,45.96,Moderate,Review When Possible,Open,[],No IOC Match,Unknown,False
3946,EVT09908,45.96,Moderate,Review When Possible,Open,[],No IOC Match,Unknown,False
3947,EVT00712,45.95,Moderate,Review When Possible,Open,['Multiple failed login attempts'],No IOC Match,Unknown,False
3948,EVT01985,45.95,Moderate,Review When Possible,Open,['Multiple failed login attempts'],No IOC Match,Unknown,False
3949,EVT03840,45.95,Moderate,Review When Possible,Open,[],No IOC Match,Unknown,False
3950,EVT04880,45.95,Moderate,Review When Possible,Open,['High CVSS vulnerability'],No IOC Match,Unknown,False
3951,EVT05261,45.95,Moderate,Review When Possible,Open,['High CVSS vulnerability'],No IOC Match,Unknown,False
3952,EVT05714,45.95,Moderate,Review When Possible,Open,['High CVSS vulnerability'],No IOC Match,Unknown,False
3953,EVT04664,45.94,Moderate,Review When Possible,Open,[],No IOC Match,Unknown,False
3954,EVT00723,45.93,Moderate,Review When Possible,Open,['Multiple failed login attempts'],No IOC Match,Unknown,False
3955,EVT01826,45.93,Moderate,Review When Possible,Open,[],No IOC Match,Unknown,False
3956,EVT03475,45.93,Moderate,Review When Possible,Open,['Multiple failed login attempts'],No IOC Match,Unknown,False
3957,EVT07130,45.93,Moderate,Review When Possible,Open,['High CVSS vulnerability'],No IOC Match,Unknown,False
3958,EVT08845,45.93,Moderate,Review When Possible,Open,[],No IOC Match,Unknown,False
3959,EVT04948,45.91,Moderate,Review When Possible,Open,['High CVSS vulnerability'],No IOC Match,Unknown,False
3960,EVT06190,45.9,Moderate,Review When Possible,Open,['Multiple failed login attempts'],No IOC Match,Low,True
3961,EVT00159,45.89,Moderate,Review When Possible,Open,[],No IOC Match,Unknown,False
3962,EVT00069,45.88,Moderate,Review When Possible,Open,[],No IOC Match,Unknown,False
3963,EVT01101,45.88,Moderate,Review When Possible,Open,['Multiple failed login attempts'],No IOC Match,Unknown,False
3964,EVT02183,45.88,Moderate,Review When Possible,Open,[],No IOC Match,Unknown,False
3965,EVT05538,45.88,Moderate,Review When Possible,Open,[],No IOC Match,Unknown,False
3966,EVT09759,45.88,Moderate,Review When Possible,Open,[],No IOC Match,Unknown,False
3967,EVT07485,45.87,Moderate,Review When Possible,Open,[],No IOC Match,Unknown,False
3968,EVT08964,45.87,Moderate,Review When Possible,Open,['High CVSS vulnerability'],No IOC Match,Unknown,False
3969,EVT01761,45.86,Moderate,Review When Possible,Open,[],No IOC Match,Unknown,False
3970,EVT04425,45.86,Moderate,Review When Possible,Open,['Multiple failed login attempts'],No IOC Match,Unknown,False
3971,EVT09039,45.86,Moderate,Review When Possible,Open,['Multiple failed login attempts'],No IOC Match,Medium,True
3972,EVT01027,45.85,Moderate,Review When Possible,Open,['High CVSS vulnerability'],No IOC Match,Unknown,False
3973,EVT03591,45.85,Moderate,Review When Possible,Open,[],No IOC Match,Unknown,False
3974,EVT04094,45.85,Moderate,Review When Possible,Open,[],No IOC Match,Unknown,False
3975,EVT05096,45.85,Moderate,Review When Possible,Open,[],No IOC Match,Unknown,False
3976,EVT05987,45.85,Moderate,Review When Possible,Open,['High CVSS vulnerability'],No IOC Match,Unknown,False
3977,EVT08254,45.85,Moderate,Review When Possible,Open,['High CVSS vulnerability'],No IOC Match,Unknown,False
3978,EVT08788,45.85,Moderate,Review When Possible,Open,[],No IOC Match,Unknown,False
3979,EVT00308,45.83,Moderate,Review When Possible,Open,[],No IOC Match,Unknown,False
3980,EVT00402,45.83,Moderate,Review When Possible,Open,[],No IOC Match,Unknown,False
3981,EVT07225,45.83,Moderate,Review When Possible,Open,[],No IOC Match,Unknown,False
3982,EVT07788,45.83,Moderate,Review When Possible,Open,['High CVSS vulnerability'],No IOC Match,Unknown,False
3983,EVT03255,45.82,Moderate,Review When Possible,Open,['Multiple failed login attempts'],No IOC Match,Unknown,False
3984,EVT00122,45.81,Moderate,Review When Possible,Open,[],No IOC Match,Unknown,False
3985,EVT01383,45.81,Moderate,Review When Possible,Open,['Multiple failed login attempts'],No IOC Match,Unknown,False
3986,EVT01669,45.81,Moderate,Review When Possible,Open,[],No IOC Match,Unknown,False
3987,EVT03142,45.81,Moderate,Review When Possible,Open,['High CVSS vulnerability'],No IOC Match,Unknown,False
3988,EVT00246,45.8,Moderate,Review When Possible,Open,['High CVSS vulnerability'],No IOC Match,Unknown,False
3989,EVT06346,45.8,Moderate,Review When Possible,Open,[],No IOC Match,Unknown,False
3990,EVT07527,45.8,Moderate,Review When Possible,Open,['High CVSS vulnerability'],No IOC Match,Unknown,False
3991,EVT00251,45.79,Moderate,Review When Possible,Open,[],No IOC Match,Unknown,False
3992,EVT04450,45.78,Moderate,Review When Possible,Open,[],No IOC Match,Unknown,False
3993,EVT01632,45.77,Moderate,Review When Possible,Open,[],No IOC Match,Unknown,False
3994,EVT03050,45.77,Moderate,Review When Possible,Open,['Multiple failed login attempts'],No IOC Match,Unknown,False
3995,EVT04668,45.77,Moderate,Review When Possible,Open,[],No IOC Match,Unknown,False
3996,EVT06304,45.77,Moderate,Review When Possible,Open,[],No IOC Match,Unknown,False
3997,EVT09086,45.77,Moderate,Review When Possible,Open,[],No IOC Match,Unknown,False
3998,EVT04246,45.76,Moderate,Review When Possible,Open,[],No IOC Match,Unknown,False
3999,EVT05233,45.76,Moderate,Review When Possible,Open,['High CVSS vulnerability'],No IOC Match,Unknown,False
4000,EVT05990,45.76,Moderate,Review When Possible,Open,[],No IOC Match,Unknown,False
4001,EVT09000,45.76,Moderate,Review When Possible,Open,[],No IOC Match,Unknown,False
4002,EVT00697,45.75,Moderate,Review When Possible,Open,[],No IOC Match,Unknown,False
4003,EVT01099,45.75,Moderate,Review When Possible,Open,[],No IOC Match,Unknown,False
4004,EVT06644,45.75,Moderate,Review When Possible,Open,['High CVSS vulnerability'],No IOC Match,Unknown,False
4005,EVT04412,45.74,Moderate,Review When Possible,Open,[],No IOC Match,Unknown,False
4006,EVT06572,45.74,Moderate,Review When Possible,Open,[],No IOC Match,Unknown,False
4007,EVT06653,45.74,Moderate,Review When Possible,Open,[],No IOC Match,Unknown,False
4008,EVT06792,45.74,Moderate,Review When Possible,Open,[],No IOC Match,Unknown,False
4009,EVT07993,45.74,Moderate,Review When Possible,Open,['High CVSS vulnerability'],No IOC Match,Unknown,False
4010,EVT09503,45.74,Moderate,Review When Possible,Open,[],No IOC Match,Unknown,False
4011,EVT05502,45.73,Moderate,Review When Possible,Open,['Multiple failed login attempts'],No IOC Match,Unknown,False
4012,EVT06505,45.73,Moderate,Review When Possible,Open,['Multiple failed login attempts'],No IOC Match,Unknown,False
4013,EVT07009,45.73,Moderate,Review When Possible,Open,[],No IOC Match,Unknown,False
4014,EVT04428,45.72,Moderate,Review When Possible,Open,[],No IOC Match,Unknown,False
4015,EVT08521,45.72,Moderate,Review When Possible,Open,['Multiple failed login attempts'],No IOC Match,Unknown,False
4016,EVT08655,45.72,Moderate,Review When Possible,Open,['Multiple failed login attempts'],No IOC Match,Unknown,False
4017,EVT09524,45.72,Moderate,Review When Possible,Open,[],No IOC Match,Unknown,False
4018,EVT03194,45.71,Moderate,Review When Possible,Open,[],No IOC Match,Unknown,False
4019,EVT01726,45.7,Moderate,Review When Possible,Open,['High CVSS vulnerability'],No IOC Match,Unknown,False
4020,EVT03046,45.7,Moderate,Review When Possible,Open,[],No IOC Match,Unknown,False
4021,EVT04108,45.7,Moderate,Review When Possible,Open,[],No IOC Match,Unknown,False
4022,EVT06678,45.7,Moderate,Review When Possible,Open,[],No IOC Match,Unknown,False
4023,EVT08210,45.7,Moderate,Review When Possible,Open,[],No IOC Match,Unknown,False
4024,EVT03854,45.69,Moderate,Review When Possible,Open,[],No IOC Match,Unknown,False
4025,EVT07477,45.69,Moderate,Review When Possible,Open,[],No IOC Match,Unknown,False
4026,EVT05434,45.67,Moderate,Review When Possible,Open,['Multiple failed login attempts'],No IOC Match,Unknown,False
4027,EVT06939,45.67,Moderate,Review When Possible,Open,[],No IOC Match,Unknown,False
4028,EVT08686,45.67,Moderate,Review When Possible,Open,[],No IOC Match,Unknown,False
4029,EVT06829,45.66,Moderate,Review When Possible,Open,[],No IOC Match,Unknown,False
4030,EVT07630,45.66,Moderate,Review When Possible,Open,['High CVSS vulnerability'],No IOC Match,Unknown,False
4031,EVT08822,45.65,Moderate,Review When Possible,Open,[],No IOC Match,Unknown,False
4032,EVT07702,45.64,Moderate,Review When Possible,Open,['Multiple failed login attempts'],No IOC Match,Unknown,False
4033,EVT01277,45.63,Moderate,Review When Possible,Open,['High CVSS vulnerability'],No IOC Match,Unknown,False
4034,EVT05954,45.63,Moderate,Review When Possible,Open,['Multiple failed login attempts'],No IOC Match,Unknown,False
4035,EVT07857,45.63,Moderate,Review When Possible,Open,['High CVSS vulnerability'],No IOC Match,Unknown,False
4036,EVT05128,45.62,Moderate,Review When Possible,Open,[],No IOC Match,Unknown,False
4037,EVT05413,45.62,Moderate,Review When Possible,Open,['High CVSS vulnerability'],No IOC Match,Unknown,False
4038,EVT04054,45.61,Moderate,Review When Possible,Open,[],No IOC Match,Unknown,False
4039,EVT09447,45.61,Moderate,Review When Possible,Open,[],No IOC Match,Unknown,False
4040,EVT04494,45.6,Moderate,Review When Possible,Open,['High CVSS vulnerability'],No IOC Match,Unknown,False
4041,EVT08315,45.6,Moderate,Review When Possible,Open,['High CVSS vulnerability'],No IOC Match,Unknown,False
4042,EVT08913,45.6,Moderate,Review When Possible,Open,[],No IOC Match,Medium,True
4043,EVT01098,45.59,Moderate,Review When Possible,Open,[],No IOC Match,Unknown,False
4044,EVT00132,45.58,Moderate,Review When Possible,Open,['Multiple failed login attempts'],No IOC Match,Unknown,False
4045,EVT00872,45.58,Moderate,Review When Possible,Open,[],No IOC Match,Unknown,False
4046,EVT04140,45.58,Moderate,Review When Possible,Open,['High CVSS vulnerability'],No IOC Match,Unknown,False
4047,EVT04849,45.58,Moderate,Review When Possible,Open,['High CVSS vulnerability'],No IOC Match,Unknown,False
4048,EVT05722,45.58,Moderate,Review When Possible,Open,['Multiple failed login attempts'],No IOC Match,Unknown,False
4049,EVT00099,45.57,Moderate,Review When Possible,Open,['High CVSS vulnerability'],No IOC Match,Unknown,False
4050,EVT01399,45.54,Moderate,Review When Possible,Open,['Multiple failed login attempts'],No IOC Match,Unknown,False
4051,EVT04852,45.54,Moderate,Review When Possible,Open,['High CVSS vulnerability'],No IOC Match,Unknown,False
4052,EVT08105,45.54,Moderate,Review When Possible,Open,[],No IOC Match,Unknown,False
4053,EVT00413,45.53,Moderate,Review When Possible,Open,['High CVSS vulnerability'],No IOC Match,Unknown,False
4054,EVT05292,45.53,Moderate,Review When Possible,Open,['High CVSS vulnerability'],No IOC Match,Unknown,False
4055,EVT09326,45.53,Moderate,Review When Possible,Open,[],No IOC Match,Unknown,False
4056,EVT00725,45.51,Moderate,Review When Possible,Open,[],No IOC Match,Unknown,False
4057,EVT02090,45.51,Moderate,Review When Possible,Open,[],No IOC Match,Unknown,False
4058,EVT03878,45.51,Moderate,Review When Possible,Open,['Multiple failed login attempts'],No IOC Match,Unknown,False
4059,EVT06057,45.51,Moderate,Review When Possible,Open,['Critical asset'],No IOC Match,Critical,True
4060,EVT09808,45.51,Moderate,Review When Possible,Open,[],No IOC Match,Unknown,False
4061,EVT02725,45.49,Moderate,Review When Possible,Open,['High CVSS vulnerability'],No IOC Match,Unknown,False
4062,EVT07738,45.49,Moderate,Review When Possible,Open,['High CVSS vulnerability'],No IOC Match,Unknown,False
4063,EVT00494,45.48,Moderate,Review When Possible,Open,['High CVSS vulnerability'],No IOC Match,Unknown,False
4064,EVT00957,45.48,Moderate,Review When Possible,Open,['Multiple failed login attempts'],No IOC Match,Low,True
4065,EVT05303,45.48,Moderate,Review When Possible,Open,[],No IOC Match,Unknown,False
4066,EVT01507,45.47,Moderate,Review When Possible,Open,[],No IOC Match,Unknown,False
4067,EVT02472,45.47,Moderate,Review When Possible,Open,[],No IOC Match,Unknown,False
4068,EVT07351,45.47,Moderate,Review When Possible,Open,[],No IOC Match,Unknown,False
4069,EVT01764,45.46,Moderate,Review When Possible,Open,['Multiple failed login attempts'],No IOC Match,Unknown,False
4070,EVT02344,45.46,Moderate,Review When Possible,Open,['High CVSS vulnerability'],No IOC Match,Unknown,False
4071,EVT00030,45.45,Moderate,Review When Possible,Open,['Multiple failed login attempts'],No IOC Match,Unknown,False
4072,EVT00942,45.45,Moderate,Review When Possible,Open,[],No IOC Match,Unknown,False
4073,EVT01713,45.45,Moderate,Review When Possible,Open,[],No IOC Match,Unknown,False
4074,EVT08090,45.45,Moderate,Review When Possible,Open,[],No IOC Match,Unknown,False
4075,EVT09460,45.45,Moderate,Review When Possible,Open,[],No IOC Match,Unknown,False
4076,EVT00459,45.44,Moderate,Review When Possible,Open,[],No IOC Match,Unknown,False
4077,EVT01979,45.44,Moderate,Review When Possible,Open,['Multiple failed login attempts'],No IOC Match,Unknown,False
4078,EVT05165,45.44,Moderate,Review When Possible,Open,['High CVSS vulnerability'],No IOC Match,Unknown,False
4079,EVT00555,45.43,Moderate,Review When Possible,Open,[],No IOC Match,Unknown,False
4080,EVT03881,45.43,Moderate,Review When Possible,Open,[],No IOC Match,Unknown,False
4081,EVT04211,45.43,Moderate,Review When Possible,Open,['Multiple failed login attempts'],No IOC Match,Unknown,False
4082,EVT09394,45.43,Moderate,Review When Possible,Open,['High CVSS vulnerability'],No IOC Match,Unknown,False
4083,EVT05088,45.42,Moderate,Review When Possible,Open,[],No IOC Match,Unknown,False
4084,EVT09320,45.42,Moderate,Review When Possible,Open,[],No IOC Match,Unknown,False
4085,EVT03863,45.41,Moderate,Review When Possible,Open,['High CVSS vulnerability'],No IOC Match,Unknown,False
4086,EVT06345,45.41,Moderate,Review When Possible,Open,[],No IOC Match,Unknown,False
4087,EVT07470,45.41,Moderate,Review When Possible,Open,[],No IOC Match,Unknown,False
4088,EVT07146,45.4,Moderate,Review When Possible,Open,['High CVSS vulnerability'],No IOC Match,Unknown,False
4089,EVT07778,45.4,Moderate,Review When Possible,Open,['Multiple failed login attempts'],No IOC Match,Low,True
4090,EVT07722,45.39,Moderate,Review When Possible,Open,['Multiple failed login attempts'],No IOC Match,Unknown,False
4091,EVT07854,45.39,Moderate,Review When Possible,Open,['Multiple failed login attempts'],No IOC Match,Unknown,False
4092,EVT03720,45.38,Moderate,Review When Possible,Open,['High CVSS vulnerability'],No IOC Match,Unknown,False
4093,EVT03813,45.38,Moderate,Review When Possible,Open,['Multiple failed login attempts'],No IOC Match,Unknown,False
4094,EVT08109,45.37,Moderate,Review When Possible,Open,[],No IOC Match,Unknown,False
4095,EVT06015,45.36,Moderate,Review When Possible,Open,['High CVSS vulnerability'],No IOC Match,Unknown,False
4096,EVT08325,45.36,Moderate,Review When Possible,Open,[],No IOC Match,Unknown,False
4097,EVT00626,45.35,Moderate,Review When Possible,Open,['Multiple failed login attempts'],No IOC Match,Unknown,False
4098,EVT07474,45.35,Moderate,Review When Possible,Open,[],No IOC Match,Unknown,False
4099,EVT01417,45.33,Moderate,Review When Possible,Open,['High CVSS vulnerability'],No IOC Match,Unknown,False
4100,EVT03482,45.33,Moderate,Review When Possible,Open,['High CVSS vulnerability'],No IOC Match,Unknown,False
4101,EVT04566,45.33,Moderate,Review When Possible,Open,[],No IOC Match,Unknown,False
4102,EVT00038,45.32,Moderate,Review When Possible,Open,[],No IOC Match,Unknown,False
4103,EVT03606,45.32,Moderate,Review When Possible,Open,[],No IOC Match,Unknown,False
4104,EVT03853,45.32,Moderate,Review When Possible,Open,[],No IOC Match,Unknown,False
4105,EVT04935,45.32,Moderate,Review When Possible,Open,[],No IOC Match,Unknown,False
4106,EVT05682,45.32,Moderate,Review When Possible,Open,['High CVSS vulnerability'],No IOC Match,Unknown,False
4107,EVT06093,45.32,Moderate,Review When Possible,Open,['Multiple failed login attempts'],No IOC Match,Unknown,False
4108,EVT09240,45.32,Moderate,Review When Possible,Open,['High CVSS vulnerability'],No IOC Match,Unknown,False
4109,EVT05877,45.31,Moderate,Review When Possible,Open,['High CVSS vulnerability'],No IOC Match,Unknown,False
4110,EVT01766,45.3,Moderate,Review When Possible,Open,['Multiple failed login attempts'],No IOC Match,Unknown,False
4111,EVT06726,45.3,Moderate,Review When Possible,Open,[],No IOC Match,Unknown,False
4112,EVT09013,45.3,Moderate,Review When Possible,Open,[],No IOC Match,Unknown,False
4113,EVT00624,45.29,Moderate,Review When Possible,Open,['High CVSS vulnerability'],No IOC Match,Unknown,False
4114,EVT01182,45.29,Moderate,Review When Possible,Open,['High CVSS vulnerability'],No IOC Match,Unknown,False
4115,EVT02361,45.29,Moderate,Review When Possible,Open,[],No IOC Match,Unknown,False
4116,EVT03745,45.29,Moderate,Review When Possible,Open,['Multiple failed login attempts'],No IOC Match,Unknown,False
4117,EVT04032,45.29,Moderate,Review When Possible,Open,['Multiple failed login attempts'],No IOC Match,Unknown,False
4118,EVT06545,45.29,Moderate,Review When Possible,Open,[],No IOC Match,Unknown,False
4119,EVT02602,45.28,Moderate,Review When Possible,Open,[],No IOC Match,Unknown,False
4120,EVT08941,45.28,Moderate,Review When Possible,Open,['High CVSS vulnerability'],No IOC Match,Unknown,False
4121,EVT09614,45.28,Moderate,Review When Possible,Open,['High CVSS vulnerability'],No IOC Match,Unknown,False
4122,EVT01335,45.27,Moderate,Review When Possible,Open,[],No IOC Match,Unknown,False
4123,EVT02989,45.27,Moderate,Review When Possible,Open,[],No IOC Match,Unknown,False
4124,EVT07090,45.24,Moderate,Review When Possible,Open,[],No IOC Match,Unknown,False
4125,EVT08624,45.24,Moderate,Review When Possible,Open,[],No IOC Match,Unknown,False
4126,EVT01123,45.23,Moderate,Review When Possible,Open,[],No IOC Match,Unknown,False
4127,EVT01037,45.22,Moderate,Review When Possible,Open,[],No IOC Match,Unknown,False
4128,EVT04461,45.22,Moderate,Review When Possible,Open,[],No IOC Match,Unknown,False
4129,EVT04921,45.22,Moderate,Review When Possible,Open,['High CVSS vulnerability'],No IOC Match,Unknown,False
4130,EVT06819,45.22,Moderate,Review When Possible,Open,[],No IOC Match,Unknown,False
4131,EVT00302,45.21,Moderate,Review When Possible,Open,[],No IOC Match,Unknown,False
4132,EVT07754,45.21,Moderate,Review When Possible,Open,[],No IOC Match,High,True
4133,EVT01484,45.2,Moderate,Review When Possible,Open,[],No IOC Match,Unknown,False
4134,EVT03257,45.2,Moderate,Review When Possible,Open,[],No IOC Match,Unknown,False
4135,EVT09105,45.2,Moderate,Review When Possible,Open,['High CVSS vulnerability'],No IOC Match,Unknown,False
4136,EVT09903,45.2,Moderate,Review When Possible,Open,[],No IOC Match,Unknown,False
4137,EVT02244,45.18,Moderate,Review When Possible,Open,[],No IOC Match,Unknown,False
4138,EVT05669,45.18,Moderate,Review When Possible,Open,['Multiple failed login attempts'],No IOC Match,Unknown,False
4139,EVT05916,45.18,Moderate,Review When Possible,Open,[],No IOC Match,Unknown,False
4140,EVT09123,45.18,Moderate,Review When Possible,Open,[],No IOC Match,Unknown,False
4141,EVT01793,45.17,Moderate,Review When Possible,Open,[],No IOC Match,Unknown,False
4142,EVT03224,45.17,Moderate,Review When Possible,Open,['Multiple failed login attempts'],No IOC Match,Unknown,False
4143,EVT09195,45.17,Moderate,Review When Possible,Open,['High CVSS vulnerability'],No IOC Match,Unknown,False
4144,EVT09637,45.17,Moderate,Review When Possible,Open,['High CVSS vulnerability'],No IOC Match,Unknown,False
4145,EVT00139,45.16,Moderate,Review When Possible,Open,[],No IOC Match,Unknown,False
4146,EVT02771,45.16,Moderate,Review When Possible,Open,[],No IOC Match,Unknown,False
4147,EVT07730,45.16,Moderate,Review When Possible,Open,['High CVSS vulnerability'],No IOC Match,Unknown,False
4148,EVT00603,45.15,Moderate,Review When Possible,Open,['High CVSS vulnerability'],No IOC Match,Unknown,False
4149,EVT07447,45.15,Moderate,Review When Possible,Open,[],No IOC Match,Unknown,False
4150,EVT00235,45.14,Moderate,Review When Possible,Open,[],No IOC Match,Unknown,False
4151,EVT01552,45.13,Moderate,Review When Possible,Open,['High CVSS vulnerability'],No IOC Match,Unknown,False
4152,EVT04449,45.13,Moderate,Review When Possible,Open,['Multiple failed login attempts'],No IOC Match,Unknown,False
4153,EVT05919,45.13,Moderate,Review When Possible,Open,['High CVSS vulnerability'],No IOC Match,Unknown,False
4154,EVT06207,45.13,Moderate,Review When Possible,Open,['High CVSS vulnerability'],No IOC Match,Unknown,False
4155,EVT09546,45.13,Moderate,Review When Possible,Open,['High CVSS vulnerability'],No IOC Match,Unknown,False
4156,EVT00875,45.12,Moderate,Review When Possible,Open,[],No IOC Match,Unknown,False
4157,EVT01916,45.12,Moderate,Review When Possible,Open,[],No IOC Match,Unknown,False
4158,EVT07390,45.12,Moderate,Review When Possible,Open,[],No IOC Match,Unknown,False
4159,EVT08721,45.12,Moderate,Review When Possible,Open,['High CVSS vulnerability'],No IOC Match,Unknown,False
4160,EVT00948,45.11,Moderate,Review When Possible,Open,[],No IOC Match,Unknown,False
4161,EVT01054,45.11,Moderate,Review When Possible,Open,[],No IOC Match,Medium,True
4162,EVT06375,45.11,Moderate,Review When Possible,Open,['Multiple failed login attempts'],No IOC Match,Unknown,False
4163,EVT08494,45.1,Moderate,Review When Possible,Open,['High CVSS vulnerability'],No IOC Match,Unknown,False
4164,EVT09185,45.1,Moderate,Review When Possible,Open,[],No IOC Match,Unknown,False
4165,EVT02436,45.09,Moderate,Review When Possible,Open,[],No IOC Match,Unknown,False
4166,EVT04609,45.09,Moderate,Review When Possible,Open,[],No IOC Match,Unknown,False
4167,EVT05621,45.09,Moderate,Review When Possible,Open,['High CVSS vulnerability'],No IOC Match,Unknown,False
4168,EVT02892,45.08,Moderate,Review When Possible,Open,[],No IOC Match,Unknown,False
4169,EVT09434,45.08,Moderate,Review When Possible,Open,[],No IOC Match,Unknown,False
4170,EVT05662,45.07,Moderate,Review When Possible,Open,['Multiple failed login attempts'],No IOC Match,Unknown,False
4171,EVT07250,45.07,Moderate,Review When Possible,Open,[],No IOC Match,Unknown,False
4172,EVT01206,45.06,Moderate,Review When Possible,Open,[],No IOC Match,Unknown,False
4173,EVT05021,45.06,Moderate,Review When Possible,Open,['Multiple failed login attempts'],No IOC Match,Unknown,False
4174,EVT01055,45.05,Moderate,Review When Possible,Open,[],No IOC Match,Medium,True
4175,EVT01999,45.05,Moderate,Review When Possible,Open,[],No IOC Match,Unknown,False
4176,EVT05182,45.05,Moderate,Review When Possible,Open,['High CVSS vulnerability'],No IOC Match,Unknown,False
4177,EVT00492,45.04,Moderate,Review When Possible,Open,[],No IOC Match,Unknown,False
4178,EVT01146,45.04,Moderate,Review When Possible,Open,[],No IOC Match,Unknown,False
4179,EVT03251,45.04,Moderate,Review When Possible,Open,[],No IOC Match,Unknown,False
4180,EVT03994,45.04,Moderate,Review When Possible,Open,[],No IOC Match,Unknown,False
4181,EVT06805,45.04,Moderate,Review When Possible,Open,[],No IOC Match,Unknown,False
4182,EVT08033,45.04,Moderate,Review When Possible,Open,[],No IOC Match,High,True
4183,EVT01350,45.03,Moderate,Review When Possible,Open,[],No IOC Match,Unknown,False
4184,EVT03603,45.03,Moderate,Review When Possible,Open,[],No IOC Match,Unknown,False
4185,EVT08958,45.02,Moderate,Review When Possible,Open,[],No IOC Match,Unknown,False
4186,EVT00633,45.01,Moderate,Review When Possible,Open,[],No IOC Match,Unknown,False
4187,EVT01094,45.0,Moderate,Review When Possible,Open,[],No IOC Match,Unknown,False
4188,EVT03266,45.0,Moderate,Review When Possible,Open,['Multiple failed login attempts'],No IOC Match,Unknown,False
4189,EVT04624,45.0,Moderate,Review When Possible,Open,[],No IOC Match,Unknown,False
4190,EVT06100,45.0,Moderate,Review When Possible,Open,[],No IOC Match,Unknown,False
4191,EVT00325,44.99,Moderate,Review When Possible,Open,[],No IOC Match,Unknown,False
4192,EVT01103,44.99,Moderate,Review When Possible,Open,[],No IOC Match,Unknown,False
4193,EVT03171,44.99,Moderate,Review When Possible,Open,['Multiple failed login attempts'],No IOC Match,Unknown,False
4194,EVT06860,44.99,Moderate,Review When Possible,Open,['High CVSS vulnerability'],No IOC Match,Unknown,False
4195,EVT04078,44.97,Moderate,Review When Possible,Open,[],No IOC Match,Unknown,False
4196,EVT08850,44.97,Moderate,Review When Possible,Open,[],No IOC Match,Unknown,False
4197,EVT01158,44.96,Moderate,Review When Possible,Open,['High CVSS vulnerability'],No IOC Match,Low,True
4198,EVT02548,44.96,Moderate,Review When Possible,Open,[],No IOC Match,Unknown,False
4199,EVT07867,44.96,Moderate,Review When Possible,Open,[],No IOC Match,Unknown,False
4200,EVT09968,44.96,Moderate,Review When Possible,Open,[],No IOC Match,Unknown,False
4201,EVT02686,44.95,Moderate,Review When Possible,Open,[],No IOC Match,Unknown,False
4202,EVT01679,44.94,Moderate,Review When Possible,Open,['Multiple failed login attempts'],No IOC Match,Unknown,False
4203,EVT02656,44.94,Moderate,Review When Possible,Open,['High CVSS vulnerability'],No IOC Match,Unknown,False
4204,EVT09812,44.94,Moderate,Review When Possible,Open,[],No IOC Match,Unknown,False
4205,EVT00128,44.93,Moderate,Review When Possible,Open,[],No IOC Match,Unknown,False
4206,EVT06994,44.93,Moderate,Review When Possible,Open,['Multiple failed login attempts'],No IOC Match,Unknown,False
4207,EVT00756,44.92,Moderate,Review When Possible,Open,[],No IOC Match,Unknown,False
4208,EVT05435,44.92,Moderate,Review When Possible,Open,[],No IOC Match,Unknown,False
4209,EVT02097,44.91,Moderate,Review When Possible,Open,[],No IOC Match,Unknown,False
4210,EVT03725,44.91,Moderate,Review When Possible,Open,[],No IOC Match,Unknown,False
4211,EVT04122,44.91,Moderate,Review When Possible,Open,[],No IOC Match,Unknown,False
4212,EVT04196,44.91,Moderate,Review When Possible,Open,['Multiple failed login attempts'],No IOC Match,Unknown,False
4213,EVT04225,44.91,Moderate,Review When Possible,Open,[],No IOC Match,Unknown,False
4214,EVT03509,44.9,Moderate,Review When Possible,Open,[],No IOC Match,Unknown,False
4215,EVT06186,44.9,Moderate,Review When Possible,Open,['High CVSS vulnerability'],No IOC Match,Unknown,False
4216,EVT01779,44.89,Moderate,Review When Possible,Open,['Multiple failed login attempts'],No IOC Match,Unknown,False
4217,EVT09279,44.89,Moderate,Review When Possible,Open,['Multiple failed login attempts'],No IOC Match,Unknown,False
4218,EVT00642,44.88,Moderate,Review When Possible,Open,[],No IOC Match,Unknown,False
4219,EVT05755,44.88,Moderate,Review When Possible,Open,[],No IOC Match,Unknown,False
4220,EVT00154,44.87,Moderate,Review When Possible,Open,['High CVSS vulnerability'],No IOC Match,Unknown,False
4221,EVT01003,44.87,Moderate,Review When Possible,Open,[],No IOC Match,Unknown,False
4222,EVT01841,44.87,Moderate,Review When Possible,Open,[],No IOC Match,Unknown,False
4223,EVT03132,44.87,Moderate,Review When Possible,Open,['High CVSS vulnerability'],No IOC Match,Unknown,False
4224,EVT08737,44.87,Moderate,Review When Possible,Open,[],No IOC Match,Unknown,False
4225,EVT09786,44.87,Moderate,Review When Possible,Open,['High CVSS vulnerability'],No IOC Match,Unknown,False
4226,EVT02034,44.85,Moderate,Review When Possible,Open,['High CVSS vulnerability'],No IOC Match,Unknown,False
4227,EVT05353,44.85,Moderate,Review When Possible,Open,[],No IOC Match,Unknown,False
4228,EVT07017,44.85,Moderate,Review When Possible,Open,[],No IOC Match,Unknown,False
4229,EVT02494,44.84,Moderate,Review When Possible,Open,['High CVSS vulnerability'],No IOC Match,Unknown,False
4230,EVT02959,44.84,Moderate,Review When Possible,Open,['Multiple failed login attempts'],No IOC Match,Unknown,False
4231,EVT02391,44.83,Moderate,Review When Possible,Open,[],No IOC Match,Unknown,False
4232,EVT02860,44.83,Moderate,Review When Possible,Open,['High CVSS vulnerability'],No IOC Match,Unknown,False
4233,EVT07990,44.83,Moderate,Review When Possible,Open,[],No IOC Match,Unknown,False
4234,EVT09571,44.83,Moderate,Review When Possible,Open,[],No IOC Match,Unknown,False
4235,EVT03124,44.81,Moderate,Review When Possible,Open,['Multiple failed login attempts'],No IOC Match,Unknown,False
4236,EVT04544,44.81,Moderate,Review When Possible,Open,[],No IOC Match,Unknown,False
4237,EVT04697,44.8,Moderate,Review When Possible,Open,['High CVSS vulnerability'],No IOC Match,Unknown,False
4238,EVT03616,44.78,Moderate,Review When Possible,Open,[],No IOC Match,Unknown,False
4239,EVT07310,44.78,Moderate,Review When Possible,Open,[],No IOC Match,Unknown,False
4240,EVT03484,44.77,Moderate,Review When Possible,Open,[],No IOC Match,Unknown,False
4241,EVT05149,44.77,Moderate,Review When Possible,Open,[],No IOC Match,Unknown,False
4242,EVT05689,44.77,Moderate,Review When Possible,Open,[],No IOC Match,Unknown,False
4243,EVT07574,44.77,Moderate,Review When Possible,Open,['High CVSS vulnerability'],No IOC Match,Unknown,False
4244,EVT07861,44.77,Moderate,Review When Possible,Open,['High CVSS vulnerability'],No IOC Match,Unknown,False
4245,EVT08257,44.76,Moderate,Review When Possible,Open,[],No IOC Match,Unknown,False
4246,EVT09395,44.76,Moderate,Review When Possible,Open,[],No IOC Match,Unknown,False
4247,EVT02153,44.75,Moderate,Review When Possible,Open,[],No IOC Match,Unknown,False
4248,EVT09935,44.74,Moderate,Review When Possible,Open,['High CVSS vulnerability'],No IOC Match,Unknown,False
4249,EVT06161,44.72,Moderate,Review When Possible,Open,[],No IOC Match,Unknown,False
4250,EVT06293,44.72,Moderate,Review When Possible,Open,['High CVSS vulnerability'],No IOC Match,Unknown,False
4251,EVT09025,44.72,Moderate,Review When Possible,Open,['Multiple failed login attempts'],No IOC Match,Unknown,False
4252,EVT00296,44.71,Moderate,Review When Possible,Open,[],No IOC Match,Unknown,False
4253,EVT02984,44.71,Moderate,Review When Possible,Open,[],No IOC Match,Unknown,False
4254,EVT00740,44.7,Moderate,Review When Possible,Open,['High CVSS vulnerability'],No IOC Match,Unknown,False
4255,EVT03907,44.7,Moderate,Review When Possible,Open,[],No IOC Match,Unknown,False
4256,EVT01596,44.69,Moderate,Review When Possible,Open,[],No IOC Match,Unknown,False
4257,EVT03503,44.69,Moderate,Review When Possible,Open,[],No IOC Match,Unknown,False
4258,EVT03533,44.69,Moderate,Review When Possible,Open,[],No IOC Match,Medium,True
4259,EVT08017,44.68,Moderate,Review When Possible,Open,[],No IOC Match,Medium,True
4260,EVT08771,44.68,Moderate,Review When Possible,Open,[],No IOC Match,Unknown,False
4261,EVT02591,44.67,Moderate,Review When Possible,Open,[],No IOC Match,Medium,True
4262,EVT03476,44.67,Moderate,Review When Possible,Open,[],No IOC Match,Medium,True
4263,EVT04875,44.67,Moderate,Review When Possible,Open,['Multiple failed login attempts'],No IOC Match,Unknown,False
4264,EVT04923,44.67,Moderate,Review When Possible,Open,['High CVSS vulnerability'],No IOC Match,Unknown,False
4265,EVT07756,44.67,Moderate,Review When Possible,Open,[],No IOC Match,Unknown,False
4266,EVT02127,44.66,Moderate,Review When Possible,Open,['Multiple failed login attempts'],No IOC Match,Unknown,False
4267,EVT05383,44.66,Moderate,Review When Possible,Open,[],No IOC Match,Unknown,False
4268,EVT06067,44.66,Moderate,Review When Possible,Open,[],No IOC Match,Unknown,False
4269,EVT08013,44.66,Moderate,Review When Possible,Open,[],No IOC Match,Unknown,False
4270,EVT02405,44.65,Moderate,Review When Possible,Open,['High CVSS vulnerability'],No IOC Match,Unknown,False
4271,EVT07424,44.65,Moderate,Review When Possible,Open,[],No IOC Match,Unknown,False
4272,EVT07892,44.65,Moderate,Review When Possible,Open,['Multiple failed login attempts'],No IOC Match,Unknown,False
4273,EVT09852,44.65,Moderate,Review When Possible,Open,[],No IOC Match,Unknown,False
4274,EVT03262,44.64,Moderate,Review When Possible,Open,[],No IOC Match,Unknown,False
4275,EVT01036,44.63,Moderate,Review When Possible,Open,[],No IOC Match,Unknown,False
4276,EVT04362,44.63,Moderate,Review When Possible,Open,['Multiple failed login attempts'],No IOC Match,Unknown,False
4277,EVT07835,44.62,Moderate,Review When Possible,Open,[],No IOC Match,Unknown,False
4278,EVT08265,44.62,Moderate,Review When Possible,Open,['High CVSS vulnerability'],No IOC Match,Unknown,False
4279,EVT05169,44.61,Moderate,Review When Possible,Open,['Multiple failed login attempts'],No IOC Match,Unknown,False
4280,EVT01050,44.6,Moderate,Review When Possible,Open,[],No IOC Match,Unknown,False
4281,EVT02049,44.6,Moderate,Review When Possible,Open,[],No IOC Match,Unknown,False
4282,EVT07404,44.59,Moderate,Review When Possible,Open,['Multiple failed login attempts'],No IOC Match,Unknown,False
4283,EVT09684,44.59,Moderate,Review When Possible,Open,['High CVSS vulnerability'],No IOC Match,Unknown,False
4284,EVT01671,44.58,Moderate,Review When Possible,Open,['Multiple failed login attempts'],No IOC Match,Unknown,False
4285,EVT03695,44.58,Moderate,Review When Possible,Open,[],No IOC Match,Unknown,False
4286,EVT07092,44.58,Moderate,Review When Possible,Open,[],No IOC Match,Unknown,False
4287,EVT08267,44.58,Moderate,Review When Possible,Open,['High CVSS vulnerability'],No IOC Match,Unknown,False
4288,EVT05564,44.57,Moderate,Review When Possible,Open,['Multiple failed login attempts'],No IOC Match,Unknown,False
4289,EVT09695,44.57,Moderate,Review When Possible,Open,['High CVSS vulnerability'],No IOC Match,Unknown,False
4290,EVT05122,44.56,Moderate,Review When Possible,Open,['High CVSS vulnerability'],No IOC Match,Unknown,False
4291,EVT03045,44.55,Moderate,Review When Possible,Open,[],No IOC Match,Unknown,False
4292,EVT04541,44.55,Moderate,Review When Possible,Open,[],No IOC Match,Unknown,False
4293,EVT05697,44.55,Moderate,Review When Possible,Open,[],No IOC Match,Unknown,False
4294,EVT06078,44.55,Moderate,Review When Possible,Open,['Multiple failed login attempts'],No IOC Match,Unknown,False
4295,EVT08506,44.55,Moderate,Review When Possible,Open,['High CVSS vulnerability'],No IOC Match,Unknown,False
4296,EVT05080,44.54,Moderate,Review When Possible,Open,[],No IOC Match,Unknown,False
4297,EVT05546,44.54,Moderate,Review When Possible,Open,[],No IOC Match,Unknown,False
4298,EVT08256,44.54,Moderate,Review When Possible,Open,[],No IOC Match,Unknown,False
4299,EVT00512,44.53,Moderate,Review When Possible,Open,[],No IOC Match,Unknown,False
4300,EVT00898,44.53,Moderate,Review When Possible,Open,[],No IOC Match,Unknown,False
4301,EVT05440,44.53,Moderate,Review When Possible,Open,[],No IOC Match,Unknown,False
4302,EVT06172,44.53,Moderate,Review When Possible,Open,['Multiple failed login attempts'],No IOC Match,Unknown,False
4303,EVT06795,44.53,Moderate,Review When Possible,Open,[],No IOC Match,Unknown,False
4304,EVT06971,44.53,Moderate,Review When Possible,Open,['High CVSS vulnerability'],No IOC Match,Unknown,False
4305,EVT08608,44.53,Moderate,Review When Possible,Open,[],No IOC Match,Unknown,False
4306,EVT09241,44.52,Moderate,Review When Possible,Open,[],No IOC Match,Unknown,False
4307,EVT03705,44.51,Moderate,Review When Possible,Open,['Multiple failed login attempts'],No IOC Match,Unknown,False
4308,EVT05112,44.51,Moderate,Review When Possible,Open,[],No IOC Match,Unknown,False
4309,EVT05321,44.51,Moderate,Review When Possible,Open,[],No IOC Match,Unknown,False
4310,EVT02520,44.5,Moderate,Review When Possible,Open,[],No IOC Match,Unknown,False
4311,EVT07082,44.49,Moderate,Review When Possible,Open,[],No IOC Match,Unknown,False
4312,EVT01509,44.48,Moderate,Review When Possible,Open,['High CVSS vulnerability'],No IOC Match,Unknown,False
4313,EVT05628,44.48,Moderate,Review When Possible,Open,['Multiple failed login attempts'],No IOC Match,Unknown,False
4314,EVT06156,44.48,Moderate,Review When Possible,Open,[],No IOC Match,Unknown,False
4315,EVT06704,44.48,Moderate,Review When Possible,Open,[],No IOC Match,Unknown,False
4316,EVT08491,44.48,Moderate,Review When Possible,Open,[],No IOC Match,Unknown,False
4317,EVT02573,44.47,Moderate,Review When Possible,Open,[],No IOC Match,Unknown,False
4318,EVT03980,44.47,Moderate,Review When Possible,Open,['High CVSS vulnerability'],No IOC Match,Unknown,False
4319,EVT04011,44.47,Moderate,Review When Possible,Open,[],No IOC Match,Unknown,False
4320,EVT05835,44.47,Moderate,Review When Possible,Open,[],No IOC Match,Unknown,False
4321,EVT09420,44.47,Moderate,Review When Possible,Open,['Multiple failed login attempts'],No IOC Match,Unknown,False
4322,EVT03943,44.46,Moderate,Review When Possible,Open,[],No IOC Match,Unknown,False
4323,EVT08345,44.46,Moderate,Review When Possible,Open,[],No IOC Match,Unknown,False
4324,EVT08514,44.46,Moderate,Review When Possible,Open,[],No IOC Match,Unknown,False
4325,EVT01018,44.45,Moderate,Review When Possible,Open,[],No IOC Match,Unknown,False
4326,EVT01718,44.45,Moderate,Review When Possible,Open,[],No IOC Match,High,True
4327,EVT01950,44.44,Moderate,Review When Possible,Open,[],No IOC Match,Unknown,False
4328,EVT03033,44.44,Moderate,Review When Possible,Open,[],No IOC Match,Unknown,False
4329,EVT05012,44.44,Moderate,Review When Possible,Open,[],No IOC Match,Unknown,False
4330,EVT06553,44.44,Moderate,Review When Possible,Open,[],No IOC Match,Unknown,False
4331,EVT08170,44.44,Moderate,Review When Possible,Open,['Multiple failed login attempts'],No IOC Match,Unknown,False
4332,EVT00765,44.43,Moderate,Review When Possible,Open,[],No IOC Match,Unknown,False
4333,EVT03960,44.43,Moderate,Review When Possible,Open,[],No IOC Match,Unknown,False
4334,EVT07629,44.43,Moderate,Review When Possible,Open,[],No IOC Match,Unknown,False
4335,EVT08995,44.43,Moderate,Review When Possible,Open,['Critical asset'],No IOC Match,Critical,True
4336,EVT09084,44.43,Moderate,Review When Possible,Open,[],No IOC Match,Unknown,False
4337,EVT09361,44.43,Moderate,Review When Possible,Open,['High CVSS vulnerability'],No IOC Match,Unknown,False
4338,EVT00472,44.42,Moderate,Review When Possible,Open,[],No IOC Match,Unknown,False
4339,EVT05216,44.42,Moderate,Review When Possible,Open,[],No IOC Match,Unknown,False
4340,EVT05616,44.42,Moderate,Review When Possible,Open,[],No IOC Match,Unknown,False
4341,EVT07536,44.42,Moderate,Review When Possible,Open,['Multiple failed login attempts'],No IOC Match,Unknown,False
4342,EVT09156,44.42,Moderate,Review When Possible,Open,['High CVSS vulnerability'],No IOC Match,Unknown,False
4343,EVT05369,44.41,Moderate,Review When Possible,Open,[],No IOC Match,Unknown,False
4344,EVT07286,44.41,Moderate,Review When Possible,Open,['High CVSS vulnerability'],No IOC Match,Unknown,False
4345,EVT07804,44.41,Moderate,Review When Possible,Open,[],No IOC Match,Unknown,False
4346,EVT02998,44.4,Moderate,Review When Possible,Open,[],No IOC Match,Unknown,False
4347,EVT05571,44.4,Moderate,Review When Possible,Open,[],No IOC Match,Medium,True
4348,EVT06184,44.4,Moderate,Review When Possible,Open,[],No IOC Match,Unknown,False
4349,EVT07426,44.4,Moderate,Review When Possible,Open,[],No IOC Match,Unknown,False
4350,EVT00017,44.39,Moderate,Review When Possible,Open,[],No IOC Match,Unknown,False
4351,EVT00108,44.39,Moderate,Review When Possible,Open,['Multiple failed login attempts'],No IOC Match,Unknown,False
4352,EVT00465,44.39,Moderate,Review When Possible,Open,[],No IOC Match,Unknown,False
4353,EVT02208,44.39,Moderate,Review When Possible,Open,[],No IOC Match,Unknown,False
4354,EVT00759,44.38,Moderate,Review When Possible,Open,[],No IOC Match,Unknown,False
4355,EVT01504,44.38,Moderate,Review When Possible,Open,[],No IOC Match,Unknown,False
4356,EVT01548,44.38,Moderate,Review When Possible,Open,[],No IOC Match,Unknown,False
4357,EVT02823,44.38,Moderate,Review When Possible,Open,['High CVSS vulnerability'],No IOC Match,Unknown,False
4358,EVT04999,44.38,Moderate,Review When Possible,Open,[],No IOC Match,Unknown,False
4359,EVT09119,44.38,Moderate,Review When Possible,Open,[],No IOC Match,Unknown,False
4360,EVT00072,44.37,Moderate,Review When Possible,Open,['High CVSS vulnerability'],No IOC Match,Unknown,False
4361,EVT01837,44.37,Moderate,Review When Possible,Open,[],No IOC Match,Unknown,False
4362,EVT02534,44.37,Moderate,Review When Possible,Open,['High CVSS vulnerability'],No IOC Match,Unknown,False
4363,EVT05906,44.37,Moderate,Review When Possible,Open,[],No IOC Match,Unknown,False
4364,EVT07712,44.37,Moderate,Review When Possible,Open,[],No IOC Match,Unknown,False
4365,EVT08509,44.37,Moderate,Review When Possible,Open,['High CVSS vulnerability'],No IOC Match,Unknown,False
4366,EVT05376,44.36,Moderate,Review When Possible,Open,[],No IOC Match,Unknown,False
4367,EVT01180,44.35,Moderate,Review When Possible,Open,[],No IOC Match,Unknown,False
4368,EVT03372,44.35,Moderate,Review When Possible,Open,[],No IOC Match,Unknown,False
4369,EVT05498,44.35,Moderate,Review When Possible,Open,[],No IOC Match,Unknown,False
4370,EVT07843,44.35,Moderate,Review When Possible,Open,[],No IOC Match,Unknown,False
4371,EVT08903,44.35,Moderate,Review When Possible,Open,[],No IOC Match,High,True
4372,EVT00165,44.34,Moderate,Review When Possible,Open,[],No IOC Match,High,True
4373,EVT07102,44.34,Moderate,Review When Possible,Open,['High CVSS vulnerability'],No IOC Match,Unknown,False
4374,EVT08426,44.34,Moderate,Review When Possible,Open,['High CVSS vulnerability'],No IOC Match,Unknown,False
4375,EVT04848,44.33,Moderate,Review When Possible,Open,['High CVSS vulnerability'],No IOC Match,Unknown,False
4376,EVT03925,44.32,Moderate,Review When Possible,Open,[],No IOC Match,Unknown,False
4377,EVT04747,44.32,Moderate,Review When Possible,Open,['High CVSS vulnerability'],No IOC Match,Unknown,False
4378,EVT07814,44.32,Moderate,Review When Possible,Open,[],No IOC Match,Unknown,False
4379,EVT09776,44.32,Moderate,Review When Possible,Open,[],No IOC Match,Unknown,False
4380,EVT00937,44.31,Moderate,Review When Possible,Open,[],No IOC Match,Unknown,False
4381,EVT06922,44.31,Moderate,Review When Possible,Open,[],No IOC Match,Unknown,False
4382,EVT08852,44.28,Moderate,Review When Possible,Open,['High CVSS vulnerability'],No IOC Match,Unknown,False
4383,EVT01282,44.27,Moderate,Review When Possible,Open,['High CVSS vulnerability'],No IOC Match,Unknown,False
4384,EVT02620,44.27,Moderate,Review When Possible,Open,[],No IOC Match,Unknown,False
4385,EVT02654,44.27,Moderate,Review When Possible,Open,[],No IOC Match,Unknown,False
4386,EVT03664,44.27,Moderate,Review When Possible,Open,['High CVSS vulnerability'],No IOC Match,Unknown,False
4387,EVT07401,44.27,Moderate,Review When Possible,Open,['Multiple failed login attempts'],No IOC Match,Unknown,False
4388,EVT01419,44.26,Moderate,Review When Possible,Open,['High CVSS vulnerability'],No IOC Match,Unknown,False
4389,EVT04119,44.26,Moderate,Review When Possible,Open,[],No IOC Match,Unknown,False
4390,EVT05107,44.26,Moderate,Review When Possible,Open,[],No IOC Match,Unknown,False
4391,EVT04217,44.24,Moderate,Review When Possible,Open,['Multiple failed login attempts'],No IOC Match,Unknown,False
4392,EVT07081,44.24,Moderate,Review When Possible,Open,[],No IOC Match,Unknown,False
4393,EVT00529,44.23,Moderate,Review When Possible,Open,['Multiple failed login attempts'],No IOC Match,Unknown,False
4394,EVT01058,44.23,Moderate,Review When Possible,Open,[],No IOC Match,Unknown,False
4395,EVT09814,44.23,Moderate,Review When Possible,Open,[],No IOC Match,Low,True
4396,EVT02294,44.22,Moderate,Review When Possible,Open,[],No IOC Match,Unknown,False
4397,EVT03357,44.22,Moderate,Review When Possible,Open,[],No IOC Match,Unknown,False
4398,EVT05155,44.22,Moderate,Review When Possible,Open,[],No IOC Match,Unknown,False
4399,EVT07512,44.22,Moderate,Review When Possible,Open,['High CVSS vulnerability'],No IOC Match,Unknown,False
4400,EVT00399,44.21,Moderate,Review When Possible,Open,[],No IOC Match,Unknown,False
4401,EVT01575,44.21,Moderate,Review When Possible,Open,[],No IOC Match,Unknown,False
4402,EVT08019,44.21,Moderate,Review When Possible,Open,['High CVSS vulnerability'],No IOC Match,Unknown,False
4403,EVT08327,44.21,Moderate,Review When Possible,Open,[],No IOC Match,Unknown,False
4404,EVT09424,44.21,Moderate,Review When Possible,Open,['High CVSS vulnerability'],No IOC Match,Unknown,False
4405,EVT03157,44.2,Moderate,Review When Possible,Open,[],No IOC Match,Unknown,False
4406,EVT03379,44.2,Moderate,Review When Possible,Open,['Multiple failed login attempts'],No IOC Match,Unknown,False
4407,EVT03432,44.2,Moderate,Review When Possible,Open,[],No IOC Match,Unknown,False
4408,EVT05213,44.2,Moderate,Review When Possible,Open,['High CVSS vulnerability'],No IOC Match,Unknown,False
4409,EVT05529,44.2,Moderate,Review When Possible,Open,['High CVSS vulnerability'],No IOC Match,Unknown,False
4410,EVT07491,44.2,Moderate,Review When Possible,Open,[],No IOC Match,Unknown,False
4411,EVT00542,44.19,Moderate,Review When Possible,Open,[],No IOC Match,Unknown,False
4412,EVT00675,44.19,Moderate,Review When Possible,Open,[],No IOC Match,Unknown,False
4413,EVT00686,44.19,Moderate,Review When Possible,Open,[],No IOC Match,Unknown,False
4414,EVT01421,44.19,Moderate,Review When Possible,Open,[],No IOC Match,Unknown,False
4415,EVT02636,44.19,Moderate,Review When Possible,Open,['Multiple failed login attempts'],No IOC Match,Unknown,False
4416,EVT04598,44.19,Moderate,Review When Possible,Open,[],No IOC Match,Unknown,False
4417,EVT00184,44.18,Moderate,Review When Possible,Open,[],No IOC Match,Unknown,False
4418,EVT00979,44.18,Moderate,Review When Possible,Open,['High CVSS vulnerability'],No IOC Match,Unknown,False
4419,EVT07748,44.18,Moderate,Review When Possible,Open,[],No IOC Match,Unknown,False
4420,EVT08461,44.18,Moderate,Review When Possible,Open,[],No IOC Match,Unknown,False
4421,EVT03079,44.17,Moderate,Review When Possible,Open,['Multiple failed login attempts'],No IOC Match,Unknown,False
4422,EVT04787,44.17,Moderate,Review When Possible,Open,[],No IOC Match,Unknown,False
4423,EVT07590,44.16,Moderate,Review When Possible,Open,[],No IOC Match,Low,True
4424,EVT00419,44.15,Moderate,Review When Possible,Open,[],No IOC Match,Unknown,False
4425,EVT02139,44.15,Moderate,Review When Possible,Open,[],No IOC Match,Unknown,False
4426,EVT02338,44.15,Moderate,Review When Possible,Open,['High CVSS vulnerability'],No IOC Match,Unknown,False
4427,EVT01927,44.14,Moderate,Review When Possible,Open,[],No IOC Match,Unknown,False
4428,EVT03360,44.14,Moderate,Review When Possible,Open,['High CVSS vulnerability'],No IOC Match,Unknown,False
4429,EVT04443,44.14,Moderate,Review When Possible,Open,[],No IOC Match,Unknown,False
4430,EVT06885,44.14,Moderate,Review When Possible,Open,[],No IOC Match,Unknown,False
4431,EVT07689,44.14,Moderate,Review When Possible,Open,[],No IOC Match,Unknown,False
4432,EVT02887,44.13,Moderate,Review When Possible,Open,[],No IOC Match,Unknown,False
4433,EVT04585,44.13,Moderate,Review When Possible,Open,['Multiple failed login attempts'],No IOC Match,Unknown,False
4434,EVT05331,44.13,Moderate,Review When Possible,Open,[],No IOC Match,Unknown,False
4435,EVT05883,44.13,Moderate,Review When Possible,Open,[],No IOC Match,Unknown,False
4436,EVT01730,44.12,Moderate,Review When Possible,Open,['High CVSS vulnerability'],No IOC Match,Unknown,False
4437,EVT03107,44.12,Moderate,Review When Possible,Open,[],No IOC Match,Unknown,False
4438,EVT04126,44.12,Moderate,Review When Possible,Open,[],No IOC Match,Unknown,False
4439,EVT05762,44.12,Moderate,Review When Possible,Open,['High CVSS vulnerability'],No IOC Match,Unknown,False
4440,EVT05875,44.12,Moderate,Review When Possible,Open,[],No IOC Match,Unknown,False
4441,EVT07836,44.12,Moderate,Review When Possible,Open,['High CVSS vulnerability'],No IOC Match,Unknown,False
4442,EVT09683,44.12,Moderate,Review When Possible,Open,[],No IOC Match,Unknown,False
4443,EVT04061,44.11,Moderate,Review When Possible,Open,[],No IOC Match,Unknown,False
4444,EVT07359,44.11,Moderate,Review When Possible,Open,[],No IOC Match,Unknown,False
4445,EVT01011,44.1,Moderate,Review When Possible,Open,['Multiple failed login attempts'],No IOC Match,Unknown,False
4446,EVT04218,44.1,Moderate,Review When Possible,Open,['Multiple failed login attempts'],No IOC Match,Unknown,False
4447,EVT08821,44.09,Moderate,Review When Possible,Open,[],No IOC Match,Unknown,False
4448,EVT00791,44.08,Moderate,Review When Possible,Open,[],No IOC Match,Unknown,False
4449,EVT01603,44.08,Moderate,Review When Possible,Open,[],No IOC Match,Unknown,False
4450,EVT04014,44.08,Moderate,Review When Possible,Open,[],No IOC Match,Unknown,False
4451,EVT08087,44.08,Moderate,Review When Possible,Open,['Multiple failed login attempts'],No IOC Match,Unknown,False
4452,EVT00588,44.07,Moderate,Review When Possible,Open,['Multiple failed login attempts'],No IOC Match,Unknown,False
4453,EVT03730,44.07,Moderate,Review When Possible,Open,[],No IOC Match,Unknown,False
4454,EVT04430,44.07,Moderate,Review When Possible,Open,[],No IOC Match,Unknown,False
4455,EVT09187,44.07,Moderate,Review When Possible,Open,[],No IOC Match,Unknown,False
4456,EVT03083,44.06,Moderate,Review When Possible,Open,[],No IOC Match,Unknown,False
4457,EVT06234,44.06,Moderate,Review When Possible,Open,[],No IOC Match,Unknown,False
4458,EVT06767,44.06,Moderate,Review When Possible,Open,[],No IOC Match,Unknown,False
4459,EVT07886,44.06,Moderate,Review When Possible,Open,[],No IOC Match,Unknown,False
4460,EVT07905,44.06,Moderate,Review When Possible,Open,[],No IOC Match,Medium,True
4461,EVT00301,44.05,Moderate,Review When Possible,Open,['High CVSS vulnerability'],No IOC Match,Unknown,False
4462,EVT01962,44.05,Moderate,Review When Possible,Open,[],No IOC Match,Unknown,False
4463,EVT05093,44.04,Moderate,Review When Possible,Open,['High CVSS vulnerability'],No IOC Match,Low,True
4464,EVT06872,44.03,Moderate,Review When Possible,Open,['High CVSS vulnerability'],No IOC Match,Unknown,False
4465,EVT09414,44.03,Moderate,Review When Possible,Open,[],No IOC Match,Unknown,False
4466,EVT03991,44.02,Moderate,Review When Possible,Open,[],No IOC Match,Unknown,False
4467,EVT01211,44.01,Moderate,Review When Possible,Open,[],No IOC Match,Unknown,False
4468,EVT07580,44.01,Moderate,Review When Possible,Open,[],No IOC Match,Medium,True
4469,EVT07796,44.01,Moderate,Review When Possible,Open,[],No IOC Match,Unknown,False
4470,EVT08525,44.01,Moderate,Review When Possible,Open,['High CVSS vulnerability'],No IOC Match,Unknown,False
4471,EVT05679,44.0,Moderate,Review When Possible,Open,[],No IOC Match,Unknown,False
4472,EVT09486,44.0,Moderate,Review When Possible,Open,[],No IOC Match,Unknown,False
4473,EVT00961,43.99,Moderate,Review When Possible,Open,[],No IOC Match,Unknown,False
4474,EVT01940,43.99,Moderate,Review When Possible,Open,['Critical asset'],No IOC Match,Critical,True
4475,EVT04501,43.98,Moderate,Review When Possible,Open,[],No IOC Match,Unknown,False
4476,EVT09781,43.98,Moderate,Review When Possible,Open,[],No IOC Match,Unknown,False
4477,EVT01482,43.97,Moderate,Review When Possible,Open,[],No IOC Match,Unknown,False
4478,EVT02757,43.97,Moderate,Review When Possible,Open,['High CVSS vulnerability'],No IOC Match,Unknown,False
4479,EVT03085,43.97,Moderate,Review When Possible,Open,['High CVSS vulnerability'],No IOC Match,Unknown,False
4480,EVT05948,43.97,Moderate,Review When Possible,Open,[],No IOC Match,Unknown,False
4481,EVT09484,43.97,Moderate,Review When Possible,Open,[],No IOC Match,Unknown,False
4482,EVT00920,43.96,Moderate,Review When Possible,Open,['High CVSS vulnerability'],No IOC Match,Unknown,False
4483,EVT06002,43.96,Moderate,Review When Possible,Open,[],No IOC Match,Unknown,False
4484,EVT01120,43.95,Moderate,Review When Possible,Open,[],No IOC Match,Unknown,False
4485,EVT02668,43.95,Moderate,Review When Possible,Open,[],No IOC Match,Unknown,False
4486,EVT09201,43.95,Moderate,Review When Possible,Open,[],No IOC Match,High,True
4487,EVT00259,43.94,Moderate,Review When Possible,Open,[],No IOC Match,Unknown,False
4488,EVT00607,43.94,Moderate,Review When Possible,Open,['High CVSS vulnerability'],No IOC Match,Unknown,False
4489,EVT00634,43.94,Moderate,Review When Possible,Open,[],No IOC Match,Unknown,False
4490,EVT01803,43.94,Moderate,Review When Possible,Open,[],No IOC Match,Unknown,False
4491,EVT05264,43.94,Moderate,Review When Possible,Open,[],No IOC Match,Unknown,False
4492,EVT08600,43.94,Moderate,Review When Possible,Open,['Multiple failed login attempts'],No IOC Match,Unknown,False
4493,EVT01328,43.93,Moderate,Review When Possible,Open,[],No IOC Match,Unknown,False
4494,EVT05680,43.93,Moderate,Review When Possible,Open,['Multiple failed login attempts'],No IOC Match,Unknown,False
4495,EVT06193,43.93,Moderate,Review When Possible,Open,['High CVSS vulnerability'],No IOC Match,Unknown,False
4496,EVT07188,43.93,Moderate,Review When Possible,Open,[],No IOC Match,Unknown,False
4497,EVT07230,43.93,Moderate,Review When Possible,Open,['High CVSS vulnerability'],No IOC Match,Unknown,False
4498,EVT08645,43.93,Moderate,Review When Possible,Open,['High CVSS vulnerability'],No IOC Match,Unknown,False
4499,EVT01857,43.92,Moderate,Review When Possible,Open,[],No IOC Match,Unknown,False
4500,EVT05144,43.92,Moderate,Review When Possible,Open,['Multiple failed login attempts'],No IOC Match,Unknown,False
4501,EVT09588,43.92,Moderate,Review When Possible,Open,[],No IOC Match,Unknown,False
4502,EVT07627,43.91,Moderate,Review When Possible,Open,[],No IOC Match,Unknown,False
4503,EVT00404,43.9,Moderate,Review When Possible,Open,[],No IOC Match,Unknown,False
4504,EVT01315,43.9,Moderate,Review When Possible,Open,['High CVSS vulnerability'],No IOC Match,Unknown,False
4505,EVT04464,43.9,Moderate,Review When Possible,Open,[],No IOC Match,Unknown,False
4506,EVT08766,43.9,Moderate,Review When Possible,Open,[],No IOC Match,Unknown,False
4507,EVT03214,43.89,Moderate,Review When Possible,Open,['High CVSS vulnerability'],No IOC Match,Unknown,False
4508,EVT08219,43.89,Moderate,Review When Possible,Open,['Multiple failed login attempts'],No IOC Match,Unknown,False
4509,EVT04773,43.88,Moderate,Review When Possible,Open,[],No IOC Match,Unknown,False
4510,EVT04899,43.88,Moderate,Review When Possible,Open,[],No IOC Match,Unknown,False
4511,EVT03560,43.87,Moderate,Review When Possible,Open,[],No IOC Match,Unknown,False
4512,EVT06317,43.87,Moderate,Review When Possible,Open,[],No IOC Match,Unknown,False
4513,EVT07217,43.87,Moderate,Review When Possible,Open,[],No IOC Match,Unknown,False
4514,EVT05589,43.86,Moderate,Review When Possible,Open,[],No IOC Match,Unknown,False
4515,EVT05711,43.86,Moderate,Review When Possible,Open,[],No IOC Match,Unknown,False
4516,EVT05786,43.86,Moderate,Review When Possible,Open,['High CVSS vulnerability'],No IOC Match,Unknown,False
4517,EVT09031,43.86,Moderate,Review When Possible,Open,['High CVSS vulnerability'],No IOC Match,Unknown,False
4518,EVT03159,43.85,Moderate,Review When Possible,Open,['Multiple failed login attempts'],No IOC Match,Unknown,False
4519,EVT08870,43.85,Moderate,Review When Possible,Open,[],No IOC Match,Unknown,False
4520,EVT00855,43.84,Moderate,Review When Possible,Open,[],No IOC Match,Unknown,False
4521,EVT00899,43.84,Moderate,Review When Possible,Open,[],No IOC Match,Unknown,False
4522,EVT04079,43.84,Moderate,Review When Possible,Open,[],No IOC Match,Unknown,False
4523,EVT01259,43.83,Moderate,Review When Possible,Open,[],No IOC Match,Unknown,False
4524,EVT01471,43.83,Moderate,Review When Possible,Open,[],No IOC Match,Unknown,False
4525,EVT02169,43.83,Moderate,Review When Possible,Open,['High CVSS vulnerability'],No IOC Match,Unknown,False
4526,EVT03656,43.83,Moderate,Review When Possible,Open,[],No IOC Match,Unknown,False
4527,EVT03859,43.83,Moderate,Review When Possible,Open,['Multiple failed login attempts'],No IOC Match,Unknown,False
4528,EVT06404,43.83,Moderate,Review When Possible,Open,['Multiple failed login attempts'],No IOC Match,Unknown,False
4529,EVT06824,43.83,Moderate,Review When Possible,Open,['High CVSS vulnerability'],No IOC Match,Unknown,False
4530,EVT02083,43.82,Moderate,Review When Possible,Open,[],No IOC Match,Unknown,False
4531,EVT05625,43.82,Moderate,Review When Possible,Open,['Multiple failed login attempts'],No IOC Match,Unknown,False
4532,EVT09163,43.82,Moderate,Review When Possible,Open,[],No IOC Match,Unknown,False
4533,EVT04906,43.81,Moderate,Review When Possible,Open,['High CVSS vulnerability'],No IOC Match,Unknown,False
4534,EVT08177,43.81,Moderate,Review When Possible,Open,[],No IOC Match,Unknown,False
4535,EVT08854,43.81,Moderate,Review When Possible,Open,[],No IOC Match,Unknown,False
4536,EVT00644,43.8,Moderate,Review When Possible,Open,[],No IOC Match,Unknown,False
4537,EVT01090,43.8,Moderate,Review When Possible,Open,[],No IOC Match,Unknown,False
4538,EVT07400,43.8,Moderate,Review When Possible,Open,[],No IOC Match,Unknown,False
4539,EVT08119,43.8,Moderate,Review When Possible,Open,[],No IOC Match,Unknown,False
4540,EVT04180,43.79,Moderate,Review When Possible,Open,['Multiple failed login attempts'],No IOC Match,Unknown,False
4541,EVT05030,43.79,Moderate,Review When Possible,Open,[],No IOC Match,Unknown,False
4542,EVT02177,43.78,Moderate,Review When Possible,Open,[],No IOC Match,Unknown,False
4543,EVT00601,43.77,Moderate,Review When Possible,Open,[],No IOC Match,Unknown,False
4544,EVT01673,43.77,Moderate,Review When Possible,Open,['High CVSS vulnerability'],No IOC Match,Unknown,False
4545,EVT04152,43.77,Moderate,Review When Possible,Open,[],No IOC Match,Unknown,False
4546,EVT05517,43.77,Moderate,Review When Possible,Open,[],No IOC Match,Unknown,False
4547,EVT05890,43.77,Moderate,Review When Possible,Open,['High CVSS vulnerability'],No IOC Match,Unknown,False
4548,EVT06200,43.77,Moderate,Review When Possible,Open,[],No IOC Match,Unknown,False
4549,EVT09032,43.77,Moderate,Review When Possible,Open,[],No IOC Match,Unknown,False
4550,EVT08973,43.75,Moderate,Review When Possible,Open,[],No IOC Match,Unknown,False
4551,EVT00076,43.74,Moderate,Review When Possible,Open,['High CVSS vulnerability'],No IOC Match,Unknown,False
4552,EVT05918,43.74,Moderate,Review When Possible,Open,[],No IOC Match,Unknown,False
4553,EVT02944,43.73,Moderate,Review When Possible,Open,[],No IOC Match,Unknown,False
4554,EVT03826,43.73,Moderate,Review When Possible,Open,[],No IOC Match,High,True
4555,EVT06587,43.73,Moderate,Review When Possible,Open,[],No IOC Match,Unknown,False
4556,EVT01497,43.72,Moderate,Review When Possible,Open,[],No IOC Match,Unknown,False
4557,EVT03765,43.72,Moderate,Review When Possible,Open,[],No IOC Match,Unknown,False
4558,EVT06624,43.72,Moderate,Review When Possible,Open,[],No IOC Match,Unknown,False
4559,EVT07758,43.72,Moderate,Review When Possible,Open,[],No IOC Match,Unknown,False
4560,EVT08393,43.72,Moderate,Review When Possible,Open,['Multiple failed login attempts'],No IOC Match,Unknown,False
4561,EVT09050,43.72,Moderate,Review When Possible,Open,[],No IOC Match,Unknown,False
4562,EVT00652,43.7,Moderate,Review When Possible,Open,[],No IOC Match,Low,True
4563,EVT01217,43.7,Moderate,Review When Possible,Open,[],No IOC Match,Unknown,False
4564,EVT02748,43.7,Moderate,Review When Possible,Open,[],No IOC Match,Unknown,False
4565,EVT04866,43.7,Moderate,Review When Possible,Open,[],No IOC Match,Unknown,False
4566,EVT05067,43.7,Moderate,Review When Possible,Open,[],No IOC Match,Low,True
4567,EVT06642,43.7,Moderate,Review When Possible,Open,['High CVSS vulnerability'],No IOC Match,Unknown,False
4568,EVT00630,43.69,Moderate,Review When Possible,Open,[],No IOC Match,Unknown,False
4569,EVT04318,43.69,Moderate,Review When Possible,Open,[],No IOC Match,Unknown,False
4570,EVT08940,43.69,Moderate,Review When Possible,Open,['Multiple failed login attempts'],No IOC Match,Unknown,False
4571,EVT01097,43.68,Moderate,Review When Possible,Open,[],No IOC Match,Unknown,False
4572,EVT02131,43.67,Moderate,Review When Possible,Open,['High CVSS vulnerability'],No IOC Match,Unknown,False
4573,EVT07956,43.67,Moderate,Review When Possible,Open,[],No IOC Match,Unknown,False
4574,EVT04946,43.66,Moderate,Review When Possible,Open,[],No IOC Match,Unknown,False
4575,EVT01104,43.65,Moderate,Review When Possible,Open,[],No IOC Match,Unknown,False
4576,EVT03546,43.65,Moderate,Review When Possible,Open,[],No IOC Match,Unknown,False
4577,EVT04606,43.65,Moderate,Review When Possible,Open,[],No IOC Match,Unknown,False
4578,EVT04808,43.65,Moderate,Review When Possible,Open,['Multiple failed login attempts'],No IOC Match,Unknown,False
4579,EVT00405,43.64,Moderate,Review When Possible,Open,[],No IOC Match,Unknown,False
4580,EVT05229,43.63,Moderate,Review When Possible,Open,[],No IOC Match,Unknown,False
4581,EVT01981,43.62,Moderate,Review When Possible,Open,[],No IOC Match,Unknown,False
4582,EVT02957,43.62,Moderate,Review When Possible,Open,[],No IOC Match,Unknown,False
4583,EVT06926,43.62,Moderate,Review When Possible,Open,[],No IOC Match,Unknown,False
4584,EVT07668,43.62,Moderate,Review When Possible,Open,[],No IOC Match,Low,True
4585,EVT07695,43.62,Moderate,Review When Possible,Open,[],No IOC Match,Unknown,False
4586,EVT00310,43.61,Moderate,Review When Possible,Open,['High CVSS vulnerability'],No IOC Match,Unknown,False
4587,EVT00732,43.61,Moderate,Review When Possible,Open,[],No IOC Match,Unknown,False
4588,EVT07392,43.61,Moderate,Review When Possible,Open,['Multiple failed login attempts'],No IOC Match,Unknown,False
4589,EVT01517,43.59,Moderate,Review When Possible,Open,['Multiple failed login attempts'],No IOC Match,Unknown,False
4590,EVT08694,43.59,Moderate,Review When Possible,Open,['Multiple failed login attempts'],No IOC Match,Unknown,False
4591,EVT03817,43.58,Moderate,Review When Possible,Open,[],No IOC Match,Unknown,False
4592,EVT07967,43.57,Moderate,Review When Possible,Open,['High CVSS vulnerability'],No IOC Match,Unknown,False
4593,EVT09875,43.57,Moderate,Review When Possible,Open,['Multiple failed login attempts'],No IOC Match,Unknown,False
4594,EVT00755,43.56,Moderate,Review When Possible,Open,['High CVSS vulnerability'],No IOC Match,Unknown,False
4595,EVT05302,43.56,Moderate,Review When Possible,Open,['High CVSS vulnerability'],No IOC Match,Unknown,False
4596,EVT06989,43.56,Moderate,Review When Possible,Open,[],No IOC Match,Unknown,False
4597,EVT09752,43.56,Moderate,Review When Possible,Open,[],No IOC Match,Unknown,False
4598,EVT01949,43.55,Moderate,Review When Possible,Open,[],No IOC Match,Unknown,False
4599,EVT06494,43.55,Moderate,Review When Possible,Open,[],No IOC Match,Unknown,False
4600,EVT07019,43.55,Moderate,Review When Possible,Open,[],No IOC Match,Unknown,False
4601,EVT09557,43.55,Moderate,Review When Possible,Open,['Multiple failed login attempts'],No IOC Match,Unknown,False
4602,EVT02416,43.53,Moderate,Review When Possible,Open,[],No IOC Match,Unknown,False
4603,EVT04434,43.53,Moderate,Review When Possible,Open,[],No IOC Match,Unknown,False
4604,EVT00063,43.52,Moderate,Review When Possible,Open,['Multiple failed login attempts'],No IOC Match,Unknown,False
4605,EVT00840,43.52,Moderate,Review When Possible,Open,[],No IOC Match,Unknown,False
4606,EVT02510,43.52,Moderate,Review When Possible,Open,[],No IOC Match,Unknown,False
4607,EVT04947,43.52,Moderate,Review When Possible,Open,['High CVSS vulnerability'],No IOC Match,Unknown,False
4608,EVT00715,43.51,Moderate,Review When Possible,Open,['High CVSS vulnerability'],No IOC Match,Unknown,False
4609,EVT02377,43.51,Moderate,Review When Possible,Open,[],No IOC Match,Unknown,False
4610,EVT02614,43.51,Moderate,Review When Possible,Open,[],No IOC Match,Unknown,False
4611,EVT02878,43.51,Moderate,Review When Possible,Open,[],No IOC Match,Unknown,False
4612,EVT06209,43.51,Moderate,Review When Possible,Open,[],No IOC Match,Unknown,False
4613,EVT06245,43.51,Moderate,Review When Possible,Open,[],No IOC Match,Unknown,False
4614,EVT02059,43.5,Moderate,Review When Possible,Open,[],No IOC Match,Unknown,False
4615,EVT02848,43.5,Moderate,Review When Possible,Open,[],No IOC Match,Unknown,False
4616,EVT04398,43.5,Moderate,Review When Possible,Open,['Multiple failed login attempts'],No IOC Match,Unknown,False
4617,EVT06867,43.5,Moderate,Review When Possible,Open,['High CVSS vulnerability'],No IOC Match,Unknown,False
4618,EVT08434,43.5,Moderate,Review When Possible,Open,[],No IOC Match,Unknown,False
4619,EVT09512,43.5,Moderate,Review When Possible,Open,[],No IOC Match,Unknown,False
4620,EVT09663,43.5,Moderate,Review When Possible,Open,['High CVSS vulnerability'],No IOC Match,Unknown,False
4621,EVT00114,43.49,Moderate,Review When Possible,Open,[],No IOC Match,Unknown,False
4622,EVT02664,43.49,Moderate,Review When Possible,Open,['Critical asset'],No IOC Match,Critical,True
4623,EVT02026,43.48,Moderate,Review When Possible,Open,[],No IOC Match,Unknown,False
4624,EVT02300,43.48,Moderate,Review When Possible,Open,[],No IOC Match,Unknown,False
4625,EVT05059,43.48,Moderate,Review When Possible,Open,[],No IOC Match,Unknown,False
4626,EVT06302,43.48,Moderate,Review When Possible,Open,['Multiple failed login attempts'],No IOC Match,Unknown,False
4627,EVT08703,43.47,Moderate,Review When Possible,Open,[],No IOC Match,Unknown,False
4628,EVT01572,43.46,Moderate,Review When Possible,Open,[],No IOC Match,Medium,True
4629,EVT05499,43.46,Moderate,Review When Possible,Open,[],No IOC Match,Unknown,False
4630,EVT03271,43.45,Moderate,Review When Possible,Open,[],No IOC Match,Unknown,False
4631,EVT06654,43.45,Moderate,Review When Possible,Open,[],No IOC Match,Unknown,False
4632,EVT08106,43.45,Moderate,Review When Possible,Open,[],No IOC Match,Unknown,False
4633,EVT02262,43.44,Moderate,Review When Possible,Open,[],No IOC Match,Unknown,False
4634,EVT00059,43.43,Moderate,Review When Possible,Open,[],No IOC Match,Unknown,False
4635,EVT01134,43.43,Moderate,Review When Possible,Open,['High CVSS vulnerability'],No IOC Match,Unknown,False
4636,EVT01322,43.43,Moderate,Review When Possible,Open,[],No IOC Match,Unknown,False
4637,EVT06599,43.43,Moderate,Review When Possible,Open,[],No IOC Match,Unknown,False
4638,EVT07231,43.43,Moderate,Review When Possible,Open,[],No IOC Match,Unknown,False
4639,EVT09659,43.43,Moderate,Review When Possible,Open,[],No IOC Match,Unknown,False
4640,EVT01577,43.42,Moderate,Review When Possible,Open,[],No IOC Match,Unknown,False
4641,EVT01599,43.42,Moderate,Review When Possible,Open,['High CVSS vulnerability'],No IOC Match,Unknown,False
4642,EVT02282,43.42,Moderate,Review When Possible,Open,[],No IOC Match,Unknown,False
4643,EVT02762,43.42,Moderate,Review When Possible,Open,[],No IOC Match,Unknown,False
4644,EVT02881,43.42,Moderate,Review When Possible,Open,[],No IOC Match,Unknown,False
4645,EVT05013,43.42,Moderate,Review When Possible,Open,[],No IOC Match,Unknown,False
4646,EVT07305,43.42,Moderate,Review When Possible,Open,['High CVSS vulnerability'],No IOC Match,Unknown,False
4647,EVT01936,43.41,Moderate,Review When Possible,Open,[],No IOC Match,Unknown,False
4648,EVT02953,43.41,Moderate,Review When Possible,Open,['High CVSS vulnerability'],No IOC Match,Unknown,False
4649,EVT05034,43.41,Moderate,Review When Possible,Open,[],No IOC Match,Unknown,False
4650,EVT09675,43.41,Moderate,Review When Possible,Open,[],No IOC Match,Unknown,False
4651,EVT03759,43.4,Moderate,Review When Possible,Open,[],No IOC Match,Unknown,False
4652,EVT03868,43.4,Moderate,Review When Possible,Open,['High CVSS vulnerability'],No IOC Match,Unknown,False
4653,EVT03153,43.39,Moderate,Review When Possible,Open,['High CVSS vulnerability'],No IOC Match,Medium,True
4654,EVT03276,43.39,Moderate,Review When Possible,Open,[],No IOC Match,Medium,True
4655,EVT00550,43.38,Moderate,Review When Possible,Open,[],No IOC Match,Unknown,False
4656,EVT02917,43.38,Moderate,Review When Possible,Open,['High CVSS vulnerability'],No IOC Match,Unknown,False
4657,EVT06617,43.38,Moderate,Review When Possible,Open,[],No IOC Match,Unknown,False
4658,EVT00049,43.37,Moderate,Review When Possible,Open,[],No IOC Match,Unknown,False
4659,EVT04940,43.37,Moderate,Review When Possible,Open,['High CVSS vulnerability'],No IOC Match,Medium,True
4660,EVT05202,43.37,Moderate,Review When Possible,Open,[],No IOC Match,Unknown,False
4661,EVT06272,43.35,Moderate,Review When Possible,Open,[],No IOC Match,Unknown,False
4662,EVT08659,43.35,Moderate,Review When Possible,Open,[],No IOC Match,Unknown,False
4663,EVT02104,43.34,Moderate,Review When Possible,Open,[],No IOC Match,Unknown,False
4664,EVT04500,43.34,Moderate,Review When Possible,Open,[],No IOC Match,Unknown,False
4665,EVT04579,43.34,Moderate,Review When Possible,Open,['Multiple failed login attempts'],No IOC Match,Unknown,False
4666,EVT01224,43.33,Moderate,Review When Possible,Open,[],No IOC Match,Unknown,False
4667,EVT02518,43.33,Moderate,Review When Possible,Open,[],No IOC Match,Unknown,False
4668,EVT03091,43.33,Moderate,Review When Possible,Open,[],No IOC Match,Unknown,False
4669,EVT07193,43.32,Moderate,Review When Possible,Open,['Multiple failed login attempts'],No IOC Match,High,True
4670,EVT07635,43.32,Moderate,Review When Possible,Open,['High CVSS vulnerability'],No IOC Match,Unknown,False
4671,EVT01046,43.31,Moderate,Review When Possible,Open,[],No IOC Match,Unknown,False
4672,EVT09443,43.31,Moderate,Review When Possible,Open,[],No IOC Match,Unknown,False
4673,EVT00365,43.3,Moderate,Review When Possible,Open,[],No IOC Match,Unknown,False
4674,EVT03526,43.3,Moderate,Review When Possible,Open,['Multiple failed login attempts'],No IOC Match,Unknown,False
4675,EVT05327,43.3,Moderate,Review When Possible,Open,['Multiple failed login attempts'],No IOC Match,Unknown,False
4676,EVT00130,43.29,Moderate,Review When Possible,Open,[],No IOC Match,Unknown,False
4677,EVT03029,43.29,Moderate,Review When Possible,Open,[],No IOC Match,Unknown,False
4678,EVT01004,43.28,Moderate,Review When Possible,Open,[],No IOC Match,Unknown,False
4679,EVT02941,43.28,Moderate,Review When Possible,Open,[],No IOC Match,Unknown,False
4680,EVT03041,43.28,Moderate,Review When Possible,Open,['High CVSS vulnerability'],No IOC Match,Unknown,False
4681,EVT08744,43.28,Moderate,Review When Possible,Open,[],No IOC Match,Unknown,False
4682,EVT09523,43.28,Moderate,Review When Possible,Open,[],No IOC Match,Unknown,False
4683,EVT00349,43.27,Moderate,Review When Possible,Open,[],No IOC Match,Unknown,False
4684,EVT02335,43.27,Moderate,Review When Possible,Open,[],No IOC Match,Unknown,False
4685,EVT03838,43.27,Moderate,Review When Possible,Open,['Multiple failed login attempts'],No IOC Match,Unknown,False
4686,EVT05740,43.27,Moderate,Review When Possible,Open,[],No IOC Match,Unknown,False
4687,EVT05847,43.27,Moderate,Review When Possible,Open,['Multiple failed login attempts'],No IOC Match,Unknown,False
4688,EVT05921,43.27,Moderate,Review When Possible,Open,['Multiple failed login attempts'],No IOC Match,Low,True
4689,EVT05171,43.25,Moderate,Review When Possible,Open,[],No IOC Match,Unknown,False
4690,EVT08408,43.25,Moderate,Review When Possible,Open,[],No IOC Match,Unknown,False
4691,EVT08818,43.25,Moderate,Review When Possible,Open,['High CVSS vulnerability'],No IOC Match,Unknown,False
4692,EVT00014,43.24,Moderate,Review When Possible,Open,['High CVSS vulnerability'],No IOC Match,Unknown,False
4693,EVT02027,43.24,Moderate,Review When Possible,Open,['High CVSS vulnerability'],No IOC Match,Unknown,False
4694,EVT06121,43.24,Moderate,Review When Possible,Open,[],No IOC Match,Unknown,False
4695,EVT06699,43.24,Moderate,Review When Possible,Open,['Multiple failed login attempts'],No IOC Match,Unknown,False
4696,EVT00028,43.23,Moderate,Review When Possible,Open,['High CVSS vulnerability'],No IOC Match,Unknown,False
4697,EVT04081,43.23,Moderate,Review When Possible,Open,['High CVSS vulnerability'],No IOC Match,Unknown,False
4698,EVT04100,43.23,Moderate,Review When Possible,Open,[],No IOC Match,Unknown,False
4699,EVT00643,43.22,Moderate,Review When Possible,Open,[],No IOC Match,Unknown,False
4700,EVT01257,43.22,Moderate,Review When Possible,Open,['Multiple failed login attempts'],No IOC Match,Unknown,False
4701,EVT04539,43.22,Moderate,Review When Possible,Open,['Multiple failed login attempts'],No IOC Match,Unknown,False
4702,EVT04937,43.22,Moderate,Review When Possible,Open,[],No IOC Match,Unknown,False
4703,EVT07136,43.22,Moderate,Review When Possible,Open,[],No IOC Match,Unknown,False
4704,EVT00824,43.21,Moderate,Review When Possible,Open,['Multiple failed login attempts'],No IOC Match,Unknown,False
4705,EVT02326,43.21,Moderate,Review When Possible,Open,[],No IOC Match,Unknown,False
4706,EVT06646,43.21,Moderate,Review When Possible,Open,[],No IOC Match,Unknown,False
4707,EVT07569,43.21,Moderate,Review When Possible,Open,[],No IOC Match,Unknown,False
4708,EVT01397,43.2,Moderate,Review When Possible,Open,['Multiple failed login attempts'],No IOC Match,Unknown,False
4709,EVT01802,43.2,Moderate,Review When Possible,Open,['High CVSS vulnerability'],No IOC Match,Unknown,False
4710,EVT06334,43.2,Moderate,Review When Possible,Open,[],No IOC Match,Unknown,False
4711,EVT08039,43.2,Moderate,Review When Possible,Open,[],No IOC Match,Unknown,False
4712,EVT06273,43.19,Moderate,Review When Possible,Open,[],No IOC Match,Unknown,False
4713,EVT09689,43.19,Moderate,Review When Possible,Open,[],No IOC Match,Unknown,False
4714,EVT02029,43.18,Moderate,Review When Possible,Open,[],No IOC Match,Unknown,False
4715,EVT02619,43.18,Moderate,Review When Possible,Open,[],No IOC Match,Unknown,False
4716,EVT06372,43.18,Moderate,Review When Possible,Open,[],No IOC Match,Unknown,False
4717,EVT03804,43.17,Moderate,Review When Possible,Open,[],No IOC Match,Unknown,False
4718,EVT03894,43.17,Moderate,Review When Possible,Open,['High CVSS vulnerability'],No IOC Match,Unknown,False
4719,EVT03926,43.17,Moderate,Review When Possible,Open,[],No IOC Match,Unknown,False
4720,EVT06101,43.17,Moderate,Review When Possible,Open,[],No IOC Match,Unknown,False
4721,EVT07683,43.17,Moderate,Review When Possible,Open,[],No IOC Match,Unknown,False
4722,EVT02735,43.16,Moderate,Review When Possible,Open,[],No IOC Match,Unknown,False
4723,EVT02792,43.16,Moderate,Review When Possible,Open,[],No IOC Match,Unknown,False
4724,EVT04179,43.16,Moderate,Review When Possible,Open,[],No IOC Match,Unknown,False
4725,EVT08476,43.16,Moderate,Review When Possible,Open,[],No IOC Match,Unknown,False
4726,EVT09199,43.16,Moderate,Review When Possible,Open,[],No IOC Match,Unknown,False
4727,EVT03750,43.15,Moderate,Review When Possible,Open,['High CVSS vulnerability'],No IOC Match,Unknown,False
4728,EVT04819,43.15,Moderate,Review When Possible,Open,[],No IOC Match,Unknown,False
4729,EVT06584,43.15,Moderate,Review When Possible,Open,[],No IOC Match,Low,True
4730,EVT08246,43.15,Moderate,Review When Possible,Open,[],No IOC Match,High,True
4731,EVT01591,43.14,Moderate,Review When Possible,Open,[],No IOC Match,Unknown,False
4732,EVT03934,43.14,Moderate,Review When Possible,Open,['High CVSS vulnerability'],No IOC Match,Unknown,False
4733,EVT09496,43.13,Moderate,Review When Possible,Open,[],No IOC Match,Unknown,False
4734,EVT03612,43.12,Moderate,Review When Possible,Open,[],No IOC Match,Unknown,False
4735,EVT07662,43.12,Moderate,Review When Possible,Open,['Multiple failed login attempts'],No IOC Match,Unknown,False
4736,EVT09152,43.12,Moderate,Review When Possible,Open,[],No IOC Match,Unknown,False
4737,EVT02948,43.11,Moderate,Review When Possible,Open,[],No IOC Match,Unknown,False
4738,EVT05947,43.11,Moderate,Review When Possible,Open,['High CVSS vulnerability'],No IOC Match,Unknown,False
4739,EVT04171,43.1,Moderate,Review When Possible,Open,['Multiple failed login attempts'],No IOC Match,Unknown,False
4740,EVT05473,43.09,Moderate,Review When Possible,Open,[],No IOC Match,Unknown,False
4741,EVT00081,43.08,Moderate,Review When Possible,Open,[],No IOC Match,Unknown,False
4742,EVT01528,43.08,Moderate,Review When Possible,Open,[],No IOC Match,Unknown,False
4743,EVT04454,43.08,Moderate,Review When Possible,Open,[],No IOC Match,Unknown,False
4744,EVT07658,43.08,Moderate,Review When Possible,Open,[],No IOC Match,Unknown,False
4745,EVT07727,43.08,Moderate,Review When Possible,Open,[],No IOC Match,Unknown,False
4746,EVT02779,43.07,Moderate,Review When Possible,Open,[],No IOC Match,Unknown,False
4747,EVT04555,43.07,Moderate,Review When Possible,Open,[],No IOC Match,Unknown,False
4748,EVT05810,43.07,Moderate,Review When Possible,Open,['High CVSS vulnerability'],No IOC Match,Unknown,False
4749,EVT02077,43.06,Moderate,Review When Possible,Open,[],No IOC Match,Unknown,False
4750,EVT04438,43.06,Moderate,Review When Possible,Open,[],No IOC Match,Unknown,False
4751,EVT07441,43.06,Moderate,Review When Possible,Open,[],No IOC Match,Unknown,False
4752,EVT08292,43.06,Moderate,Review When Possible,Open,[],No IOC Match,Unknown,False
4753,EVT08896,43.06,Moderate,Review When Possible,Open,['Multiple failed login attempts'],No IOC Match,Unknown,False
4754,EVT00013,43.05,Moderate,Review When Possible,Open,['Multiple failed login attempts'],No IOC Match,Unknown,False
4755,EVT00104,43.04,Moderate,Review When Possible,Open,[],No IOC Match,Medium,True
4756,EVT00575,43.04,Moderate,Review When Possible,Open,[],No IOC Match,Medium,True
4757,EVT06627,43.04,Moderate,Review When Possible,Open,['Multiple failed login attempts'],No IOC Match,Unknown,False
4758,EVT02126,43.03,Moderate,Review When Possible,Open,[],No IOC Match,Unknown,False
4759,EVT04687,43.03,Moderate,Review When Possible,Open,[],No IOC Match,Unknown,False
4760,EVT08472,43.03,Moderate,Review When Possible,Open,[],No IOC Match,Unknown,False
4761,EVT01568,43.02,Moderate,Review When Possible,Open,['Multiple failed login attempts'],No IOC Match,Unknown,False
4762,EVT02449,43.02,Moderate,Review When Possible,Open,['Multiple failed login attempts'],No IOC Match,Unknown,False
4763,EVT04533,43.02,Moderate,Review When Possible,Open,[],No IOC Match,Unknown,False
4764,EVT04891,43.02,Moderate,Review When Possible,Open,[],No IOC Match,Unknown,False
4765,EVT00445,43.01,Moderate,Review When Possible,Open,[],No IOC Match,Unknown,False
4766,EVT01704,43.01,Moderate,Review When Possible,Open,[],No IOC Match,Unknown,False
4767,EVT01626,43.0,Moderate,Review When Possible,Open,[],No IOC Match,Unknown,False
4768,EVT01653,43.0,Moderate,Review When Possible,Open,['High CVSS vulnerability'],No IOC Match,Unknown,False
4769,EVT05026,43.0,Moderate,Review When Possible,Open,['High CVSS vulnerability'],No IOC Match,Unknown,False
4770,EVT05631,43.0,Moderate,Review When Possible,Open,['Critical asset'],No IOC Match,Critical,True
4771,EVT04484,42.99,Moderate,Review When Possible,Open,[],No IOC Match,Unknown,False
4772,EVT01173,42.98,Moderate,Review When Possible,Open,['Multiple failed login attempts'],No IOC Match,Unknown,False
4773,EVT02503,42.98,Moderate,Review When Possible,Open,[],No IOC Match,Unknown,False
4774,EVT02806,42.98,Moderate,Review When Possible,Open,['High CVSS vulnerability'],No IOC Match,Unknown,False
4775,EVT03771,42.97,Moderate,Review When Possible,Open,[],No IOC Match,Unknown,False
4776,EVT05351,42.97,Moderate,Review When Possible,Open,['Multiple failed login attempts'],No IOC Match,Unknown,False
4777,EVT08239,42.97,Moderate,Review When Possible,Open,[],No IOC Match,Unknown,False
4778,EVT08339,42.97,Moderate,Review When Possible,Open,['High CVSS vulnerability'],No IOC Match,Unknown,False
4779,EVT01048,42.96,Moderate,Review When Possible,Open,[],No IOC Match,High,True
4780,EVT02427,42.96,Moderate,Review When Possible,Open,[],No IOC Match,Unknown,False
4781,EVT07519,42.96,Moderate,Review When Possible,Open,[],No IOC Match,Unknown,False
4782,EVT08827,42.96,Moderate,Review When Possible,Open,[],No IOC Match,Unknown,False
4783,EVT04929,42.95,Moderate,Review When Possible,Open,['Multiple failed login attempts'],No IOC Match,Unknown,False
4784,EVT08383,42.95,Moderate,Review When Possible,Open,[],No IOC Match,Unknown,False
4785,EVT02266,42.94,Moderate,Review When Possible,Open,[],No IOC Match,Unknown,False
4786,EVT04190,42.94,Moderate,Review When Possible,Open,[],No IOC Match,Unknown,False
4787,EVT05552,42.94,Moderate,Review When Possible,Open,[],No IOC Match,Unknown,False
4788,EVT09029,42.93,Moderate,Review When Possible,Open,['Multiple failed login attempts'],No IOC Match,Unknown,False
4789,EVT04699,42.92,Moderate,Review When Possible,Open,[],No IOC Match,Unknown,False
4790,EVT06786,42.92,Moderate,Review When Possible,Open,[],No IOC Match,Unknown,False
4791,EVT05742,42.91,Moderate,Review When Possible,Open,[],No IOC Match,Unknown,False
4792,EVT05862,42.91,Moderate,Review When Possible,Open,[],No IOC Match,High,True
4793,EVT00726,42.9,Moderate,Review When Possible,Open,[],No IOC Match,Unknown,False
4794,EVT01610,42.9,Moderate,Review When Possible,Open,[],No IOC Match,Unknown,False
4795,EVT03967,42.9,Moderate,Review When Possible,Open,[],No IOC Match,Unknown,False
4796,EVT04415,42.9,Moderate,Review When Possible,Open,[],No IOC Match,Unknown,False
4797,EVT09369,42.9,Moderate,Review When Possible,Open,[],No IOC Match,Unknown,False
4798,EVT04098,42.89,Moderate,Review When Possible,Open,[],No IOC Match,Unknown,False
4799,EVT05832,42.89,Moderate,Review When Possible,Open,[],No IOC Match,Unknown,False
4800,EVT09579,42.89,Moderate,Review When Possible,Open,[],No IOC Match,Unknown,False
4801,EVT08619,42.88,Moderate,Review When Possible,Open,['High CVSS vulnerability'],No IOC Match,Unknown,False
4802,EVT00441,42.87,Moderate,Review When Possible,Open,['High CVSS vulnerability'],No IOC Match,Unknown,False
4803,EVT07010,42.87,Moderate,Review When Possible,Open,['High CVSS vulnerability'],No IOC Match,Unknown,False
4804,EVT01681,42.86,Moderate,Review When Possible,Open,[],No IOC Match,Unknown,False
4805,EVT02418,42.86,Moderate,Review When Possible,Open,[],No IOC Match,Unknown,False
4806,EVT05595,42.86,Moderate,Review When Possible,Open,[],No IOC Match,Unknown,False
4807,EVT00698,42.85,Moderate,Review When Possible,Open,['High CVSS vulnerability'],No IOC Match,Unknown,False
4808,EVT00938,42.85,Moderate,Review When Possible,Open,['Multiple failed login attempts'],No IOC Match,Unknown,False
4809,EVT01010,42.85,Moderate,Review When Possible,Open,[],No IOC Match,Unknown,False
4810,EVT03338,42.85,Moderate,Review When Possible,Open,[],No IOC Match,Unknown,False
4811,EVT09403,42.85,Moderate,Review When Possible,Open,[],No IOC Match,Unknown,False
4812,EVT01583,42.84,Moderate,Review When Possible,Open,[],No IOC Match,Unknown,False
4813,EVT07302,42.84,Moderate,Review When Possible,Open,[],No IOC Match,Unknown,False
4814,EVT08478,42.84,Moderate,Review When Possible,Open,[],No IOC Match,Unknown,False
4815,EVT09742,42.84,Moderate,Review When Possible,Open,[],No IOC Match,Unknown,False
4816,EVT04538,42.83,Moderate,Review When Possible,Open,['Multiple failed login attempts'],No IOC Match,Unknown,False
4817,EVT05423,42.83,Moderate,Review When Possible,Open,[],No IOC Match,Unknown,False
4818,EVT05806,42.83,Moderate,Review When Possible,Open,['High CVSS vulnerability'],No IOC Match,Unknown,False
4819,EVT06419,42.83,Moderate,Review When Possible,Open,[],No IOC Match,Unknown,False
4820,EVT08020,42.83,Moderate,Review When Possible,Open,[],No IOC Match,Unknown,False
4821,EVT09340,42.83,Moderate,Review When Possible,Open,['Multiple failed login attempts'],No IOC Match,Unknown,False
4822,EVT02380,42.82,Moderate,Review When Possible,Open,['Multiple failed login attempts'],No IOC Match,Unknown,False
4823,EVT03770,42.82,Moderate,Review When Possible,Open,[],No IOC Match,Unknown,False
4824,EVT06254,42.82,Moderate,Review When Possible,Open,['High CVSS vulnerability'],No IOC Match,Unknown,False
4825,EVT08992,42.82,Moderate,Review When Possible,Open,[],No IOC Match,Unknown,False
4826,EVT00146,42.81,Moderate,Review When Possible,Open,['Multiple failed login attempts'],No IOC Match,Unknown,False
4827,EVT03550,42.81,Moderate,Review When Possible,Open,[],No IOC Match,Medium,True
4828,EVT04919,42.81,Moderate,Review When Possible,Open,[],No IOC Match,Low,True
4829,EVT09456,42.81,Moderate,Review When Possible,Open,[],No IOC Match,Unknown,False
4830,EVT04131,42.79,Moderate,Review When Possible,Open,[],No IOC Match,Unknown,False
4831,EVT04927,42.79,Moderate,Review When Possible,Open,[],No IOC Match,Unknown,False
4832,EVT02387,42.78,Moderate,Review When Possible,Open,['High CVSS vulnerability'],No IOC Match,Unknown,False
4833,EVT02616,42.78,Moderate,Review When Possible,Open,['Multiple failed login attempts'],No IOC Match,Unknown,False
4834,EVT06676,42.78,Moderate,Review When Possible,Open,[],No IOC Match,Unknown,False
4835,EVT07135,42.78,Moderate,Review When Possible,Open,[],No IOC Match,Unknown,False
4836,EVT00813,42.77,Moderate,Review When Possible,Open,[],No IOC Match,Unknown,False
4837,EVT02008,42.77,Moderate,Review When Possible,Open,[],No IOC Match,Unknown,False
4838,EVT03937,42.77,Moderate,Review When Possible,Open,[],No IOC Match,Unknown,False
4839,EVT04641,42.77,Moderate,Review When Possible,Open,[],No IOC Match,Unknown,False
4840,EVT08391,42.77,Moderate,Review When Possible,Open,[],No IOC Match,Unknown,False
4841,EVT01130,42.76,Moderate,Review When Possible,Open,[],No IOC Match,Unknown,False
4842,EVT06035,42.76,Moderate,Review When Possible,Open,['Multiple failed login attempts'],No IOC Match,Unknown,False
4843,EVT09709,42.75,Moderate,Review When Possible,Open,[],No IOC Match,Unknown,False
4844,EVT04860,42.74,Moderate,Review When Possible,Open,['High CVSS vulnerability'],No IOC Match,Low,True
4845,EVT05324,42.74,Moderate,Review When Possible,Open,[],No IOC Match,Unknown,False
4846,EVT06309,42.74,Moderate,Review When Possible,Open,['Multiple failed login attempts'],No IOC Match,Unknown,False
4847,EVT08599,42.74,Moderate,Review When Possible,Open,[],No IOC Match,Unknown,False
4848,EVT00393,42.73,Moderate,Review When Possible,Open,['Multiple failed login attempts'],No IOC Match,Unknown,False
4849,EVT01696,42.73,Moderate,Review When Possible,Open,[],No IOC Match,Unknown,False
4850,EVT06249,42.73,Moderate,Review When Possible,Open,[],No IOC Match,Unknown,False
4851,EVT07093,42.73,Moderate,Review When Possible,Open,[],No IOC Match,Unknown,False
4852,EVT08936,42.73,Moderate,Review When Possible,Open,['Multiple failed login attempts'],No IOC Match,Unknown,False
4853,EVT06733,42.72,Moderate,Review When Possible,Open,[],No IOC Match,Unknown,False
4854,EVT08056,42.72,Moderate,Review When Possible,Open,[],No IOC Match,Unknown,False
4855,EVT09329,42.72,Moderate,Review When Possible,Open,['Multiple failed login attempts'],No IOC Match,Unknown,False
4856,EVT01961,42.71,Moderate,Review When Possible,Open,[],No IOC Match,Unknown,False
4857,EVT03794,42.71,Moderate,Review When Possible,Open,[],No IOC Match,Unknown,False
4858,EVT07671,42.71,Moderate,Review When Possible,Open,[],No IOC Match,Unknown,False
4859,EVT08321,42.71,Moderate,Review When Possible,Open,[],No IOC Match,Unknown,False
4860,EVT02230,42.7,Moderate,Review When Possible,Open,[],No IOC Match,Unknown,False
4861,EVT04125,42.7,Moderate,Review When Possible,Open,[],No IOC Match,Unknown,False
4862,EVT07221,42.7,Moderate,Review When Possible,Open,['High CVSS vulnerability'],No IOC Match,Unknown,False
4863,EVT00967,42.69,Moderate,Review When Possible,Open,[],No IOC Match,Unknown,False
4864,EVT06706,42.69,Moderate,Review When Possible,Open,[],No IOC Match,Unknown,False
4865,EVT08384,42.69,Moderate,Review When Possible,Open,[],No IOC Match,Unknown,False
4866,EVT09141,42.69,Moderate,Review When Possible,Open,['Multiple failed login attempts'],No IOC Match,Unknown,False
4867,EVT01111,42.68,Moderate,Review When Possible,Open,[],No IOC Match,Unknown,False
4868,EVT06891,42.68,Moderate,Review When Possible,Open,[],No IOC Match,High,True
4869,EVT02023,42.67,Moderate,Review When Possible,Open,[],No IOC Match,Unknown,False
4870,EVT04003,42.67,Moderate,Review When Possible,Open,[],No IOC Match,High,True
4871,EVT06432,42.67,Moderate,Review When Possible,Open,[],No IOC Match,Unknown,False
4872,EVT05539,42.66,Moderate,Review When Possible,Open,[],No IOC Match,Unknown,False
4873,EVT00141,42.65,Moderate,Review When Possible,Open,[],No IOC Match,Unknown,False
4874,EVT01957,42.65,Moderate,Review When Possible,Open,[],No IOC Match,Unknown,False
4875,EVT04401,42.64,Moderate,Review When Possible,Open,[],No IOC Match,Unknown,False
4876,EVT07335,42.64,Moderate,Review When Possible,Open,[],No IOC Match,Unknown,False
4877,EVT04354,42.63,Moderate,Review When Possible,Open,[],No IOC Match,Unknown,False
4878,EVT00433,42.62,Moderate,Review When Possible,Open,[],No IOC Match,Unknown,False
4879,EVT01439,42.62,Moderate,Review When Possible,Open,[],No IOC Match,Unknown,False
4880,EVT01874,42.62,Moderate,Review When Possible,Open,[],No IOC Match,Unknown,False
4881,EVT01959,42.62,Moderate,Review When Possible,Open,[],No IOC Match,Unknown,False
4882,EVT05891,42.61,Moderate,Review When Possible,Open,[],No IOC Match,Unknown,False
4883,EVT06361,42.6,Moderate,Review When Possible,Open,[],No IOC Match,Unknown,False
4884,EVT07336,42.6,Moderate,Review When Possible,Open,[],No IOC Match,Unknown,False
4885,EVT09607,42.6,Moderate,Review When Possible,Open,[],No IOC Match,Unknown,False
4886,EVT06478,42.59,Moderate,Review When Possible,Open,[],No IOC Match,Unknown,False
4887,EVT06499,42.59,Moderate,Review When Possible,Open,[],No IOC Match,Unknown,False
4888,EVT09728,42.59,Moderate,Review When Possible,Open,[],No IOC Match,Unknown,False
4889,EVT02659,42.58,Moderate,Review When Possible,Open,['High CVSS vulnerability'],No IOC Match,Unknown,False
4890,EVT05907,42.58,Moderate,Review When Possible,Open,[],No IOC Match,Medium,True
4891,EVT02035,42.57,Moderate,Review When Possible,Open,[],No IOC Match,Unknown,False
4892,EVT07162,42.57,Moderate,Review When Possible,Open,[],No IOC Match,Unknown,False
4893,EVT07550,42.57,Moderate,Review When Possible,Open,[],No IOC Match,Unknown,False
4894,EVT00156,42.56,Moderate,Review When Possible,Open,['High CVSS vulnerability'],No IOC Match,Unknown,False
4895,EVT07494,42.56,Moderate,Review When Possible,Open,['Multiple failed login attempts'],No IOC Match,Unknown,False
4896,EVT07780,42.56,Moderate,Review When Possible,Open,['High CVSS vulnerability'],No IOC Match,Unknown,False
4897,EVT08410,42.56,Moderate,Review When Possible,Open,['Multiple failed login attempts'],No IOC Match,Unknown,False
4898,EVT09071,42.56,Moderate,Review When Possible,Open,['High CVSS vulnerability'],No IOC Match,Unknown,False
4899,EVT07807,42.54,Moderate,Review When Possible,Open,['High CVSS vulnerability'],No IOC Match,Low,True
4900,EVT09670,42.54,Moderate,Review When Possible,Open,[],No IOC Match,Unknown,False
4901,EVT09805,42.54,Moderate,Review When Possible,Open,['High CVSS vulnerability'],No IOC Match,Low,True
4902,EVT04043,42.53,Moderate,Review When Possible,Open,[],No IOC Match,Unknown,False
4903,EVT06762,42.52,Moderate,Review When Possible,Open,[],No IOC Match,Unknown,False
4904,EVT07594,42.52,Moderate,Review When Possible,Open,[],No IOC Match,Unknown,False
4905,EVT08918,42.52,Moderate,Review When Possible,Open,[],No IOC Match,Unknown,False
4906,EVT02970,42.51,Moderate,Review When Possible,Open,[],No IOC Match,Unknown,False
4907,EVT04015,42.5,Moderate,Review When Possible,Open,[],No IOC Match,Unknown,False
4908,EVT04554,42.5,Moderate,Review When Possible,Open,[],No IOC Match,Unknown,False
4909,EVT05637,42.5,Moderate,Review When Possible,Open,[],No IOC Match,Low,True
4910,EVT00532,42.49,Moderate,Review When Possible,Open,[],No IOC Match,Unknown,False
4911,EVT02428,42.48,Moderate,Review When Possible,Open,[],No IOC Match,Unknown,False
4912,EVT02665,42.48,Moderate,Review When Possible,Open,[],No IOC Match,Unknown,False
4913,EVT02826,42.48,Moderate,Review When Possible,Open,[],No IOC Match,Unknown,False
4914,EVT03661,42.48,Moderate,Review When Possible,Open,[],No IOC Match,Unknown,False
4915,EVT07663,42.48,Moderate,Review When Possible,Open,[],No IOC Match,Unknown,False
4916,EVT09437,42.48,Moderate,Review When Possible,Open,['Multiple failed login attempts'],No IOC Match,Unknown,False
4917,EVT02932,42.47,Moderate,Review When Possible,Open,[],No IOC Match,Unknown,False
4918,EVT04632,42.47,Moderate,Review When Possible,Open,['Multiple failed login attempts'],No IOC Match,Unknown,False
4919,EVT08754,42.47,Moderate,Review When Possible,Open,['High CVSS vulnerability'],No IOC Match,Unknown,False
4920,EVT09368,42.47,Moderate,Review When Possible,Open,[],No IOC Match,Unknown,False
4921,EVT09386,42.47,Moderate,Review When Possible,Open,['Multiple failed login attempts'],No IOC Match,Unknown,False
4922,EVT09720,42.47,Moderate,Review When Possible,Open,[],No IOC Match,Unknown,False
4923,EVT00171,42.46,Moderate,Review When Possible,Open,['Multiple failed login attempts'],No IOC Match,Unknown,False
4924,EVT06638,42.46,Moderate,Review When Possible,Open,[],No IOC Match,Unknown,False
4925,EVT00250,42.45,Moderate,Review When Possible,Open,[],No IOC Match,Unknown,False
4926,EVT03105,42.45,Moderate,Review When Possible,Open,[],No IOC Match,Unknown,False
4927,EVT02553,42.44,Moderate,Review When Possible,Open,[],No IOC Match,Unknown,False
4928,EVT04370,42.44,Moderate,Review When Possible,Open,[],No IOC Match,Unknown,False
4929,EVT05654,42.44,Moderate,Review When Possible,Open,['Multiple failed login attempts'],No IOC Match,Unknown,False
4930,EVT06110,42.44,Moderate,Review When Possible,Open,[],No IOC Match,Unknown,False
4931,EVT07349,42.44,Moderate,Review When Possible,Open,[],No IOC Match,Unknown,False
4932,EVT07978,42.44,Moderate,Review When Possible,Open,[],No IOC Match,Unknown,False
4933,EVT02504,42.43,Moderate,Review When Possible,Open,['High CVSS vulnerability'],No IOC Match,Unknown,False
4934,EVT02850,42.42,Moderate,Review When Possible,Open,[],No IOC Match,Unknown,False
4935,EVT04524,42.42,Moderate,Review When Possible,Open,['High CVSS vulnerability'],No IOC Match,Unknown,False
4936,EVT04794,42.42,Moderate,Review When Possible,Open,[],No IOC Match,Unknown,False
4937,EVT05613,42.42,Moderate,Review When Possible,Open,[],No IOC Match,Unknown,False
4938,EVT08609,42.42,Moderate,Review When Possible,Open,[],No IOC Match,Unknown,False
4939,EVT08844,42.42,Moderate,Review When Possible,Open,['Multiple failed login attempts'],No IOC Match,Unknown,False
4940,EVT09835,42.42,Moderate,Review When Possible,Open,[],No IOC Match,Unknown,False
4941,EVT00479,42.41,Moderate,Review When Possible,Open,[],No IOC Match,Unknown,False
4942,EVT01757,42.41,Moderate,Review When Possible,Open,['High CVSS vulnerability'],No IOC Match,Low,True
4943,EVT02672,42.41,Moderate,Review When Possible,Open,[],No IOC Match,Unknown,False
4944,EVT04456,42.41,Moderate,Review When Possible,Open,[],No IOC Match,Unknown,False
4945,EVT04967,42.41,Moderate,Review When Possible,Open,['Critical asset'],No IOC Match,Critical,True
4946,EVT06199,42.4,Moderate,Review When Possible,Open,[],No IOC Match,Unknown,False
4947,EVT08459,42.4,Moderate,Review When Possible,Open,[],No IOC Match,Unknown,False
4948,EVT08701,42.4,Moderate,Review When Possible,Open,['Multiple failed login attempts'],No IOC Match,Unknown,False
4949,EVT05045,42.39,Moderate,Review When Possible,Open,[],No IOC Match,Unknown,False
4950,EVT09598,42.39,Moderate,Review When Possible,Open,[],No IOC Match,High,True
4951,EVT03600,42.38,Moderate,Review When Possible,Open,['Multiple failed login attempts'],No IOC Match,Unknown,False
4952,EVT07408,42.38,Moderate,Review When Possible,Open,[],No IOC Match,Unknown,False
4953,EVT07958,42.38,Moderate,Review When Possible,Open,[],No IOC Match,Unknown,False
4954,EVT06311,42.37,Moderate,Review When Possible,Open,[],No IOC Match,Unknown,False
4955,EVT08820,42.37,Moderate,Review When Possible,Open,['Multiple failed login attempts'],No IOC Match,Unknown,False
4956,EVT03634,42.36,Moderate,Review When Possible,Open,[],No IOC Match,Unknown,False
4957,EVT03821,42.36,Moderate,Review When Possible,Open,[],No IOC Match,Unknown,False
4958,EVT07955,42.35,Moderate,Review When Possible,Open,[],No IOC Match,Unknown,False
4959,EVT08815,42.35,Moderate,Review When Possible,Open,[],No IOC Match,Unknown,False
4960,EVT02535,42.34,Moderate,Review When Possible,Open,['Multiple failed login attempts'],No IOC Match,Unknown,False
4961,EVT09409,42.34,Moderate,Review When Possible,Open,[],No IOC Match,Unknown,False
4962,EVT00187,42.33,Moderate,Review When Possible,Open,['Multiple failed login attempts'],No IOC Match,Unknown,False
4963,EVT00523,42.33,Moderate,Review When Possible,Open,['High CVSS vulnerability'],No IOC Match,Unknown,False
4964,EVT04301,42.33,Moderate,Review When Possible,Open,[],No IOC Match,Unknown,False
4965,EVT05633,42.33,Moderate,Review When Possible,Open,[],No IOC Match,Unknown,False
4966,EVT06521,42.32,Moderate,Review When Possible,Open,[],No IOC Match,Unknown,False
4967,EVT06899,42.32,Moderate,Review When Possible,Open,[],No IOC Match,High,True
4968,EVT03269,42.31,Moderate,Review When Possible,Open,[],No IOC Match,Unknown,False
4969,EVT08097,42.31,Moderate,Review When Possible,Open,[],No IOC Match,Unknown,False
4970,EVT01088,42.3,Moderate,Review When Possible,Open,[],No IOC Match,Unknown,False
4971,EVT04410,42.29,Moderate,Review When Possible,Open,[],No IOC Match,Unknown,False
4972,EVT09952,42.29,Moderate,Review When Possible,Open,[],No IOC Match,Unknown,False
4973,EVT00475,42.27,Moderate,Review When Possible,Open,['Multiple failed login attempts'],No IOC Match,Unknown,False
4974,EVT01676,42.27,Moderate,Review When Possible,Open,['Multiple failed login attempts'],No IOC Match,Unknown,False
4975,EVT05458,42.27,Moderate,Review When Possible,Open,[],No IOC Match,Unknown,False
4976,EVT01266,42.26,Moderate,Review When Possible,Open,[],No IOC Match,Unknown,False
4977,EVT02485,42.26,Moderate,Review When Possible,Open,['Multiple failed login attempts'],No IOC Match,Unknown,False
4978,EVT03977,42.26,Moderate,Review When Possible,Open,['Multiple failed login attempts'],No IOC Match,Unknown,False
4979,EVT07869,42.26,Moderate,Review When Possible,Open,[],No IOC Match,Unknown,False
4980,EVT08794,42.26,Moderate,Review When Possible,Open,[],No IOC Match,Unknown,False
4981,EVT05468,42.25,Moderate,Review When Possible,Open,[],No IOC Match,Unknown,False
4982,EVT07864,42.25,Moderate,Review When Possible,Open,[],No IOC Match,Unknown,False
4983,EVT00420,42.24,Moderate,Review When Possible,Open,['Multiple failed login attempts'],No IOC Match,Unknown,False
4984,EVT00691,42.24,Moderate,Review When Possible,Open,['Multiple failed login attempts'],No IOC Match,Unknown,False
4985,EVT03259,42.24,Moderate,Review When Possible,Open,[],No IOC Match,Unknown,False
4986,EVT05391,42.24,Moderate,Review When Possible,Open,[],No IOC Match,Unknown,False
4987,EVT07537,42.24,Moderate,Review When Possible,Open,[],No IOC Match,Unknown,False
4988,EVT00834,42.23,Moderate,Review When Possible,Open,[],No IOC Match,Unknown,False
4989,EVT04136,42.23,Moderate,Review When Possible,Open,['Multiple failed login attempts'],No IOC Match,Unknown,False
4990,EVT04619,42.23,Moderate,Review When Possible,Open,[],No IOC Match,Unknown,False
4991,EVT06341,42.23,Moderate,Review When Possible,Open,['Multiple failed login attempts'],No IOC Match,Unknown,False
4992,EVT07982,42.23,Moderate,Review When Possible,Open,[],No IOC Match,Unknown,False
4993,EVT02357,42.22,Moderate,Review When Possible,Open,['Multiple failed login attempts'],No IOC Match,High,True
4994,EVT02804,42.22,Moderate,Review When Possible,Open,[],No IOC Match,Unknown,False
4995,EVT07382,42.22,Moderate,Review When Possible,Open,[],No IOC Match,Medium,True
4996,EVT03919,42.21,Moderate,Review When Possible,Open,[],No IOC Match,Unknown,False
4997,EVT04858,42.21,Moderate,Review When Possible,Open,[],No IOC Match,Unknown,False
4998,EVT05378,42.21,Moderate,Review When Possible,Open,['Multiple failed login attempts'],No IOC Match,Unknown,False
4999,EVT02308,42.2,Moderate,Review When Possible,Open,['High CVSS vulnerability'],No IOC Match,Unknown,False
5000,EVT03535,42.2,Moderate,Review When Possible,Open,[],No IOC Match,Unknown,False
5001,EVT08642,42.2,Moderate,Review When Possible,Open,['Multiple failed login attempts'],No IOC Match,Unknown,False
5002,EVT09712,42.2,Moderate,Review When Possible,Open,['Multiple failed login attempts'],No IOC Match,Unknown,False
5003,EVT02694,42.19,Moderate,Review When Possible,Open,[],No IOC Match,Unknown,False
5004,EVT04030,42.19,Moderate,Review When Possible,Open,['Multiple failed login attempts'],No IOC Match,Unknown,False
5005,EVT09570,42.19,Moderate,Review When Possible,Open,[],No IOC Match,Unknown,False
5006,EVT09873,42.19,Moderate,Review When Possible,Open,[],No IOC Match,Unknown,False
5007,EVT00357,42.18,Moderate,Review When Possible,Open,[],No IOC Match,Unknown,False
5008,EVT02995,42.18,Moderate,Review When Possible,Open,[],No IOC Match,Unknown,False
5009,EVT03056,42.18,Moderate,Review When Possible,Open,[],No IOC Match,Unknown,False
5010,EVT02289,42.17,Moderate,Review When Possible,Open,[],No IOC Match,Unknown,False
5011,EVT03842,42.17,Moderate,Review When Possible,Open,[],No IOC Match,Low,True
5012,EVT08433,42.17,Moderate,Review When Possible,Open,['Multiple failed login attempts'],No IOC Match,Unknown,False
5013,EVT04309,42.16,Moderate,Review When Possible,Open,[],No IOC Match,Unknown,False
5014,EVT04876,42.16,Moderate,Review When Possible,Open,[],No IOC Match,Unknown,False
5015,EVT09073,42.16,Moderate,Review When Possible,Open,[],No IOC Match,Unknown,False
5016,EVT01929,42.14,Moderate,Review When Possible,Open,[],No IOC Match,Unknown,False
5017,EVT03899,42.14,Moderate,Review When Possible,Open,[],No IOC Match,Unknown,False
5018,EVT05800,42.14,Moderate,Review When Possible,Open,[],No IOC Match,Unknown,False
5019,EVT06081,42.14,Moderate,Review When Possible,Open,['High CVSS vulnerability'],No IOC Match,Unknown,False
5020,EVT08837,42.14,Moderate,Review When Possible,Open,[],No IOC Match,Unknown,False
5021,EVT01194,42.13,Moderate,Review When Possible,Open,[],No IOC Match,Unknown,False
5022,EVT02050,42.13,Moderate,Review When Possible,Open,['High CVSS vulnerability'],No IOC Match,Unknown,False
5023,EVT04865,42.13,Moderate,Review When Possible,Open,[],No IOC Match,Unknown,False
5024,EVT06340,42.13,Moderate,Review When Possible,Open,['Multiple failed login attempts'],No IOC Match,Unknown,False
5025,EVT01380,42.12,Moderate,Review When Possible,Open,[],No IOC Match,Unknown,False
5026,EVT05492,42.12,Moderate,Review When Possible,Open,[],No IOC Match,Unknown,False
5027,EVT02523,42.1,Moderate,Review When Possible,Open,[],No IOC Match,Unknown,False
5028,EVT05702,42.1,Moderate,Review When Possible,Open,['High CVSS vulnerability'],No IOC Match,Unknown,False
5029,EVT08603,42.1,Moderate,Review When Possible,Open,['Multiple failed login attempts'],No IOC Match,Low,True
5030,EVT05540,42.09,Moderate,Review When Possible,Open,['Multiple failed login attempts'],No IOC Match,Unknown,False
5031,EVT06248,42.09,Moderate,Review When Possible,Open,[],No IOC Match,Unknown,False
5032,EVT06967,42.09,Moderate,Review When Possible,Open,[],No IOC Match,Unknown,False
5033,EVT07143,42.09,Moderate,Review When Possible,Open,[],No IOC Match,Unknown,False
5034,EVT07346,42.08,Moderate,Review When Possible,Open,['Multiple failed login attempts'],No IOC Match,Unknown,False
5035,EVT00112,42.07,Moderate,Review When Possible,Open,[],No IOC Match,Unknown,False
5036,EVT02667,42.07,Moderate,Review When Possible,Open,[],No IOC Match,Unknown,False
5037,EVT03185,42.06,Moderate,Review When Possible,Open,[],No IOC Match,Unknown,False
5038,EVT06267,42.06,Moderate,Review When Possible,Open,[],No IOC Match,Unknown,False
5039,EVT01113,42.05,Moderate,Review When Possible,Open,[],No IOC Match,Unknown,False
5040,EVT03787,42.05,Moderate,Review When Possible,Open,[],No IOC Match,Unknown,False
5041,EVT07300,42.05,Moderate,Review When Possible,Open,[],No IOC Match,Unknown,False
5042,EVT08833,42.05,Moderate,Review When Possible,Open,[],No IOC Match,Unknown,False
5043,EVT06337,42.04,Moderate,Review When Possible,Open,[],No IOC Match,Unknown,False
5044,EVT00262,42.03,Moderate,Review When Possible,Open,[],No IOC Match,Unknown,False
5045,EVT03413,42.03,Moderate,Review When Possible,Open,['Multiple failed login attempts'],No IOC Match,Unknown,False
5046,EVT06095,42.03,Moderate,Review When Possible,Open,[],No IOC Match,Unknown,False
5047,EVT00515,42.02,Moderate,Review When Possible,Open,[],No IOC Match,Unknown,False
5048,EVT03245,42.02,Moderate,Review When Possible,Open,[],No IOC Match,Unknown,False
5049,EVT04059,42.02,Moderate,Review When Possible,Open,['Multiple failed login attempts'],No IOC Match,Unknown,False
5050,EVT07476,42.02,Moderate,Review When Possible,Open,['High CVSS vulnerability'],No IOC Match,Unknown,False
5051,EVT08385,42.02,Moderate,Review When Possible,Open,['Multiple failed login attempts'],No IOC Match,Unknown,False
5052,EVT03886,42.01,Moderate,Review When Possible,Open,[],No IOC Match,Unknown,False
5053,EVT04392,42.01,Moderate,Review When Possible,Open,[],No IOC Match,Unknown,False
5054,EVT04137,42.0,Moderate,Review When Possible,Open,[],No IOC Match,Unknown,False
5055,EVT04266,42.0,Moderate,Review When Possible,Open,[],No IOC Match,Unknown,False
5056,EVT04360,42.0,Moderate,Review When Possible,Open,[],No IOC Match,Unknown,False
5057,EVT05060,42.0,Moderate,Review When Possible,Open,[],No IOC Match,Unknown,False
5058,EVT01164,41.99,Moderate,Review When Possible,Open,['Multiple failed login attempts'],No IOC Match,Unknown,False
5059,EVT01971,41.98,Moderate,Review When Possible,Open,[],No IOC Match,Unknown,False
5060,EVT08336,41.98,Moderate,Review When Possible,Open,[],No IOC Match,Unknown,False
5061,EVT08517,41.98,Moderate,Review When Possible,Open,['Multiple failed login attempts'],No IOC Match,Unknown,False
5062,EVT01305,41.97,Moderate,Review When Possible,Open,[],No IOC Match,Unknown,False
5063,EVT05588,41.97,Moderate,Review When Possible,Open,[],No IOC Match,Unknown,False
5064,EVT00422,41.96,Moderate,Review When Possible,Open,[],No IOC Match,Unknown,False
5065,EVT03557,41.96,Moderate,Review When Possible,Open,[],No IOC Match,Unknown,False
5066,EVT05392,41.96,Moderate,Review When Possible,Open,['Multiple failed login attempts'],No IOC Match,Unknown,False
5067,EVT07373,41.96,Moderate,Review When Possible,Open,[],No IOC Match,Unknown,False
5068,EVT02102,41.95,Moderate,Review When Possible,Open,[],No IOC Match,Unknown,False
5069,EVT07153,41.95,Moderate,Review When Possible,Open,['Multiple failed login attempts'],No IOC Match,Unknown,False
5070,EVT07245,41.95,Moderate,Review When Possible,Open,[],No IOC Match,Unknown,False
5071,EVT09464,41.95,Moderate,Review When Possible,Open,[],No IOC Match,Unknown,False
5072,EVT01488,41.94,Moderate,Review When Possible,Open,[],No IOC Match,Medium,True
5073,EVT03411,41.94,Moderate,Review When Possible,Open,[],No IOC Match,Unknown,False
5074,EVT08787,41.94,Moderate,Review When Possible,Open,[],No IOC Match,Unknown,False
5075,EVT08927,41.94,Moderate,Review When Possible,Open,[],No IOC Match,Unknown,False
5076,EVT09254,41.94,Moderate,Review When Possible,Open,[],No IOC Match,Unknown,False
5077,EVT01462,41.93,Moderate,Review When Possible,Open,[],No IOC Match,Unknown,False
5078,EVT01618,41.93,Moderate,Review When Possible,Open,[],No IOC Match,Unknown,False
5079,EVT04981,41.93,Moderate,Review When Possible,Open,['Multiple failed login attempts'],No IOC Match,Unknown,False
5080,EVT00535,41.92,Moderate,Review When Possible,Open,[],No IOC Match,Unknown,False
5081,EVT03785,41.92,Moderate,Review When Possible,Open,[],No IOC Match,Unknown,False
5082,EVT05944,41.92,Moderate,Review When Possible,Open,[],No IOC Match,Unknown,False
5083,EVT05972,41.92,Moderate,Review When Possible,Open,[],No IOC Match,Unknown,False
5084,EVT02875,41.91,Moderate,Review When Possible,Open,[],No IOC Match,Unknown,False
5085,EVT03985,41.91,Moderate,Review When Possible,Open,[],No IOC Match,Unknown,False
5086,EVT08322,41.91,Moderate,Review When Possible,Open,[],No IOC Match,Unknown,False
5087,EVT05726,41.9,Moderate,Review When Possible,Open,[],No IOC Match,Unknown,False
5088,EVT06633,41.9,Moderate,Review When Possible,Open,['Multiple failed login attempts'],No IOC Match,Unknown,False
5089,EVT06990,41.9,Moderate,Review When Possible,Open,[],No IOC Match,Unknown,False
5090,EVT02543,41.89,Moderate,Review When Possible,Open,[],No IOC Match,Unknown,False
5091,EVT07787,41.89,Moderate,Review When Possible,Open,[],No IOC Match,Unknown,False
5092,EVT02603,41.87,Moderate,Review When Possible,Open,['Multiple failed login attempts'],No IOC Match,Unknown,False
5093,EVT08998,41.87,Moderate,Review When Possible,Open,[],No IOC Match,Unknown,False
5094,EVT05137,41.86,Moderate,Review When Possible,Open,[],No IOC Match,Unknown,False
5095,EVT06231,41.86,Moderate,Review When Possible,Open,[],No IOC Match,Unknown,False
5096,EVT04761,41.85,Moderate,Review When Possible,Open,['High CVSS vulnerability'],No IOC Match,Unknown,False
5097,EVT05136,41.85,Moderate,Review When Possible,Open,[],No IOC Match,Unknown,False
5098,EVT05170,41.85,Moderate,Review When Possible,Open,[],No IOC Match,Unknown,False
5099,EVT03265,41.84,Moderate,Review When Possible,Open,[],No IOC Match,Unknown,False
5100,EVT08048,41.84,Moderate,Review When Possible,Open,[],No IOC Match,Unknown,False
5101,EVT08581,41.84,Moderate,Review When Possible,Open,[],No IOC Match,Unknown,False
5102,EVT04018,41.83,Moderate,Review When Possible,Open,[],No IOC Match,Unknown,False
5103,EVT04322,41.83,Moderate,Review When Possible,Open,[],No IOC Match,Unknown,False
5104,EVT02608,41.81,Moderate,Review When Possible,Open,[],No IOC Match,Unknown,False
5105,EVT06975,41.81,Moderate,Review When Possible,Open,[],No IOC Match,Unknown,False
5106,EVT04350,41.8,Moderate,Review When Possible,Open,[],No IOC Match,Unknown,False
5107,EVT00489,41.79,Moderate,Review When Possible,Open,[],No IOC Match,Unknown,False
5108,EVT00521,41.79,Moderate,Review When Possible,Open,[],No IOC Match,Unknown,False
5109,EVT08455,41.79,Moderate,Review When Possible,Open,['Multiple failed login attempts'],No IOC Match,Unknown,False
5110,EVT01720,41.78,Moderate,Review When Possible,Open,[],No IOC Match,Unknown,False
5111,EVT02161,41.78,Moderate,Review When Possible,Open,[],No IOC Match,Unknown,False
5112,EVT06525,41.78,Moderate,Review When Possible,Open,[],No IOC Match,Unknown,False
5113,EVT00519,41.77,Moderate,Review When Possible,Open,[],No IOC Match,Unknown,False
5114,EVT00964,41.77,Moderate,Review When Possible,Open,['Multiple failed login attempts'],No IOC Match,Unknown,False
5115,EVT02890,41.77,Moderate,Review When Possible,Open,[],No IOC Match,Unknown,False
5116,EVT08375,41.77,Moderate,Review When Possible,Open,[],No IOC Match,Unknown,False
5117,EVT03583,41.76,Moderate,Review When Possible,Open,[],No IOC Match,Unknown,False
5118,EVT04439,41.76,Moderate,Review When Possible,Open,[],No IOC Match,Unknown,False
5119,EVT02233,41.75,Moderate,Review When Possible,Open,['Multiple failed login attempts'],No IOC Match,Unknown,False
5120,EVT02827,41.75,Moderate,Review When Possible,Open,[],No IOC Match,Unknown,False
5121,EVT04252,41.75,Moderate,Review When Possible,Open,[],No IOC Match,Unknown,False
5122,EVT01487,41.74,Moderate,Review When Possible,Open,['Multiple failed login attempts'],No IOC Match,Unknown,False
5123,EVT03026,41.74,Moderate,Review When Possible,Open,['High CVSS vulnerability'],No IOC Match,Unknown,False
5124,EVT04109,41.74,Moderate,Review When Possible,Open,['Multiple failed login attempts'],No IOC Match,Unknown,False
5125,EVT04963,41.74,Moderate,Review When Possible,Open,['High CVSS vulnerability'],No IOC Match,Unknown,False
5126,EVT06210,41.74,Moderate,Review When Possible,Open,[],No IOC Match,Unknown,False
5127,EVT07402,41.74,Moderate,Review When Possible,Open,['Multiple failed login attempts'],No IOC Match,Unknown,False
5128,EVT09028,41.74,Moderate,Review When Possible,Open,[],No IOC Match,Unknown,False
5129,EVT09993,41.74,Moderate,Review When Possible,Open,[],No IOC Match,Unknown,False
5130,EVT05695,41.72,Moderate,Review When Possible,Open,[],No IOC Match,Unknown,False
5131,EVT04960,41.71,Moderate,Review When Possible,Open,[],No IOC Match,Unknown,False
5132,EVT02514,41.7,Moderate,Review When Possible,Open,['High CVSS vulnerability'],No IOC Match,Unknown,False
5133,EVT06034,41.7,Moderate,Review When Possible,Open,['Multiple failed login attempts'],No IOC Match,Unknown,False
5134,EVT01102,41.68,Moderate,Review When Possible,Open,['Multiple failed login attempts'],No IOC Match,Unknown,False
5135,EVT05301,41.68,Moderate,Review When Possible,Open,[],No IOC Match,Unknown,False
5136,EVT08149,41.68,Moderate,Review When Possible,Open,[],No IOC Match,Unknown,False
5137,EVT00779,41.67,Moderate,Review When Possible,Open,[],No IOC Match,Unknown,False
5138,EVT03272,41.66,Moderate,Review When Possible,Open,[],No IOC Match,Unknown,False
5139,EVT05020,41.66,Moderate,Review When Possible,Open,[],No IOC Match,Unknown,False
5140,EVT06222,41.66,Moderate,Review When Possible,Open,[],No IOC Match,Unknown,False
5141,EVT06710,41.66,Moderate,Review When Possible,Open,[],No IOC Match,Unknown,False
5142,EVT08493,41.66,Moderate,Review When Possible,Open,[],No IOC Match,Medium,True
5143,EVT09779,41.66,Moderate,Review When Possible,Open,[],No IOC Match,Unknown,False
5144,EVT02838,41.65,Moderate,Review When Possible,Open,[],No IOC Match,Unknown,False
5145,EVT03518,41.65,Moderate,Review When Possible,Open,[],No IOC Match,Unknown,False
5146,EVT03460,41.64,Moderate,Review When Possible,Open,[],No IOC Match,Unknown,False
5147,EVT04647,41.64,Moderate,Review When Possible,Open,[],No IOC Match,Unknown,False
5148,EVT05248,41.64,Moderate,Review When Possible,Open,['Multiple failed login attempts'],No IOC Match,Unknown,False
5149,EVT09110,41.64,Moderate,Review When Possible,Open,['High CVSS vulnerability'],No IOC Match,Unknown,False
5150,EVT06651,41.63,Moderate,Review When Possible,Open,[],No IOC Match,Unknown,False
5151,EVT00182,41.62,Moderate,Review When Possible,Open,['High CVSS vulnerability'],No IOC Match,Unknown,False
5152,EVT02898,41.62,Moderate,Review When Possible,Open,['Multiple failed login attempts'],No IOC Match,Unknown,False
5153,EVT04208,41.62,Moderate,Review When Possible,Open,[],No IOC Match,Unknown,False
5154,EVT04823,41.62,Moderate,Review When Possible,Open,[],No IOC Match,Unknown,False
5155,EVT01500,41.61,Moderate,Review When Possible,Open,[],No IOC Match,Unknown,False
5156,EVT07942,41.61,Moderate,Review When Possible,Open,[],No IOC Match,Unknown,False
5157,EVT09099,41.61,Moderate,Review When Possible,Open,[],No IOC Match,Unknown,False
5158,EVT08730,41.6,Moderate,Review When Possible,Open,[],No IOC Match,Unknown,False
5159,EVT01270,41.59,Moderate,Review When Possible,Open,[],No IOC Match,Unknown,False
5160,EVT02351,41.59,Moderate,Review When Possible,Open,[],No IOC Match,Unknown,False
5161,EVT02495,41.59,Moderate,Review When Possible,Open,[],No IOC Match,Low,True
5162,EVT02022,41.58,Moderate,Review When Possible,Open,[],No IOC Match,Unknown,False
5163,EVT02324,41.58,Moderate,Review When Possible,Open,[],No IOC Match,Unknown,False
5164,EVT03189,41.58,Moderate,Review When Possible,Open,[],No IOC Match,Unknown,False
5165,EVT08009,41.58,Moderate,Review When Possible,Open,[],No IOC Match,Unknown,False
5166,EVT09555,41.58,Moderate,Review When Possible,Open,['High CVSS vulnerability'],No IOC Match,Unknown,False
5167,EVT02486,41.57,Moderate,Review When Possible,Open,[],No IOC Match,Unknown,False
5168,EVT02836,41.57,Moderate,Review When Possible,Open,[],No IOC Match,Unknown,False
5169,EVT08215,41.57,Moderate,Review When Possible,Open,[],No IOC Match,Unknown,False
5170,EVT01538,41.56,Moderate,Review When Possible,Open,[],No IOC Match,Unknown,False
5171,EVT07732,41.56,Moderate,Review When Possible,Open,['Multiple failed login attempts'],No IOC Match,Unknown,False
5172,EVT07945,41.56,Moderate,Review When Possible,Open,['Multiple failed login attempts'],No IOC Match,Unknown,False
5173,EVT03202,41.55,Moderate,Review When Possible,Open,['Multiple failed login attempts'],No IOC Match,Unknown,False
5174,EVT05272,41.55,Moderate,Review When Possible,Open,[],No IOC Match,Unknown,False
5175,EVT09656,41.55,Moderate,Review When Possible,Open,[],No IOC Match,Unknown,False
5176,EVT06082,41.54,Moderate,Review When Possible,Open,[],No IOC Match,Unknown,False
5177,EVT06875,41.54,Moderate,Review When Possible,Open,[],No IOC Match,Unknown,False
5178,EVT07710,41.54,Moderate,Review When Possible,Open,[],No IOC Match,Unknown,False
5179,EVT05792,41.53,Moderate,Review When Possible,Open,[],No IOC Match,Unknown,False
5180,EVT00805,41.52,Moderate,Review When Possible,Open,[],No IOC Match,Unknown,False
5181,EVT05512,41.52,Moderate,Review When Possible,Open,['Multiple failed login attempts'],No IOC Match,Unknown,False
5182,EVT05827,41.52,Moderate,Review When Possible,Open,[],No IOC Match,Unknown,False
5183,EVT05885,41.52,Moderate,Review When Possible,Open,[],No IOC Match,Unknown,False
5184,EVT08232,41.52,Moderate,Review When Possible,Open,[],No IOC Match,Unknown,False
5185,EVT03923,41.51,Moderate,Review When Possible,Open,['High CVSS vulnerability'],No IOC Match,Unknown,False
5186,EVT08682,41.51,Moderate,Review When Possible,Open,['High CVSS vulnerability'],No IOC Match,Unknown,False
5187,EVT09181,41.51,Moderate,Review When Possible,Open,[],No IOC Match,Unknown,False
5188,EVT03478,41.5,Moderate,Review When Possible,Open,[],No IOC Match,Unknown,False
5189,EVT06753,41.5,Moderate,Review When Possible,Open,[],No IOC Match,Unknown,False
5190,EVT03199,41.49,Moderate,Review When Possible,Open,[],No IOC Match,Unknown,False
5191,EVT05638,41.49,Moderate,Review When Possible,Open,[],No IOC Match,Unknown,False
5192,EVT06563,41.49,Moderate,Review When Possible,Open,['High CVSS vulnerability'],No IOC Match,Unknown,False
5193,EVT02777,41.48,Moderate,Review When Possible,Open,['High CVSS vulnerability'],No IOC Match,Unknown,False
5194,EVT06001,41.48,Moderate,Review When Possible,Open,[],No IOC Match,Unknown,False
5195,EVT07289,41.48,Moderate,Review When Possible,Open,[],No IOC Match,Unknown,False
5196,EVT01611,41.47,Moderate,Review When Possible,Open,[],No IOC Match,Unknown,False
5197,EVT07769,41.47,Moderate,Review When Possible,Open,[],No IOC Match,Unknown,False
5198,EVT08409,41.47,Moderate,Review When Possible,Open,[],No IOC Match,Unknown,False
5199,EVT01321,41.46,Moderate,Review When Possible,Open,[],No IOC Match,Unknown,False
5200,EVT03990,41.46,Moderate,Review When Possible,Open,[],No IOC Match,Unknown,False
5201,EVT04476,41.45,Moderate,Review When Possible,Open,[],No IOC Match,Unknown,False
5202,EVT01754,41.44,Moderate,Review When Possible,Open,[],No IOC Match,Unknown,False
5203,EVT04493,41.44,Moderate,Review When Possible,Open,[],No IOC Match,Unknown,False
5204,EVT07430,41.44,Moderate,Review When Possible,Open,[],No IOC Match,Unknown,False
5205,EVT08298,41.44,Moderate,Review When Possible,Open,[],No IOC Match,Unknown,False
5206,EVT05310,41.43,Moderate,Review When Possible,Open,['Multiple failed login attempts'],No IOC Match,Unknown,False
5207,EVT05563,41.43,Moderate,Review When Possible,Open,[],No IOC Match,Unknown,False
5208,EVT07035,41.43,Moderate,Review When Possible,Open,[],No IOC Match,Unknown,False
5209,EVT09294,41.43,Moderate,Review When Possible,Open,[],No IOC Match,Unknown,False
5210,EVT04867,41.42,Moderate,Review When Possible,Open,[],No IOC Match,Unknown,False
5211,EVT05486,41.42,Moderate,Review When Possible,Open,['High CVSS vulnerability'],No IOC Match,Unknown,False
5212,EVT05996,41.42,Moderate,Review When Possible,Open,[],No IOC Match,Unknown,False
5213,EVT07171,41.42,Moderate,Review When Possible,Open,[],No IOC Match,Unknown,False
5214,EVT03735,41.41,Moderate,Review When Possible,Open,[],No IOC Match,Unknown,False
5215,EVT04651,41.41,Moderate,Review When Possible,Open,[],No IOC Match,Unknown,False
5216,EVT04979,41.41,Moderate,Review When Possible,Open,['Multiple failed login attempts'],No IOC Match,Unknown,False
5217,EVT01118,41.4,Moderate,Review When Possible,Open,[],No IOC Match,Unknown,False
5218,EVT01980,41.4,Moderate,Review When Possible,Open,[],No IOC Match,Unknown,False
5219,EVT03910,41.4,Moderate,Review When Possible,Open,[],No IOC Match,Unknown,False
5220,EVT05147,41.4,Moderate,Review When Possible,Open,[],No IOC Match,Unknown,False
5221,EVT07377,41.4,Moderate,Review When Possible,Open,[],No IOC Match,Unknown,False
5222,EVT01994,41.39,Moderate,Review When Possible,Open,[],No IOC Match,Unknown,False
5223,EVT05703,41.39,Moderate,Review When Possible,Open,[],No IOC Match,Unknown,False
5224,EVT04277,41.38,Moderate,Review When Possible,Open,[],No IOC Match,Unknown,False
5225,EVT02532,41.37,Moderate,Review When Possible,Open,[],No IOC Match,Unknown,False
5226,EVT06205,41.37,Moderate,Review When Possible,Open,[],No IOC Match,Unknown,False
5227,EVT03824,41.36,Moderate,Review When Possible,Open,[],No IOC Match,Unknown,False
5228,EVT00996,41.35,Moderate,Review When Possible,Open,[],No IOC Match,Unknown,False
5229,EVT02211,41.35,Moderate,Review When Possible,Open,[],No IOC Match,Unknown,False
5230,EVT02703,41.35,Moderate,Review When Possible,Open,['Multiple failed login attempts'],No IOC Match,Unknown,False
5231,EVT05920,41.35,Moderate,Review When Possible,Open,[],No IOC Match,Unknown,False
5232,EVT06233,41.35,Moderate,Review When Possible,Open,[],No IOC Match,Unknown,False
5233,EVT08733,41.35,Moderate,Review When Possible,Open,[],No IOC Match,Unknown,False
5234,EVT09364,41.35,Moderate,Review When Possible,Open,[],No IOC Match,Unknown,False
5235,EVT01677,41.34,Moderate,Review When Possible,Open,[],No IOC Match,Unknown,False
5236,EVT02304,41.34,Moderate,Review When Possible,Open,[],No IOC Match,Unknown,False
5237,EVT05962,41.34,Moderate,Review When Possible,Open,['Multiple failed login attempts'],No IOC Match,Unknown,False
5238,EVT09929,41.34,Moderate,Review When Possible,Open,[],No IOC Match,Unknown,False
5239,EVT06507,41.33,Moderate,Review When Possible,Open,[],No IOC Match,Unknown,False
5240,EVT00210,41.32,Moderate,Review When Possible,Open,[],No IOC Match,Unknown,False
5241,EVT07420,41.32,Moderate,Review When Possible,Open,['Multiple failed login attempts'],No IOC Match,Unknown,False
5242,EVT08519,41.32,Moderate,Review When Possible,Open,[],No IOC Match,Unknown,False
5243,EVT08542,41.32,Moderate,Review When Possible,Open,[],No IOC Match,Unknown,False
5244,EVT00768,41.3,Moderate,Review When Possible,Open,[],No IOC Match,Unknown,False
5245,EVT01464,41.29,Moderate,Review When Possible,Open,['Multiple failed login attempts'],No IOC Match,Unknown,False
5246,EVT05870,41.29,Moderate,Review When Possible,Open,[],No IOC Match,Unknown,False
5247,EVT07115,41.29,Moderate,Review When Possible,Open,[],No IOC Match,Unknown,False
5248,EVT01015,41.28,Moderate,Review When Possible,Open,[],No IOC Match,Unknown,False
5249,EVT05150,41.28,Moderate,Review When Possible,Open,[],No IOC Match,Unknown,False
5250,EVT04155,41.27,Moderate,Review When Possible,Open,[],No IOC Match,Unknown,False
5251,EVT04498,41.27,Moderate,Review When Possible,Open,[],No IOC Match,Unknown,False
5252,EVT09587,41.27,Moderate,Review When Possible,Open,['Multiple failed login attempts'],No IOC Match,Unknown,False
5253,EVT03835,41.26,Moderate,Review When Possible,Open,['High CVSS vulnerability'],No IOC Match,Unknown,False
5254,EVT02007,41.25,Moderate,Review When Possible,Open,[],No IOC Match,Unknown,False
5255,EVT08446,41.25,Moderate,Review When Possible,Open,['Multiple failed login attempts'],No IOC Match,Unknown,False
5256,EVT09823,41.25,Moderate,Review When Possible,Open,['High CVSS vulnerability'],No IOC Match,Unknown,False
5257,EVT08665,41.24,Moderate,Review When Possible,Open,[],No IOC Match,Unknown,False
5258,EVT01827,41.23,Moderate,Review When Possible,Open,[],No IOC Match,Unknown,False
5259,EVT07666,41.23,Moderate,Review When Possible,Open,[],No IOC Match,Unknown,False
5260,EVT00995,41.22,Moderate,Review When Possible,Open,[],No IOC Match,Unknown,False
5261,EVT01466,41.22,Moderate,Review When Possible,Open,['Multiple failed login attempts'],No IOC Match,Unknown,False
5262,EVT03201,41.22,Moderate,Review When Possible,Open,[],No IOC Match,Unknown,False
5263,EVT06299,41.22,Moderate,Review When Possible,Open,[],No IOC Match,Unknown,False
5264,EVT06732,41.22,Moderate,Review When Possible,Open,[],No IOC Match,Unknown,False
5265,EVT07073,41.22,Moderate,Review When Possible,Open,[],No IOC Match,Unknown,False
5266,EVT07876,41.22,Moderate,Review When Possible,Open,[],No IOC Match,Unknown,False
5267,EVT01418,41.21,Moderate,Review When Possible,Open,[],No IOC Match,Unknown,False
5268,EVT03718,41.21,Moderate,Review When Possible,Open,[],No IOC Match,Unknown,False
5269,EVT08250,41.21,Moderate,Review When Possible,Open,[],No IOC Match,Unknown,False
5270,EVT09324,41.21,Moderate,Review When Possible,Open,[],No IOC Match,Unknown,False
5271,EVT01615,41.2,Moderate,Review When Possible,Open,[],No IOC Match,Unknown,False
5272,EVT07541,41.2,Moderate,Review When Possible,Open,[],No IOC Match,Unknown,False
5273,EVT08628,41.2,Moderate,Review When Possible,Open,[],No IOC Match,Unknown,False
5274,EVT08706,41.2,Moderate,Review When Possible,Open,[],No IOC Match,Medium,True
5275,EVT02812,41.19,Moderate,Review When Possible,Open,['Multiple failed login attempts'],No IOC Match,Unknown,False
5276,EVT07468,41.19,Moderate,Review When Possible,Open,[],No IOC Match,Unknown,False
5277,EVT07981,41.19,Moderate,Review When Possible,Open,[],No IOC Match,Medium,True
5278,EVT08801,41.19,Moderate,Review When Possible,Open,[],No IOC Match,Unknown,False
5279,EVT02742,41.18,Moderate,Review When Possible,Open,[],No IOC Match,Unknown,False
5280,EVT09983,41.18,Moderate,Review When Possible,Open,['Multiple failed login attempts'],No IOC Match,Unknown,False
5281,EVT01775,41.16,Moderate,Review When Possible,Open,[],No IOC Match,Unknown,False
5282,EVT03160,41.16,Moderate,Review When Possible,Open,[],No IOC Match,High,True
5283,EVT09844,41.16,Moderate,Review When Possible,Open,[],No IOC Match,Unknown,False
5284,EVT03724,41.15,Moderate,Review When Possible,Open,[],No IOC Match,Unknown,False
5285,EVT04106,41.15,Moderate,Review When Possible,Open,[],No IOC Match,Unknown,False
5286,EVT00476,41.14,Moderate,Review When Possible,Open,[],No IOC Match,Unknown,False
5287,EVT03104,41.13,Moderate,Review When Possible,Open,['High CVSS vulnerability'],No IOC Match,Unknown,False
5288,EVT07191,41.13,Moderate,Review When Possible,Open,[],No IOC Match,Unknown,False
5289,EVT08023,41.13,Moderate,Review When Possible,Open,[],No IOC Match,Unknown,False
5290,EVT08419,41.13,Moderate,Review When Possible,Open,[],No IOC Match,Unknown,False
5291,EVT00068,41.12,Moderate,Review When Possible,Open,[],No IOC Match,Unknown,False
5292,EVT06198,41.12,Moderate,Review When Possible,Open,[],No IOC Match,Unknown,False
5293,EVT06399,41.12,Moderate,Review When Possible,Open,[],No IOC Match,Low,True
5294,EVT00353,41.11,Moderate,Review When Possible,Open,[],No IOC Match,Unknown,False
5295,EVT00895,41.11,Moderate,Review When Possible,Open,['High CVSS vulnerability'],No IOC Match,Unknown,False
5296,EVT01963,41.11,Moderate,Review When Possible,Open,[],No IOC Match,Unknown,False
5297,EVT06201,41.11,Moderate,Review When Possible,Open,[],No IOC Match,Unknown,False
5298,EVT06993,41.11,Moderate,Review When Possible,Open,[],No IOC Match,Unknown,False
5299,EVT07895,41.11,Moderate,Review When Possible,Open,['Multiple failed login attempts'],No IOC Match,Unknown,False
5300,EVT09556,41.11,Moderate,Review When Possible,Open,['High CVSS vulnerability'],No IOC Match,Unknown,False
5301,EVT02676,41.1,Moderate,Review When Possible,Open,['Multiple failed login attempts'],No IOC Match,Unknown,False
5302,EVT09582,41.1,Moderate,Review When Possible,Open,[],No IOC Match,Unknown,False
5303,EVT02531,41.09,Moderate,Review When Possible,Open,[],No IOC Match,Unknown,False
5304,EVT04835,41.09,Moderate,Review When Possible,Open,[],No IOC Match,Unknown,False
5305,EVT07647,41.09,Moderate,Review When Possible,Open,[],No IOC Match,Unknown,False
5306,EVT08876,41.09,Moderate,Review When Possible,Open,[],No IOC Match,Unknown,False
5307,EVT01253,41.08,Moderate,Review When Possible,Open,['Multiple failed login attempts'],No IOC Match,Unknown,False
5308,EVT02144,41.08,Moderate,Review When Possible,Open,[],No IOC Match,Unknown,False
5309,EVT05185,41.08,Moderate,Review When Possible,Open,[],No IOC Match,Unknown,False
5310,EVT08828,41.08,Moderate,Review When Possible,Open,[],No IOC Match,Unknown,False
5311,EVT00313,41.07,Moderate,Review When Possible,Open,[],No IOC Match,Unknown,False
5312,EVT04877,41.07,Moderate,Review When Possible,Open,[],No IOC Match,Unknown,False
5313,EVT05227,41.07,Moderate,Review When Possible,Open,[],No IOC Match,Unknown,False
5314,EVT00102,41.06,Moderate,Review When Possible,Open,[],No IOC Match,Unknown,False
5315,EVT02801,41.06,Moderate,Review When Possible,Open,[],No IOC Match,Unknown,False
5316,EVT04031,41.06,Moderate,Review When Possible,Open,['Multiple failed login attempts'],No IOC Match,Unknown,False
5317,EVT04984,41.06,Moderate,Review When Possible,Open,[],No IOC Match,Unknown,False
5318,EVT02568,41.04,Moderate,Review When Possible,Open,[],No IOC Match,Unknown,False
5319,EVT03349,41.04,Moderate,Review When Possible,Open,[],No IOC Match,Unknown,False
5320,EVT04280,41.04,Moderate,Review When Possible,Open,[],No IOC Match,Unknown,False
5321,EVT06735,41.04,Moderate,Review When Possible,Open,[],No IOC Match,Unknown,False
5322,EVT07211,41.04,Moderate,Review When Possible,Open,['High CVSS vulnerability'],No IOC Match,Unknown,False
5323,EVT09293,41.04,Moderate,Review When Possible,Open,[],No IOC Match,Unknown,False
5324,EVT01797,41.03,Moderate,Review When Possible,Open,['High CVSS vulnerability'],No IOC Match,Unknown,False
5325,EVT09209,41.03,Moderate,Review When Possible,Open,[],No IOC Match,Unknown,False
5326,EVT00358,41.02,Moderate,Review When Possible,Open,[],No IOC Match,Unknown,False
5327,EVT01261,41.02,Moderate,Review When Possible,Open,[],No IOC Match,Unknown,False
5328,EVT01463,41.02,Moderate,Review When Possible,Open,[],No IOC Match,Unknown,False
5329,EVT01926,41.02,Moderate,Review When Possible,Open,[],No IOC Match,Unknown,False
5330,EVT02706,41.02,Moderate,Review When Possible,Open,[],No IOC Match,Unknown,False
5331,EVT06270,41.02,Moderate,Review When Possible,Open,[],No IOC Match,Unknown,False
5332,EVT08691,41.02,Moderate,Review When Possible,Open,[],No IOC Match,Unknown,False
5333,EVT02395,41.01,Moderate,Review When Possible,Open,['Multiple failed login attempts'],No IOC Match,Unknown,False
5334,EVT09442,41.01,Moderate,Review When Possible,Open,[],No IOC Match,Unknown,False
5335,EVT00464,41.0,Moderate,Review When Possible,Open,[],No IOC Match,Unknown,False
5336,EVT06896,41.0,Moderate,Review When Possible,Open,['Multiple failed login attempts'],No IOC Match,Unknown,False
5337,EVT01640,40.99,Medium,Monitor,Open,[],No IOC Match,High,True
5338,EVT02159,40.99,Medium,Monitor,Open,['Multiple failed login attempts'],No IOC Match,Unknown,False
5339,EVT02647,40.99,Medium,Monitor,Open,[],No IOC Match,Medium,True
5340,EVT02888,40.99,Medium,Monitor,Open,[],No IOC Match,Unknown,False
5341,EVT06257,40.99,Medium,Monitor,Open,[],No IOC Match,Low,True
5342,EVT01107,40.98,Medium,Monitor,Open,['Multiple failed login attempts'],No IOC Match,Unknown,False
5343,EVT03229,40.98,Medium,Monitor,Open,[],No IOC Match,Unknown,False
5344,EVT09267,40.98,Medium,Monitor,Open,[],No IOC Match,Unknown,False
5345,EVT09310,40.98,Medium,Monitor,Open,['Multiple failed login attempts'],No IOC Match,Unknown,False
5346,EVT00427,40.97,Medium,Monitor,Open,['Multiple failed login attempts'],No IOC Match,Unknown,False
5347,EVT00700,40.97,Medium,Monitor,Open,[],No IOC Match,Unknown,False
5348,EVT01082,40.97,Medium,Monitor,Open,[],No IOC Match,Unknown,False
5349,EVT01701,40.97,Medium,Monitor,Open,[],No IOC Match,Unknown,False
5350,EVT01862,40.97,Medium,Monitor,Open,['Multiple failed login attempts'],No IOC Match,Unknown,False
5351,EVT02931,40.97,Medium,Monitor,Open,[],No IOC Match,Unknown,False
5352,EVT03320,40.97,Medium,Monitor,Open,[],No IOC Match,Unknown,False
5353,EVT03921,40.97,Medium,Monitor,Open,[],No IOC Match,Unknown,False
5354,EVT06615,40.97,Medium,Monitor,Open,[],No IOC Match,Unknown,False
5355,EVT02432,40.96,Medium,Monitor,Open,[],No IOC Match,Unknown,False
5356,EVT02596,40.96,Medium,Monitor,Open,['Multiple failed login attempts'],No IOC Match,Unknown,False
5357,EVT08606,40.96,Medium,Monitor,Open,[],No IOC Match,Unknown,False
5358,EVT08617,40.96,Medium,Monitor,Open,[],No IOC Match,Unknown,False
5359,EVT09987,40.96,Medium,Monitor,Open,[],No IOC Match,Unknown,False
5360,EVT00098,40.95,Medium,Monitor,Open,[],No IOC Match,Unknown,False
5361,EVT01480,40.95,Medium,Monitor,Open,[],No IOC Match,Unknown,False
5362,EVT03833,40.95,Medium,Monitor,Open,[],No IOC Match,Unknown,False
5363,EVT07558,40.94,Medium,Monitor,Open,['High CVSS vulnerability'],No IOC Match,Unknown,False
5364,EVT09572,40.93,Medium,Monitor,Open,[],No IOC Match,Unknown,False
5365,EVT01741,40.92,Medium,Monitor,Open,[],No IOC Match,Unknown,False
5366,EVT02908,40.92,Medium,Monitor,Open,[],No IOC Match,Unknown,False
5367,EVT08137,40.92,Medium,Monitor,Open,[],No IOC Match,Unknown,False
5368,EVT09235,40.92,Medium,Monitor,Open,[],No IOC Match,Unknown,False
5369,EVT03035,40.91,Medium,Monitor,Open,['Multiple failed login attempts'],No IOC Match,Unknown,False
5370,EVT03405,40.9,Medium,Monitor,Open,[],No IOC Match,Unknown,False
5371,EVT08920,40.9,Medium,Monitor,Open,[],No IOC Match,Unknown,False
5372,EVT00563,40.89,Medium,Monitor,Open,['Multiple failed login attempts'],No IOC Match,Unknown,False
5373,EVT00829,40.89,Medium,Monitor,Open,[],No IOC Match,Unknown,False
5374,EVT01864,40.89,Medium,Monitor,Open,[],No IOC Match,Unknown,False
5375,EVT05720,40.89,Medium,Monitor,Open,[],No IOC Match,Unknown,False
5376,EVT07301,40.89,Medium,Monitor,Open,[],No IOC Match,Unknown,False
5377,EVT07543,40.89,Medium,Monitor,Open,[],No IOC Match,Unknown,False
5378,EVT01617,40.88,Medium,Monitor,Open,[],No IOC Match,Unknown,False
5379,EVT07587,40.88,Medium,Monitor,Open,[],No IOC Match,Unknown,False
5380,EVT09074,40.88,Medium,Monitor,Open,[],No IOC Match,Unknown,False
5381,EVT00260,40.87,Medium,Monitor,Open,['High CVSS vulnerability'],No IOC Match,Unknown,False
5382,EVT02305,40.87,Medium,Monitor,Open,[],No IOC Match,Unknown,False
5383,EVT04414,40.87,Medium,Monitor,Open,['High CVSS vulnerability'],No IOC Match,Unknown,False
5384,EVT07164,40.87,Medium,Monitor,Open,['Multiple failed login attempts'],No IOC Match,Unknown,False
5385,EVT02442,40.86,Medium,Monitor,Open,[],No IOC Match,Low,True
5386,EVT04729,40.86,Medium,Monitor,Open,[],No IOC Match,Unknown,False
5387,EVT06012,40.86,Medium,Monitor,Open,[],No IOC Match,Unknown,False
5388,EVT00604,40.85,Medium,Monitor,Open,['Multiple failed login attempts'],No IOC Match,Unknown,False
5389,EVT05424,40.85,Medium,Monitor,Open,['Multiple failed login attempts'],No IOC Match,Unknown,False
5390,EVT04731,40.84,Medium,Monitor,Open,['Multiple failed login attempts'],No IOC Match,Unknown,False
5391,EVT04917,40.84,Medium,Monitor,Open,[],No IOC Match,Unknown,False
5392,EVT06313,40.84,Medium,Monitor,Open,[],No IOC Match,Unknown,False
5393,EVT09391,40.83,Medium,Monitor,Open,['High CVSS vulnerability'],No IOC Match,Unknown,False
5394,EVT09727,40.83,Medium,Monitor,Open,[],No IOC Match,Unknown,False
5395,EVT00088,40.82,Medium,Monitor,Open,[],No IOC Match,Unknown,False
5396,EVT00558,40.82,Medium,Monitor,Open,['High CVSS vulnerability'],No IOC Match,Unknown,False
5397,EVT01291,40.82,Medium,Monitor,Open,[],No IOC Match,Unknown,False
5398,EVT02138,40.82,Medium,Monitor,Open,[],No IOC Match,Unknown,False
5399,EVT03169,40.81,Medium,Monitor,Open,[],No IOC Match,Unknown,False
5400,EVT04022,40.81,Medium,Monitor,Open,[],No IOC Match,Medium,True
5401,EVT06559,40.81,Medium,Monitor,Open,[],No IOC Match,Unknown,False
5402,EVT07352,40.81,Medium,Monitor,Open,[],No IOC Match,Unknown,False
5403,EVT02212,40.8,Medium,Monitor,Open,[],No IOC Match,Unknown,False
5404,EVT03973,40.8,Medium,Monitor,Open,['High CVSS vulnerability'],No IOC Match,Unknown,False
5405,EVT09951,40.8,Medium,Monitor,Open,['Multiple failed login attempts'],No IOC Match,Unknown,False
5406,EVT00815,40.79,Medium,Monitor,Open,['Multiple failed login attempts'],No IOC Match,Unknown,False
5407,EVT04814,40.79,Medium,Monitor,Open,[],No IOC Match,Unknown,False
5408,EVT07984,40.79,Medium,Monitor,Open,[],No IOC Match,Unknown,False
5409,EVT09777,40.79,Medium,Monitor,Open,['High CVSS vulnerability'],No IOC Match,Unknown,False
5410,EVT00570,40.78,Medium,Monitor,Open,[],No IOC Match,Unknown,False
5411,EVT09026,40.78,Medium,Monitor,Open,[],No IOC Match,Unknown,False
5412,EVT09867,40.78,Medium,Monitor,Open,[],No IOC Match,Unknown,False
5413,EVT09488,40.77,Medium,Monitor,Open,[],No IOC Match,Unknown,False
5414,EVT06074,40.76,Medium,Monitor,Open,['Multiple failed login attempts'],No IOC Match,Unknown,False
5415,EVT06377,40.76,Medium,Monitor,Open,[],No IOC Match,Unknown,False
5416,EVT02698,40.75,Medium,Monitor,Open,[],No IOC Match,Unknown,False
5417,EVT06663,40.75,Medium,Monitor,Open,[],No IOC Match,Unknown,False
5418,EVT07170,40.75,Medium,Monitor,Open,[],No IOC Match,Unknown,False
5419,EVT09426,40.75,Medium,Monitor,Open,[],No IOC Match,Unknown,False
5420,EVT02283,40.74,Medium,Monitor,Open,[],No IOC Match,Unknown,False
5421,EVT05658,40.74,Medium,Monitor,Open,[],No IOC Match,Unknown,False
5422,EVT09058,40.74,Medium,Monitor,Open,[],No IOC Match,Unknown,False
5423,EVT09137,40.74,Medium,Monitor,Open,[],No IOC Match,High,True
5424,EVT09441,40.74,Medium,Monitor,Open,[],No IOC Match,Unknown,False
5425,EVT02174,40.73,Medium,Monitor,Open,[],No IOC Match,Unknown,False
5426,EVT09962,40.73,Medium,Monitor,Open,['Multiple failed login attempts'],No IOC Match,Unknown,False
5427,EVT07157,40.72,Medium,Monitor,Open,[],No IOC Match,Unknown,False
5428,EVT04009,40.71,Medium,Monitor,Open,[],No IOC Match,Unknown,False
5429,EVT05366,40.71,Medium,Monitor,Open,[],No IOC Match,Unknown,False
5430,EVT06124,40.71,Medium,Monitor,Open,[],No IOC Match,Unknown,False
5431,EVT07923,40.71,Medium,Monitor,Open,[],No IOC Match,Unknown,False
5432,EVT08814,40.69,Medium,Monitor,Open,[],No IOC Match,Unknown,False
5433,EVT00440,40.68,Medium,Monitor,Open,[],No IOC Match,Unknown,False
5434,EVT00999,40.68,Medium,Monitor,Open,[],No IOC Match,Unknown,False
5435,EVT01737,40.68,Medium,Monitor,Open,[],No IOC Match,High,True
5436,EVT01933,40.68,Medium,Monitor,Open,[],No IOC Match,Unknown,False
5437,EVT02133,40.68,Medium,Monitor,Open,[],No IOC Match,Unknown,False
5438,EVT07994,40.68,Medium,Monitor,Open,['Multiple failed login attempts'],No IOC Match,Unknown,False
5439,EVT08904,40.68,Medium,Monitor,Open,['High CVSS vulnerability'],No IOC Match,Unknown,False
5440,EVT09069,40.67,Medium,Monitor,Open,[],No IOC Match,Unknown,False
5441,EVT09691,40.67,Medium,Monitor,Open,['Multiple failed login attempts'],No IOC Match,Unknown,False
5442,EVT00240,40.66,Medium,Monitor,Open,[],No IOC Match,Unknown,False
5443,EVT00922,40.65,Medium,Monitor,Open,[],No IOC Match,Unknown,False
5444,EVT01401,40.65,Medium,Monitor,Open,[],No IOC Match,Unknown,False
5445,EVT09322,40.65,Medium,Monitor,Open,[],No IOC Match,Unknown,False
5446,EVT09868,40.64,Medium,Monitor,Open,[],No IOC Match,Unknown,False
5447,EVT02599,40.63,Medium,Monitor,Open,['Multiple failed login attempts'],No IOC Match,Unknown,False
5448,EVT06142,40.63,Medium,Monitor,Open,['Multiple failed login attempts'],No IOC Match,Unknown,False
5449,EVT09734,40.63,Medium,Monitor,Open,[],No IOC Match,Unknown,False
5450,EVT00233,40.62,Medium,Monitor,Open,[],No IOC Match,High,True
5451,EVT00707,40.62,Medium,Monitor,Open,[],No IOC Match,Unknown,False
5452,EVT05807,40.62,Medium,Monitor,Open,['High CVSS vulnerability'],No IOC Match,Unknown,False
5453,EVT06102,40.62,Medium,Monitor,Open,['Multiple failed login attempts'],No IOC Match,Low,True
5454,EVT06565,40.62,Medium,Monitor,Open,[],No IOC Match,Unknown,False
5455,EVT09278,40.62,Medium,Monitor,Open,[],No IOC Match,Unknown,False
5456,EVT02271,40.61,Medium,Monitor,Open,[],No IOC Match,Unknown,False
5457,EVT02530,40.61,Medium,Monitor,Open,[],No IOC Match,Unknown,False
5458,EVT03773,40.61,Medium,Monitor,Open,[],No IOC Match,Unknown,False
5459,EVT02412,40.6,Medium,Monitor,Open,[],No IOC Match,Unknown,False
5460,EVT06391,40.59,Medium,Monitor,Open,[],No IOC Match,Unknown,False
5461,EVT08895,40.59,Medium,Monitor,Open,['High CVSS vulnerability'],No IOC Match,Unknown,False
5462,EVT01347,40.58,Medium,Monitor,Open,['Multiple failed login attempts'],No IOC Match,Unknown,False
5463,EVT02247,40.58,Medium,Monitor,Open,['Multiple failed login attempts'],No IOC Match,Unknown,False
5464,EVT08143,40.58,Medium,Monitor,Open,[],No IOC Match,Unknown,False
5465,EVT01061,40.57,Medium,Monitor,Open,[],No IOC Match,Unknown,False
5466,EVT07240,40.57,Medium,Monitor,Open,[],No IOC Match,Unknown,False
5467,EVT07806,40.57,Medium,Monitor,Open,[],No IOC Match,Unknown,False
5468,EVT09909,40.57,Medium,Monitor,Open,[],No IOC Match,Unknown,False
5469,EVT04384,40.56,Medium,Monitor,Open,[],No IOC Match,Unknown,False
5470,EVT07696,40.56,Medium,Monitor,Open,['High CVSS vulnerability'],No IOC Match,Unknown,False
5471,EVT08358,40.56,Medium,Monitor,Open,[],No IOC Match,Unknown,False
5472,EVT01436,40.55,Medium,Monitor,Open,[],No IOC Match,Unknown,False
5473,EVT07334,40.55,Medium,Monitor,Open,['High CVSS vulnerability'],No IOC Match,Unknown,False
5474,EVT08015,40.55,Medium,Monitor,Open,[],No IOC Match,Unknown,False
5475,EVT00364,40.54,Medium,Monitor,Open,[],No IOC Match,Unknown,False
5476,EVT02916,40.54,Medium,Monitor,Open,['Multiple failed login attempts'],No IOC Match,Unknown,False
5477,EVT05195,40.54,Medium,Monitor,Open,[],No IOC Match,Unknown,False
5478,EVT01742,40.53,Medium,Monitor,Open,[],No IOC Match,Unknown,False
5479,EVT02745,40.53,Medium,Monitor,Open,[],No IOC Match,Unknown,False
5480,EVT02914,40.53,Medium,Monitor,Open,[],No IOC Match,Medium,True
5481,EVT09133,40.53,Medium,Monitor,Open,[],No IOC Match,Unknown,False
5482,EVT00635,40.52,Medium,Monitor,Open,['Multiple failed login attempts'],No IOC Match,Unknown,False
5483,EVT00919,40.52,Medium,Monitor,Open,[],No IOC Match,Unknown,False
5484,EVT08439,40.52,Medium,Monitor,Open,['Multiple failed login attempts'],No IOC Match,Unknown,False
5485,EVT03356,40.51,Medium,Monitor,Open,[],No IOC Match,Unknown,False
5486,EVT02004,40.5,Medium,Monitor,Open,[],No IOC Match,Unknown,False
5487,EVT02116,40.5,Medium,Monitor,Open,[],No IOC Match,Unknown,False
5488,EVT03883,40.5,Medium,Monitor,Open,[],No IOC Match,Unknown,False
5489,EVT08951,40.49,Medium,Monitor,Open,[],No IOC Match,Unknown,False
5490,EVT04702,40.48,Medium,Monitor,Open,['High CVSS vulnerability'],No IOC Match,Unknown,False
5491,EVT06103,40.48,Medium,Monitor,Open,[],No IOC Match,Unknown,False
5492,EVT06667,40.48,Medium,Monitor,Open,[],No IOC Match,Unknown,False
5493,EVT06696,40.48,Medium,Monitor,Open,[],No IOC Match,Unknown,False
5494,EVT05224,40.47,Medium,Monitor,Open,[],No IOC Match,Unknown,False
5495,EVT08957,40.47,Medium,Monitor,Open,[],No IOC Match,Unknown,False
5496,EVT05555,40.46,Medium,Monitor,Open,[],No IOC Match,Unknown,False
5497,EVT08369,40.46,Medium,Monitor,Open,[],No IOC Match,Unknown,False
5498,EVT08855,40.46,Medium,Monitor,Open,[],No IOC Match,Unknown,False
5499,EVT09060,40.46,Medium,Monitor,Open,['Multiple failed login attempts'],No IOC Match,Unknown,False
5500,EVT01613,40.45,Medium,Monitor,Open,[],No IOC Match,Unknown,False
5501,EVT02054,40.45,Medium,Monitor,Open,[],No IOC Match,Unknown,False
5502,EVT09760,40.45,Medium,Monitor,Open,[],No IOC Match,Unknown,False
5503,EVT05898,40.44,Medium,Monitor,Open,[],No IOC Match,Unknown,False
5504,EVT05641,40.43,Medium,Monitor,Open,[],No IOC Match,Unknown,False
5505,EVT07615,40.43,Medium,Monitor,Open,[],No IOC Match,High,True
5506,EVT08884,40.43,Medium,Monitor,Open,['High CVSS vulnerability'],No IOC Match,Unknown,False
5507,EVT09631,40.43,Medium,Monitor,Open,[],No IOC Match,Unknown,False
5508,EVT01829,40.42,Medium,Monitor,Open,[],No IOC Match,Unknown,False
5509,EVT06625,40.42,Medium,Monitor,Open,[],No IOC Match,Unknown,False
5510,EVT00934,40.41,Medium,Monitor,Open,[],No IOC Match,Unknown,False
5511,EVT01228,40.41,Medium,Monitor,Open,['Multiple failed login attempts'],No IOC Match,Unknown,False
5512,EVT02692,40.41,Medium,Monitor,Open,['High CVSS vulnerability'],No IOC Match,Unknown,False
5513,EVT04649,40.41,Medium,Monitor,Open,[],No IOC Match,Unknown,False
5514,EVT06158,40.41,Medium,Monitor,Open,['Multiple failed login attempts'],No IOC Match,Unknown,False
5515,EVT06841,40.4,Medium,Monitor,Open,['Multiple failed login attempts'],No IOC Match,Unknown,False
5516,EVT07626,40.4,Medium,Monitor,Open,[],No IOC Match,Unknown,False
5517,EVT09785,40.4,Medium,Monitor,Open,[],No IOC Match,Unknown,False
5518,EVT06126,40.39,Medium,Monitor,Open,[],No IOC Match,Unknown,False
5519,EVT00802,40.38,Medium,Monitor,Open,['Critical asset'],No IOC Match,Critical,True
5520,EVT06930,40.38,Medium,Monitor,Open,[],No IOC Match,High,True
5521,EVT08891,40.38,Medium,Monitor,Open,[],No IOC Match,Unknown,False
5522,EVT00981,40.37,Medium,Monitor,Open,[],No IOC Match,Unknown,False
5523,EVT01541,40.37,Medium,Monitor,Open,[],No IOC Match,Unknown,False
5524,EVT03361,40.37,Medium,Monitor,Open,[],No IOC Match,Unknown,False
5525,EVT07654,40.37,Medium,Monitor,Open,['Multiple failed login attempts'],No IOC Match,Unknown,False
5526,EVT02752,40.36,Medium,Monitor,Open,[],No IOC Match,Unknown,False
5527,EVT03626,40.36,Medium,Monitor,Open,[],No IOC Match,Unknown,False
5528,EVT03753,40.36,Medium,Monitor,Open,[],No IOC Match,Unknown,False
5529,EVT06487,40.36,Medium,Monitor,Open,['Multiple failed login attempts'],No IOC Match,Unknown,False
5530,EVT08561,40.36,Medium,Monitor,Open,[],No IOC Match,Unknown,False
5531,EVT09747,40.35,Medium,Monitor,Open,['Multiple failed login attempts'],No IOC Match,Unknown,False
5532,EVT09888,40.35,Medium,Monitor,Open,[],No IOC Match,Unknown,False
5533,EVT01602,40.34,Medium,Monitor,Open,[],No IOC Match,Unknown,False
5534,EVT04460,40.34,Medium,Monitor,Open,[],No IOC Match,Unknown,False
5535,EVT06531,40.34,Medium,Monitor,Open,['High CVSS vulnerability'],No IOC Match,Unknown,False
5536,EVT07568,40.34,Medium,Monitor,Open,[],No IOC Match,Unknown,False
5537,EVT03834,40.33,Medium,Monitor,Open,[],No IOC Match,Unknown,False
5538,EVT05049,40.33,Medium,Monitor,Open,[],No IOC Match,Unknown,False
5539,EVT05908,40.33,Medium,Monitor,Open,['Multiple failed login attempts'],No IOC Match,Unknown,False
5540,EVT00578,40.32,Medium,Monitor,Open,[],No IOC Match,Unknown,False
5541,EVT04989,40.32,Medium,Monitor,Open,[],No IOC Match,Unknown,False
5542,EVT06913,40.32,Medium,Monitor,Open,[],No IOC Match,Unknown,False
5543,EVT04066,40.3,Medium,Monitor,Open,[],No IOC Match,Unknown,False
5544,EVT05449,40.3,Medium,Monitor,Open,[],No IOC Match,Unknown,False
5545,EVT08306,40.3,Medium,Monitor,Open,[],No IOC Match,Unknown,False
5546,EVT04626,40.29,Medium,Monitor,Open,[],No IOC Match,Unknown,False
5547,EVT08153,40.29,Medium,Monitor,Open,[],No IOC Match,Unknown,False
5548,EVT09738,40.29,Medium,Monitor,Open,['Multiple failed login attempts'],No IOC Match,Unknown,False
5549,EVT00616,40.28,Medium,Monitor,Open,[],No IOC Match,Unknown,False
5550,EVT00628,40.28,Medium,Monitor,Open,['Multiple failed login attempts'],No IOC Match,Unknown,False
5551,EVT02920,40.28,Medium,Monitor,Open,[],No IOC Match,Unknown,False
5552,EVT04237,40.28,Medium,Monitor,Open,[],No IOC Match,Unknown,False
5553,EVT07803,40.28,Medium,Monitor,Open,[],No IOC Match,Unknown,False
5554,EVT08567,40.28,Medium,Monitor,Open,[],No IOC Match,Unknown,False
5555,EVT00648,40.27,Medium,Monitor,Open,[],No IOC Match,Medium,True
5556,EVT02933,40.27,Medium,Monitor,Open,[],No IOC Match,Unknown,False
5557,EVT03527,40.27,Medium,Monitor,Open,[],No IOC Match,Unknown,False
5558,EVT05304,40.27,Medium,Monitor,Open,[],No IOC Match,High,True
5559,EVT07989,40.27,Medium,Monitor,Open,[],No IOC Match,Unknown,False
5560,EVT09113,40.27,Medium,Monitor,Open,[],No IOC Match,Unknown,False
5561,EVT00507,40.26,Medium,Monitor,Open,['High CVSS vulnerability'],No IOC Match,Unknown,False
5562,EVT06367,40.26,Medium,Monitor,Open,[],No IOC Match,High,True
5563,EVT02370,40.25,Medium,Monitor,Open,[],No IOC Match,Unknown,False
5564,EVT05801,40.25,Medium,Monitor,Open,[],No IOC Match,Unknown,False
5565,EVT06877,40.25,Medium,Monitor,Open,[],No IOC Match,Unknown,False
5566,EVT02369,40.24,Medium,Monitor,Open,[],No IOC Match,Unknown,False
5567,EVT07414,40.24,Medium,Monitor,Open,[],No IOC Match,Unknown,False
5568,EVT09038,40.24,Medium,Monitor,Open,[],No IOC Match,Unknown,False
5569,EVT01494,40.23,Medium,Monitor,Open,[],No IOC Match,Unknown,False
5570,EVT07784,40.23,Medium,Monitor,Open,[],No IOC Match,Unknown,False
5571,EVT00568,40.22,Medium,Monitor,Open,[],No IOC Match,Unknown,False
5572,EVT02025,40.22,Medium,Monitor,Open,[],No IOC Match,Unknown,False
5573,EVT06344,40.22,Medium,Monitor,Open,[],No IOC Match,Unknown,False
5574,EVT07067,40.22,Medium,Monitor,Open,[],No IOC Match,Unknown,False
5575,EVT07297,40.22,Medium,Monitor,Open,[],No IOC Match,Unknown,False
5576,EVT07860,40.22,Medium,Monitor,Open,[],No IOC Match,Unknown,False
5577,EVT05902,40.21,Medium,Monitor,Open,['High CVSS vulnerability'],No IOC Match,Unknown,False
5578,EVT08269,40.21,Medium,Monitor,Open,[],No IOC Match,Unknown,False
5579,EVT08831,40.2,Medium,Monitor,Open,[],No IOC Match,Medium,True
5580,EVT00751,40.19,Medium,Monitor,Open,[],No IOC Match,Unknown,False
5581,EVT01511,40.19,Medium,Monitor,Open,['Multiple failed login attempts'],No IOC Match,Unknown,False
5582,EVT02085,40.19,Medium,Monitor,Open,[],No IOC Match,Unknown,False
5583,EVT01174,40.18,Medium,Monitor,Open,[],No IOC Match,Unknown,False
5584,EVT04956,40.18,Medium,Monitor,Open,[],No IOC Match,Unknown,False
5585,EVT09771,40.18,Medium,Monitor,Open,[],No IOC Match,Unknown,False
5586,EVT00277,40.17,Medium,Monitor,Open,['Multiple failed login attempts'],No IOC Match,Unknown,False
5587,EVT00387,40.17,Medium,Monitor,Open,[],No IOC Match,Unknown,False
5588,EVT00713,40.17,Medium,Monitor,Open,['Multiple failed login attempts'],No IOC Match,Unknown,False
5589,EVT02003,40.17,Medium,Monitor,Open,[],No IOC Match,Unknown,False
5590,EVT03929,40.17,Medium,Monitor,Open,['Multiple failed login attempts'],No IOC Match,Unknown,False
5591,EVT01133,40.16,Medium,Monitor,Open,[],No IOC Match,Unknown,False
5592,EVT03253,40.16,Medium,Monitor,Open,[],No IOC Match,Unknown,False
5593,EVT04060,40.16,Medium,Monitor,Open,[],No IOC Match,Unknown,False
5594,EVT08969,40.16,Medium,Monitor,Open,[],No IOC Match,Unknown,False
5595,EVT03307,40.15,Medium,Monitor,Open,[],No IOC Match,Unknown,False
5596,EVT08118,40.15,Medium,Monitor,Open,[],No IOC Match,Unknown,False
5597,EVT00061,40.14,Medium,Monitor,Open,[],No IOC Match,Unknown,False
5598,EVT05640,40.14,Medium,Monitor,Open,[],No IOC Match,Unknown,False
5599,EVT07514,40.14,Medium,Monitor,Open,[],No IOC Match,Unknown,False
5600,EVT01804,40.13,Medium,Monitor,Open,[],No IOC Match,Unknown,False
5601,EVT05323,40.13,Medium,Monitor,Open,[],No IOC Match,Unknown,False
5602,EVT09619,40.13,Medium,Monitor,Open,[],No IOC Match,Low,True
5603,EVT00876,40.12,Medium,Monitor,Open,[],No IOC Match,Unknown,False
5604,EVT01362,40.12,Medium,Monitor,Open,[],No IOC Match,Unknown,False
5605,EVT03880,40.12,Medium,Monitor,Open,[],No IOC Match,Unknown,False
5606,EVT05578,40.12,Medium,Monitor,Open,['Multiple failed login attempts'],No IOC Match,Unknown,False
5607,EVT06475,40.12,Medium,Monitor,Open,['Multiple failed login attempts'],No IOC Match,Unknown,False
5608,EVT00722,40.11,Medium,Monitor,Open,[],No IOC Match,Unknown,False
5609,EVT02038,40.11,Medium,Monitor,Open,[],No IOC Match,Unknown,False
5610,EVT07226,40.11,Medium,Monitor,Open,[],No IOC Match,Unknown,False
5611,EVT07295,40.11,Medium,Monitor,Open,[],No IOC Match,Unknown,False
5612,EVT01444,40.1,Medium,Monitor,Open,[],No IOC Match,Unknown,False
5613,EVT09719,40.1,Medium,Monitor,Open,[],No IOC Match,Unknown,False
5614,EVT09826,40.1,Medium,Monitor,Open,['High CVSS vulnerability'],No IOC Match,Unknown,False
5615,EVT00242,40.09,Medium,Monitor,Open,[],No IOC Match,High,True
5616,EVT04744,40.09,Medium,Monitor,Open,[],No IOC Match,Unknown,False
5617,EVT00239,40.08,Medium,Monitor,Open,[],No IOC Match,Unknown,False
5618,EVT02286,40.08,Medium,Monitor,Open,[],No IOC Match,Unknown,False
5619,EVT04235,40.08,Medium,Monitor,Open,[],No IOC Match,Unknown,False
5620,EVT08299,40.08,Medium,Monitor,Open,['Multiple failed login attempts'],No IOC Match,Unknown,False
5621,EVT08934,40.08,Medium,Monitor,Open,[],No IOC Match,Unknown,False
5622,EVT09923,40.08,Medium,Monitor,Open,[],No IOC Match,Unknown,False
5623,EVT00821,40.07,Medium,Monitor,Open,[],No IOC Match,Unknown,False
5624,EVT01260,40.07,Medium,Monitor,Open,['Multiple failed login attempts'],No IOC Match,Unknown,False
5625,EVT03524,40.07,Medium,Monitor,Open,[],No IOC Match,Unknown,False
5626,EVT02942,40.06,Medium,Monitor,Open,[],No IOC Match,Unknown,False
5627,EVT08404,40.06,Medium,Monitor,Open,['High CVSS vulnerability'],No IOC Match,Unknown,False
5628,EVT00868,40.05,Medium,Monitor,Open,[],No IOC Match,Unknown,False
5629,EVT09758,40.05,Medium,Monitor,Open,[],No IOC Match,Unknown,False
5630,EVT05005,40.04,Medium,Monitor,Open,[],No IOC Match,Unknown,False
5631,EVT05553,40.04,Medium,Monitor,Open,['Multiple failed login attempts'],No IOC Match,Unknown,False
5632,EVT08795,40.04,Medium,Monitor,Open,[],No IOC Match,Unknown,False
5633,EVT02130,40.03,Medium,Monitor,Open,[],No IOC Match,Unknown,False
5634,EVT04689,40.03,Medium,Monitor,Open,[],No IOC Match,Unknown,False
5635,EVT07060,40.03,Medium,Monitor,Open,[],No IOC Match,Unknown,False
5636,EVT00504,40.02,Medium,Monitor,Open,[],No IOC Match,Unknown,False
5637,EVT04704,40.02,Medium,Monitor,Open,['High CVSS vulnerability'],No IOC Match,Unknown,False
5638,EVT00627,40.01,Medium,Monitor,Open,['High CVSS vulnerability'],No IOC Match,Unknown,False
5639,EVT00758,40.0,Medium,Monitor,Open,[],No IOC Match,Unknown,False
5640,EVT08646,40.0,Medium,Monitor,Open,[],No IOC Match,Unknown,False
5641,EVT03027,39.99,Medium,Monitor,Open,[],No IOC Match,Low,True
5642,EVT04925,39.99,Medium,Monitor,Open,['Multiple failed login attempts'],No IOC Match,Unknown,False
5643,EVT02833,39.97,Medium,Monitor,Open,[],No IOC Match,Unknown,False
5644,EVT04868,39.97,Medium,Monitor,Open,[],No IOC Match,Unknown,False
5645,EVT06206,39.97,Medium,Monitor,Open,[],No IOC Match,Unknown,False
5646,EVT07294,39.97,Medium,Monitor,Open,[],No IOC Match,Unknown,False
5647,EVT07882,39.96,Medium,Monitor,Open,['Multiple failed login attempts'],No IOC Match,Unknown,False
5648,EVT09127,39.96,Medium,Monitor,Open,[],No IOC Match,Unknown,False
5649,EVT02030,39.95,Medium,Monitor,Open,[],No IOC Match,Unknown,False
5650,EVT04389,39.95,Medium,Monitor,Open,[],No IOC Match,Unknown,False
5651,EVT07152,39.95,Medium,Monitor,Open,[],No IOC Match,Unknown,False
5652,EVT00324,39.94,Medium,Monitor,Open,[],No IOC Match,Unknown,False
5653,EVT01231,39.94,Medium,Monitor,Open,[],No IOC Match,Unknown,False
5654,EVT03468,39.94,Medium,Monitor,Open,[],No IOC Match,Unknown,False
5655,EVT04900,39.94,Medium,Monitor,Open,[],No IOC Match,Unknown,False
5656,EVT06510,39.94,Medium,Monitor,Open,[],No IOC Match,Unknown,False
5657,EVT02017,39.93,Medium,Monitor,Open,[],No IOC Match,Unknown,False
5658,EVT02582,39.93,Medium,Monitor,Open,[],No IOC Match,Unknown,False
5659,EVT06403,39.93,Medium,Monitor,Open,[],No IOC Match,Unknown,False
5660,EVT00543,39.92,Medium,Monitor,Open,['Multiple failed login attempts'],No IOC Match,Unknown,False
5661,EVT09839,39.92,Medium,Monitor,Open,[],No IOC Match,Unknown,False
5662,EVT01064,39.91,Medium,Monitor,Open,[],No IOC Match,Unknown,False
5663,EVT09445,39.91,Medium,Monitor,Open,['Multiple failed login attempts'],No IOC Match,Unknown,False
5664,EVT02444,39.9,Medium,Monitor,Open,[],No IOC Match,Unknown,False
5665,EVT02997,39.9,Medium,Monitor,Open,[],No IOC Match,Unknown,False
5666,EVT03538,39.9,Medium,Monitor,Open,[],No IOC Match,Unknown,False
5667,EVT02960,39.89,Medium,Monitor,Open,[],No IOC Match,Unknown,False
5668,EVT04240,39.89,Medium,Monitor,Open,[],No IOC Match,Unknown,False
5669,EVT06296,39.89,Medium,Monitor,Open,[],No IOC Match,Unknown,False
5670,EVT05342,39.88,Medium,Monitor,Open,[],No IOC Match,Unknown,False
5671,EVT06739,39.88,Medium,Monitor,Open,[],No IOC Match,Unknown,False
5672,EVT06811,39.88,Medium,Monitor,Open,['Critical asset'],No IOC Match,Critical,True
5673,EVT08151,39.88,Medium,Monitor,Open,[],No IOC Match,Unknown,False
5674,EVT05527,39.87,Medium,Monitor,Open,[],No IOC Match,High,True
5675,EVT09917,39.87,Medium,Monitor,Open,[],No IOC Match,Unknown,False
5676,EVT01017,39.86,Medium,Monitor,Open,[],No IOC Match,Unknown,False
5677,EVT02406,39.86,Medium,Monitor,Open,[],No IOC Match,Unknown,False
5678,EVT04347,39.86,Medium,Monitor,Open,[],No IOC Match,Unknown,False
5679,EVT04142,39.85,Medium,Monitor,Open,[],No IOC Match,Unknown,False
5680,EVT04432,39.85,Medium,Monitor,Open,[],No IOC Match,Unknown,False
5681,EVT00929,39.84,Medium,Monitor,Open,[],No IOC Match,Unknown,False
5682,EVT04403,39.84,Medium,Monitor,Open,['Multiple failed login attempts'],No IOC Match,Unknown,False
5683,EVT07746,39.84,Medium,Monitor,Open,[],No IOC Match,Unknown,False
5684,EVT09896,39.84,Medium,Monitor,Open,[],No IOC Match,Unknown,False
5685,EVT07660,39.83,Medium,Monitor,Open,[],No IOC Match,Unknown,False
5686,EVT07884,39.83,Medium,Monitor,Open,[],No IOC Match,Unknown,False
5687,EVT08347,39.83,Medium,Monitor,Open,[],No IOC Match,Unknown,False
5688,EVT09966,39.83,Medium,Monitor,Open,[],No IOC Match,Unknown,False
5689,EVT05028,39.82,Medium,Monitor,Open,[],No IOC Match,Unknown,False
5690,EVT06227,39.82,Medium,Monitor,Open,[],No IOC Match,Unknown,False
5691,EVT00379,39.81,Medium,Monitor,Open,[],No IOC Match,Unknown,False
5692,EVT02056,39.81,Medium,Monitor,Open,['Multiple failed login attempts'],No IOC Match,Unknown,False
5693,EVT04220,39.81,Medium,Monitor,Open,[],No IOC Match,Unknown,False
5694,EVT07229,39.81,Medium,Monitor,Open,[],No IOC Match,Unknown,False
5695,EVT08999,39.81,Medium,Monitor,Open,[],No IOC Match,Unknown,False
5696,EVT09439,39.81,Medium,Monitor,Open,['Multiple failed login attempts'],No IOC Match,Unknown,False
5697,EVT01193,39.8,Medium,Monitor,Open,[],No IOC Match,Unknown,False
5698,EVT01838,39.79,Medium,Monitor,Open,[],No IOC Match,Unknown,False
5699,EVT03086,39.79,Medium,Monitor,Open,[],No IOC Match,Unknown,False
5700,EVT08047,39.79,Medium,Monitor,Open,[],No IOC Match,Unknown,False
5701,EVT00276,39.77,Medium,Monitor,Open,[],No IOC Match,Unknown,False
5702,EVT00351,39.75,Medium,Monitor,Open,['Multiple failed login attempts'],No IOC Match,Unknown,False
5703,EVT03523,39.75,Medium,Monitor,Open,[],No IOC Match,Unknown,False
5704,EVT01422,39.74,Medium,Monitor,Open,[],No IOC Match,Unknown,False
5705,EVT00760,39.73,Medium,Monitor,Open,[],No IOC Match,Unknown,False
5706,EVT02572,39.73,Medium,Monitor,Open,[],No IOC Match,Unknown,False
5707,EVT06298,39.73,Medium,Monitor,Open,['Multiple failed login attempts'],No IOC Match,Unknown,False
5708,EVT09204,39.73,Medium,Monitor,Open,['High CVSS vulnerability'],No IOC Match,Unknown,False
5709,EVT00082,39.71,Medium,Monitor,Open,[],No IOC Match,Unknown,False
5710,EVT03136,39.71,Medium,Monitor,Open,['Multiple failed login attempts'],No IOC Match,Unknown,False
5711,EVT08530,39.71,Medium,Monitor,Open,[],No IOC Match,Unknown,False
5712,EVT00943,39.7,Medium,Monitor,Open,[],No IOC Match,Unknown,False
5713,EVT05189,39.7,Medium,Monitor,Open,[],No IOC Match,Unknown,False
5714,EVT02397,39.69,Medium,Monitor,Open,[],No IOC Match,Unknown,False
5715,EVT06086,39.68,Medium,Monitor,Open,[],No IOC Match,Unknown,False
5716,EVT07740,39.68,Medium,Monitor,Open,[],No IOC Match,Unknown,False
5717,EVT08569,39.68,Medium,Monitor,Open,[],No IOC Match,Unknown,False
5718,EVT00121,39.67,Medium,Monitor,Open,[],No IOC Match,Unknown,False
5719,EVT03916,39.67,Medium,Monitor,Open,[],No IOC Match,Unknown,False
5720,EVT04019,39.67,Medium,Monitor,Open,[],No IOC Match,Unknown,False
5721,EVT04839,39.67,Medium,Monitor,Open,[],No IOC Match,Unknown,False
5722,EVT05058,39.67,Medium,Monitor,Open,[],No IOC Match,Unknown,False
5723,EVT06708,39.67,Medium,Monitor,Open,['Multiple failed login attempts'],No IOC Match,Unknown,False
5724,EVT07968,39.67,Medium,Monitor,Open,[],No IOC Match,Unknown,False
5725,EVT00031,39.66,Medium,Monitor,Open,[],No IOC Match,Unknown,False
5726,EVT07624,39.66,Medium,Monitor,Open,[],No IOC Match,Unknown,False
5727,EVT01589,39.65,Medium,Monitor,Open,[],No IOC Match,Unknown,False
5728,EVT02272,39.65,Medium,Monitor,Open,[],No IOC Match,Unknown,False
5729,EVT03706,39.65,Medium,Monitor,Open,[],No IOC Match,Unknown,False
5730,EVT03933,39.65,Medium,Monitor,Open,[],No IOC Match,Low,True
5731,EVT06354,39.65,Medium,Monitor,Open,[],No IOC Match,Unknown,False
5732,EVT08405,39.65,Medium,Monitor,Open,[],No IOC Match,Unknown,False
5733,EVT04174,39.64,Medium,Monitor,Open,[],No IOC Match,Unknown,False
5734,EVT04437,39.64,Medium,Monitor,Open,[],No IOC Match,High,True
5735,EVT04892,39.64,Medium,Monitor,Open,[],No IOC Match,Unknown,False
5736,EVT08397,39.64,Medium,Monitor,Open,[],No IOC Match,Unknown,False
5737,EVT08911,39.64,Medium,Monitor,Open,[],No IOC Match,Unknown,False
5738,EVT02966,39.63,Medium,Monitor,Open,[],No IOC Match,Unknown,False
5739,EVT05794,39.63,Medium,Monitor,Open,[],No IOC Match,Unknown,False
5740,EVT00727,39.62,Medium,Monitor,Open,[],No IOC Match,Unknown,False
5741,EVT03662,39.62,Medium,Monitor,Open,[],No IOC Match,Unknown,False
5742,EVT03987,39.6,Medium,Monitor,Open,['High CVSS vulnerability'],No IOC Match,Unknown,False
5743,EVT06908,39.6,Medium,Monitor,Open,[],No IOC Match,Unknown,False
5744,EVT02780,39.59,Medium,Monitor,Open,[],No IOC Match,Unknown,False
5745,EVT08549,39.59,Medium,Monitor,Open,[],No IOC Match,Unknown,False
5746,EVT08661,39.59,Medium,Monitor,Open,[],No IOC Match,Unknown,False
5747,EVT08777,39.59,Medium,Monitor,Open,[],No IOC Match,Unknown,False
5748,EVT08798,39.59,Medium,Monitor,Open,[],No IOC Match,Unknown,False
5749,EVT03336,39.58,Medium,Monitor,Open,[],No IOC Match,Unknown,False
5750,EVT07837,39.58,Medium,Monitor,Open,[],No IOC Match,Unknown,False
5751,EVT08406,39.58,Medium,Monitor,Open,[],No IOC Match,Unknown,False
5752,EVT00858,39.57,Medium,Monitor,Open,[],No IOC Match,Unknown,False
5753,EVT03449,39.57,Medium,Monitor,Open,[],No IOC Match,Unknown,False
5754,EVT03602,39.57,Medium,Monitor,Open,[],No IOC Match,Unknown,False
5755,EVT04055,39.57,Medium,Monitor,Open,[],No IOC Match,Unknown,False
5756,EVT05251,39.57,Medium,Monitor,Open,[],No IOC Match,Unknown,False
5757,EVT06262,39.57,Medium,Monitor,Open,[],No IOC Match,Unknown,False
5758,EVT09880,39.57,Medium,Monitor,Open,[],No IOC Match,Unknown,False
5759,EVT00560,39.56,Medium,Monitor,Open,[],No IOC Match,Unknown,False
5760,EVT05235,39.56,Medium,Monitor,Open,['Multiple failed login attempts'],No IOC Match,Unknown,False
5761,EVT05696,39.56,Medium,Monitor,Open,[],No IOC Match,Unknown,False
5762,EVT06389,39.56,Medium,Monitor,Open,['Multiple failed login attempts'],No IOC Match,Unknown,False
5763,EVT04833,39.55,Medium,Monitor,Open,[],No IOC Match,Unknown,False
5764,EVT09947,39.55,Medium,Monitor,Open,[],No IOC Match,Unknown,False
5765,EVT01674,39.54,Medium,Monitor,Open,[],No IOC Match,Unknown,False
5766,EVT06721,39.54,Medium,Monitor,Open,[],No IOC Match,High,True
5767,EVT07316,39.53,Medium,Monitor,Open,[],No IOC Match,Unknown,False
5768,EVT08450,39.53,Medium,Monitor,Open,[],No IOC Match,Unknown,False
5769,EVT08756,39.53,Medium,Monitor,Open,[],No IOC Match,Unknown,False
5770,EVT09898,39.53,Medium,Monitor,Open,[],No IOC Match,Unknown,False
5771,EVT02835,39.52,Medium,Monitor,Open,[],No IOC Match,Unknown,False
5772,EVT07585,39.52,Medium,Monitor,Open,[],No IOC Match,Unknown,False
5773,EVT07586,39.52,Medium,Monitor,Open,[],No IOC Match,Unknown,False
5774,EVT07913,39.52,Medium,Monitor,Open,[],No IOC Match,Unknown,False
5775,EVT08503,39.52,Medium,Monitor,Open,[],No IOC Match,Unknown,False
5776,EVT08623,39.52,Medium,Monitor,Open,[],No IOC Match,Unknown,False
5777,EVT03051,39.51,Medium,Monitor,Open,[],No IOC Match,Unknown,False
5778,EVT05475,39.51,Medium,Monitor,Open,[],No IOC Match,Medium,True
5779,EVT06536,39.51,Medium,Monitor,Open,[],No IOC Match,Unknown,False
5780,EVT07871,39.51,Medium,Monitor,Open,[],No IOC Match,Unknown,False
5781,EVT06870,39.5,Medium,Monitor,Open,[],No IOC Match,Unknown,False
5782,EVT07283,39.5,Medium,Monitor,Open,[],No IOC Match,Unknown,False
5783,EVT07350,39.5,Medium,Monitor,Open,[],No IOC Match,Unknown,False
5784,EVT07959,39.5,Medium,Monitor,Open,['High CVSS vulnerability'],No IOC Match,Unknown,False
5785,EVT09864,39.5,Medium,Monitor,Open,[],No IOC Match,Unknown,False
5786,EVT04884,39.49,Medium,Monitor,Open,[],No IOC Match,Unknown,False
5787,EVT03811,39.48,Medium,Monitor,Open,[],No IOC Match,Unknown,False
5788,EVT08505,39.48,Medium,Monitor,Open,[],No IOC Match,Unknown,False
5789,EVT09502,39.47,Medium,Monitor,Open,[],No IOC Match,Unknown,False
5790,EVT00966,39.46,Medium,Monitor,Open,[],No IOC Match,Unknown,False
5791,EVT07133,39.46,Medium,Monitor,Open,[],No IOC Match,Unknown,False
5792,EVT08140,39.46,Medium,Monitor,Open,['High CVSS vulnerability'],No IOC Match,Unknown,False
5793,EVT02584,39.45,Medium,Monitor,Open,[],No IOC Match,Unknown,False
5794,EVT05306,39.45,Medium,Monitor,Open,[],No IOC Match,Unknown,False
5795,EVT08275,39.45,Medium,Monitor,Open,[],No IOC Match,Unknown,False
5796,EVT03632,39.44,Medium,Monitor,Open,[],No IOC Match,Unknown,False
5797,EVT09564,39.44,Medium,Monitor,Open,[],No IOC Match,Unknown,False
5798,EVT00388,39.43,Medium,Monitor,Open,['High CVSS vulnerability'],No IOC Match,Unknown,False
5799,EVT02958,39.43,Medium,Monitor,Open,[],No IOC Match,Unknown,False
5800,EVT03966,39.43,Medium,Monitor,Open,[],No IOC Match,Unknown,False
5801,EVT07433,39.43,Medium,Monitor,Open,[],No IOC Match,Unknown,False
5802,EVT07601,39.43,Medium,Monitor,Open,[],No IOC Match,Unknown,False
5803,EVT07762,39.42,Medium,Monitor,Open,[],No IOC Match,Unknown,False
5804,EVT09860,39.42,Medium,Monitor,Open,[],No IOC Match,Unknown,False
5805,EVT01785,39.41,Medium,Monitor,Open,[],No IOC Match,Unknown,False
5806,EVT06154,39.41,Medium,Monitor,Open,[],No IOC Match,Unknown,False
5807,EVT09665,39.4,Medium,Monitor,Open,[],No IOC Match,Unknown,False
5808,EVT09733,39.4,Medium,Monitor,Open,[],No IOC Match,Unknown,False
5809,EVT00879,39.39,Medium,Monitor,Open,[],No IOC Match,Unknown,False
5810,EVT03738,39.39,Medium,Monitor,Open,[],No IOC Match,Unknown,False
5811,EVT07209,39.39,Medium,Monitor,Open,[],No IOC Match,Unknown,False
5812,EVT07326,39.39,Medium,Monitor,Open,[],No IOC Match,Unknown,False
5813,EVT04840,39.37,Medium,Monitor,Open,[],No IOC Match,Unknown,False
5814,EVT07298,39.37,Medium,Monitor,Open,[],No IOC Match,Unknown,False
5815,EVT07966,39.37,Medium,Monitor,Open,['Multiple failed login attempts'],No IOC Match,Unknown,False
5816,EVT09068,39.37,Medium,Monitor,Open,[],No IOC Match,Unknown,False
5817,EVT03285,39.36,Medium,Monitor,Open,[],No IOC Match,Unknown,False
5818,EVT04643,39.36,Medium,Monitor,Open,[],No IOC Match,Unknown,False
5819,EVT04659,39.36,Medium,Monitor,Open,['Multiple failed login attempts'],No IOC Match,Unknown,False
5820,EVT06039,39.36,Medium,Monitor,Open,[],No IOC Match,Unknown,False
5821,EVT07384,39.36,Medium,Monitor,Open,['High CVSS vulnerability'],No IOC Match,Unknown,False
5822,EVT05069,39.35,Medium,Monitor,Open,[],No IOC Match,Unknown,False
5823,EVT00332,39.34,Medium,Monitor,Open,[],No IOC Match,Unknown,False
5824,EVT02631,39.34,Medium,Monitor,Open,['High CVSS vulnerability'],No IOC Match,Unknown,False
5825,EVT03450,39.34,Medium,Monitor,Open,[],No IOC Match,Unknown,False
5826,EVT08994,39.33,Medium,Monitor,Open,[],No IOC Match,Unknown,False
5827,EVT01485,39.32,Medium,Monitor,Open,[],No IOC Match,Unknown,False
5828,EVT06847,39.32,Medium,Monitor,Open,['High CVSS vulnerability'],No IOC Match,Unknown,False
5829,EVT07002,39.32,Medium,Monitor,Open,[],No IOC Match,Unknown,False
5830,EVT06601,39.31,Medium,Monitor,Open,['Multiple failed login attempts'],No IOC Match,Unknown,False
5831,EVT01759,39.3,Medium,Monitor,Open,[],No IOC Match,Unknown,False
5832,EVT06392,39.3,Medium,Monitor,Open,[],No IOC Match,Unknown,False
5833,EVT06705,39.3,Medium,Monitor,Open,[],No IOC Match,Unknown,False
5834,EVT00411,39.29,Medium,Monitor,Open,[],No IOC Match,Unknown,False
5835,EVT04908,39.29,Medium,Monitor,Open,[],No IOC Match,Unknown,False
5836,EVT02016,39.28,Medium,Monitor,Open,[],No IOC Match,Unknown,False
5837,EVT06737,39.28,Medium,Monitor,Open,[],No IOC Match,Unknown,False
5838,EVT08018,39.28,Medium,Monitor,Open,[],No IOC Match,Unknown,False
5839,EVT00508,39.27,Medium,Monitor,Open,[],No IOC Match,Medium,True
5840,EVT03139,39.27,Medium,Monitor,Open,[],No IOC Match,Unknown,False
5841,EVT08036,39.27,Medium,Monitor,Open,[],No IOC Match,Unknown,False
5842,EVT02409,39.26,Medium,Monitor,Open,[],No IOC Match,Unknown,False
5843,EVT03337,39.26,Medium,Monitor,Open,['Multiple failed login attempts'],No IOC Match,Unknown,False
5844,EVT03585,39.26,Medium,Monitor,Open,[],No IOC Match,Unknown,False
5845,EVT08400,39.26,Medium,Monitor,Open,[],No IOC Match,Unknown,False
5846,EVT09374,39.26,Medium,Monitor,Open,[],No IOC Match,Unknown,False
5847,EVT00065,39.25,Medium,Monitor,Open,[],No IOC Match,Unknown,False
5848,EVT00115,39.25,Medium,Monitor,Open,['High CVSS vulnerability'],No IOC Match,Unknown,False
5849,EVT00206,39.25,Medium,Monitor,Open,[],No IOC Match,Unknown,False
5850,EVT09980,39.25,Medium,Monitor,Open,[],No IOC Match,Unknown,False
5851,EVT02105,39.24,Medium,Monitor,Open,[],No IOC Match,Unknown,False
5852,EVT09033,39.24,Medium,Monitor,Open,[],No IOC Match,Unknown,False
5853,EVT09652,39.24,Medium,Monitor,Open,['Multiple failed login attempts'],No IOC Match,Unknown,False
5854,EVT00192,39.23,Medium,Monitor,Open,[],No IOC Match,Unknown,False
5855,EVT00466,39.23,Medium,Monitor,Open,[],No IOC Match,Unknown,False
5856,EVT02462,39.23,Medium,Monitor,Open,['High CVSS vulnerability'],No IOC Match,Unknown,False
5857,EVT02641,39.23,Medium,Monitor,Open,[],No IOC Match,Unknown,False
5858,EVT04093,39.23,Medium,Monitor,Open,[],No IOC Match,Unknown,False
5859,EVT00990,39.22,Medium,Monitor,Open,[],No IOC Match,Unknown,False
5860,EVT01514,39.22,Medium,Monitor,Open,['Multiple failed login attempts'],No IOC Match,Unknown,False
5861,EVT01853,39.22,Medium,Monitor,Open,[],No IOC Match,High,True
5862,EVT04872,39.22,Medium,Monitor,Open,['Multiple failed login attempts'],No IOC Match,Unknown,False
5863,EVT08921,39.22,Medium,Monitor,Open,[],No IOC Match,Unknown,False
5864,EVT09914,39.22,Medium,Monitor,Open,[],No IOC Match,Unknown,False
5865,EVT03193,39.21,Medium,Monitor,Open,[],No IOC Match,Unknown,False
5866,EVT03238,39.21,Medium,Monitor,Open,[],No IOC Match,Unknown,False
5867,EVT06598,39.21,Medium,Monitor,Open,['Multiple failed login attempts'],No IOC Match,Unknown,False
5868,EVT01430,39.2,Medium,Monitor,Open,[],No IOC Match,Unknown,False
5869,EVT02690,39.2,Medium,Monitor,Open,[],No IOC Match,High,True
5870,EVT05476,39.2,Medium,Monitor,Open,['Multiple failed login attempts'],No IOC Match,Unknown,False
5871,EVT06091,39.2,Medium,Monitor,Open,[],No IOC Match,Unknown,False
5872,EVT09449,39.2,Medium,Monitor,Open,[],No IOC Match,Unknown,False
5873,EVT09744,39.2,Medium,Monitor,Open,['Multiple failed login attempts'],No IOC Match,Unknown,False
5874,EVT02002,39.19,Medium,Monitor,Open,['Multiple failed login attempts'],No IOC Match,Unknown,False
5875,EVT06698,39.19,Medium,Monitor,Open,['Multiple failed login attempts'],No IOC Match,Unknown,False
5876,EVT09180,39.19,Medium,Monitor,Open,[],No IOC Match,High,True
5877,EVT01323,39.18,Medium,Monitor,Open,[],No IOC Match,Unknown,False
5878,EVT04620,39.18,Medium,Monitor,Open,['Multiple failed login attempts'],No IOC Match,High,True
5879,EVT09431,39.18,Medium,Monitor,Open,[],No IOC Match,Unknown,False
5880,EVT07000,39.17,Medium,Monitor,Open,[],No IOC Match,Unknown,False
5881,EVT02927,39.15,Medium,Monitor,Open,[],No IOC Match,Unknown,False
5882,EVT03544,39.15,Medium,Monitor,Open,[],No IOC Match,Unknown,False
5883,EVT07041,39.15,Medium,Monitor,Open,[],No IOC Match,Unknown,False
5884,EVT07125,39.15,Medium,Monitor,Open,[],No IOC Match,Unknown,False
5885,EVT00231,39.14,Medium,Monitor,Open,[],No IOC Match,Unknown,False
5886,EVT04815,39.14,Medium,Monitor,Open,['Multiple failed login attempts'],No IOC Match,Unknown,False
5887,EVT05670,39.14,Medium,Monitor,Open,[],No IOC Match,Unknown,False
5888,EVT06459,39.14,Medium,Monitor,Open,[],No IOC Match,Medium,True
5889,EVT09646,39.14,Medium,Monitor,Open,[],No IOC Match,Unknown,False
5890,EVT03466,39.13,Medium,Monitor,Open,[],No IOC Match,High,True
5891,EVT06745,39.13,Medium,Monitor,Open,[],No IOC Match,Unknown,False
5892,EVT07830,39.13,Medium,Monitor,Open,[],No IOC Match,Unknown,False
5893,EVT04551,39.12,Medium,Monitor,Open,[],No IOC Match,Unknown,False
5894,EVT04578,39.12,Medium,Monitor,Open,['High CVSS vulnerability'],No IOC Match,Unknown,False
5895,EVT05913,39.12,Medium,Monitor,Open,[],No IOC Match,Unknown,False
5896,EVT09325,39.12,Medium,Monitor,Open,[],No IOC Match,Unknown,False
5897,EVT00254,39.11,Medium,Monitor,Open,['High CVSS vulnerability'],No IOC Match,Unknown,False
5898,EVT08631,39.11,Medium,Monitor,Open,['Multiple failed login attempts'],No IOC Match,Unknown,False
5899,EVT03688,39.1,Medium,Monitor,Open,[],No IOC Match,Low,True
5900,EVT06546,39.1,Medium,Monitor,Open,[],No IOC Match,Unknown,False
5901,EVT07969,39.1,Medium,Monitor,Open,[],No IOC Match,Unknown,False
5902,EVT03054,39.09,Medium,Monitor,Open,[],No IOC Match,Unknown,False
5903,EVT05283,39.09,Medium,Monitor,Open,[],No IOC Match,Unknown,False
5904,EVT09509,39.09,Medium,Monitor,Open,[],No IOC Match,Unknown,False
5905,EVT00797,39.08,Medium,Monitor,Open,[],No IOC Match,Medium,True
5906,EVT04316,39.08,Medium,Monitor,Open,[],No IOC Match,Medium,True
5907,EVT05550,39.08,Medium,Monitor,Open,['Multiple failed login attempts'],No IOC Match,Unknown,False
5908,EVT07749,39.08,Medium,Monitor,Open,[],No IOC Match,Unknown,False
5909,EVT04562,39.07,Medium,Monitor,Open,['High CVSS vulnerability'],No IOC Match,Unknown,False
5910,EVT08024,39.07,Medium,Monitor,Open,[],No IOC Match,Unknown,False
5911,EVT03752,39.06,Medium,Monitor,Open,[],No IOC Match,Unknown,False
5912,EVT03796,39.06,Medium,Monitor,Open,[],No IOC Match,Unknown,False
5913,EVT08279,39.06,Medium,Monitor,Open,[],No IOC Match,Unknown,False
5914,EVT09023,39.06,Medium,Monitor,Open,[],No IOC Match,Low,True
5915,EVT04144,39.05,Medium,Monitor,Open,[],No IOC Match,Unknown,False
5916,EVT07114,39.05,Medium,Monitor,Open,['Multiple failed login attempts'],No IOC Match,Unknown,False
5917,EVT06943,39.04,Medium,Monitor,Open,[],No IOC Match,Unknown,False
5918,EVT09037,39.04,Medium,Monitor,Open,[],No IOC Match,Unknown,False
5919,EVT01683,39.03,Medium,Monitor,Open,[],No IOC Match,Unknown,False
5920,EVT04087,39.03,Medium,Monitor,Open,[],No IOC Match,Medium,True
5921,EVT07636,39.03,Medium,Monitor,Open,[],No IOC Match,Unknown,False
5922,EVT04828,39.01,Medium,Monitor,Open,[],No IOC Match,Low,True
5923,EVT06522,39.01,Medium,Monitor,Open,[],No IOC Match,Unknown,False
5924,EVT02857,39.0,Medium,Monitor,Open,['Multiple failed login attempts'],No IOC Match,Unknown,False
5925,EVT05698,39.0,Medium,Monitor,Open,['Multiple failed login attempts'],No IOC Match,Unknown,False
5926,EVT07065,39.0,Medium,Monitor,Open,[],No IOC Match,Unknown,False
5927,EVT05466,38.98,Medium,Monitor,Open,[],No IOC Match,Unknown,False
5928,EVT08045,38.98,Medium,Monitor,Open,[],No IOC Match,Unknown,False
5929,EVT02538,38.97,Medium,Monitor,Open,[],No IOC Match,Unknown,False
5930,EVT02298,38.94,Medium,Monitor,Open,[],No IOC Match,Unknown,False
5931,EVT08696,38.94,Medium,Monitor,Open,[],No IOC Match,Unknown,False
5932,EVT00774,38.93,Medium,Monitor,Open,[],No IOC Match,Unknown,False
5933,EVT03950,38.93,Medium,Monitor,Open,[],No IOC Match,Unknown,False
5934,EVT03412,38.92,Medium,Monitor,Open,[],No IOC Match,Unknown,False
5935,EVT07256,38.92,Medium,Monitor,Open,[],No IOC Match,Unknown,False
5936,EVT00053,38.91,Medium,Monitor,Open,[],No IOC Match,Unknown,False
5937,EVT02086,38.91,Medium,Monitor,Open,[],No IOC Match,Unknown,False
5938,EVT00632,38.9,Medium,Monitor,Open,[],No IOC Match,Unknown,False
5939,EVT03749,38.89,Medium,Monitor,Open,[],No IOC Match,Unknown,False
5940,EVT02975,38.88,Medium,Monitor,Open,[],No IOC Match,Unknown,False
5941,EVT04334,38.88,Medium,Monitor,Open,['Multiple failed login attempts'],No IOC Match,Unknown,False
5942,EVT08471,38.88,Medium,Monitor,Open,[],No IOC Match,Unknown,False
5943,EVT01472,38.87,Medium,Monitor,Open,['Multiple failed login attempts'],No IOC Match,Low,True
5944,EVT06451,38.86,Medium,Monitor,Open,[],No IOC Match,High,True
5945,EVT06783,38.86,Medium,Monitor,Open,[],No IOC Match,Unknown,False
5946,EVT09138,38.86,Medium,Monitor,Open,['Multiple failed login attempts'],No IOC Match,Unknown,False
5947,EVT00442,38.85,Medium,Monitor,Open,['Multiple failed login attempts'],No IOC Match,Unknown,False
5948,EVT01892,38.85,Medium,Monitor,Open,[],No IOC Match,Unknown,False
5949,EVT05373,38.85,Medium,Monitor,Open,[],No IOC Match,Unknown,False
5950,EVT09743,38.85,Medium,Monitor,Open,[],No IOC Match,Unknown,False
5951,EVT01237,38.84,Medium,Monitor,Open,[],No IOC Match,Unknown,False
5952,EVT01724,38.84,Medium,Monitor,Open,[],No IOC Match,Unknown,False
5953,EVT08423,38.84,Medium,Monitor,Open,[],No IOC Match,Unknown,False
5954,EVT02257,38.83,Medium,Monitor,Open,[],No IOC Match,Unknown,False
5955,EVT00764,38.82,Medium,Monitor,Open,['Multiple failed login attempts'],No IOC Match,Unknown,False
5956,EVT07932,38.82,Medium,Monitor,Open,[],No IOC Match,Unknown,False
5957,EVT01199,38.81,Medium,Monitor,Open,[],No IOC Match,Unknown,False
5958,EVT03491,38.81,Medium,Monitor,Open,[],No IOC Match,Unknown,False
5959,EVT05197,38.81,Medium,Monitor,Open,[],No IOC Match,Unknown,False
5960,EVT00835,38.8,Medium,Monitor,Open,['Multiple failed login attempts'],No IOC Match,Unknown,False
5961,EVT01600,38.8,Medium,Monitor,Open,[],No IOC Match,Unknown,False
5962,EVT03721,38.8,Medium,Monitor,Open,[],No IOC Match,Unknown,False
5963,EVT00785,38.79,Medium,Monitor,Open,[],No IOC Match,Medium,True
5964,EVT02441,38.79,Medium,Monitor,Open,[],No IOC Match,Unknown,False
5965,EVT02740,38.79,Medium,Monitor,Open,[],No IOC Match,Unknown,False
5966,EVT03762,38.79,Medium,Monitor,Open,[],No IOC Match,Unknown,False
5967,EVT02011,38.78,Medium,Monitor,Open,[],No IOC Match,Unknown,False
5968,EVT09208,38.78,Medium,Monitor,Open,[],No IOC Match,Unknown,False
5969,EVT02111,38.77,Medium,Monitor,Open,['Multiple failed login attempts'],No IOC Match,Medium,True
5970,EVT03390,38.77,Medium,Monitor,Open,[],No IOC Match,Unknown,False
5971,EVT00605,38.76,Medium,Monitor,Open,[],No IOC Match,Unknown,False
5972,EVT03613,38.76,Medium,Monitor,Open,[],No IOC Match,Unknown,False
5973,EVT06773,38.76,Medium,Monitor,Open,[],No IOC Match,Unknown,False
5974,EVT06796,38.76,Medium,Monitor,Open,[],No IOC Match,Unknown,False
5975,EVT04448,38.75,Medium,Monitor,Open,[],No IOC Match,Unknown,False
5976,EVT00089,38.74,Medium,Monitor,Open,[],No IOC Match,Unknown,False
5977,EVT04052,38.74,Medium,Monitor,Open,[],No IOC Match,Unknown,False
5978,EVT07926,38.74,Medium,Monitor,Open,[],No IOC Match,Unknown,False
5979,EVT08270,38.74,Medium,Monitor,Open,[],No IOC Match,Unknown,False
5980,EVT08563,38.74,Medium,Monitor,Open,[],No IOC Match,Unknown,False
5981,EVT01378,38.73,Medium,Monitor,Open,[],No IOC Match,Unknown,False
5982,EVT05200,38.73,Medium,Monitor,Open,['Multiple failed login attempts'],No IOC Match,Unknown,False
5983,EVT00997,38.72,Medium,Monitor,Open,['Multiple failed login attempts'],No IOC Match,Unknown,False
5984,EVT06703,38.72,Medium,Monitor,Open,[],No IOC Match,Unknown,False
5985,EVT06969,38.72,Medium,Monitor,Open,['Multiple failed login attempts'],No IOC Match,Unknown,False
5986,EVT07612,38.72,Medium,Monitor,Open,['Multiple failed login attempts'],No IOC Match,Unknown,False
5987,EVT02747,38.71,Medium,Monitor,Open,['Multiple failed login attempts'],No IOC Match,Unknown,False
5988,EVT02952,38.71,Medium,Monitor,Open,[],No IOC Match,Unknown,False
5989,EVT06059,38.71,Medium,Monitor,Open,[],No IOC Match,Unknown,False
5990,EVT01028,38.7,Medium,Monitor,Open,[],No IOC Match,Unknown,False
5991,EVT01628,38.7,Medium,Monitor,Open,[],No IOC Match,Unknown,False
5992,EVT01888,38.7,Medium,Monitor,Open,[],No IOC Match,Unknown,False
5993,EVT04203,38.7,Medium,Monitor,Open,['High CVSS vulnerability'],No IOC Match,Unknown,False
5994,EVT05226,38.7,Medium,Monitor,Open,[],No IOC Match,Unknown,False
5995,EVT00228,38.69,Medium,Monitor,Open,[],No IOC Match,Unknown,False
5996,EVT07863,38.68,Medium,Monitor,Open,[],No IOC Match,Unknown,False
5997,EVT00619,38.67,Medium,Monitor,Open,[],No IOC Match,Unknown,False
5998,EVT00775,38.67,Medium,Monitor,Open,[],No IOC Match,Unknown,False
5999,EVT05408,38.67,Medium,Monitor,Open,[],No IOC Match,Unknown,False
6000,EVT05289,38.66,Medium,Monitor,Open,[],No IOC Match,Unknown,False
6001,EVT08296,38.66,Medium,Monitor,Open,[],No IOC Match,Unknown,False
6002,EVT09465,38.66,Medium,Monitor,Open,['Multiple failed login attempts'],No IOC Match,Unknown,False
6003,EVT00176,38.64,Medium,Monitor,Open,[],No IOC Match,Unknown,False
6004,EVT06752,38.64,Medium,Monitor,Open,[],No IOC Match,Unknown,False
6005,EVT07475,38.64,Medium,Monitor,Open,[],No IOC Match,Unknown,False
6006,EVT08810,38.64,Medium,Monitor,Open,['Multiple failed login attempts'],No IOC Match,Unknown,False
6007,EVT08963,38.64,Medium,Monitor,Open,[],No IOC Match,Unknown,False
6008,EVT09360,38.64,Medium,Monitor,Open,['Multiple failed login attempts'],No IOC Match,Unknown,False
6009,EVT09653,38.64,Medium,Monitor,Open,[],No IOC Match,Unknown,False
6010,EVT02885,38.63,Medium,Monitor,Open,[],No IOC Match,Unknown,False
6011,EVT04633,38.63,Medium,Monitor,Open,[],No IOC Match,Unknown,False
6012,EVT06000,38.63,Medium,Monitor,Open,[],No IOC Match,Unknown,False
6013,EVT06010,38.63,Medium,Monitor,Open,[],No IOC Match,Unknown,False
6014,EVT06023,38.63,Medium,Monitor,Open,['Multiple failed login attempts'],No IOC Match,Unknown,False
6015,EVT08922,38.63,Medium,Monitor,Open,[],No IOC Match,Unknown,False
6016,EVT09696,38.63,Medium,Monitor,Open,[],No IOC Match,Unknown,False
6017,EVT04264,38.62,Medium,Monitor,Open,[],No IOC Match,Unknown,False
6018,EVT05598,38.62,Medium,Monitor,Open,[],No IOC Match,Unknown,False
6019,EVT05881,38.62,Medium,Monitor,Open,['Multiple failed login attempts'],No IOC Match,Unknown,False
6020,EVT08040,38.62,Medium,Monitor,Open,[],No IOC Match,Unknown,False
6021,EVT08732,38.62,Medium,Monitor,Open,[],No IOC Match,Unknown,False
6022,EVT01631,38.61,Medium,Monitor,Open,[],No IOC Match,Unknown,False
6023,EVT02163,38.61,Medium,Monitor,Open,[],No IOC Match,Unknown,False
6024,EVT03283,38.61,Medium,Monitor,Open,['High CVSS vulnerability'],No IOC Match,Unknown,False
6025,EVT04183,38.61,Medium,Monitor,Open,[],No IOC Match,Unknown,False
6026,EVT05619,38.61,Medium,Monitor,Open,[],No IOC Match,Unknown,False
6027,EVT07101,38.61,Medium,Monitor,Open,[],No IOC Match,Unknown,False
6028,EVT08294,38.61,Medium,Monitor,Open,[],No IOC Match,Unknown,False
6029,EVT09833,38.61,Medium,Monitor,Open,[],No IOC Match,Unknown,False
6030,EVT00825,38.6,Medium,Monitor,Open,[],No IOC Match,Unknown,False
6031,EVT02482,38.6,Medium,Monitor,Open,[],No IOC Match,Unknown,False
6032,EVT04138,38.59,Medium,Monitor,Open,[],No IOC Match,Unknown,False
6033,EVT09349,38.59,Medium,Monitor,Open,[],No IOC Match,Unknown,False
6034,EVT01915,38.58,Medium,Monitor,Open,['Multiple failed login attempts'],No IOC Match,Unknown,False
6035,EVT06045,38.58,Medium,Monitor,Open,[],No IOC Match,Unknown,False
6036,EVT09301,38.58,Medium,Monitor,Open,['Multiple failed login attempts'],No IOC Match,Unknown,False
6037,EVT00152,38.57,Medium,Monitor,Open,[],No IOC Match,Unknown,False
6038,EVT00164,38.57,Medium,Monitor,Open,['High CVSS vulnerability'],No IOC Match,Unknown,False
6039,EVT03969,38.57,Medium,Monitor,Open,[],No IOC Match,Unknown,False
6040,EVT06862,38.57,Medium,Monitor,Open,[],No IOC Match,Unknown,False
6041,EVT01175,38.56,Medium,Monitor,Open,[],No IOC Match,Unknown,False
6042,EVT02876,38.56,Medium,Monitor,Open,[],No IOC Match,Unknown,False
6043,EVT00294,38.55,Medium,Monitor,Open,[],No IOC Match,Unknown,False
6044,EVT06025,38.55,Medium,Monitor,Open,[],No IOC Match,Unknown,False
6045,EVT00005,38.54,Medium,Monitor,Open,[],No IOC Match,Unknown,False
6046,EVT00339,38.54,Medium,Monitor,Open,[],No IOC Match,Unknown,False
6047,EVT02346,38.54,Medium,Monitor,Open,[],No IOC Match,Unknown,False
6048,EVT04258,38.54,Medium,Monitor,Open,[],No IOC Match,Unknown,False
6049,EVT06134,38.54,Medium,Monitor,Open,[],No IOC Match,Low,True
6050,EVT09081,38.54,Medium,Monitor,Open,[],No IOC Match,Unknown,False
6051,EVT09851,38.54,Medium,Monitor,Open,[],No IOC Match,Unknown,False
6052,EVT03377,38.53,Medium,Monitor,Open,[],No IOC Match,Unknown,False
6053,EVT06194,38.53,Medium,Monitor,Open,[],No IOC Match,Unknown,False
6054,EVT07529,38.53,Medium,Monitor,Open,[],No IOC Match,Unknown,False
6055,EVT09999,38.53,Medium,Monitor,Open,[],No IOC Match,Unknown,False
6056,EVT04757,38.51,Medium,Monitor,Open,[],No IOC Match,Unknown,False
6057,EVT05370,38.51,Medium,Monitor,Open,['Multiple failed login attempts'],No IOC Match,Unknown,False
6058,EVT03508,38.5,Medium,Monitor,Open,['Multiple failed login attempts'],No IOC Match,Unknown,False
6059,EVT05117,38.5,Medium,Monitor,Open,[],No IOC Match,Unknown,False
6060,EVT07386,38.5,Medium,Monitor,Open,[],No IOC Match,Unknown,False
6061,EVT09304,38.5,Medium,Monitor,Open,[],No IOC Match,Unknown,False
6062,EVT00462,38.49,Medium,Monitor,Open,[],No IOC Match,Unknown,False
6063,EVT01357,38.48,Medium,Monitor,Open,['Multiple failed login attempts'],No IOC Match,Unknown,False
6064,EVT02410,38.48,Medium,Monitor,Open,['High CVSS vulnerability'],No IOC Match,Unknown,False
6065,EVT02843,38.48,Medium,Monitor,Open,[],No IOC Match,Unknown,False
6066,EVT08758,38.48,Medium,Monitor,Open,['Multiple failed login attempts'],No IOC Match,Unknown,False
6067,EVT02155,38.47,Medium,Monitor,Open,[],No IOC Match,Unknown,False
6068,EVT03963,38.47,Medium,Monitor,Open,[],No IOC Match,Unknown,False
6069,EVT05811,38.47,Medium,Monitor,Open,['Multiple failed login attempts'],No IOC Match,Unknown,False
6070,EVT01634,38.46,Medium,Monitor,Open,[],No IOC Match,Unknown,False
6071,EVT07001,38.46,Medium,Monitor,Open,[],No IOC Match,Unknown,False
6072,EVT00742,38.45,Medium,Monitor,Open,[],No IOC Match,Unknown,False
6073,EVT04319,38.45,Medium,Monitor,Open,[],No IOC Match,High,True
6074,EVT05453,38.45,Medium,Monitor,Open,[],No IOC Match,Medium,True
6075,EVT06927,38.45,Medium,Monitor,Open,[],No IOC Match,Unknown,False
6076,EVT02754,38.44,Medium,Monitor,Open,[],No IOC Match,Unknown,False
6077,EVT08587,38.44,Medium,Monitor,Open,[],No IOC Match,Unknown,False
6078,EVT09396,38.44,Medium,Monitor,Open,['Multiple failed login attempts'],No IOC Match,Unknown,False
6079,EVT06590,38.43,Medium,Monitor,Open,[],No IOC Match,Unknown,False
6080,EVT03913,38.42,Medium,Monitor,Open,['Multiple failed login attempts'],No IOC Match,Unknown,False
6081,EVT04469,38.41,Medium,Monitor,Open,['Multiple failed login attempts'],No IOC Match,Unknown,False
6082,EVT07437,38.41,Medium,Monitor,Open,[],No IOC Match,Unknown,False
6083,EVT00903,38.4,Medium,Monitor,Open,[],No IOC Match,Medium,True
6084,EVT02193,38.4,Medium,Monitor,Open,['Multiple failed login attempts'],No IOC Match,Unknown,False
6085,EVT02463,38.4,Medium,Monitor,Open,[],No IOC Match,Unknown,False
6086,EVT03429,38.4,Medium,Monitor,Open,['High CVSS vulnerability'],No IOC Match,Unknown,False
6087,EVT07005,38.4,Medium,Monitor,Open,[],No IOC Match,Unknown,False
6088,EVT05853,38.39,Medium,Monitor,Open,[],No IOC Match,Unknown,False
6089,EVT00545,38.38,Medium,Monitor,Open,[],No IOC Match,Unknown,False
6090,EVT02498,38.38,Medium,Monitor,Open,[],No IOC Match,Unknown,False
6091,EVT06566,38.38,Medium,Monitor,Open,[],No IOC Match,Unknown,False
6092,EVT02100,38.37,Medium,Monitor,Open,['Multiple failed login attempts'],No IOC Match,Unknown,False
6093,EVT04587,38.37,Medium,Monitor,Open,[],No IOC Match,Unknown,False
6094,EVT06460,38.37,Medium,Monitor,Open,[],No IOC Match,Unknown,False
6095,EVT07855,38.37,Medium,Monitor,Open,[],No IOC Match,Medium,True
6096,EVT02295,38.36,Medium,Monitor,Open,[],No IOC Match,Unknown,False
6097,EVT05335,38.36,Medium,Monitor,Open,[],No IOC Match,Unknown,False
6098,EVT05721,38.36,Medium,Monitor,Open,['High CVSS vulnerability'],No IOC Match,Unknown,False
6099,EVT00335,38.35,Medium,Monitor,Open,[],No IOC Match,Unknown,False
6100,EVT02121,38.35,Medium,Monitor,Open,[],No IOC Match,Unknown,False
6101,EVT00391,38.34,Medium,Monitor,Open,[],No IOC Match,Medium,True
6102,EVT00677,38.34,Medium,Monitor,Open,[],No IOC Match,High,True
6103,EVT08343,38.34,Medium,Monitor,Open,['Multiple failed login attempts'],No IOC Match,Unknown,False
6104,EVT02776,38.33,Medium,Monitor,Open,['High CVSS vulnerability'],No IOC Match,Unknown,False
6105,EVT03619,38.33,Medium,Monitor,Open,['High CVSS vulnerability'],No IOC Match,Unknown,False
6106,EVT05031,38.33,Medium,Monitor,Open,[],No IOC Match,Unknown,False
6107,EVT06888,38.32,Medium,Monitor,Open,[],No IOC Match,Unknown,False
6108,EVT08513,38.32,Medium,Monitor,Open,['Multiple failed login attempts'],No IOC Match,Unknown,False
6109,EVT01141,38.31,Medium,Monitor,Open,['Multiple failed login attempts'],No IOC Match,Unknown,False
6110,EVT03174,38.31,Medium,Monitor,Open,[],No IOC Match,Unknown,False
6111,EVT04008,38.31,Medium,Monitor,Open,[],No IOC Match,Unknown,False
6112,EVT05880,38.31,Medium,Monitor,Open,[],No IOC Match,Unknown,False
6113,EVT02938,38.3,Medium,Monitor,Open,['High CVSS vulnerability'],No IOC Match,Unknown,False
6114,EVT06530,38.3,Medium,Monitor,Open,[],No IOC Match,Unknown,False
6115,EVT06092,38.29,Medium,Monitor,Open,['High CVSS vulnerability'],No IOC Match,Unknown,False
6116,EVT08351,38.29,Medium,Monitor,Open,[],No IOC Match,Unknown,False
6117,EVT08846,38.29,Medium,Monitor,Open,[],No IOC Match,Unknown,False
6118,EVT09746,38.29,Medium,Monitor,Open,['Multiple failed login attempts'],No IOC Match,Unknown,False
6119,EVT02640,38.28,Medium,Monitor,Open,[],No IOC Match,Unknown,False
6120,EVT02808,38.27,Medium,Monitor,Open,[],No IOC Match,Unknown,False
6121,EVT09773,38.26,Medium,Monitor,Open,['Multiple failed login attempts'],No IOC Match,Unknown,False
6122,EVT01068,38.25,Medium,Monitor,Open,[],No IOC Match,Unknown,False
6123,EVT01345,38.25,Medium,Monitor,Open,[],No IOC Match,Unknown,False
6124,EVT03871,38.25,Medium,Monitor,Open,[],No IOC Match,Unknown,False
6125,EVT05367,38.25,Medium,Monitor,Open,[],No IOC Match,Unknown,False
6126,EVT09432,38.25,Medium,Monitor,Open,['Multiple failed login attempts'],No IOC Match,Unknown,False
6127,EVT00331,38.24,Medium,Monitor,Open,[],No IOC Match,Unknown,False
6128,EVT04353,38.24,Medium,Monitor,Open,[],No IOC Match,Unknown,False
6129,EVT07542,38.24,Medium,Monitor,Open,[],No IOC Match,Unknown,False
6130,EVT05635,38.23,Medium,Monitor,Open,[],No IOC Match,Unknown,False
6131,EVT01026,38.22,Medium,Monitor,Open,[],No IOC Match,Unknown,False
6132,EVT04158,38.22,Medium,Monitor,Open,[],No IOC Match,Unknown,False
6133,EVT04523,38.22,Medium,Monitor,Open,[],No IOC Match,Unknown,False
6134,EVT02434,38.2,Medium,Monitor,Open,['Multiple failed login attempts'],No IOC Match,Unknown,False
6135,EVT04669,38.2,Medium,Monitor,Open,[],No IOC Match,Unknown,False
6136,EVT08132,38.2,Medium,Monitor,Open,[],No IOC Match,Unknown,False
6137,EVT09268,38.2,Medium,Monitor,Open,[],No IOC Match,Unknown,False
6138,EVT00524,38.19,Medium,Monitor,Open,[],No IOC Match,Unknown,False
6139,EVT05123,38.19,Medium,Monitor,Open,[],No IOC Match,Unknown,False
6140,EVT08117,38.19,Medium,Monitor,Open,[],No IOC Match,Unknown,False
6141,EVT08863,38.19,Medium,Monitor,Open,[],No IOC Match,Unknown,False
6142,EVT00620,38.18,Medium,Monitor,Open,[],No IOC Match,Unknown,False
6143,EVT04655,38.18,Medium,Monitor,Open,['Multiple failed login attempts'],No IOC Match,Unknown,False
6144,EVT09476,38.18,Medium,Monitor,Open,[],No IOC Match,Unknown,False
6145,EVT07099,38.17,Medium,Monitor,Open,[],No IOC Match,Unknown,False
6146,EVT09336,38.17,Medium,Monitor,Open,['Multiple failed login attempts'],No IOC Match,Unknown,False
6147,EVT05783,38.16,Medium,Monitor,Open,[],No IOC Match,Unknown,False
6148,EVT02204,38.15,Medium,Monitor,Open,[],No IOC Match,Unknown,False
6149,EVT02679,38.15,Medium,Monitor,Open,[],No IOC Match,Unknown,False
6150,EVT08166,38.15,Medium,Monitor,Open,[],No IOC Match,Unknown,False
6151,EVT01459,38.14,Medium,Monitor,Open,[],No IOC Match,Unknown,False
6152,EVT06645,38.14,Medium,Monitor,Open,[],No IOC Match,Unknown,False
6153,EVT02865,38.13,Medium,Monitor,Open,[],No IOC Match,Unknown,False
6154,EVT06208,38.13,Medium,Monitor,Open,[],No IOC Match,Unknown,False
6155,EVT09083,38.13,Medium,Monitor,Open,[],No IOC Match,Unknown,False
6156,EVT01919,38.12,Medium,Monitor,Open,[],No IOC Match,Unknown,False
6157,EVT03622,38.12,Medium,Monitor,Open,[],No IOC Match,Unknown,False
6158,EVT04215,38.12,Medium,Monitor,Open,[],No IOC Match,Unknown,False
6159,EVT07819,38.12,Medium,Monitor,Open,[],No IOC Match,Unknown,False
6160,EVT08591,38.12,Medium,Monitor,Open,['Multiple failed login attempts'],No IOC Match,Unknown,False
6161,EVT02820,38.11,Medium,Monitor,Open,['High CVSS vulnerability'],No IOC Match,Unknown,False
6162,EVT07003,38.1,Medium,Monitor,Open,[],No IOC Match,Unknown,False
6163,EVT08403,38.1,Medium,Monitor,Open,['Multiple failed login attempts'],No IOC Match,Unknown,False
6164,EVT07116,38.09,Medium,Monitor,Open,[],No IOC Match,Unknown,False
6165,EVT07691,38.09,Medium,Monitor,Open,[],No IOC Match,Unknown,False
6166,EVT03406,38.08,Medium,Monitor,Open,[],No IOC Match,Unknown,False
6167,EVT06138,38.08,Medium,Monitor,Open,[],No IOC Match,Unknown,False
6168,EVT06895,38.08,Medium,Monitor,Open,[],No IOC Match,Unknown,False
6169,EVT01433,38.07,Medium,Monitor,Open,[],No IOC Match,Unknown,False
6170,EVT02349,38.07,Medium,Monitor,Open,[],No IOC Match,Unknown,False
6171,EVT04333,38.07,Medium,Monitor,Open,[],No IOC Match,Unknown,False
6172,EVT07743,38.06,Medium,Monitor,Open,['Multiple failed login attempts'],No IOC Match,Unknown,False
6173,EVT08838,38.06,Medium,Monitor,Open,[],No IOC Match,Medium,True
6174,EVT05372,38.05,Medium,Monitor,Open,[],No IOC Match,Unknown,False
6175,EVT06052,38.05,Medium,Monitor,Open,[],No IOC Match,Unknown,False
6176,EVT01145,38.04,Medium,Monitor,Open,[],No IOC Match,Unknown,False
6177,EVT03978,38.04,Medium,Monitor,Open,[],No IOC Match,Unknown,False
6178,EVT06185,38.04,Medium,Monitor,Open,[],No IOC Match,Unknown,False
6179,EVT06462,38.04,Medium,Monitor,Open,[],No IOC Match,Unknown,False
6180,EVT07992,38.04,Medium,Monitor,Open,[],No IOC Match,Unknown,False
6181,EVT08370,38.04,Medium,Monitor,Open,[],No IOC Match,Unknown,False
6182,EVT01245,38.03,Medium,Monitor,Open,[],No IOC Match,Unknown,False
6183,EVT07367,38.03,Medium,Monitor,Open,[],No IOC Match,Unknown,False
6184,EVT05151,38.02,Medium,Monitor,Open,[],No IOC Match,Unknown,False
6185,EVT05851,38.02,Medium,Monitor,Open,[],No IOC Match,Unknown,False
6186,EVT07733,38.02,Medium,Monitor,Open,[],No IOC Match,Unknown,False
6187,EVT02167,38.01,Medium,Monitor,Open,[],No IOC Match,Unknown,False
6188,EVT03108,38.01,Medium,Monitor,Open,[],No IOC Match,Unknown,False
6189,EVT05999,38.01,Medium,Monitor,Open,[],No IOC Match,Unknown,False
6190,EVT09666,38.0,Medium,Monitor,Open,['Multiple failed login attempts'],No IOC Match,Unknown,False
6191,EVT01279,37.99,Medium,Monitor,Open,[],No IOC Match,Unknown,False
6192,EVT02419,37.99,Medium,Monitor,Open,[],No IOC Match,Unknown,False
6193,EVT03906,37.99,Medium,Monitor,Open,[],No IOC Match,Unknown,False
6194,EVT09330,37.99,Medium,Monitor,Open,[],No IOC Match,Unknown,False
6195,EVT04355,37.98,Medium,Monitor,Open,[],No IOC Match,Unknown,False
6196,EVT05375,37.98,Medium,Monitor,Open,[],No IOC Match,Unknown,False
6197,EVT09566,37.98,Medium,Monitor,Open,[],No IOC Match,Unknown,False
6198,EVT00350,37.97,Medium,Monitor,Open,[],No IOC Match,Unknown,False
6199,EVT00461,37.97,Medium,Monitor,Open,['Multiple failed login attempts'],No IOC Match,Unknown,False
6200,EVT01239,37.97,Medium,Monitor,Open,[],No IOC Match,Unknown,False
6201,EVT02638,37.97,Medium,Monitor,Open,[],No IOC Match,Unknown,False
6202,EVT03328,37.97,Medium,Monitor,Open,[],No IOC Match,Unknown,False
6203,EVT07791,37.97,Medium,Monitor,Open,[],No IOC Match,Unknown,False
6204,EVT08341,37.97,Medium,Monitor,Open,[],No IOC Match,Unknown,False
6205,EVT09944,37.96,Medium,Monitor,Open,[],No IOC Match,Unknown,False
6206,EVT01605,37.95,Medium,Monitor,Open,[],No IOC Match,Low,True
6207,EVT09261,37.95,Medium,Monitor,Open,[],No IOC Match,Unknown,False
6208,EVT00989,37.94,Medium,Monitor,Open,[],No IOC Match,Unknown,False
6209,EVT03676,37.94,Medium,Monitor,Open,[],No IOC Match,Unknown,False
6210,EVT05176,37.94,Medium,Monitor,Open,['Multiple failed login attempts'],No IOC Match,Unknown,False
6211,EVT00274,37.93,Medium,Monitor,Open,[],No IOC Match,Unknown,False
6212,EVT00412,37.93,Medium,Monitor,Open,[],No IOC Match,Unknown,False
6213,EVT00837,37.93,Medium,Monitor,Open,['Multiple failed login attempts'],No IOC Match,Unknown,False
6214,EVT03122,37.93,Medium,Monitor,Open,[],No IOC Match,Unknown,False
6215,EVT08705,37.93,Medium,Monitor,Open,[],No IOC Match,Unknown,False
6216,EVT00792,37.92,Medium,Monitor,Open,[],No IOC Match,Unknown,False
6217,EVT01534,37.92,Medium,Monitor,Open,[],No IOC Match,Unknown,False
6218,EVT03590,37.92,Medium,Monitor,Open,[],No IOC Match,Unknown,False
6219,EVT06260,37.92,Medium,Monitor,Open,[],No IOC Match,Unknown,False
6220,EVT04393,37.91,Medium,Monitor,Open,[],No IOC Match,Unknown,False
6221,EVT04734,37.91,Medium,Monitor,Open,[],No IOC Match,Unknown,False
6222,EVT05781,37.91,Medium,Monitor,Open,[],No IOC Match,Unknown,False
6223,EVT06769,37.91,Medium,Monitor,Open,[],No IOC Match,Unknown,False
6224,EVT08363,37.91,Medium,Monitor,Open,[],No IOC Match,Unknown,False
6225,EVT05493,37.9,Medium,Monitor,Open,[],No IOC Match,Unknown,False
6226,EVT00749,37.89,Medium,Monitor,Open,[],No IOC Match,Unknown,False
6227,EVT06327,37.89,Medium,Monitor,Open,[],No IOC Match,Unknown,False
6228,EVT07076,37.89,Medium,Monitor,Open,[],No IOC Match,Unknown,False
6229,EVT09707,37.89,Medium,Monitor,Open,[],No IOC Match,Unknown,False
6230,EVT03459,37.88,Medium,Monitor,Open,[],No IOC Match,Unknown,False
6231,EVT03608,37.88,Medium,Monitor,Open,[],No IOC Match,Unknown,False
6232,EVT02630,37.87,Medium,Monitor,Open,[],No IOC Match,Unknown,False
6233,EVT02856,37.86,Medium,Monitor,Open,[],No IOC Match,Unknown,False
6234,EVT02863,37.86,Medium,Monitor,Open,[],No IOC Match,Unknown,False
6235,EVT02923,37.86,Medium,Monitor,Open,[],No IOC Match,Unknown,False
6236,EVT08110,37.86,Medium,Monitor,Open,[],No IOC Match,Unknown,False
6237,EVT02094,37.85,Medium,Monitor,Open,[],No IOC Match,Unknown,False
6238,EVT03638,37.85,Medium,Monitor,Open,[],No IOC Match,Unknown,False
6239,EVT04289,37.85,Medium,Monitor,Open,[],No IOC Match,Unknown,False
6240,EVT09087,37.85,Medium,Monitor,Open,['Multiple failed login attempts'],No IOC Match,Unknown,False
6241,EVT00354,37.84,Medium,Monitor,Open,[],No IOC Match,Unknown,False
6242,EVT01249,37.84,Medium,Monitor,Open,[],No IOC Match,Unknown,False
6243,EVT01665,37.84,Medium,Monitor,Open,[],No IOC Match,Unknown,False
6244,EVT05356,37.84,Medium,Monitor,Open,[],No IOC Match,Unknown,False
6245,EVT02764,37.83,Medium,Monitor,Open,['Multiple failed login attempts'],No IOC Match,Medium,True
6246,EVT06133,37.83,Medium,Monitor,Open,[],No IOC Match,Unknown,False
6247,EVT06712,37.83,Medium,Monitor,Open,[],No IOC Match,Unknown,False
6248,EVT07684,37.82,Medium,Monitor,Open,['Multiple failed login attempts'],No IOC Match,Unknown,False
6249,EVT07751,37.82,Medium,Monitor,Open,[],No IOC Match,Unknown,False
6250,EVT08769,37.82,Medium,Monitor,Open,[],No IOC Match,Unknown,False
6251,EVT00320,37.81,Medium,Monitor,Open,[],No IOC Match,Unknown,False
6252,EVT01570,37.81,Medium,Monitor,Open,['Multiple failed login attempts'],No IOC Match,Unknown,False
6253,EVT02166,37.81,Medium,Monitor,Open,[],No IOC Match,Unknown,False
6254,EVT02610,37.81,Medium,Monitor,Open,[],No IOC Match,Unknown,False
6255,EVT04616,37.81,Medium,Monitor,Open,['Multiple failed login attempts'],No IOC Match,Unknown,False
6256,EVT06019,37.81,Medium,Monitor,Open,['Multiple failed login attempts'],No IOC Match,Unknown,False
6257,EVT01334,37.8,Medium,Monitor,Open,[],No IOC Match,Unknown,False
6258,EVT01533,37.79,Medium,Monitor,Open,['Multiple failed login attempts'],No IOC Match,Unknown,False
6259,EVT01630,37.79,Medium,Monitor,Open,[],No IOC Match,Unknown,False
6260,EVT03696,37.79,Medium,Monitor,Open,['Multiple failed login attempts'],No IOC Match,Unknown,False
6261,EVT06428,37.79,Medium,Monitor,Open,['Multiple failed login attempts'],No IOC Match,Unknown,False
6262,EVT07571,37.79,Medium,Monitor,Open,[],No IOC Match,Unknown,False
6263,EVT06813,37.78,Medium,Monitor,Open,[],No IOC Match,Unknown,False
6264,EVT07834,37.78,Medium,Monitor,Open,[],No IOC Match,Unknown,False
6265,EVT09170,37.78,Medium,Monitor,Open,[],No IOC Match,Unknown,False
6266,EVT01526,37.77,Medium,Monitor,Open,['Multiple failed login attempts'],No IOC Match,Unknown,False
6267,EVT01921,37.77,Medium,Monitor,Open,[],No IOC Match,Unknown,False
6268,EVT03399,37.77,Medium,Monitor,Open,[],No IOC Match,Unknown,False
6269,EVT07142,37.77,Medium,Monitor,Open,[],No IOC Match,Unknown,False
6270,EVT09550,37.77,Medium,Monitor,Open,['Multiple failed login attempts'],No IOC Match,Unknown,False
6271,EVT01904,37.75,Medium,Monitor,Open,[],No IOC Match,Unknown,False
6272,EVT02239,37.75,Medium,Monitor,Open,[],No IOC Match,Unknown,False
6273,EVT04732,37.74,Medium,Monitor,Open,[],No IOC Match,Unknown,False
6274,EVT03564,37.73,Medium,Monitor,Open,[],No IOC Match,Unknown,False
6275,EVT02701,37.72,Medium,Monitor,Open,[],No IOC Match,Unknown,False
6276,EVT06244,37.72,Medium,Monitor,Open,[],No IOC Match,Unknown,False
6277,EVT08929,37.72,Medium,Monitor,Open,[],No IOC Match,Unknown,False
6278,EVT09581,37.72,Medium,Monitor,Open,[],No IOC Match,Unknown,False
6279,EVT08974,37.71,Medium,Monitor,Open,[],No IOC Match,Unknown,False
6280,EVT09344,37.7,Medium,Monitor,Open,['Multiple failed login attempts'],No IOC Match,Unknown,False
6281,EVT02590,37.69,Medium,Monitor,Open,[],No IOC Match,Unknown,False
6282,EVT02809,37.69,Medium,Monitor,Open,[],No IOC Match,Unknown,False
6283,EVT05849,37.69,Medium,Monitor,Open,[],No IOC Match,Unknown,False
6284,EVT08259,37.69,Medium,Monitor,Open,['Multiple failed login attempts'],No IOC Match,Unknown,False
6285,EVT02601,37.67,Medium,Monitor,Open,[],No IOC Match,Unknown,False
6286,EVT03647,37.67,Medium,Monitor,Open,[],No IOC Match,Unknown,False
6287,EVT08912,37.67,Medium,Monitor,Open,[],No IOC Match,Unknown,False
6288,EVT09190,37.67,Medium,Monitor,Open,[],No IOC Match,Unknown,False
6289,EVT08349,37.66,Medium,Monitor,Open,[],No IOC Match,High,True
6290,EVT04175,37.65,Medium,Monitor,Open,[],No IOC Match,Low,True
6291,EVT01886,37.62,Medium,Monitor,Open,['Multiple failed login attempts'],No IOC Match,Unknown,False
6292,EVT03197,37.6,Medium,Monitor,Open,[],No IOC Match,Medium,True
6293,EVT05460,37.6,Medium,Monitor,Open,[],No IOC Match,Unknown,False
6294,EVT08780,37.6,Medium,Monitor,Open,[],No IOC Match,Medium,True
6295,EVT00321,37.59,Medium,Monitor,Open,[],No IOC Match,Unknown,False
6296,EVT03287,37.59,Medium,Monitor,Open,[],No IOC Match,Unknown,False
6297,EVT03387,37.59,Medium,Monitor,Open,[],No IOC Match,Unknown,False
6298,EVT06342,37.59,Medium,Monitor,Open,[],No IOC Match,Unknown,False
6299,EVT09382,37.59,Medium,Monitor,Open,[],No IOC Match,Unknown,False
6300,EVT01223,37.58,Medium,Monitor,Open,['Multiple failed login attempts'],No IOC Match,Unknown,False
6301,EVT03325,37.58,Medium,Monitor,Open,[],No IOC Match,Unknown,False
6302,EVT03928,37.58,Medium,Monitor,Open,[],No IOC Match,Unknown,False
6303,EVT08249,37.58,Medium,Monitor,Open,['Multiple failed login attempts'],No IOC Match,Unknown,False
6304,EVT08781,37.58,Medium,Monitor,Open,[],No IOC Match,Unknown,False
6305,EVT09806,37.58,Medium,Monitor,Open,[],No IOC Match,Unknown,False
6306,EVT03071,37.57,Medium,Monitor,Open,[],No IOC Match,Unknown,False
6307,EVT04662,37.57,Medium,Monitor,Open,['Multiple failed login attempts'],No IOC Match,Unknown,False
6308,EVT07997,37.57,Medium,Monitor,Open,[],No IOC Match,Unknown,False
6309,EVT00674,37.56,Medium,Monitor,Open,['Multiple failed login attempts'],No IOC Match,Unknown,False
6310,EVT05397,37.56,Medium,Monitor,Open,[],No IOC Match,Unknown,False
6311,EVT07140,37.56,Medium,Monitor,Open,[],No IOC Match,Unknown,False
6312,EVT01546,37.55,Medium,Monitor,Open,[],No IOC Match,Unknown,False
6313,EVT01151,37.54,Medium,Monitor,Open,[],No IOC Match,Unknown,False
6314,EVT02070,37.54,Medium,Monitor,Open,[],No IOC Match,Unknown,False
6315,EVT04901,37.54,Medium,Monitor,Open,[],No IOC Match,Unknown,False
6316,EVT05570,37.54,Medium,Monitor,Open,[],No IOC Match,Unknown,False
6317,EVT05764,37.54,Medium,Monitor,Open,[],No IOC Match,Unknown,False
6318,EVT07523,37.54,Medium,Monitor,Open,[],No IOC Match,Unknown,False
6319,EVT00582,37.53,Medium,Monitor,Open,[],No IOC Match,Unknown,False
6320,EVT05673,37.53,Medium,Monitor,Open,[],No IOC Match,Unknown,False
6321,EVT09316,37.53,Medium,Monitor,Open,[],No IOC Match,Unknown,False
6322,EVT00001,37.52,Medium,Monitor,Open,[],No IOC Match,Unknown,False
6323,EVT01799,37.52,Medium,Monitor,Open,[],No IOC Match,Unknown,False
6324,EVT02943,37.51,Medium,Monitor,Open,[],No IOC Match,Medium,True
6325,EVT07290,37.51,Medium,Monitor,Open,[],No IOC Match,Unknown,False
6326,EVT08625,37.51,Medium,Monitor,Open,['Multiple failed login attempts'],No IOC Match,Unknown,False
6327,EVT03761,37.5,Medium,Monitor,Open,[],No IOC Match,Unknown,False
6328,EVT05015,37.5,Medium,Monitor,Open,[],No IOC Match,Unknown,False
6329,EVT09469,37.49,Medium,Monitor,Open,[],No IOC Match,Medium,True
6330,EVT03389,37.48,Medium,Monitor,Open,[],No IOC Match,Unknown,False
6331,EVT06173,37.48,Medium,Monitor,Open,['Multiple failed login attempts'],No IOC Match,Unknown,False
6332,EVT06301,37.48,Medium,Monitor,Open,[],No IOC Match,Unknown,False
6333,EVT00609,37.47,Medium,Monitor,Open,[],No IOC Match,Unknown,False
6334,EVT02949,37.47,Medium,Monitor,Open,[],No IOC Match,Unknown,False
6335,EVT04089,37.47,Medium,Monitor,Open,[],No IOC Match,Unknown,False
6336,EVT05293,37.47,Medium,Monitor,Open,[],No IOC Match,Unknown,False
6337,EVT00224,37.46,Medium,Monitor,Open,['Multiple failed login attempts'],No IOC Match,Unknown,False
6338,EVT04812,37.46,Medium,Monitor,Open,[],No IOC Match,Unknown,False
6339,EVT06855,37.46,Medium,Monitor,Open,[],No IOC Match,Unknown,False
6340,EVT00796,37.45,Medium,Monitor,Open,[],No IOC Match,Unknown,False
6341,EVT06176,37.45,Medium,Monitor,Open,[],No IOC Match,Unknown,False
6342,EVT06373,37.45,Medium,Monitor,Open,[],No IOC Match,Unknown,False
6343,EVT06944,37.45,Medium,Monitor,Open,[],No IOC Match,Unknown,False
6344,EVT08307,37.45,Medium,Monitor,Open,[],No IOC Match,Unknown,False
6345,EVT00625,37.44,Medium,Monitor,Open,['Multiple failed login attempts'],No IOC Match,Unknown,False
6346,EVT01712,37.44,Medium,Monitor,Open,[],No IOC Match,Unknown,False
6347,EVT04915,37.44,Medium,Monitor,Open,[],No IOC Match,Unknown,False
6348,EVT09886,37.44,Medium,Monitor,Open,[],No IOC Match,Unknown,False
6349,EVT03532,37.43,Medium,Monitor,Open,['Multiple failed login attempts'],No IOC Match,Unknown,False
6350,EVT08193,37.43,Medium,Monitor,Open,[],No IOC Match,Unknown,False
6351,EVT02999,37.42,Medium,Monitor,Open,[],No IOC Match,Unknown,False
6352,EVT04306,37.42,Medium,Monitor,Open,[],No IOC Match,Unknown,False
6353,EVT04710,37.42,Medium,Monitor,Open,[],No IOC Match,Unknown,False
6354,EVT07721,37.42,Medium,Monitor,Open,[],No IOC Match,Unknown,False
6355,EVT04698,37.41,Medium,Monitor,Open,[],No IOC Match,Unknown,False
6356,EVT07768,37.41,Medium,Monitor,Open,[],No IOC Match,Unknown,False
6357,EVT02060,37.4,Medium,Monitor,Open,['High CVSS vulnerability'],No IOC Match,Low,True
6358,EVT05288,37.4,Medium,Monitor,Open,[],No IOC Match,Unknown,False
6359,EVT02652,37.39,Medium,Monitor,Open,[],No IOC Match,Unknown,False
6360,EVT04855,37.39,Medium,Monitor,Open,[],No IOC Match,Unknown,False
6361,EVT07793,37.39,Medium,Monitor,Open,[],No IOC Match,Unknown,False
6362,EVT07907,37.38,Medium,Monitor,Open,[],No IOC Match,Unknown,False
6363,EVT09011,37.38,Medium,Monitor,Open,[],No IOC Match,Unknown,False
6364,EVT02162,37.37,Medium,Monitor,Open,[],No IOC Match,Unknown,False
6365,EVT04351,37.37,Medium,Monitor,Open,[],No IOC Match,Unknown,False
6366,EVT05666,37.37,Medium,Monitor,Open,[],No IOC Match,Unknown,False
6367,EVT06532,37.37,Medium,Monitor,Open,['Multiple failed login attempts'],No IOC Match,Low,True
6368,EVT02926,37.36,Medium,Monitor,Open,[],No IOC Match,Unknown,False
6369,EVT03166,37.36,Medium,Monitor,Open,[],No IOC Match,Unknown,False
6370,EVT03655,37.36,Medium,Monitor,Open,[],No IOC Match,Low,True
6371,EVT03984,37.36,Medium,Monitor,Open,[],No IOC Match,Unknown,False
6372,EVT00478,37.35,Medium,Monitor,Open,[],No IOC Match,Unknown,False
6373,EVT06300,37.35,Medium,Monitor,Open,['Multiple failed login attempts'],No IOC Match,Unknown,False
6374,EVT06421,37.35,Medium,Monitor,Open,[],No IOC Match,Unknown,False
6375,EVT00562,37.34,Medium,Monitor,Open,[],No IOC Match,Unknown,False
6376,EVT04683,37.34,Medium,Monitor,Open,[],No IOC Match,Unknown,False
6377,EVT06766,37.34,Medium,Monitor,Open,[],No IOC Match,Unknown,False
6378,EVT07040,37.34,Medium,Monitor,Open,[],No IOC Match,Unknown,False
6379,EVT09466,37.34,Medium,Monitor,Open,[],No IOC Match,Unknown,False
6380,EVT01150,37.33,Medium,Monitor,Open,[],No IOC Match,Unknown,False
6381,EVT02607,37.33,Medium,Monitor,Open,[],No IOC Match,Unknown,False
6382,EVT03568,37.33,Medium,Monitor,Open,[],No IOC Match,Unknown,False
6383,EVT04753,37.33,Medium,Monitor,Open,[],No IOC Match,Unknown,False
6384,EVT06217,37.33,Medium,Monitor,Open,[],No IOC Match,Unknown,False
6385,EVT07724,37.33,Medium,Monitor,Open,[],No IOC Match,Unknown,False
6386,EVT03836,37.32,Medium,Monitor,Open,[],No IOC Match,Unknown,False
6387,EVT04706,37.32,Medium,Monitor,Open,[],No IOC Match,Unknown,False
6388,EVT04795,37.32,Medium,Monitor,Open,[],No IOC Match,Unknown,False
6389,EVT04693,37.31,Medium,Monitor,Open,[],No IOC Match,Unknown,False
6390,EVT04534,37.3,Medium,Monitor,Open,[],No IOC Match,Unknown,False
6391,EVT08432,37.3,Medium,Monitor,Open,['Multiple failed login attempts'],No IOC Match,Unknown,False
6392,EVT03976,37.29,Medium,Monitor,Open,[],No IOC Match,Unknown,False
6393,EVT06515,37.29,Medium,Monitor,Open,[],No IOC Match,Unknown,False
6394,EVT08763,37.28,Medium,Monitor,Open,['Multiple failed login attempts'],No IOC Match,Unknown,False
6395,EVT01839,37.27,Medium,Monitor,Open,[],No IOC Match,High,True
6396,EVT02492,37.27,Medium,Monitor,Open,[],No IOC Match,Unknown,False
6397,EVT02556,37.27,Medium,Monitor,Open,[],No IOC Match,Unknown,False
6398,EVT03439,37.27,Medium,Monitor,Open,['Multiple failed login attempts'],No IOC Match,Unknown,False
6399,EVT04945,37.27,Medium,Monitor,Open,[],No IOC Match,Unknown,False
6400,EVT06951,37.27,Medium,Monitor,Open,['Multiple failed login attempts'],No IOC Match,Low,True
6401,EVT00155,37.26,Medium,Monitor,Open,['Multiple failed login attempts'],No IOC Match,Unknown,False
6402,EVT02639,37.26,Medium,Monitor,Open,[],No IOC Match,Unknown,False
6403,EVT05930,37.26,Medium,Monitor,Open,[],No IOC Match,Unknown,False
6404,EVT06195,37.25,Medium,Monitor,Open,['High CVSS vulnerability'],No IOC Match,Unknown,False
6405,EVT02794,37.24,Medium,Monitor,Open,[],No IOC Match,Unknown,False
6406,EVT05234,37.24,Medium,Monitor,Open,[],No IOC Match,Unknown,False
6407,EVT07091,37.23,Medium,Monitor,Open,[],No IOC Match,Unknown,False
6408,EVT09359,37.23,Medium,Monitor,Open,[],No IOC Match,Medium,True
6409,EVT03158,37.22,Medium,Monitor,Open,[],No IOC Match,Unknown,False
6410,EVT05626,37.22,Medium,Monitor,Open,[],No IOC Match,Unknown,False
6411,EVT04279,37.2,Medium,Monitor,Open,[],No IOC Match,Unknown,False
6412,EVT05977,37.2,Medium,Monitor,Open,['Multiple failed login attempts'],No IOC Match,Unknown,False
6413,EVT06443,37.2,Medium,Monitor,Open,[],No IOC Match,Unknown,False
6414,EVT00278,37.18,Medium,Monitor,Open,[],No IOC Match,Unknown,False
6415,EVT00629,37.18,Medium,Monitor,Open,[],No IOC Match,Unknown,False
6416,EVT08879,37.18,Medium,Monitor,Open,[],No IOC Match,Unknown,False
6417,EVT08905,37.18,Medium,Monitor,Open,[],No IOC Match,Unknown,False
6418,EVT00145,37.17,Medium,Monitor,Open,[],No IOC Match,Unknown,False
6419,EVT01454,37.17,Medium,Monitor,Open,[],No IOC Match,Unknown,False
6420,EVT02197,37.17,Medium,Monitor,Open,[],No IOC Match,Unknown,False
6421,EVT03941,37.17,Medium,Monitor,Open,[],No IOC Match,Unknown,False
6422,EVT04099,37.17,Medium,Monitor,Open,[],No IOC Match,Unknown,False
6423,EVT09149,37.17,Medium,Monitor,Open,[],No IOC Match,Unknown,False
6424,EVT06282,37.16,Medium,Monitor,Open,['Multiple failed login attempts'],No IOC Match,Unknown,False
6425,EVT07004,37.16,Medium,Monitor,Open,[],No IOC Match,Unknown,False
6426,EVT09764,37.16,Medium,Monitor,Open,[],No IOC Match,Unknown,False
6427,EVT02396,37.15,Medium,Monitor,Open,[],No IOC Match,Unknown,False
6428,EVT03384,37.15,Medium,Monitor,Open,[],No IOC Match,Unknown,False
6429,EVT04863,37.15,Medium,Monitor,Open,[],No IOC Match,Unknown,False
6430,EVT05364,37.15,Medium,Monitor,Open,[],No IOC Match,Unknown,False
6431,EVT09561,37.15,Medium,Monitor,Open,[],No IOC Match,Unknown,False
6432,EVT00894,37.14,Medium,Monitor,Open,[],No IOC Match,Unknown,False
6433,EVT05929,37.14,Medium,Monitor,Open,['High CVSS vulnerability'],No IOC Match,Unknown,False
6434,EVT04038,37.13,Medium,Monitor,Open,[],No IOC Match,Unknown,False
6435,EVT06362,37.13,Medium,Monitor,Open,['Multiple failed login attempts'],No IOC Match,Unknown,False
6436,EVT01608,37.12,Medium,Monitor,Open,[],No IOC Match,Unknown,False
6437,EVT02374,37.12,Medium,Monitor,Open,[],No IOC Match,Unknown,False
6438,EVT05644,37.12,Medium,Monitor,Open,[],No IOC Match,Unknown,False
6439,EVT08003,37.12,Medium,Monitor,Open,[],No IOC Match,Unknown,False
6440,EVT05548,37.11,Medium,Monitor,Open,[],No IOC Match,Unknown,False
6441,EVT07253,37.11,Medium,Monitor,Open,[],No IOC Match,Unknown,False
6442,EVT03042,37.1,Medium,Monitor,Open,[],No IOC Match,Unknown,False
6443,EVT03288,37.1,Medium,Monitor,Open,[],No IOC Match,Low,True
6444,EVT05022,37.1,Medium,Monitor,Open,['Multiple failed login attempts'],No IOC Match,Unknown,False
6445,EVT05562,37.1,Medium,Monitor,Open,['Multiple failed login attempts'],No IOC Match,Unknown,False
6446,EVT00854,37.09,Medium,Monitor,Open,[],No IOC Match,Unknown,False
6447,EVT01884,37.09,Medium,Monitor,Open,[],No IOC Match,Unknown,False
6448,EVT02164,37.09,Medium,Monitor,Open,[],No IOC Match,Unknown,False
6449,EVT04352,37.09,Medium,Monitor,Open,[],No IOC Match,Unknown,False
6450,EVT04442,37.09,Medium,Monitor,Open,[],No IOC Match,Unknown,False
6451,EVT06562,37.09,Medium,Monitor,Open,[],No IOC Match,Unknown,False
6452,EVT06581,37.09,Medium,Monitor,Open,[],No IOC Match,Unknown,False
6453,EVT09289,37.09,Medium,Monitor,Open,[],No IOC Match,Unknown,False
6454,EVT00822,37.08,Medium,Monitor,Open,[],No IOC Match,Unknown,False
6455,EVT02977,37.08,Medium,Monitor,Open,[],No IOC Match,Unknown,False
6456,EVT03462,37.08,Medium,Monitor,Open,['Multiple failed login attempts'],No IOC Match,Unknown,False
6457,EVT06683,37.08,Medium,Monitor,Open,[],No IOC Match,Unknown,False
6458,EVT08098,37.08,Medium,Monitor,Open,[],No IOC Match,Unknown,False
6459,EVT09688,37.08,Medium,Monitor,Open,[],No IOC Match,Unknown,False
6460,EVT01820,37.07,Medium,Monitor,Open,[],No IOC Match,Unknown,False
6461,EVT02448,37.07,Medium,Monitor,Open,[],No IOC Match,Unknown,False
6462,EVT03595,37.07,Medium,Monitor,Open,[],No IOC Match,Unknown,False
6463,EVT09519,37.07,Medium,Monitor,Open,[],No IOC Match,Unknown,False
6464,EVT09554,37.07,Medium,Monitor,Open,[],No IOC Match,Unknown,False
6465,EVT02471,37.06,Medium,Monitor,Open,[],No IOC Match,Unknown,False
6466,EVT06266,37.06,Medium,Monitor,Open,[],No IOC Match,Unknown,False
6467,EVT02870,37.05,Medium,Monitor,Open,['Multiple failed login attempts'],No IOC Match,Unknown,False
6468,EVT03831,37.05,Medium,Monitor,Open,[],No IOC Match,Unknown,False
6469,EVT05753,37.05,Medium,Monitor,Open,[],No IOC Match,Unknown,False
6470,EVT07012,37.05,Medium,Monitor,Open,[],No IOC Match,Unknown,False
6471,EVT00667,37.04,Medium,Monitor,Open,[],No IOC Match,Unknown,False
6472,EVT03658,37.04,Medium,Monitor,Open,[],No IOC Match,Unknown,False
6473,EVT04966,37.03,Medium,Monitor,Open,[],No IOC Match,Unknown,False
6474,EVT09332,37.03,Medium,Monitor,Open,[],No IOC Match,Unknown,False
6475,EVT07454,37.02,Medium,Monitor,Open,['Multiple failed login attempts'],No IOC Match,Unknown,False
6476,EVT06130,37.01,Medium,Monitor,Open,[],No IOC Match,Unknown,False
6477,EVT08757,37.01,Medium,Monitor,Open,[],No IOC Match,Unknown,False
6478,EVT09191,37.01,Medium,Monitor,Open,[],No IOC Match,Unknown,False
6479,EVT09542,37.01,Medium,Monitor,Open,['Multiple failed login attempts'],No IOC Match,Unknown,False
6480,EVT01138,36.99,Medium,Monitor,Open,[],No IOC Match,Unknown,False
6481,EVT04346,36.99,Medium,Monitor,Open,[],No IOC Match,Medium,True
6482,EVT05748,36.99,Medium,Monitor,Open,['Multiple failed login attempts'],No IOC Match,Unknown,False
6483,EVT08416,36.99,Medium,Monitor,Open,['Multiple failed login attempts'],No IOC Match,Unknown,False
6484,EVT01490,36.98,Medium,Monitor,Open,[],No IOC Match,Unknown,False
6485,EVT08892,36.98,Medium,Monitor,Open,[],No IOC Match,Unknown,False
6486,EVT08967,36.98,Medium,Monitor,Open,[],No IOC Match,Unknown,False
6487,EVT03355,36.97,Medium,Monitor,Open,[],No IOC Match,Unknown,False
6488,EVT05354,36.97,Medium,Monitor,Open,[],No IOC Match,High,True
6489,EVT07307,36.97,Medium,Monitor,Open,[],No IOC Match,Unknown,False
6490,EVT00221,36.96,Medium,Monitor,Open,[],No IOC Match,Unknown,False
6491,EVT04007,36.96,Medium,Monitor,Open,[],No IOC Match,Unknown,False
6492,EVT04535,36.96,Medium,Monitor,Open,['Multiple failed login attempts'],No IOC Match,Low,True
6493,EVT04760,36.96,Medium,Monitor,Open,[],No IOC Match,Unknown,False
6494,EVT06492,36.96,Medium,Monitor,Open,[],No IOC Match,Unknown,False
6495,EVT07059,36.96,Medium,Monitor,Open,[],No IOC Match,Unknown,False
6496,EVT00075,36.95,Medium,Monitor,Open,[],No IOC Match,Unknown,False
6497,EVT07049,36.95,Medium,Monitor,Open,[],No IOC Match,Unknown,False
6498,EVT00083,36.94,Medium,Monitor,Open,[],No IOC Match,Unknown,False
6499,EVT02915,36.94,Medium,Monitor,Open,[],No IOC Match,Unknown,False
6500,EVT04796,36.94,Medium,Monitor,Open,[],No IOC Match,Unknown,False
6501,EVT01819,36.93,Medium,Monitor,Open,[],No IOC Match,Unknown,False
6502,EVT06659,36.93,Medium,Monitor,Open,[],No IOC Match,Unknown,False
6503,EVT03424,36.92,Medium,Monitor,Open,[],No IOC Match,Unknown,False
6504,EVT03857,36.92,Medium,Monitor,Open,[],No IOC Match,Unknown,False
6505,EVT06061,36.92,Medium,Monitor,Open,[],No IOC Match,Unknown,False
6506,EVT07481,36.92,Medium,Monitor,Open,[],No IOC Match,Unknown,False
6507,EVT09080,36.92,Medium,Monitor,Open,[],No IOC Match,Unknown,False
6508,EVT09274,36.92,Medium,Monitor,Open,[],No IOC Match,Unknown,False
6509,EVT02250,36.91,Medium,Monitor,Open,[],No IOC Match,Unknown,False
6510,EVT06619,36.91,Medium,Monitor,Open,[],No IOC Match,Unknown,False
6511,EVT08825,36.91,Medium,Monitor,Open,[],No IOC Match,Unknown,False
6512,EVT06084,36.9,Medium,Monitor,Open,[],No IOC Match,Unknown,False
6513,EVT00447,36.89,Medium,Monitor,Open,[],No IOC Match,Unknown,False
6514,EVT02265,36.87,Medium,Monitor,Open,[],No IOC Match,Unknown,False
6515,EVT01787,36.86,Medium,Monitor,Open,[],No IOC Match,Unknown,False
6516,EVT08456,36.86,Medium,Monitor,Open,[],No IOC Match,Unknown,False
6517,EVT02160,36.85,Medium,Monitor,Open,[],No IOC Match,Unknown,False
6518,EVT03689,36.85,Medium,Monitor,Open,[],No IOC Match,Unknown,False
6519,EVT04254,36.85,Medium,Monitor,Open,[],No IOC Match,Unknown,False
6520,EVT04381,36.85,Medium,Monitor,Open,[],No IOC Match,Unknown,False
6521,EVT07156,36.84,Medium,Monitor,Open,[],No IOC Match,Unknown,False
6522,EVT00477,36.83,Medium,Monitor,Open,[],No IOC Match,Unknown,False
6523,EVT05848,36.83,Medium,Monitor,Open,['Multiple failed login attempts'],No IOC Match,Unknown,False
6524,EVT06271,36.83,Medium,Monitor,Open,[],No IOC Match,Unknown,False
6525,EVT00117,36.81,Medium,Monitor,Open,[],No IOC Match,Unknown,False
6526,EVT00375,36.81,Medium,Monitor,Open,['Multiple failed login attempts'],No IOC Match,Unknown,False
6527,EVT07661,36.81,Medium,Monitor,Open,[],No IOC Match,Unknown,False
6528,EVT01042,36.8,Medium,Monitor,Open,[],No IOC Match,Low,True
6529,EVT05687,36.8,Medium,Monitor,Open,[],No IOC Match,Unknown,False
6530,EVT06083,36.8,Medium,Monitor,Open,[],No IOC Match,Unknown,False
6531,EVT01660,36.79,Medium,Monitor,Open,[],No IOC Match,Unknown,False
6532,EVT01897,36.79,Medium,Monitor,Open,[],No IOC Match,Unknown,False
6533,EVT02224,36.79,Medium,Monitor,Open,[],No IOC Match,Unknown,False
6534,EVT00502,36.78,Medium,Monitor,Open,[],No IOC Match,Unknown,False
6535,EVT08611,36.78,Medium,Monitor,Open,[],No IOC Match,Unknown,False
6536,EVT09718,36.78,Medium,Monitor,Open,[],No IOC Match,Unknown,False
6537,EVT07859,36.77,Medium,Monitor,Open,[],No IOC Match,Unknown,False
6538,EVT08253,36.76,Medium,Monitor,Open,['Multiple failed login attempts'],No IOC Match,Unknown,False
6539,EVT00372,36.75,Medium,Monitor,Open,[],No IOC Match,Unknown,False
6540,EVT02368,36.75,Medium,Monitor,Open,[],No IOC Match,Unknown,False
6541,EVT03536,36.75,Medium,Monitor,Open,[],No IOC Match,Unknown,False
6542,EVT05700,36.75,Medium,Monitor,Open,[],No IOC Match,Unknown,False
6543,EVT08214,36.75,Medium,Monitor,Open,[],No IOC Match,Unknown,False
6544,EVT06996,36.74,Medium,Monitor,Open,[],No IOC Match,Unknown,False
6545,EVT07027,36.74,Medium,Monitor,Open,[],No IOC Match,Unknown,False
6546,EVT05382,36.73,Medium,Monitor,Open,[],No IOC Match,Unknown,False
6547,EVT06555,36.73,Medium,Monitor,Open,['Multiple failed login attempts'],No IOC Match,Unknown,False
6548,EVT07276,36.73,Medium,Monitor,Open,[],No IOC Match,Unknown,False
6549,EVT03034,36.72,Medium,Monitor,Open,[],No IOC Match,Unknown,False
6550,EVT09216,36.72,Medium,Monitor,Open,['Multiple failed login attempts'],No IOC Match,Unknown,False
6551,EVT02466,36.71,Medium,Monitor,Open,[],No IOC Match,Unknown,False
6552,EVT09658,36.71,Medium,Monitor,Open,[],No IOC Match,Medium,True
6553,EVT03217,36.7,Medium,Monitor,Open,[],No IOC Match,Unknown,False
6554,EVT06662,36.7,Medium,Monitor,Open,[],No IOC Match,Unknown,False
6555,EVT07345,36.7,Medium,Monitor,Open,[],No IOC Match,Unknown,False
6556,EVT07421,36.7,Medium,Monitor,Open,[],No IOC Match,Unknown,False
6557,EVT08290,36.7,Medium,Monitor,Open,[],No IOC Match,Unknown,False
6558,EVT07024,36.69,Medium,Monitor,Open,[],No IOC Match,Unknown,False
6559,EVT02459,36.68,Medium,Monitor,Open,[],No IOC Match,Unknown,False
6560,EVT04657,36.68,Medium,Monitor,Open,[],No IOC Match,Unknown,False
6561,EVT02882,36.67,Medium,Monitor,Open,[],No IOC Match,Unknown,False
6562,EVT02919,36.67,Medium,Monitor,Open,[],No IOC Match,Unknown,False
6563,EVT03234,36.67,Medium,Monitor,Open,[],No IOC Match,Unknown,False
6564,EVT03415,36.67,Medium,Monitor,Open,[],No IOC Match,Unknown,False
6565,EVT03489,36.67,Medium,Monitor,Open,[],No IOC Match,Unknown,False
6566,EVT03874,36.67,Medium,Monitor,Open,['Multiple failed login attempts'],No IOC Match,Unknown,False
6567,EVT04241,36.67,Medium,Monitor,Open,[],No IOC Match,Unknown,False
6568,EVT04570,36.67,Medium,Monitor,Open,[],No IOC Match,Unknown,False
6569,EVT08875,36.67,Medium,Monitor,Open,[],No IOC Match,Unknown,False
6570,EVT04086,36.66,Medium,Monitor,Open,[],No IOC Match,Unknown,False
6571,EVT04522,36.66,Medium,Monitor,Open,[],No IOC Match,Unknown,False
6572,EVT05161,36.66,Medium,Monitor,Open,[],No IOC Match,Unknown,False
6573,EVT06483,36.66,Medium,Monitor,Open,[],No IOC Match,Unknown,False
6574,EVT06319,36.65,Medium,Monitor,Open,[],No IOC Match,Unknown,False
6575,EVT03537,36.64,Medium,Monitor,Open,[],No IOC Match,Unknown,False
6576,EVT04205,36.64,Medium,Monitor,Open,[],No IOC Match,Unknown,False
6577,EVT04842,36.64,Medium,Monitor,Open,[],No IOC Match,Unknown,False
6578,EVT05158,36.64,Medium,Monitor,Open,[],No IOC Match,Unknown,False
6579,EVT03615,36.63,Medium,Monitor,Open,[],No IOC Match,Medium,True
6580,EVT06240,36.63,Medium,Monitor,Open,[],No IOC Match,Unknown,False
6581,EVT06557,36.63,Medium,Monitor,Open,[],No IOC Match,Unknown,False
6582,EVT06123,36.62,Medium,Monitor,Open,[],No IOC Match,Unknown,False
6583,EVT06686,36.62,Medium,Monitor,Open,[],No IOC Match,Unknown,False
6584,EVT03097,36.61,Medium,Monitor,Open,[],No IOC Match,Unknown,False
6585,EVT03930,36.61,Medium,Monitor,Open,[],No IOC Match,Unknown,False
6586,EVT05863,36.61,Medium,Monitor,Open,['Multiple failed login attempts'],No IOC Match,Unknown,False
6587,EVT00730,36.6,Medium,Monitor,Open,[],No IOC Match,Unknown,False
6588,EVT04684,36.6,Medium,Monitor,Open,[],No IOC Match,Unknown,False
6589,EVT04854,36.6,Medium,Monitor,Open,[],No IOC Match,Unknown,False
6590,EVT07557,36.6,Medium,Monitor,Open,[],No IOC Match,Medium,True
6591,EVT08675,36.6,Medium,Monitor,Open,[],No IOC Match,Unknown,False
6592,EVT04583,36.59,Medium,Monitor,Open,[],No IOC Match,Unknown,False
6593,EVT09497,36.59,Medium,Monitor,Open,[],No IOC Match,Unknown,False
6594,EVT02259,36.57,Medium,Monitor,Open,['Multiple failed login attempts'],No IOC Match,Unknown,False
6595,EVT03572,36.56,Medium,Monitor,Open,[],No IOC Match,Unknown,False
6596,EVT07074,36.56,Medium,Monitor,Open,[],No IOC Match,Unknown,False
6597,EVT08042,36.55,Medium,Monitor,Open,[],No IOC Match,Unknown,False
6598,EVT06831,36.54,Medium,Monitor,Open,[],No IOC Match,Unknown,False
6599,EVT09237,36.53,Medium,Monitor,Open,[],No IOC Match,Unknown,False
6600,EVT09567,36.53,Medium,Monitor,Open,[],No IOC Match,Unknown,False
6601,EVT00018,36.52,Medium,Monitor,Open,[],No IOC Match,Unknown,False
6602,EVT05368,36.52,Medium,Monitor,Open,[],No IOC Match,Unknown,False
6603,EVT06593,36.51,Medium,Monitor,Open,[],No IOC Match,Unknown,False
6604,EVT09213,36.51,Medium,Monitor,Open,[],No IOC Match,Unknown,False
6605,EVT03133,36.5,Medium,Monitor,Open,[],No IOC Match,Unknown,False
6606,EVT07054,36.5,Medium,Monitor,Open,[],No IOC Match,Unknown,False
6607,EVT08824,36.5,Medium,Monitor,Open,[],No IOC Match,Unknown,False
6608,EVT07971,36.49,Medium,Monitor,Open,[],No IOC Match,Unknown,False
6609,EVT09091,36.49,Medium,Monitor,Open,[],No IOC Match,Unknown,False
6610,EVT00522,36.48,Medium,Monitor,Open,[],No IOC Match,Unknown,False
6611,EVT00703,36.48,Medium,Monitor,Open,[],No IOC Match,Unknown,False
6612,EVT02625,36.48,Medium,Monitor,Open,[],No IOC Match,Unknown,False
6613,EVT05632,36.48,Medium,Monitor,Open,[],No IOC Match,Unknown,False
6614,EVT07518,36.48,Medium,Monitor,Open,[],No IOC Match,Unknown,False
6615,EVT08752,36.48,Medium,Monitor,Open,[],No IOC Match,Unknown,False
6616,EVT02052,36.47,Medium,Monitor,Open,[],No IOC Match,Unknown,False
6617,EVT09783,36.47,Medium,Monitor,Open,[],No IOC Match,Unknown,False
6618,EVT09767,36.46,Medium,Monitor,Open,[],No IOC Match,Unknown,False
6619,EVT02254,36.45,Medium,Monitor,Open,[],No IOC Match,Unknown,False
6620,EVT04157,36.45,Medium,Monitor,Open,[],No IOC Match,Unknown,False
6621,EVT05274,36.45,Medium,Monitor,Open,[],No IOC Match,Unknown,False
6622,EVT03624,36.44,Medium,Monitor,Open,[],No IOC Match,Unknown,False
6623,EVT02719,36.43,Medium,Monitor,Open,[],No IOC Match,Unknown,False
6624,EVT06225,36.43,Medium,Monitor,Open,[],No IOC Match,Unknown,False
6625,EVT06493,36.43,Medium,Monitor,Open,[],No IOC Match,Unknown,False
6626,EVT02769,36.42,Medium,Monitor,Open,[],No IOC Match,Unknown,False
6627,EVT03087,36.42,Medium,Monitor,Open,[],No IOC Match,Unknown,False
6628,EVT06809,36.42,Medium,Monitor,Open,[],No IOC Match,Unknown,False
6629,EVT06897,36.42,Medium,Monitor,Open,[],No IOC Match,Unknown,False
6630,EVT07219,36.42,Medium,Monitor,Open,[],No IOC Match,Unknown,False
6631,EVT09654,36.42,Medium,Monitor,Open,[],No IOC Match,Unknown,False
6632,EVT09925,36.42,Medium,Monitor,Open,[],No IOC Match,Unknown,False
6633,EVT01356,36.4,Medium,Monitor,Open,[],No IOC Match,Unknown,False
6634,EVT08869,36.4,Medium,Monitor,Open,[],No IOC Match,Unknown,False
6635,EVT04902,36.39,Medium,Monitor,Open,[],No IOC Match,Unknown,False
6636,EVT05317,36.39,Medium,Monitor,Open,[],No IOC Match,Unknown,False
6637,EVT05472,36.39,Medium,Monitor,Open,[],No IOC Match,Unknown,False
6638,EVT06416,36.39,Medium,Monitor,Open,[],No IOC Match,Unknown,False
6639,EVT00073,36.38,Medium,Monitor,Open,[],No IOC Match,Unknown,False
6640,EVT02818,36.38,Medium,Monitor,Open,[],No IOC Match,Unknown,False
6641,EVT06232,36.38,Medium,Monitor,Open,[],No IOC Match,Unknown,False
6642,EVT01656,36.37,Medium,Monitor,Open,[],No IOC Match,Unknown,False
6643,EVT01672,36.37,Medium,Monitor,Open,[],No IOC Match,Unknown,False
6644,EVT02251,36.37,Medium,Monitor,Open,[],No IOC Match,Unknown,False
6645,EVT06120,36.37,Medium,Monitor,Open,[],No IOC Match,Unknown,False
6646,EVT07501,36.37,Medium,Monitor,Open,[],No IOC Match,Unknown,False
6647,EVT09054,36.37,Medium,Monitor,Open,[],No IOC Match,Unknown,False
6648,EVT10000,36.37,Medium,Monitor,Open,[],No IOC Match,Unknown,False
6649,EVT04614,36.36,Medium,Monitor,Open,[],No IOC Match,Unknown,False
6650,EVT06849,36.36,Medium,Monitor,Open,[],No IOC Match,Unknown,False
6651,EVT03487,36.35,Medium,Monitor,Open,['Multiple failed login attempts'],No IOC Match,Unknown,False
6652,EVT08770,36.35,Medium,Monitor,Open,[],No IOC Match,Unknown,False
6653,EVT02425,36.34,Medium,Monitor,Open,[],No IOC Match,Unknown,False
6654,EVT02473,36.34,Medium,Monitor,Open,[],No IOC Match,Medium,True
6655,EVT05393,36.34,Medium,Monitor,Open,['Multiple failed login attempts'],No IOC Match,Unknown,False
6656,EVT07058,36.34,Medium,Monitor,Open,[],No IOC Match,Unknown,False
6657,EVT09858,36.34,Medium,Monitor,Open,[],No IOC Match,Unknown,False
6658,EVT00859,36.33,Medium,Monitor,Open,[],No IOC Match,Unknown,False
6659,EVT02951,36.33,Medium,Monitor,Open,[],No IOC Match,Unknown,False
6660,EVT00249,36.32,Medium,Monitor,Open,[],No IOC Match,Unknown,False
6661,EVT00666,36.32,Medium,Monitor,Open,[],No IOC Match,Unknown,False
6662,EVT03425,36.32,Medium,Monitor,Open,[],No IOC Match,Unknown,False
6663,EVT03511,36.32,Medium,Monitor,Open,[],No IOC Match,Unknown,False
6664,EVT01670,36.31,Medium,Monitor,Open,[],No IOC Match,Unknown,False
6665,EVT04479,36.31,Medium,Monitor,Open,[],No IOC Match,Unknown,False
6666,EVT07539,36.31,Medium,Monitor,Open,[],No IOC Match,Unknown,False
6667,EVT07678,36.31,Medium,Monitor,Open,[],No IOC Match,Unknown,False
6668,EVT08565,36.31,Medium,Monitor,Open,[],No IOC Match,Unknown,False
6669,EVT07617,36.3,Medium,Monitor,Open,[],No IOC Match,Unknown,False
6670,EVT07853,36.3,Medium,Monitor,Open,['Multiple failed login attempts'],No IOC Match,Unknown,False
6671,EVT08314,36.3,Medium,Monitor,Open,[],No IOC Match,Unknown,False
6672,EVT01821,36.29,Medium,Monitor,Open,[],No IOC Match,Unknown,False
6673,EVT04949,36.29,Medium,Monitor,Open,['Multiple failed login attempts'],No IOC Match,Unknown,False
6674,EVT06921,36.29,Medium,Monitor,Open,[],No IOC Match,Unknown,False
6675,EVT02669,36.28,Medium,Monitor,Open,[],No IOC Match,Unknown,False
6676,EVT03435,36.28,Medium,Monitor,Open,['Multiple failed login attempts'],No IOC Match,Unknown,False
6677,EVT06379,36.28,Medium,Monitor,Open,[],No IOC Match,Unknown,False
6678,EVT01682,36.26,Medium,Monitor,Open,[],No IOC Match,Unknown,False
6679,EVT05077,36.26,Medium,Monitor,Open,[],No IOC Match,Unknown,False
6680,EVT04102,36.25,Medium,Monitor,Open,[],No IOC Match,Unknown,False
6681,EVT07877,36.25,Medium,Monitor,Open,[],No IOC Match,Medium,True
6682,EVT03218,36.24,Medium,Monitor,Open,[],No IOC Match,Unknown,False
6683,EVT04028,36.24,Medium,Monitor,Open,[],No IOC Match,Unknown,False
6684,EVT09660,36.24,Medium,Monitor,Open,[],No IOC Match,Unknown,False
6685,EVT05320,36.23,Medium,Monitor,Open,[],No IOC Match,Unknown,False
6686,EVT07267,36.23,Medium,Monitor,Open,[],No IOC Match,Unknown,False
6687,EVT07375,36.23,Medium,Monitor,Open,[],No IOC Match,Unknown,False
6688,EVT05452,36.22,Medium,Monitor,Open,[],No IOC Match,Unknown,False
6689,EVT06294,36.22,Medium,Monitor,Open,[],No IOC Match,Unknown,False
6690,EVT01465,36.21,Medium,Monitor,Open,[],No IOC Match,Unknown,False
6691,EVT05412,36.21,Medium,Monitor,Open,['Multiple failed login attempts'],No IOC Match,Unknown,False
6692,EVT00882,36.2,Medium,Monitor,Open,[],No IOC Match,Unknown,False
6693,EVT01700,36.2,Medium,Monitor,Open,['Multiple failed login attempts'],No IOC Match,Unknown,False
6694,EVT01762,36.2,Medium,Monitor,Open,['Multiple failed login attempts'],No IOC Match,Unknown,False
6695,EVT07774,36.2,Medium,Monitor,Open,[],No IOC Match,Unknown,False
6696,EVT08164,36.2,Medium,Monitor,Open,['Multiple failed login attempts'],No IOC Match,Unknown,False
6697,EVT01246,36.19,Medium,Monitor,Open,['Multiple failed login attempts'],No IOC Match,Unknown,False
6698,EVT01878,36.19,Medium,Monitor,Open,[],No IOC Match,Unknown,False
6699,EVT02800,36.19,Medium,Monitor,Open,[],No IOC Match,Unknown,False
6700,EVT09680,36.19,Medium,Monitor,Open,[],No IOC Match,Unknown,False
6701,EVT00525,36.17,Medium,Monitor,Open,[],No IOC Match,Unknown,False
6702,EVT06495,36.17,Medium,Monitor,Open,[],No IOC Match,Low,True
6703,EVT07460,36.17,Medium,Monitor,Open,['Multiple failed login attempts'],No IOC Match,Unknown,False
6704,EVT02723,36.16,Medium,Monitor,Open,[],No IOC Match,Unknown,False
6705,EVT04825,36.16,Medium,Monitor,Open,[],No IOC Match,Unknown,False
6706,EVT00754,36.15,Medium,Monitor,Open,[],No IOC Match,Low,True
6707,EVT02738,36.14,Medium,Monitor,Open,['Multiple failed login attempts'],No IOC Match,Unknown,False
6708,EVT06329,36.14,Medium,Monitor,Open,[],No IOC Match,Unknown,False
6709,EVT04326,36.13,Medium,Monitor,Open,['Multiple failed login attempts'],No IOC Match,Unknown,False
6710,EVT09260,36.13,Medium,Monitor,Open,[],No IOC Match,Unknown,False
6711,EVT09972,36.13,Medium,Monitor,Open,[],No IOC Match,Unknown,False
6712,EVT01974,36.12,Medium,Monitor,Open,[],No IOC Match,Unknown,False
6713,EVT03414,36.12,Medium,Monitor,Open,[],No IOC Match,Unknown,False
6714,EVT05611,36.12,Medium,Monitor,Open,[],No IOC Match,Unknown,False
6715,EVT08124,36.12,Medium,Monitor,Open,[],No IOC Match,Unknown,False
6716,EVT00096,36.11,Medium,Monitor,Open,[],No IOC Match,Unknown,False
6717,EVT03422,36.11,Medium,Monitor,Open,['Multiple failed login attempts'],No IOC Match,Unknown,False
6718,EVT05099,36.11,Medium,Monitor,Open,['Multiple failed login attempts'],No IOC Match,Unknown,False
6719,EVT06690,36.11,Medium,Monitor,Open,['Multiple failed login attempts'],No IOC Match,Unknown,False
6720,EVT05260,36.1,Medium,Monitor,Open,[],No IOC Match,Unknown,False
6721,EVT00737,36.09,Medium,Monitor,Open,[],No IOC Match,Unknown,False
6722,EVT02972,36.09,Medium,Monitor,Open,[],No IOC Match,Unknown,False
6723,EVT08848,36.09,Medium,Monitor,Open,[],No IOC Match,Unknown,False
6724,EVT03710,36.08,Medium,Monitor,Open,['Multiple failed login attempts'],No IOC Match,Unknown,False
6725,EVT04312,36.08,Medium,Monitor,Open,[],No IOC Match,Unknown,False
6726,EVT03513,36.07,Medium,Monitor,Open,[],No IOC Match,Unknown,False
6727,EVT04992,36.07,Medium,Monitor,Open,[],No IOC Match,Unknown,False
6728,EVT05579,36.07,Medium,Monitor,Open,[],No IOC Match,Unknown,False
6729,EVT09398,36.07,Medium,Monitor,Open,[],No IOC Match,Unknown,False
6730,EVT00400,36.06,Medium,Monitor,Open,[],No IOC Match,Unknown,False
6731,EVT02307,36.05,Medium,Monitor,Open,[],No IOC Match,Unknown,False
6732,EVT02330,36.05,Medium,Monitor,Open,[],No IOC Match,Unknown,False
6733,EVT03474,36.05,Medium,Monitor,Open,[],No IOC Match,Unknown,False
6734,EVT05770,36.05,Medium,Monitor,Open,[],No IOC Match,Unknown,False
6735,EVT08629,36.05,Medium,Monitor,Open,[],No IOC Match,Unknown,False
6736,EVT02429,36.04,Medium,Monitor,Open,[],No IOC Match,Unknown,False
6737,EVT03927,36.04,Medium,Monitor,Open,[],No IOC Match,Unknown,False
6738,EVT05728,36.04,Medium,Monitor,Open,[],No IOC Match,Unknown,False
6739,EVT07020,36.04,Medium,Monitor,Open,[],No IOC Match,Unknown,False
6740,EVT07561,36.04,Medium,Monitor,Open,[],No IOC Match,Unknown,False
6741,EVT07920,36.04,Medium,Monitor,Open,[],No IOC Match,Unknown,False
6742,EVT09314,36.04,Medium,Monitor,Open,[],No IOC Match,Medium,True
6743,EVT09674,36.04,Medium,Monitor,Open,[],No IOC Match,Unknown,False
6744,EVT07064,36.03,Medium,Monitor,Open,[],No IOC Match,Unknown,False
6745,EVT07844,36.02,Medium,Monitor,Open,[],No IOC Match,Unknown,False
6746,EVT01942,36.01,Medium,Monitor,Open,[],No IOC Match,Unknown,False
6747,EVT03669,36.01,Medium,Monitor,Open,[],No IOC Match,Unknown,False
6748,EVT07510,36.01,Medium,Monitor,Open,['Multiple failed login attempts'],No IOC Match,Unknown,False
6749,EVT01053,36.0,Medium,Monitor,Open,[],No IOC Match,Unknown,False
6750,EVT05506,36.0,Medium,Monitor,Open,[],No IOC Match,Unknown,False
6751,EVT06692,36.0,Medium,Monitor,Open,[],No IOC Match,Unknown,False
6752,EVT09625,36.0,Medium,Monitor,Open,[],No IOC Match,Unknown,False
6753,EVT09822,36.0,Medium,Monitor,Open,[],No IOC Match,Unknown,False
6754,EVT01822,35.99,Medium,Monitor,Open,[],No IOC Match,Unknown,False
6755,EVT07610,35.98,Medium,Monitor,Open,[],No IOC Match,Unknown,False
6756,EVT00621,35.97,Medium,Monitor,Open,[],No IOC Match,Unknown,False
6757,EVT02248,35.97,Medium,Monitor,Open,['Multiple failed login attempts'],No IOC Match,Unknown,False
6758,EVT02423,35.97,Medium,Monitor,Open,['Multiple failed login attempts'],No IOC Match,Unknown,False
6759,EVT01941,35.96,Medium,Monitor,Open,[],No IOC Match,Unknown,False
6760,EVT02180,35.95,Medium,Monitor,Open,['Multiple failed login attempts'],No IOC Match,Unknown,False
6761,EVT03512,35.94,Medium,Monitor,Open,[],No IOC Match,Unknown,False
6762,EVT09513,35.94,Medium,Monitor,Open,['Multiple failed login attempts'],No IOC Match,Unknown,False
6763,EVT07299,35.93,Medium,Monitor,Open,['Multiple failed login attempts'],No IOC Match,Unknown,False
6764,EVT09218,35.93,Medium,Monitor,Open,[],No IOC Match,Unknown,False
6765,EVT02028,35.92,Medium,Monitor,Open,[],No IOC Match,Unknown,False
6766,EVT03363,35.92,Medium,Monitor,Open,[],No IOC Match,Unknown,False
6767,EVT08107,35.92,Medium,Monitor,Open,[],No IOC Match,Unknown,False
6768,EVT08356,35.92,Medium,Monitor,Open,[],No IOC Match,Unknown,False
6769,EVT00753,35.91,Medium,Monitor,Open,[],No IOC Match,Unknown,False
6770,EVT01694,35.91,Medium,Monitor,Open,[],No IOC Match,Unknown,False
6771,EVT02199,35.91,Medium,Monitor,Open,[],No IOC Match,Unknown,False
6772,EVT05464,35.91,Medium,Monitor,Open,[],No IOC Match,Unknown,False
6773,EVT06949,35.91,Medium,Monitor,Open,[],No IOC Match,Unknown,False
6774,EVT09580,35.91,Medium,Monitor,Open,[],No IOC Match,High,True
6775,EVT01159,35.9,Medium,Monitor,Open,[],No IOC Match,Unknown,False
6776,EVT05181,35.9,Medium,Monitor,Open,['Multiple failed login attempts'],No IOC Match,Unknown,False
6777,EVT06682,35.9,Medium,Monitor,Open,[],No IOC Match,Unknown,False
6778,EVT01292,35.89,Medium,Monitor,Open,[],No IOC Match,Unknown,False
6779,EVT02707,35.89,Medium,Monitor,Open,['Multiple failed login attempts'],No IOC Match,Unknown,False
6780,EVT05634,35.89,Medium,Monitor,Open,[],No IOC Match,Unknown,False
6781,EVT06630,35.89,Medium,Monitor,Open,[],No IOC Match,Unknown,False
6782,EVT02861,35.88,Medium,Monitor,Open,[],No IOC Match,Unknown,False
6783,EVT04597,35.88,Medium,Monitor,Open,[],No IOC Match,Unknown,False
6784,EVT06779,35.88,Medium,Monitor,Open,['Multiple failed login attempts'],No IOC Match,Low,True
6785,EVT09117,35.88,Medium,Monitor,Open,[],No IOC Match,Unknown,False
6786,EVT02319,35.87,Medium,Monitor,Open,[],No IOC Match,Low,True
6787,EVT05309,35.87,Medium,Monitor,Open,[],No IOC Match,Unknown,False
6788,EVT08540,35.87,Medium,Monitor,Open,[],No IOC Match,Unknown,False
6789,EVT00032,35.86,Medium,Monitor,Open,[],No IOC Match,Unknown,False
6790,EVT01248,35.86,Medium,Monitor,Open,[],No IOC Match,Unknown,False
6791,EVT07322,35.86,Medium,Monitor,Open,['Multiple failed login attempts'],No IOC Match,Unknown,False
6792,EVT06677,35.85,Medium,Monitor,Open,[],No IOC Match,Unknown,False
6793,EVT02181,35.84,Medium,Monitor,Open,[],No IOC Match,Unknown,False
6794,EVT06079,35.84,Medium,Monitor,Open,[],No IOC Match,Unknown,False
6795,EVT09651,35.84,Medium,Monitor,Open,[],No IOC Match,Medium,True
6796,EVT02415,35.83,Medium,Monitor,Open,[],No IOC Match,Medium,True
6797,EVT07198,35.83,Medium,Monitor,Open,[],No IOC Match,Unknown,False
6798,EVT08200,35.83,Medium,Monitor,Open,[],No IOC Match,Unknown,False
6799,EVT04130,35.82,Medium,Monitor,Open,[],No IOC Match,Unknown,False
6800,EVT00317,35.81,Medium,Monitor,Open,[],No IOC Match,Unknown,False
6801,EVT01009,35.79,Medium,Monitor,Open,[],No IOC Match,Unknown,False
6802,EVT02252,35.79,Medium,Monitor,Open,[],No IOC Match,Unknown,False
6803,EVT03451,35.79,Medium,Monitor,Open,['Multiple failed login attempts'],No IOC Match,Unknown,False
6804,EVT05252,35.79,Medium,Monitor,Open,[],No IOC Match,Unknown,False
6805,EVT08223,35.79,Medium,Monitor,Open,[],No IOC Match,Unknown,False
6806,EVT09803,35.79,Medium,Monitor,Open,[],No IOC Match,Unknown,False
6807,EVT06473,35.78,Medium,Monitor,Open,[],No IOC Match,Unknown,False
6808,EVT06890,35.78,Medium,Monitor,Open,[],No IOC Match,Unknown,False
6809,EVT00861,35.77,Medium,Monitor,Open,[],No IOC Match,Unknown,False
6810,EVT02210,35.77,Medium,Monitor,Open,['Multiple failed login attempts'],No IOC Match,Unknown,False
6811,EVT00204,35.75,Medium,Monitor,Open,['Multiple failed login attempts'],No IOC Match,Unknown,False
6812,EVT01717,35.75,Medium,Monitor,Open,[],No IOC Match,Medium,True
6813,EVT02705,35.75,Medium,Monitor,Open,[],No IOC Match,Unknown,False
6814,EVT06880,35.75,Medium,Monitor,Open,[],No IOC Match,Unknown,False
6815,EVT07315,35.75,Medium,Monitor,Open,['High CVSS vulnerability'],No IOC Match,Low,True
6816,EVT08488,35.75,Medium,Monitor,Open,[],No IOC Match,Unknown,False
6817,EVT07312,35.74,Medium,Monitor,Open,[],No IOC Match,Unknown,False
6818,EVT02232,35.73,Medium,Monitor,Open,[],No IOC Match,Unknown,False
6819,EVT03164,35.73,Medium,Monitor,Open,[],No IOC Match,Unknown,False
6820,EVT04153,35.73,Medium,Monitor,Open,[],No IOC Match,Unknown,False
6821,EVT05113,35.73,Medium,Monitor,Open,[],No IOC Match,High,True
6822,EVT08335,35.73,Medium,Monitor,Open,['Multiple failed login attempts'],No IOC Match,Medium,True
6823,EVT08551,35.73,Medium,Monitor,Open,[],No IOC Match,Unknown,False
6824,EVT01986,35.72,Medium,Monitor,Open,[],No IOC Match,Unknown,False
6825,EVT04281,35.72,Medium,Monitor,Open,[],No IOC Match,Unknown,False
6826,EVT06274,35.72,Medium,Monitor,Open,[],No IOC Match,Unknown,False
6827,EVT02756,35.71,Medium,Monitor,Open,[],No IOC Match,High,True
6828,EVT06390,35.7,Medium,Monitor,Open,[],No IOC Match,Unknown,False
6829,EVT04678,35.69,Medium,Monitor,Open,[],No IOC Match,Unknown,False
6830,EVT08859,35.68,Medium,Monitor,Open,[],No IOC Match,Unknown,False
6831,EVT09945,35.68,Medium,Monitor,Open,[],No IOC Match,Unknown,False
6832,EVT02571,35.67,Medium,Monitor,Open,[],No IOC Match,Unknown,False
6833,EVT03331,35.67,Medium,Monitor,Open,[],No IOC Match,Unknown,False
6834,EVT08779,35.66,Medium,Monitor,Open,[],No IOC Match,Unknown,False
6835,EVT08971,35.66,Medium,Monitor,Open,[],No IOC Match,Unknown,False
6836,EVT04688,35.65,Medium,Monitor,Open,[],No IOC Match,Unknown,False
6837,EVT08841,35.65,Medium,Monitor,Open,[],No IOC Match,Unknown,False
6838,EVT04207,35.64,Medium,Monitor,Open,['Multiple failed login attempts'],No IOC Match,Unknown,False
6839,EVT07922,35.64,Medium,Monitor,Open,[],No IOC Match,Unknown,False
6840,EVT00426,35.63,Medium,Monitor,Open,['Multiple failed login attempts'],No IOC Match,Unknown,False
6841,EVT02574,35.62,Medium,Monitor,Open,[],No IOC Match,Unknown,False
6842,EVT07725,35.62,Medium,Monitor,Open,[],No IOC Match,Unknown,False
6843,EVT02112,35.61,Medium,Monitor,Open,[],No IOC Match,Unknown,False
6844,EVT04728,35.61,Medium,Monitor,Open,[],No IOC Match,Unknown,False
6845,EVT05852,35.61,Medium,Monitor,Open,[],No IOC Match,Unknown,False
6846,EVT06582,35.61,Medium,Monitor,Open,[],No IOC Match,Unknown,False
6847,EVT06879,35.61,Medium,Monitor,Open,[],No IOC Match,Unknown,False
6848,EVT01479,35.6,Medium,Monitor,Open,[],No IOC Match,Unknown,False
6849,EVT06859,35.59,Medium,Monitor,Open,[],No IOC Match,Unknown,False
6850,EVT04076,35.58,Medium,Monitor,Open,['Multiple failed login attempts'],No IOC Match,Unknown,False
6851,EVT09530,35.58,Medium,Monitor,Open,[],No IOC Match,Unknown,False
6852,EVT02171,35.56,Medium,Monitor,Open,[],No IOC Match,Unknown,False
6853,EVT02260,35.56,Medium,Monitor,Open,['Multiple failed login attempts'],No IOC Match,Unknown,False
6854,EVT03497,35.56,Medium,Monitor,Open,[],No IOC Match,Unknown,False
6855,EVT06902,35.56,Medium,Monitor,Open,[],No IOC Match,Unknown,False
6856,EVT03115,35.55,Medium,Monitor,Open,['Multiple failed login attempts'],No IOC Match,Unknown,False
6857,EVT04192,35.55,Medium,Monitor,Open,[],No IOC Match,Unknown,False
6858,EVT09055,35.55,Medium,Monitor,Open,[],No IOC Match,Unknown,False
6859,EVT00571,35.54,Medium,Monitor,Open,[],No IOC Match,Unknown,False
6860,EVT04642,35.54,Medium,Monitor,Open,[],No IOC Match,Unknown,False
6861,EVT06204,35.54,Medium,Monitor,Open,[],No IOC Match,Unknown,False
6862,EVT08175,35.54,Medium,Monitor,Open,[],No IOC Match,Unknown,False
6863,EVT03776,35.53,Medium,Monitor,Open,['Multiple failed login attempts'],No IOC Match,Unknown,False
6864,EVT04800,35.53,Medium,Monitor,Open,['Multiple failed login attempts'],No IOC Match,Unknown,False
6865,EVT07742,35.53,Medium,Monitor,Open,[],No IOC Match,Unknown,False
6866,EVT08120,35.53,Medium,Monitor,Open,[],No IOC Match,Unknown,False
6867,EVT09735,35.53,Medium,Monitor,Open,[],No IOC Match,Unknown,False
6868,EVT03713,35.52,Medium,Monitor,Open,[],No IOC Match,Unknown,False
6869,EVT05729,35.52,Medium,Monitor,Open,[],No IOC Match,Unknown,False
6870,EVT03161,35.51,Medium,Monitor,Open,[],No IOC Match,Unknown,False
6871,EVT06489,35.51,Medium,Monitor,Open,[],No IOC Match,Unknown,False
6872,EVT09865,35.51,Medium,Monitor,Open,[],No IOC Match,Unknown,False
6873,EVT00580,35.5,Medium,Monitor,Open,[],No IOC Match,Unknown,False
6874,EVT09169,35.5,Medium,Monitor,Open,[],No IOC Match,Unknown,False
6875,EVT00576,35.49,Medium,Monitor,Open,[],No IOC Match,Unknown,False
6876,EVT03302,35.49,Medium,Monitor,Open,[],No IOC Match,Unknown,False
6877,EVT06995,35.48,Medium,Monitor,Open,[],No IOC Match,Unknown,False
6878,EVT07496,35.48,Medium,Monitor,Open,[],No IOC Match,Medium,True
6879,EVT03014,35.47,Medium,Monitor,Open,[],No IOC Match,Unknown,False
6880,EVT05389,35.47,Medium,Monitor,Open,['Multiple failed login attempts'],No IOC Match,Low,True
6881,EVT07013,35.47,Medium,Monitor,Open,[],No IOC Match,Unknown,False
6882,EVT01364,35.46,Medium,Monitor,Open,['Multiple failed login attempts'],No IOC Match,Unknown,False
6883,EVT07589,35.45,Medium,Monitor,Open,[],No IOC Match,Unknown,False
6884,EVT00243,35.44,Medium,Monitor,Open,[],No IOC Match,Unknown,False
6885,EVT01128,35.44,Medium,Monitor,Open,[],No IOC Match,Unknown,False
6886,EVT03116,35.44,Medium,Monitor,Open,[],No IOC Match,Unknown,False
6887,EVT06060,35.44,Medium,Monitor,Open,[],No IOC Match,Unknown,False
6888,EVT06575,35.44,Medium,Monitor,Open,[],No IOC Match,Unknown,False
6889,EVT01339,35.43,Medium,Monitor,Open,[],No IOC Match,Unknown,False
6890,EVT03953,35.43,Medium,Monitor,Open,[],No IOC Match,Medium,True
6891,EVT09248,35.43,Medium,Monitor,Open,[],No IOC Match,Unknown,False
6892,EVT01934,35.42,Medium,Monitor,Open,[],No IOC Match,Unknown,False
6893,EVT05593,35.42,Medium,Monitor,Open,[],No IOC Match,Unknown,False
6894,EVT09586,35.42,Medium,Monitor,Open,[],No IOC Match,Unknown,False
6895,EVT09879,35.42,Medium,Monitor,Open,[],No IOC Match,Unknown,False
6896,EVT08067,35.41,Medium,Monitor,Open,[],No IOC Match,Unknown,False
6897,EVT08344,35.41,Medium,Monitor,Open,[],No IOC Match,Low,True
6898,EVT01202,35.4,Medium,Monitor,Open,[],No IOC Match,Unknown,False
6899,EVT02613,35.4,Medium,Monitor,Open,[],No IOC Match,Unknown,False
6900,EVT00149,35.39,Medium,Monitor,Open,[],No IOC Match,Unknown,False
6901,EVT08360,35.39,Medium,Monitor,Open,['Multiple failed login attempts'],No IOC Match,Unknown,False
6902,EVT01161,35.38,Medium,Monitor,Open,[],No IOC Match,Unknown,False
6903,EVT01563,35.38,Medium,Monitor,Open,[],No IOC Match,Unknown,False
6904,EVT02480,35.38,Medium,Monitor,Open,[],No IOC Match,Unknown,False
6905,EVT03784,35.38,Medium,Monitor,Open,[],No IOC Match,Unknown,False
6906,EVT09539,35.38,Medium,Monitor,Open,[],No IOC Match,Low,True
6907,EVT06889,35.37,Medium,Monitor,Open,[],No IOC Match,Unknown,False
6908,EVT00057,35.36,Medium,Monitor,Open,[],No IOC Match,Unknown,False
6909,EVT03780,35.36,Medium,Monitor,Open,['Multiple failed login attempts'],No IOC Match,Unknown,False
6910,EVT04049,35.36,Medium,Monitor,Open,[],No IOC Match,Unknown,False
6911,EVT06775,35.36,Medium,Monitor,Open,[],No IOC Match,Unknown,False
6912,EVT07166,35.36,Medium,Monitor,Open,[],No IOC Match,Unknown,False
6913,EVT01569,35.35,Medium,Monitor,Open,[],No IOC Match,Unknown,False
6914,EVT01844,35.35,Medium,Monitor,Open,[],No IOC Match,Unknown,False
6915,EVT06898,35.35,Medium,Monitor,Open,[],No IOC Match,Unknown,False
6916,EVT01338,35.34,Medium,Monitor,Open,[],No IOC Match,Unknown,False
6917,EVT05143,35.33,Medium,Monitor,Open,[],No IOC Match,Unknown,False
6918,EVT09593,35.33,Medium,Monitor,Open,['Multiple failed login attempts'],No IOC Match,Unknown,False
6919,EVT01183,35.32,Medium,Monitor,Open,[],No IOC Match,Unknown,False
6920,EVT02092,35.31,Medium,Monitor,Open,[],No IOC Match,Unknown,False
6921,EVT06800,35.31,Medium,Monitor,Open,[],No IOC Match,Unknown,False
6922,EVT02842,35.3,Medium,Monitor,Open,[],No IOC Match,Unknown,False
6923,EVT05041,35.3,Medium,Monitor,Open,[],No IOC Match,Unknown,False
6924,EVT07387,35.3,Medium,Monitor,Open,[],No IOC Match,Unknown,False
6925,EVT08273,35.3,Medium,Monitor,Open,[],No IOC Match,Unknown,False
6926,EVT01093,35.29,Medium,Monitor,Open,[],No IOC Match,Unknown,False
6927,EVT02799,35.28,Medium,Monitor,Open,['Multiple failed login attempts'],No IOC Match,Unknown,False
6928,EVT02864,35.28,Medium,Monitor,Open,[],No IOC Match,Unknown,False
6929,EVT06871,35.28,Medium,Monitor,Open,[],No IOC Match,Unknown,False
6930,EVT04406,35.27,Medium,Monitor,Open,[],No IOC Match,Unknown,False
6931,EVT04658,35.27,Medium,Monitor,Open,[],No IOC Match,Unknown,False
6932,EVT06801,35.27,Medium,Monitor,Open,[],No IOC Match,Unknown,False
6933,EVT06864,35.27,Medium,Monitor,Open,[],No IOC Match,Unknown,False
6934,EVT07056,35.27,Medium,Monitor,Open,['Multiple failed login attempts'],No IOC Match,Unknown,False
6935,EVT07268,35.27,Medium,Monitor,Open,[],No IOC Match,Unknown,False
6936,EVT08324,35.27,Medium,Monitor,Open,['Multiple failed login attempts'],No IOC Match,Unknown,False
6937,EVT00410,35.26,Medium,Monitor,Open,[],No IOC Match,Unknown,False
6938,EVT05443,35.26,Medium,Monitor,Open,[],No IOC Match,Unknown,False
6939,EVT07356,35.26,Medium,Monitor,Open,[],No IOC Match,Unknown,False
6940,EVT02600,35.25,Medium,Monitor,Open,['Multiple failed login attempts'],No IOC Match,Unknown,False
6941,EVT03367,35.25,Medium,Monitor,Open,[],No IOC Match,Unknown,False
6942,EVT00397,35.24,Medium,Monitor,Open,[],No IOC Match,Unknown,False
6943,EVT01516,35.24,Medium,Monitor,Open,[],No IOC Match,Unknown,False
6944,EVT06538,35.24,Medium,Monitor,Open,[],No IOC Match,Unknown,False
6945,EVT06941,35.24,Medium,Monitor,Open,[],No IOC Match,Unknown,False
6946,EVT08080,35.24,Medium,Monitor,Open,[],No IOC Match,Unknown,False
6947,EVT09723,35.24,Medium,Monitor,Open,['Multiple failed login attempts'],No IOC Match,Unknown,False
6948,EVT09259,35.23,Medium,Monitor,Open,['Multiple failed login attempts'],No IOC Match,Unknown,False
6949,EVT03506,35.22,Medium,Monitor,Open,[],No IOC Match,Unknown,False
6950,EVT06237,35.21,Medium,Monitor,Open,['Multiple failed login attempts'],No IOC Match,Unknown,False
6951,EVT09438,35.21,Medium,Monitor,Open,[],No IOC Match,Unknown,False
6952,EVT00577,35.2,Medium,Monitor,Open,[],No IOC Match,Unknown,False
6953,EVT09230,35.2,Medium,Monitor,Open,[],No IOC Match,Unknown,False
6954,EVT09408,35.2,Medium,Monitor,Open,[],No IOC Match,Unknown,False
6955,EVT03190,35.19,Medium,Monitor,Open,[],No IOC Match,Unknown,False
6956,EVT07327,35.19,Medium,Monitor,Open,[],No IOC Match,Unknown,False
6957,EVT09338,35.19,Medium,Monitor,Open,[],No IOC Match,Unknown,False
6958,EVT00225,35.18,Medium,Monitor,Open,[],No IOC Match,Unknown,False
6959,EVT07827,35.18,Medium,Monitor,Open,[],No IOC Match,Unknown,False
6960,EVT00784,35.17,Medium,Monitor,Open,[],No IOC Match,Unknown,False
6961,EVT06750,35.17,Medium,Monitor,Open,[],No IOC Match,Unknown,False
6962,EVT01377,35.16,Medium,Monitor,Open,[],No IOC Match,Unknown,False
6963,EVT04621,35.16,Medium,Monitor,Open,[],No IOC Match,Unknown,False
6964,EVT06439,35.16,Medium,Monitor,Open,[],No IOC Match,Unknown,False
6965,EVT07688,35.16,Medium,Monitor,Open,[],No IOC Match,Unknown,False
6966,EVT01408,35.14,Medium,Monitor,Open,[],No IOC Match,Unknown,False
6967,EVT05204,35.14,Medium,Monitor,Open,[],No IOC Match,Unknown,False
6968,EVT01234,35.13,Medium,Monitor,Open,[],No IOC Match,Unknown,False
6969,EVT05002,35.13,Medium,Monitor,Open,[],No IOC Match,Unknown,False
6970,EVT05485,35.13,Medium,Monitor,Open,[],No IOC Match,Unknown,False
6971,EVT09478,35.13,Medium,Monitor,Open,[],No IOC Match,Unknown,False
6972,EVT06353,35.12,Medium,Monitor,Open,[],No IOC Match,Unknown,False
6973,EVT06950,35.12,Medium,Monitor,Open,[],No IOC Match,Unknown,False
6974,EVT04575,35.11,Medium,Monitor,Open,[],No IOC Match,Unknown,False
6975,EVT06452,35.1,Medium,Monitor,Open,['Multiple failed login attempts'],No IOC Match,Unknown,False
6976,EVT07417,35.1,Medium,Monitor,Open,[],No IOC Match,Unknown,False
6977,EVT09315,35.1,Medium,Monitor,Open,[],No IOC Match,Unknown,False
6978,EVT09343,35.1,Medium,Monitor,Open,['Multiple failed login attempts'],No IOC Match,Unknown,False
6979,EVT03100,35.09,Medium,Monitor,Open,[],No IOC Match,Unknown,False
6980,EVT04282,35.08,Medium,Monitor,Open,[],No IOC Match,Unknown,False
6981,EVT09474,35.08,Medium,Monitor,Open,[],No IOC Match,Unknown,False
6982,EVT09475,35.08,Medium,Monitor,Open,[],No IOC Match,Unknown,False
6983,EVT06463,35.07,Medium,Monitor,Open,['Multiple failed login attempts'],No IOC Match,Unknown,False
6984,EVT00352,35.06,Medium,Monitor,Open,[],No IOC Match,Unknown,False
6985,EVT01854,35.06,Medium,Monitor,Open,[],No IOC Match,Unknown,False
6986,EVT01114,35.05,Medium,Monitor,Open,[],No IOC Match,Low,True
6987,EVT02457,35.05,Medium,Monitor,Open,[],No IOC Match,Unknown,False
6988,EVT07163,35.05,Medium,Monitor,Open,[],No IOC Match,Unknown,False
6989,EVT07682,35.05,Medium,Monitor,Open,[],No IOC Match,Unknown,False
6990,EVT08366,35.05,Medium,Monitor,Open,[],No IOC Match,Unknown,False
6991,EVT00092,35.04,Medium,Monitor,Open,['Multiple failed login attempts'],No IOC Match,Unknown,False
6992,EVT09984,35.04,Medium,Monitor,Open,[],No IOC Match,Unknown,False
6993,EVT06145,35.03,Medium,Monitor,Open,[],No IOC Match,Unknown,False
6994,EVT06160,35.03,Medium,Monitor,Open,[],No IOC Match,Unknown,False
6995,EVT03109,35.02,Medium,Monitor,Open,[],No IOC Match,Unknown,False
6996,EVT04543,35.02,Medium,Monitor,Open,[],No IOC Match,Unknown,False
6997,EVT06036,35.02,Medium,Monitor,Open,[],No IOC Match,Unknown,False
6998,EVT07467,35.02,Medium,Monitor,Open,[],No IOC Match,Low,True
6999,EVT00772,35.01,Medium,Monitor,Open,[],No IOC Match,Unknown,False
7000,EVT00338,35.0,Medium,Monitor,Open,[],No IOC Match,Unknown,False
7001,EVT01620,35.0,Medium,Monitor,Open,[],No IOC Match,Unknown,False
7002,EVT04074,34.99,Medium,Monitor,Open,['Multiple failed login attempts'],No IOC Match,Low,True
7003,EVT04071,34.98,Medium,Monitor,Open,[],No IOC Match,Unknown,False
7004,EVT07880,34.98,Medium,Monitor,Open,[],No IOC Match,Unknown,False
7005,EVT00836,34.97,Medium,Monitor,Open,[],No IOC Match,Unknown,False
7006,EVT02093,34.97,Medium,Monitor,Open,[],No IOC Match,Unknown,False
7007,EVT03294,34.97,Medium,Monitor,Open,[],No IOC Match,Unknown,False
7008,EVT04871,34.97,Medium,Monitor,Open,[],No IOC Match,Unknown,False
7009,EVT08650,34.97,Medium,Monitor,Open,[],No IOC Match,Unknown,False
7010,EVT01024,34.96,Medium,Monitor,Open,[],No IOC Match,Medium,True
7011,EVT09433,34.96,Medium,Monitor,Open,[],No IOC Match,Unknown,False
7012,EVT03312,34.95,Medium,Monitor,Open,[],No IOC Match,Unknown,False
7013,EVT09931,34.95,Medium,Monitor,Open,['Multiple failed login attempts'],No IOC Match,Unknown,False
7014,EVT08136,34.94,Medium,Monitor,Open,[],No IOC Match,Unknown,False
7015,EVT05308,34.93,Medium,Monitor,Open,[],No IOC Match,Unknown,False
7016,EVT05514,34.93,Medium,Monitor,Open,[],No IOC Match,Unknown,False
7017,EVT06496,34.93,Medium,Monitor,Open,[],No IOC Match,Unknown,False
7018,EVT00991,34.92,Medium,Monitor,Open,[],No IOC Match,Unknown,False
7019,EVT04998,34.92,Medium,Monitor,Open,['Multiple failed login attempts'],No IOC Match,Unknown,False
7020,EVT07399,34.92,Medium,Monitor,Open,[],No IOC Match,Unknown,False
7021,EVT08950,34.92,Medium,Monitor,Open,[],No IOC Match,Unknown,False
7022,EVT00980,34.91,Medium,Monitor,Open,['Multiple failed login attempts'],No IOC Match,Unknown,False
7023,EVT03279,34.91,Medium,Monitor,Open,[],No IOC Match,Unknown,False
7024,EVT03305,34.91,Medium,Monitor,Open,[],No IOC Match,Unknown,False
7025,EVT03742,34.91,Medium,Monitor,Open,[],No IOC Match,Unknown,False
7026,EVT04701,34.91,Medium,Monitor,Open,[],No IOC Match,Unknown,False
7027,EVT05441,34.91,Medium,Monitor,Open,[],No IOC Match,Unknown,False
7028,EVT05951,34.91,Medium,Monitor,Open,[],No IOC Match,Unknown,False
7029,EVT01876,34.9,Medium,Monitor,Open,[],No IOC Match,Unknown,False
7030,EVT02580,34.9,Medium,Monitor,Open,[],No IOC Match,Unknown,False
7031,EVT05580,34.89,Medium,Monitor,Open,[],No IOC Match,Unknown,False
7032,EVT00438,34.88,Medium,Monitor,Open,[],No IOC Match,Unknown,False
7033,EVT01452,34.88,Medium,Monitor,Open,['Multiple failed login attempts'],No IOC Match,Unknown,False
7034,EVT02592,34.88,Medium,Monitor,Open,['Multiple failed login attempts'],No IOC Match,Unknown,False
7035,EVT04396,34.88,Medium,Monitor,Open,[],No IOC Match,Unknown,False
7036,EVT05572,34.88,Medium,Monitor,Open,[],No IOC Match,Unknown,False
7037,EVT05882,34.88,Medium,Monitor,Open,[],No IOC Match,Unknown,False
7038,EVT06118,34.88,Medium,Monitor,Open,[],No IOC Match,Unknown,False
7039,EVT06665,34.88,Medium,Monitor,Open,[],No IOC Match,Unknown,False
7040,EVT08221,34.88,Medium,Monitor,Open,[],No IOC Match,Unknown,False
7041,EVT03714,34.87,Medium,Monitor,Open,['Multiple failed login attempts'],No IOC Match,Medium,True
7042,EVT08743,34.87,Medium,Monitor,Open,[],No IOC Match,Unknown,False
7043,EVT01032,34.86,Medium,Monitor,Open,[],No IOC Match,Unknown,False
7044,EVT07207,34.86,Medium,Monitor,Open,[],No IOC Match,Unknown,False
7045,EVT00127,34.85,Medium,Monitor,Open,[],No IOC Match,Unknown,False
7046,EVT01532,34.85,Medium,Monitor,Open,[],No IOC Match,Unknown,False
7047,EVT05965,34.84,Medium,Monitor,Open,[],No IOC Match,Unknown,False
7048,EVT06141,34.84,Medium,Monitor,Open,[],No IOC Match,Unknown,False
7049,EVT09048,34.84,Medium,Monitor,Open,[],No IOC Match,Unknown,False
7050,EVT09594,34.84,Medium,Monitor,Open,[],No IOC Match,Unknown,False
7051,EVT00998,34.83,Medium,Monitor,Open,[],No IOC Match,Unknown,False
7052,EVT07252,34.83,Medium,Monitor,Open,[],No IOC Match,Unknown,False
7053,EVT07363,34.83,Medium,Monitor,Open,[],No IOC Match,Unknown,False
7054,EVT07391,34.83,Medium,Monitor,Open,[],No IOC Match,Unknown,False
7055,EVT02845,34.82,Medium,Monitor,Open,[],No IOC Match,Unknown,False
7056,EVT09540,34.82,Medium,Monitor,Open,[],No IOC Match,Unknown,False
7057,EVT01286,34.81,Medium,Monitor,Open,[],No IOC Match,Unknown,False
7058,EVT03946,34.81,Medium,Monitor,Open,[],No IOC Match,Unknown,False
7059,EVT07957,34.81,Medium,Monitor,Open,[],No IOC Match,Unknown,False
7060,EVT00781,34.8,Medium,Monitor,Open,[],No IOC Match,Unknown,False
7061,EVT01883,34.8,Medium,Monitor,Open,[],No IOC Match,Unknown,False
7062,EVT05300,34.8,Medium,Monitor,Open,[],No IOC Match,Unknown,False
7063,EVT08786,34.8,Medium,Monitor,Open,[],No IOC Match,Unknown,False
7064,EVT00390,34.79,Medium,Monitor,Open,[],No IOC Match,Unknown,False
7065,EVT02569,34.79,Medium,Monitor,Open,[],No IOC Match,Unknown,False
7066,EVT07273,34.79,Medium,Monitor,Open,[],No IOC Match,Unknown,False
7067,EVT01573,34.78,Medium,Monitor,Open,[],No IOC Match,Unknown,False
7068,EVT03709,34.78,Medium,Monitor,Open,[],No IOC Match,Unknown,False
7069,EVT04738,34.78,Medium,Monitor,Open,[],No IOC Match,Unknown,False
7070,EVT05416,34.78,Medium,Monitor,Open,[],No IOC Match,Unknown,False
7071,EVT03106,34.77,Medium,Monitor,Open,[],No IOC Match,Unknown,False
7072,EVT03436,34.77,Medium,Monitor,Open,[],No IOC Match,Unknown,False
7073,EVT04527,34.77,Medium,Monitor,Open,[],No IOC Match,Unknown,False
7074,EVT07641,34.77,Medium,Monitor,Open,[],No IOC Match,Unknown,False
7075,EVT04299,34.76,Medium,Monitor,Open,['Multiple failed login attempts'],No IOC Match,Unknown,False
7076,EVT06397,34.76,Medium,Monitor,Open,[],No IOC Match,Unknown,False
7077,EVT09283,34.76,Medium,Monitor,Open,[],No IOC Match,Unknown,False
7078,EVT02216,34.75,Medium,Monitor,Open,[],No IOC Match,Unknown,False
7079,EVT04586,34.75,Medium,Monitor,Open,[],No IOC Match,Medium,True
7080,EVT07308,34.75,Medium,Monitor,Open,[],No IOC Match,Unknown,False
7081,EVT09662,34.75,Medium,Monitor,Open,[],No IOC Match,Unknown,False
7082,EVT03031,34.74,Medium,Monitor,Open,[],No IOC Match,Unknown,False
7083,EVT08728,34.74,Medium,Monitor,Open,[],No IOC Match,Unknown,False
7084,EVT01486,34.72,Medium,Monitor,Open,[],No IOC Match,Medium,True
7085,EVT02348,34.72,Medium,Monitor,Open,['Multiple failed login attempts'],No IOC Match,Unknown,False
7086,EVT02597,34.72,Medium,Monitor,Open,[],No IOC Match,Unknown,False
7087,EVT04227,34.72,Medium,Monitor,Open,['Multiple failed login attempts'],No IOC Match,Unknown,False
7088,EVT07619,34.72,Medium,Monitor,Open,[],No IOC Match,Unknown,False
7089,EVT09308,34.72,Medium,Monitor,Open,[],No IOC Match,Unknown,False
7090,EVT04065,34.71,Medium,Monitor,Open,[],No IOC Match,Unknown,False
7091,EVT05336,34.71,Medium,Monitor,Open,[],No IOC Match,Unknown,False
7092,EVT06365,34.71,Medium,Monitor,Open,[],No IOC Match,Unknown,False
7093,EVT00865,34.7,Medium,Monitor,Open,[],No IOC Match,Unknown,False
7094,EVT03431,34.7,Medium,Monitor,Open,[],No IOC Match,Unknown,False
7095,EVT02147,34.69,Medium,Monitor,Open,[],No IOC Match,Unknown,False
7096,EVT04593,34.69,Medium,Monitor,Open,[],No IOC Match,Unknown,False
7097,EVT03763,34.68,Medium,Monitor,Open,[],No IOC Match,Unknown,False
7098,EVT04545,34.68,Medium,Monitor,Open,['Multiple failed login attempts'],No IOC Match,Unknown,False
7099,EVT04681,34.68,Medium,Monitor,Open,[],No IOC Match,Unknown,False
7100,EVT08195,34.68,Medium,Monitor,Open,[],No IOC Match,Unknown,False
7101,EVT09628,34.68,Medium,Monitor,Open,[],No IOC Match,Unknown,False
7102,EVT01692,34.67,Medium,Monitor,Open,[],No IOC Match,Unknown,False
7103,EVT06284,34.67,Medium,Monitor,Open,[],No IOC Match,Unknown,False
7104,EVT06741,34.66,Medium,Monitor,Open,[],No IOC Match,Unknown,False
7105,EVT07899,34.66,Medium,Monitor,Open,[],No IOC Match,Unknown,False
7106,EVT02855,34.64,Medium,Monitor,Open,[],No IOC Match,Unknown,False
7107,EVT04209,34.64,Medium,Monitor,Open,[],No IOC Match,Unknown,False
7108,EVT07370,34.64,Medium,Monitor,Open,['Multiple failed login attempts'],No IOC Match,Unknown,False
7109,EVT07719,34.63,Medium,Monitor,Open,[],No IOC Match,Unknown,False
7110,EVT00247,34.62,Medium,Monitor,Open,[],No IOC Match,Unknown,False
7111,EVT04911,34.62,Medium,Monitor,Open,['Multiple failed login attempts'],No IOC Match,Unknown,False
7112,EVT07127,34.62,Medium,Monitor,Open,[],No IOC Match,Unknown,False
7113,EVT08633,34.62,Medium,Monitor,Open,[],No IOC Match,Unknown,False
7114,EVT03371,34.61,Medium,Monitor,Open,['Multiple failed login attempts'],No IOC Match,Unknown,False
7115,EVT03843,34.61,Medium,Monitor,Open,['Multiple failed login attempts'],No IOC Match,Unknown,False
7116,EVT07042,34.61,Medium,Monitor,Open,[],No IOC Match,Unknown,False
7117,EVT00004,34.6,Medium,Monitor,Open,[],No IOC Match,Unknown,False
7118,EVT08330,34.6,Medium,Monitor,Open,[],No IOC Match,Unknown,False
7119,EVT08585,34.6,Medium,Monitor,Open,[],No IOC Match,Unknown,False
7120,EVT04243,34.59,Medium,Monitor,Open,[],No IOC Match,Unknown,False
7121,EVT09407,34.59,Medium,Monitor,Open,[],No IOC Match,Unknown,False
7122,EVT00207,34.58,Medium,Monitor,Open,[],No IOC Match,Unknown,False
7123,EVT00237,34.58,Medium,Monitor,Open,['Multiple failed login attempts'],No IOC Match,Unknown,False
7124,EVT04413,34.58,Medium,Monitor,Open,[],No IOC Match,Unknown,False
7125,EVT05135,34.58,Medium,Monitor,Open,['Multiple failed login attempts'],No IOC Match,Unknown,False
7126,EVT05180,34.58,Medium,Monitor,Open,[],No IOC Match,Unknown,False
7127,EVT05521,34.58,Medium,Monitor,Open,[],No IOC Match,Unknown,False
7128,EVT05829,34.58,Medium,Monitor,Open,[],No IOC Match,Unknown,False
7129,EVT06407,34.58,Medium,Monitor,Open,[],No IOC Match,Unknown,False
7130,EVT07415,34.58,Medium,Monitor,Open,[],No IOC Match,Unknown,False
7131,EVT03828,34.57,Medium,Monitor,Open,[],No IOC Match,Unknown,False
7132,EVT07282,34.57,Medium,Monitor,Open,[],No IOC Match,Unknown,False
7133,EVT08527,34.56,Medium,Monitor,Open,[],No IOC Match,Unknown,False
7134,EVT09535,34.56,Medium,Monitor,Open,[],No IOC Match,Unknown,False
7135,EVT09724,34.56,Medium,Monitor,Open,['Multiple failed login attempts'],No IOC Match,Unknown,False
7136,EVT01220,34.55,Medium,Monitor,Open,[],No IOC Match,Unknown,False
7137,EVT02733,34.55,Medium,Monitor,Open,[],No IOC Match,Unknown,False
7138,EVT06884,34.55,Medium,Monitor,Open,[],No IOC Match,Unknown,False
7139,EVT02992,34.53,Medium,Monitor,Open,[],No IOC Match,Unknown,False
7140,EVT06749,34.53,Medium,Monitor,Open,[],No IOC Match,Unknown,False
7141,EVT09059,34.53,Medium,Monitor,Open,[],No IOC Match,Unknown,False
7142,EVT09454,34.53,Medium,Monitor,Open,[],No IOC Match,Unknown,False
7143,EVT03620,34.52,Medium,Monitor,Open,['Multiple failed login attempts'],No IOC Match,Unknown,False
7144,EVT07831,34.52,Medium,Monitor,Open,[],No IOC Match,Unknown,False
7145,EVT09613,34.52,Medium,Monitor,Open,[],No IOC Match,Unknown,False
7146,EVT00706,34.51,Medium,Monitor,Open,[],No IOC Match,Unknown,False
7147,EVT02499,34.51,Medium,Monitor,Open,[],No IOC Match,Unknown,False
7148,EVT06068,34.5,Medium,Monitor,Open,[],No IOC Match,Unknown,False
7149,EVT07309,34.5,Medium,Monitor,Open,[],No IOC Match,Unknown,False
7150,EVT07362,34.5,Medium,Monitor,Open,[],No IOC Match,Unknown,False
7151,EVT01051,34.49,Medium,Monitor,Open,[],No IOC Match,Unknown,False
7152,EVT04514,34.49,Medium,Monitor,Open,[],No IOC Match,Unknown,False
7153,EVT07418,34.49,Medium,Monitor,Open,[],No IOC Match,Unknown,False
7154,EVT00574,34.48,Medium,Monitor,Open,[],No IOC Match,Unknown,False
7155,EVT04284,34.48,Medium,Monitor,Open,[],No IOC Match,Unknown,False
7156,EVT08772,34.48,Medium,Monitor,Open,[],No IOC Match,Unknown,False
7157,EVT09377,34.48,Medium,Monitor,Open,[],No IOC Match,Unknown,False
7158,EVT05561,34.47,Medium,Monitor,Open,[],No IOC Match,Unknown,False
7159,EVT02994,34.46,Medium,Monitor,Open,[],No IOC Match,Unknown,False
7160,EVT03668,34.46,Medium,Monitor,Open,[],No IOC Match,Unknown,False
7161,EVT00734,34.45,Medium,Monitor,Open,[],No IOC Match,Medium,True
7162,EVT07464,34.44,Medium,Monitor,Open,[],No IOC Match,Unknown,False
7163,EVT03268,34.43,Medium,Monitor,Open,[],No IOC Match,Unknown,False
7164,EVT08460,34.43,Medium,Monitor,Open,[],No IOC Match,Unknown,False
7165,EVT00925,34.42,Medium,Monitor,Open,[],No IOC Match,Unknown,False
7166,EVT04594,34.42,Medium,Monitor,Open,[],No IOC Match,Unknown,False
7167,EVT06561,34.42,Medium,Monitor,Open,[],No IOC Match,Unknown,False
7168,EVT07637,34.42,Medium,Monitor,Open,[],No IOC Match,Unknown,False
7169,EVT01567,34.4,Medium,Monitor,Open,[],No IOC Match,Unknown,False
7170,EVT03127,34.4,Medium,Monitor,Open,[],No IOC Match,Unknown,False
7171,EVT04645,34.4,Medium,Monitor,Open,['Multiple failed login attempts'],No IOC Match,Unknown,False
7172,EVT04938,34.4,Medium,Monitor,Open,[],No IOC Match,Unknown,False
7173,EVT09153,34.4,Medium,Monitor,Open,[],No IOC Match,Unknown,False
7174,EVT02460,34.39,Medium,Monitor,Open,[],No IOC Match,High,True
7175,EVT03889,34.39,Medium,Monitor,Open,[],No IOC Match,Unknown,False
7176,EVT04199,34.39,Medium,Monitor,Open,[],No IOC Match,Unknown,False
7177,EVT08167,34.39,Medium,Monitor,Open,[],No IOC Match,Unknown,False
7178,EVT09370,34.39,Medium,Monitor,Open,[],No IOC Match,Unknown,False
7179,EVT00690,34.38,Medium,Monitor,Open,[],No IOC Match,Unknown,False
7180,EVT01705,34.38,Medium,Monitor,Open,[],No IOC Match,Unknown,False
7181,EVT03892,34.38,Medium,Monitor,Open,['Multiple failed login attempts'],No IOC Match,Unknown,False
7182,EVT03931,34.38,Medium,Monitor,Open,[],No IOC Match,Unknown,False
7183,EVT08378,34.38,Medium,Monitor,Open,[],No IOC Match,Unknown,False
7184,EVT00328,34.37,Medium,Monitor,Open,[],No IOC Match,Unknown,False
7185,EVT08579,34.37,Medium,Monitor,Open,[],No IOC Match,Unknown,False
7186,EVT02315,34.36,Medium,Monitor,Open,[],No IOC Match,Unknown,False
7187,EVT07623,34.36,Medium,Monitor,Open,['Multiple failed login attempts'],No IOC Match,Unknown,False
7188,EVT00094,34.35,Medium,Monitor,Open,[],No IOC Match,Unknown,False
7189,EVT00245,34.35,Medium,Monitor,Open,[],No IOC Match,Unknown,False
7190,EVT00670,34.35,Medium,Monitor,Open,[],No IOC Match,Low,True
7191,EVT02010,34.35,Medium,Monitor,Open,[],No IOC Match,Low,True
7192,EVT09569,34.35,Medium,Monitor,Open,[],No IOC Match,Unknown,False
7193,EVT04161,34.34,Medium,Monitor,Open,[],No IOC Match,Unknown,False
7194,EVT04972,34.34,Medium,Monitor,Open,[],No IOC Match,Unknown,False
7195,EVT02175,34.33,Medium,Monitor,Open,[],No IOC Match,Unknown,False
7196,EVT02184,34.33,Medium,Monitor,Open,[],No IOC Match,Unknown,False
7197,EVT01108,34.32,Medium,Monitor,Open,[],No IOC Match,Unknown,False
7198,EVT05433,34.32,Medium,Monitor,Open,[],No IOC Match,Unknown,False
7199,EVT05833,34.32,Medium,Monitor,Open,[],No IOC Match,Unknown,False
7200,EVT08212,34.31,Medium,Monitor,Open,[],No IOC Match,Unknown,False
7201,EVT04971,34.3,Medium,Monitor,Open,[],No IOC Match,Unknown,False
7202,EVT00424,34.29,Medium,Monitor,Open,[],No IOC Match,Unknown,False
7203,EVT04062,34.29,Medium,Monitor,Open,[],No IOC Match,Unknown,False
7204,EVT06637,34.29,Medium,Monitor,Open,['Multiple failed login attempts'],No IOC Match,Unknown,False
7205,EVT03758,34.28,Medium,Monitor,Open,[],No IOC Match,Unknown,False
7206,EVT04727,34.28,Medium,Monitor,Open,[],No IOC Match,Unknown,False
7207,EVT05334,34.28,Medium,Monitor,Open,[],No IOC Match,Unknown,False
7208,EVT07410,34.28,Medium,Monitor,Open,[],No IOC Match,Unknown,False
7209,EVT07767,34.28,Medium,Monitor,Open,[],No IOC Match,Unknown,False
7210,EVT07939,34.28,Medium,Monitor,Open,[],No IOC Match,Low,True
7211,EVT09617,34.28,Medium,Monitor,Open,[],No IOC Match,Unknown,False
7212,EVT06976,34.27,Medium,Monitor,Open,[],No IOC Match,Unknown,False
7213,EVT05285,34.26,Medium,Monitor,Open,[],No IOC Match,Unknown,False
7214,EVT07570,34.26,Medium,Monitor,Open,[],No IOC Match,Unknown,False
7215,EVT08723,34.25,Medium,Monitor,Open,[],No IOC Match,Unknown,False
7216,EVT06098,34.24,Medium,Monitor,Open,[],No IOC Match,Unknown,False
7217,EVT08674,34.24,Medium,Monitor,Open,[],No IOC Match,Unknown,False
7218,EVT00526,34.23,Medium,Monitor,Open,[],No IOC Match,Unknown,False
7219,EVT03865,34.23,Medium,Monitor,Open,[],No IOC Match,Unknown,False
7220,EVT06347,34.23,Medium,Monitor,Open,[],No IOC Match,Unknown,False
7221,EVT07388,34.23,Medium,Monitor,Open,[],No IOC Match,Unknown,False
7222,EVT07547,34.23,Medium,Monitor,Open,[],No IOC Match,Unknown,False
7223,EVT09062,34.23,Medium,Monitor,Open,[],No IOC Match,Unknown,False
7224,EVT09266,34.23,Medium,Monitor,Open,[],No IOC Match,Unknown,False
7225,EVT03291,34.22,Medium,Monitor,Open,[],No IOC Match,Low,True
7226,EVT04197,34.22,Medium,Monitor,Open,[],No IOC Match,Unknown,False
7227,EVT04660,34.22,Medium,Monitor,Open,[],No IOC Match,Unknown,False
7228,EVT08063,34.22,Medium,Monitor,Open,['Multiple failed login attempts'],No IOC Match,Unknown,False
7229,EVT05719,34.21,Medium,Monitor,Open,[],No IOC Match,Unknown,False
7230,EVT05773,34.21,Medium,Monitor,Open,[],No IOC Match,Unknown,False
7231,EVT06675,34.21,Medium,Monitor,Open,[],No IOC Match,Unknown,False
7232,EVT09334,34.21,Medium,Monitor,Open,[],No IOC Match,Unknown,False
7233,EVT03701,34.19,Medium,Monitor,Open,[],No IOC Match,Unknown,False
7234,EVT09252,34.19,Medium,Monitor,Open,[],No IOC Match,Unknown,False
7235,EVT03004,34.18,Medium,Monitor,Open,[],No IOC Match,Unknown,False
7236,EVT05210,34.18,Medium,Monitor,Open,[],No IOC Match,Unknown,False
7237,EVT08357,34.18,Medium,Monitor,Open,[],No IOC Match,Unknown,False
7238,EVT09387,34.18,Medium,Monitor,Open,[],No IOC Match,Unknown,False
7239,EVT00169,34.17,Medium,Monitor,Open,[],No IOC Match,Unknown,False
7240,EVT01907,34.17,Medium,Monitor,Open,[],No IOC Match,Unknown,False
7241,EVT06578,34.17,Medium,Monitor,Open,[],No IOC Match,Unknown,False
7242,EVT01076,34.16,Medium,Monitor,Open,[],No IOC Match,Unknown,False
7243,EVT01833,34.16,Medium,Monitor,Open,[],No IOC Match,Unknown,False
7244,EVT04162,34.16,Medium,Monitor,Open,[],No IOC Match,Unknown,False
7245,EVT08311,34.16,Medium,Monitor,Open,[],No IOC Match,Unknown,False
7246,EVT09930,34.16,Medium,Monitor,Open,[],No IOC Match,Unknown,False
7247,EVT08247,34.15,Medium,Monitor,Open,[],No IOC Match,Unknown,False
7248,EVT09182,34.15,Medium,Monitor,Open,[],No IOC Match,Unknown,False
7249,EVT05051,34.14,Medium,Monitor,Open,[],No IOC Match,Unknown,False
7250,EVT00908,34.13,Medium,Monitor,Open,[],No IOC Match,Unknown,False
7251,EVT04324,34.11,Medium,Monitor,Open,[],No IOC Match,Unknown,False
7252,EVT01298,34.1,Medium,Monitor,Open,[],No IOC Match,Unknown,False
7253,EVT07463,34.1,Medium,Monitor,Open,[],No IOC Match,Unknown,False
7254,EVT00831,34.09,Medium,Monitor,Open,[],No IOC Match,Unknown,False
7255,EVT04165,34.08,Medium,Monitor,Open,[],No IOC Match,Unknown,False
7256,EVT05983,34.08,Medium,Monitor,Open,[],No IOC Match,Unknown,False
7257,EVT06162,34.08,Medium,Monitor,Open,[],No IOC Match,Unknown,False
7258,EVT06437,34.07,Medium,Monitor,Open,[],No IOC Match,Unknown,False
7259,EVT07717,34.07,Medium,Monitor,Open,[],No IOC Match,Unknown,False
7260,EVT09154,34.07,Medium,Monitor,Open,['Multiple failed login attempts'],No IOC Match,Unknown,False
7261,EVT04276,34.04,Medium,Monitor,Open,[],No IOC Match,Unknown,False
7262,EVT07134,34.04,Medium,Monitor,Open,[],No IOC Match,Unknown,False
7263,EVT04200,34.03,Medium,Monitor,Open,[],No IOC Match,Unknown,False
7264,EVT01170,34.02,Medium,Monitor,Open,[],No IOC Match,Unknown,False
7265,EVT08121,34.02,Medium,Monitor,Open,[],No IOC Match,Unknown,False
7266,EVT08377,34.02,Medium,Monitor,Open,[],No IOC Match,Unknown,False
7267,EVT01668,34.01,Medium,Monitor,Open,[],No IOC Match,Unknown,False
7268,EVT06948,34.01,Medium,Monitor,Open,[],No IOC Match,Unknown,False
7269,EVT08077,34.01,Medium,Monitor,Open,[],No IOC Match,Unknown,False
7270,EVT06934,34.0,Medium,Monitor,Open,['Multiple failed login attempts'],No IOC Match,Unknown,False
7271,EVT08862,34.0,Medium,Monitor,Open,[],No IOC Match,Unknown,False
7272,EVT06603,33.99,Medium,Monitor,Open,[],No IOC Match,Unknown,False
7273,EVT06979,33.99,Medium,Monitor,Open,[],No IOC Match,Unknown,False
7274,EVT07120,33.99,Medium,Monitor,Open,[],No IOC Match,Unknown,False
7275,EVT07246,33.99,Medium,Monitor,Open,[],No IOC Match,Unknown,False
7276,EVT09246,33.99,Medium,Monitor,Open,[],No IOC Match,Unknown,False
7277,EVT07365,33.98,Medium,Monitor,Open,[],No IOC Match,Unknown,False
7278,EVT01095,33.97,Medium,Monitor,Open,[],No IOC Match,Unknown,False
7279,EVT05166,33.97,Medium,Monitor,Open,[],No IOC Match,Unknown,False
7280,EVT05899,33.97,Medium,Monitor,Open,[],No IOC Match,Unknown,False
7281,EVT07118,33.97,Medium,Monitor,Open,[],No IOC Match,Unknown,False
7282,EVT09256,33.97,Medium,Monitor,Open,[],No IOC Match,Unknown,False
7283,EVT05536,33.96,Medium,Monitor,Open,[],No IOC Match,Unknown,False
7284,EVT06657,33.96,Medium,Monitor,Open,[],No IOC Match,Unknown,False
7285,EVT09711,33.96,Medium,Monitor,Open,[],No IOC Match,Unknown,False
7286,EVT00406,33.95,Medium,Monitor,Open,[],No IOC Match,Low,True
7287,EVT01814,33.95,Medium,Monitor,Open,[],No IOC Match,Unknown,False
7288,EVT09603,33.95,Medium,Monitor,Open,[],No IOC Match,Unknown,False
7289,EVT00261,33.94,Medium,Monitor,Open,[],No IOC Match,Unknown,False
7290,EVT02115,33.94,Medium,Monitor,Open,['Multiple failed login attempts'],No IOC Match,Unknown,False
7291,EVT05991,33.94,Medium,Monitor,Open,[],No IOC Match,Unknown,False
7292,EVT06461,33.94,Medium,Monitor,Open,[],No IOC Match,Unknown,False
7293,EVT09451,33.94,Medium,Monitor,Open,[],No IOC Match,Unknown,False
7294,EVT00312,33.93,Medium,Monitor,Open,[],No IOC Match,Unknown,False
7295,EVT02006,33.93,Medium,Monitor,Open,[],No IOC Match,Unknown,False
7296,EVT02811,33.93,Medium,Monitor,Open,[],No IOC Match,Unknown,False
7297,EVT07963,33.93,Medium,Monitor,Open,[],No IOC Match,Unknown,False
7298,EVT01654,33.92,Medium,Monitor,Open,[],No IOC Match,Unknown,False
7299,EVT02768,33.92,Medium,Monitor,Open,[],No IOC Match,Unknown,False
7300,EVT06235,33.92,Medium,Monitor,Open,[],No IOC Match,Unknown,False
7301,EVT09162,33.92,Medium,Monitor,Open,[],No IOC Match,Unknown,False
7302,EVT05190,33.91,Medium,Monitor,Open,[],No IOC Match,Unknown,False
7303,EVT06539,33.91,Medium,Monitor,Open,[],No IOC Match,Unknown,False
7304,EVT00309,33.9,Medium,Monitor,Open,['Multiple failed login attempts'],No IOC Match,Unknown,False
7305,EVT00498,33.9,Medium,Monitor,Open,[],No IOC Match,Unknown,False
7306,EVT03848,33.9,Medium,Monitor,Open,[],No IOC Match,Unknown,False
7307,EVT09222,33.9,Medium,Monitor,Open,[],No IOC Match,Unknown,False
7308,EVT02550,33.89,Medium,Monitor,Open,[],No IOC Match,Unknown,False
7309,EVT03321,33.89,Medium,Monitor,Open,[],No IOC Match,Unknown,False
7310,EVT04270,33.88,Medium,Monitor,Open,[],No IOC Match,Unknown,False
7311,EVT07940,33.88,Medium,Monitor,Open,['Multiple failed login attempts'],No IOC Match,Unknown,False
7312,EVT08402,33.88,Medium,Monitor,Open,[],No IOC Match,Unknown,False
7313,EVT08425,33.88,Medium,Monitor,Open,[],No IOC Match,Unknown,False
7314,EVT05765,33.87,Medium,Monitor,Open,[],No IOC Match,Unknown,False
7315,EVT00050,33.85,Medium,Monitor,Open,[],No IOC Match,Unknown,False
7316,EVT07704,33.85,Medium,Monitor,Open,[],No IOC Match,Unknown,False
7317,EVT03448,33.82,Medium,Monitor,Open,[],No IOC Match,Unknown,False
7318,EVT05055,33.82,Medium,Monitor,Open,[],No IOC Match,Unknown,False
7319,EVT00721,33.81,Medium,Monitor,Open,[],No IOC Match,Unknown,False
7320,EVT05211,33.81,Medium,Monitor,Open,[],No IOC Match,Unknown,False
7321,EVT05743,33.81,Medium,Monitor,Open,[],No IOC Match,Unknown,False
7322,EVT05796,33.81,Medium,Monitor,Open,[],No IOC Match,Unknown,False
7323,EVT07832,33.81,Medium,Monitor,Open,[],No IOC Match,Unknown,False
7324,EVT09612,33.81,Medium,Monitor,Open,[],No IOC Match,Unknown,False
7325,EVT00911,33.8,Medium,Monitor,Open,[],No IOC Match,Unknown,False
7326,EVT03101,33.8,Medium,Monitor,Open,['Multiple failed login attempts'],No IOC Match,Unknown,False
7327,EVT04610,33.8,Medium,Monitor,Open,['Multiple failed login attempts'],No IOC Match,Unknown,False
7328,EVT04932,33.8,Medium,Monitor,Open,[],No IOC Match,Unknown,False
7329,EVT09672,33.8,Medium,Monitor,Open,[],No IOC Match,Medium,True
7330,EVT02852,33.79,Medium,Monitor,Open,['Multiple failed login attempts'],No IOC Match,Unknown,False
7331,EVT04592,33.79,Medium,Monitor,Open,[],No IOC Match,Unknown,False
7332,EVT08531,33.79,Medium,Monitor,Open,[],No IOC Match,Unknown,False
7333,EVT03500,33.78,Medium,Monitor,Open,[],No IOC Match,Low,True
7334,EVT06564,33.78,Medium,Monitor,Open,[],No IOC Match,Unknown,False
7335,EVT08857,33.78,Medium,Monitor,Open,[],No IOC Match,Unknown,False
7336,EVT09828,33.78,Medium,Monitor,Open,['Multiple failed login attempts'],No IOC Match,Unknown,False
7337,EVT02730,33.77,Medium,Monitor,Open,[],No IOC Match,Unknown,False
7338,EVT06519,33.77,Medium,Monitor,Open,[],No IOC Match,Unknown,False
7339,EVT06727,33.77,Medium,Monitor,Open,[],No IOC Match,Unknown,False
7340,EVT07937,33.77,Medium,Monitor,Open,[],No IOC Match,Unknown,False
7341,EVT09229,33.77,Medium,Monitor,Open,[],No IOC Match,Unknown,False
7342,EVT02918,33.76,Medium,Monitor,Open,[],No IOC Match,Unknown,False
7343,EVT03651,33.76,Medium,Monitor,Open,[],No IOC Match,Unknown,False
7344,EVT03103,33.75,Medium,Monitor,Open,[],No IOC Match,Unknown,False
7345,EVT03663,33.75,Medium,Monitor,Open,[],No IOC Match,Unknown,False
7346,EVT09270,33.75,Medium,Monitor,Open,[],No IOC Match,Unknown,False
7347,EVT00344,33.74,Medium,Monitor,Open,['Multiple failed login attempts'],No IOC Match,Unknown,False
7348,EVT02990,33.73,Medium,Monitor,Open,[],No IOC Match,Unknown,False
7349,EVT00918,33.72,Medium,Monitor,Open,[],No IOC Match,Unknown,False
7350,EVT06700,33.72,Medium,Monitor,Open,[],No IOC Match,Unknown,False
7351,EVT09461,33.72,Medium,Monitor,Open,[],No IOC Match,Unknown,False
7352,EVT09874,33.72,Medium,Monitor,Open,[],No IOC Match,Unknown,False
7353,EVT06469,33.71,Medium,Monitor,Open,[],No IOC Match,Unknown,False
7354,EVT08955,33.71,Medium,Monitor,Open,[],No IOC Match,Unknown,False
7355,EVT07700,33.7,Medium,Monitor,Open,['Multiple failed login attempts'],No IOC Match,Unknown,False
7356,EVT01087,33.69,Medium,Monitor,Open,[],No IOC Match,Unknown,False
7357,EVT07506,33.69,Medium,Monitor,Open,[],No IOC Match,High,True
7358,EVT02899,33.68,Medium,Monitor,Open,[],No IOC Match,Unknown,False
7359,EVT04615,33.68,Medium,Monitor,Open,['Multiple failed login attempts'],No IOC Match,Unknown,False
7360,EVT08070,33.68,Medium,Monitor,Open,[],No IOC Match,Unknown,False
7361,EVT02753,33.67,Medium,Monitor,Open,[],No IOC Match,Unknown,False
7362,EVT04474,33.67,Medium,Monitor,Open,[],No IOC Match,Unknown,False
7363,EVT05428,33.67,Medium,Monitor,Open,[],No IOC Match,Unknown,False
7364,EVT05531,33.67,Medium,Monitor,Open,[],No IOC Match,Unknown,False
7365,EVT08190,33.66,Medium,Monitor,Open,[],No IOC Match,Unknown,False
7366,EVT09016,33.66,Medium,Monitor,Open,[],No IOC Match,Unknown,False
7367,EVT02249,33.65,Medium,Monitor,Open,[],No IOC Match,Unknown,False
7368,EVT08572,33.65,Medium,Monitor,Open,[],No IOC Match,Unknown,False
7369,EVT05741,33.64,Medium,Monitor,Open,[],No IOC Match,Unknown,False
7370,EVT07147,33.64,Medium,Monitor,Open,[],No IOC Match,Unknown,False
7371,EVT08026,33.64,Medium,Monitor,Open,[],No IOC Match,Unknown,False
7372,EVT01911,33.63,Medium,Monitor,Open,[],No IOC Match,Unknown,False
7373,EVT04996,33.63,Medium,Monitor,Open,['Multiple failed login attempts'],No IOC Match,Unknown,False
7374,EVT05967,33.63,Medium,Monitor,Open,[],No IOC Match,Unknown,False
7375,EVT08367,33.63,Medium,Monitor,Open,[],No IOC Match,Unknown,False
7376,EVT00219,33.62,Medium,Monitor,Open,[],No IOC Match,Unknown,False
7377,EVT01590,33.62,Medium,Monitor,Open,[],No IOC Match,Unknown,False
7378,EVT05057,33.62,Medium,Monitor,Open,[],No IOC Match,Unknown,False
7379,EVT06551,33.62,Medium,Monitor,Open,[],No IOC Match,Unknown,False
7380,EVT08573,33.62,Medium,Monitor,Open,[],No IOC Match,Unknown,False
7381,EVT03903,33.61,Medium,Monitor,Open,[],No IOC Match,Unknown,False
7382,EVT04394,33.61,Medium,Monitor,Open,[],No IOC Match,Unknown,False
7383,EVT05450,33.61,Medium,Monitor,Open,[],No IOC Match,Unknown,False
7384,EVT06755,33.61,Medium,Monitor,Open,[],No IOC Match,Unknown,False
7385,EVT09957,33.6,Medium,Monitor,Open,[],No IOC Match,Unknown,False
7386,EVT07659,33.59,Medium,Monitor,Open,[],No IOC Match,Unknown,False
7387,EVT00178,33.58,Medium,Monitor,Open,['Multiple failed login attempts'],No IOC Match,Unknown,False
7388,EVT04607,33.58,Medium,Monitor,Open,[],No IOC Match,Unknown,False
7389,EVT03002,33.57,Medium,Monitor,Open,[],No IOC Match,Unknown,False
7390,EVT03182,33.56,Medium,Monitor,Open,['Multiple failed login attempts'],No IOC Match,Unknown,False
7391,EVT07376,33.56,Medium,Monitor,Open,[],No IOC Match,Low,True
7392,EVT07898,33.56,Medium,Monitor,Open,[],No IOC Match,Unknown,False
7393,EVT09448,33.56,Medium,Monitor,Open,[],No IOC Match,Unknown,False
7394,EVT00062,33.55,Medium,Monitor,Open,[],No IOC Match,Unknown,False
7395,EVT02721,33.55,Medium,Monitor,Open,['Multiple failed login attempts'],No IOC Match,Unknown,False
7396,EVT01993,33.52,Medium,Monitor,Open,[],No IOC Match,Unknown,False
7397,EVT05604,33.52,Medium,Monitor,Open,[],No IOC Match,Unknown,False
7398,EVT08332,33.52,Medium,Monitor,Open,[],No IOC Match,Unknown,False
7399,EVT08607,33.52,Medium,Monitor,Open,[],No IOC Match,Unknown,False
7400,EVT00653,33.5,Medium,Monitor,Open,[],No IOC Match,Unknown,False
7401,EVT01201,33.5,Medium,Monitor,Open,[],No IOC Match,Unknown,False
7402,EVT04933,33.5,Medium,Monitor,Open,[],No IOC Match,Unknown,False
7403,EVT00369,33.49,Medium,Monitor,Open,[],No IOC Match,Unknown,False
7404,EVT00720,33.49,Medium,Monitor,Open,[],No IOC Match,Unknown,False
7405,EVT03674,33.49,Medium,Monitor,Open,['Multiple failed login attempts'],No IOC Match,Unknown,False
7406,EVT04736,33.49,Medium,Monitor,Open,[],No IOC Match,Unknown,False
7407,EVT08812,33.49,Medium,Monitor,Open,[],No IOC Match,Unknown,False
7408,EVT02837,33.48,Medium,Monitor,Open,[],No IOC Match,Unknown,False
7409,EVT07482,33.47,Medium,Monitor,Open,[],No IOC Match,Unknown,False
7410,EVT09203,33.47,Medium,Monitor,Open,[],No IOC Match,Unknown,False
7411,EVT09961,33.47,Medium,Monitor,Open,[],No IOC Match,Unknown,False
7412,EVT05603,33.46,Medium,Monitor,Open,['Multiple failed login attempts'],No IOC Match,Unknown,False
7413,EVT07838,33.46,Medium,Monitor,Open,[],No IOC Match,Low,True
7414,EVT06338,33.45,Medium,Monitor,Open,['Multiple failed login attempts'],No IOC Match,Unknown,False
7415,EVT07096,33.45,Medium,Monitor,Open,[],No IOC Match,Unknown,False
7416,EVT07628,33.44,Medium,Monitor,Open,[],No IOC Match,Unknown,False
7417,EVT02445,33.43,Medium,Monitor,Open,[],No IOC Match,Unknown,False
7418,EVT03839,33.43,Medium,Monitor,Open,[],No IOC Match,Unknown,False
7419,EVT06936,33.43,Medium,Monitor,Open,[],No IOC Match,Unknown,False
7420,EVT08937,33.42,Medium,Monitor,Open,[],No IOC Match,Unknown,False
7421,EVT09479,33.42,Medium,Monitor,Open,[],No IOC Match,Unknown,False
7422,EVT00295,33.41,Medium,Monitor,Open,[],No IOC Match,Unknown,False
7423,EVT04973,33.4,Medium,Monitor,Open,[],No IOC Match,Unknown,False
7424,EVT05120,33.4,Medium,Monitor,Open,[],No IOC Match,Unknown,False
7425,EVT08027,33.4,Medium,Monitor,Open,[],No IOC Match,Unknown,False
7426,EVT08386,33.4,Medium,Monitor,Open,[],No IOC Match,Medium,True
7427,EVT09373,33.4,Medium,Monitor,Open,[],No IOC Match,Unknown,False
7428,EVT02353,33.38,Medium,Monitor,Open,[],No IOC Match,Unknown,False
7429,EVT02318,33.37,Medium,Monitor,Open,[],No IOC Match,Unknown,False
7430,EVT03209,33.37,Medium,Monitor,Open,[],No IOC Match,Unknown,False
7431,EVT00617,33.36,Medium,Monitor,Open,[],No IOC Match,Unknown,False
7432,EVT05587,33.36,Medium,Monitor,Open,[],No IOC Match,Unknown,False
7433,EVT06961,33.36,Medium,Monitor,Open,['Multiple failed login attempts'],No IOC Match,Unknown,False
7434,EVT07915,33.36,Medium,Monitor,Open,[],No IOC Match,Unknown,False
7435,EVT09787,33.36,Medium,Monitor,Open,['Multiple failed login attempts'],No IOC Match,Unknown,False
7436,EVT02962,33.34,Medium,Monitor,Open,[],No IOC Match,Unknown,False
7437,EVT07734,33.34,Medium,Monitor,Open,[],No IOC Match,Unknown,False
7438,EVT00126,33.33,Medium,Monitor,Open,[],No IOC Match,Unknown,False
7439,EVT05893,33.33,Medium,Monitor,Open,[],No IOC Match,Unknown,False
7440,EVT06980,33.33,Medium,Monitor,Open,[],No IOC Match,Unknown,False
7441,EVT09102,33.33,Medium,Monitor,Open,[],No IOC Match,Unknown,False
7442,EVT03766,33.32,Medium,Monitor,Open,['Multiple failed login attempts'],No IOC Match,Unknown,False
7443,EVT00095,33.31,Medium,Monitor,Open,[],No IOC Match,Unknown,False
7444,EVT00900,33.31,Medium,Monitor,Open,[],No IOC Match,Unknown,False
7445,EVT05840,33.31,Medium,Monitor,Open,[],No IOC Match,Unknown,False
7446,EVT07902,33.31,Medium,Monitor,Open,[],No IOC Match,Unknown,False
7447,EVT08435,33.3,Medium,Monitor,Open,[],No IOC Match,Unknown,False
7448,EVT00673,33.29,Medium,Monitor,Open,[],No IOC Match,Unknown,False
7449,EVT01273,33.29,Medium,Monitor,Open,[],No IOC Match,Unknown,False
7450,EVT03502,33.29,Medium,Monitor,Open,[],No IOC Match,Unknown,False
7451,EVT04195,33.29,Medium,Monitor,Open,[],No IOC Match,High,True
7452,EVT04934,33.29,Medium,Monitor,Open,[],No IOC Match,Unknown,False
7453,EVT05312,33.29,Medium,Monitor,Open,[],No IOC Match,Unknown,False
7454,EVT04388,33.28,Medium,Monitor,Open,[],No IOC Match,Unknown,False
7455,EVT06424,33.28,Medium,Monitor,Open,[],No IOC Match,Unknown,False
7456,EVT07075,33.28,Medium,Monitor,Open,[],No IOC Match,Unknown,False
7457,EVT02729,33.27,Medium,Monitor,Open,[],No IOC Match,Unknown,False
7458,EVT05178,33.27,Medium,Monitor,Open,[],No IOC Match,Unknown,False
7459,EVT00518,33.26,Medium,Monitor,Open,[],No IOC Match,Unknown,False
7460,EVT06224,33.26,Medium,Monitor,Open,[],No IOC Match,Unknown,False
7461,EVT09913,33.26,Medium,Monitor,Open,[],No IOC Match,Unknown,False
7462,EVT00767,33.25,Medium,Monitor,Open,[],No IOC Match,Unknown,False
7463,EVT01816,33.25,Medium,Monitor,Open,[],No IOC Match,Unknown,False
7464,EVT00340,33.24,Medium,Monitor,Open,[],No IOC Match,Unknown,False
7465,EVT03716,33.24,Medium,Monitor,Open,[],No IOC Match,Unknown,False
7466,EVT01870,33.23,Medium,Monitor,Open,[],No IOC Match,Unknown,False
7467,EVT08178,33.23,Medium,Monitor,Open,[],No IOC Match,Unknown,False
7468,EVT03284,33.22,Medium,Monitor,Open,[],No IOC Match,Unknown,False
7469,EVT04233,33.22,Medium,Monitor,Open,[],No IOC Match,Unknown,False
7470,EVT06874,33.22,Medium,Monitor,Open,[],No IOC Match,Unknown,False
7471,EVT09139,33.22,Medium,Monitor,Open,[],No IOC Match,Unknown,False
7472,EVT04682,33.2,Medium,Monitor,Open,[],No IOC Match,Unknown,False
7473,EVT05179,33.2,Medium,Monitor,Open,[],No IOC Match,Unknown,False
7474,EVT07453,33.2,Medium,Monitor,Open,[],No IOC Match,Unknown,False
7475,EVT08499,33.2,Medium,Monitor,Open,[],No IOC Match,Unknown,False
7476,EVT03314,33.19,Medium,Monitor,Open,[],No IOC Match,Unknown,False
7477,EVT09620,33.19,Medium,Monitor,Open,[],No IOC Match,Unknown,False
7478,EVT08985,33.18,Medium,Monitor,Open,['Multiple failed login attempts'],No IOC Match,Unknown,False
7479,EVT09197,33.18,Medium,Monitor,Open,[],No IOC Match,Unknown,False
7480,EVT01390,33.17,Medium,Monitor,Open,[],No IOC Match,Unknown,False
7481,EVT06140,33.17,Medium,Monitor,Open,[],No IOC Match,Unknown,False
7482,EVT08389,33.17,Medium,Monitor,Open,[],No IOC Match,Unknown,False
7483,EVT02588,33.16,Medium,Monitor,Open,['Multiple failed login attempts'],No IOC Match,Unknown,False
7484,EVT00226,33.15,Medium,Monitor,Open,[],No IOC Match,Unknown,False
7485,EVT07600,33.15,Medium,Monitor,Open,[],No IOC Match,Unknown,False
7486,EVT08681,33.15,Medium,Monitor,Open,[],No IOC Match,Unknown,False
7487,EVT00736,33.14,Medium,Monitor,Open,[],No IOC Match,Unknown,False
7488,EVT01022,33.14,Medium,Monitor,Open,[],No IOC Match,Unknown,False
7489,EVT01928,33.14,Medium,Monitor,Open,[],No IOC Match,Unknown,False
7490,EVT03678,33.14,Medium,Monitor,Open,[],No IOC Match,Unknown,False
7491,EVT06351,33.14,Medium,Monitor,Open,[],No IOC Match,Unknown,False
7492,EVT00043,33.13,Medium,Monitor,Open,[],No IOC Match,Unknown,False
7493,EVT04405,33.13,Medium,Monitor,Open,[],No IOC Match,Unknown,False
7494,EVT07664,33.13,Medium,Monitor,Open,[],No IOC Match,Unknown,False
7495,EVT00333,33.12,Medium,Monitor,Open,[],No IOC Match,Unknown,False
7496,EVT00645,33.12,Medium,Monitor,Open,[],No IOC Match,Unknown,False
7497,EVT01280,33.12,Medium,Monitor,Open,[],No IOC Match,Unknown,False
7498,EVT01659,33.12,Medium,Monitor,Open,[],No IOC Match,Unknown,False
7499,EVT03404,33.11,Medium,Monitor,Open,[],No IOC Match,Unknown,False
7500,EVT04117,33.11,Medium,Monitor,Open,[],No IOC Match,Unknown,False
7501,EVT01601,33.1,Medium,Monitor,Open,[],No IOC Match,Unknown,False
7502,EVT05605,33.1,Medium,Monitor,Open,[],No IOC Match,Unknown,False
7503,EVT08673,33.1,Medium,Monitor,Open,[],No IOC Match,Unknown,False
7504,EVT09975,33.1,Medium,Monitor,Open,[],No IOC Match,Unknown,False
7505,EVT00460,33.09,Medium,Monitor,Open,[],No IOC Match,Unknown,False
7506,EVT07744,33.09,Medium,Monitor,Open,[],No IOC Match,Unknown,False
7507,EVT07890,33.09,Medium,Monitor,Open,['Multiple failed login attempts'],No IOC Match,Unknown,False
7508,EVT01367,33.08,Medium,Monitor,Open,[],No IOC Match,Unknown,False
7509,EVT05163,33.08,Medium,Monitor,Open,['Multiple failed login attempts'],No IOC Match,Unknown,False
7510,EVT03806,33.07,Medium,Monitor,Open,[],No IOC Match,Unknown,False
7511,EVT04785,33.07,Medium,Monitor,Open,['Multiple failed login attempts'],No IOC Match,Unknown,False
7512,EVT02242,33.06,Medium,Monitor,Open,[],No IOC Match,Unknown,False
7513,EVT07812,33.06,Medium,Monitor,Open,[],No IOC Match,Unknown,False
7514,EVT08240,33.06,Medium,Monitor,Open,[],No IOC Match,Unknown,False
7515,EVT03386,33.05,Medium,Monitor,Open,[],No IOC Match,Unknown,False
7516,EVT09384,33.04,Medium,Monitor,Open,[],No IOC Match,Unknown,False
7517,EVT01233,33.03,Medium,Monitor,Open,[],No IOC Match,Unknown,False
7518,EVT01861,33.03,Medium,Monitor,Open,[],No IOC Match,Unknown,False
7519,EVT01996,33.03,Medium,Monitor,Open,[],No IOC Match,Unknown,False
7520,EVT04455,33.03,Medium,Monitor,Open,[],No IOC Match,Unknown,False
7521,EVT08449,33.03,Medium,Monitor,Open,[],No IOC Match,Unknown,False
7522,EVT08742,33.03,Medium,Monitor,Open,[],No IOC Match,Unknown,False
7523,EVT00234,33.02,Medium,Monitor,Open,[],No IOC Match,Unknown,False
7524,EVT02117,33.02,Medium,Monitor,Open,[],No IOC Match,Unknown,False
7525,EVT03510,33.02,Medium,Monitor,Open,['Multiple failed login attempts'],No IOC Match,Unknown,False
7526,EVT09065,33.02,Medium,Monitor,Open,[],No IOC Match,Unknown,False
7527,EVT09362,33.02,Medium,Monitor,Open,[],No IOC Match,Unknown,False
7528,EVT00417,33.01,Medium,Monitor,Open,[],No IOC Match,Unknown,False
7529,EVT01702,33.01,Medium,Monitor,Open,[],No IOC Match,Unknown,False
7530,EVT04608,33.01,Medium,Monitor,Open,[],No IOC Match,Unknown,False
7531,EVT09981,33.01,Medium,Monitor,Open,[],No IOC Match,Unknown,False
7532,EVT02710,33.0,Medium,Monitor,Open,[],No IOC Match,Unknown,False
7533,EVT01227,32.99,Medium,Monitor,Open,[],No IOC Match,Unknown,False
7534,EVT02680,32.99,Medium,Monitor,Open,[],No IOC Match,Unknown,False
7535,EVT03625,32.99,Medium,Monitor,Open,[],No IOC Match,Unknown,False
7536,EVT08866,32.98,Medium,Monitor,Open,[],No IOC Match,Unknown,False
7537,EVT02947,32.97,Medium,Monitor,Open,[],No IOC Match,Unknown,False
7538,EVT08492,32.97,Medium,Monitor,Open,[],No IOC Match,Unknown,False
7539,EVT03442,32.96,Medium,Monitor,Open,[],No IOC Match,Unknown,False
7540,EVT05609,32.96,Medium,Monitor,Open,[],No IOC Match,Unknown,False
7541,EVT01924,32.95,Medium,Monitor,Open,[],No IOC Match,Unknown,False
7542,EVT09415,32.95,Medium,Monitor,Open,[],No IOC Match,Unknown,False
7543,EVT09514,32.95,Medium,Monitor,Open,[],No IOC Match,Unknown,False
7544,EVT09793,32.94,Medium,Monitor,Open,['Multiple failed login attempts'],No IOC Match,Unknown,False
7545,EVT06986,32.93,Medium,Monitor,Open,[],No IOC Match,Unknown,False
7546,EVT07202,32.93,Medium,Monitor,Open,[],No IOC Match,Unknown,False
7547,EVT09404,32.93,Medium,Monitor,Open,['Multiple failed login attempts'],No IOC Match,Unknown,False
7548,EVT01346,32.92,Medium,Monitor,Open,['Multiple failed login attempts'],No IOC Match,Unknown,False
7549,EVT03744,32.92,Medium,Monitor,Open,[],No IOC Match,Unknown,False
7550,EVT06688,32.92,Medium,Monitor,Open,[],No IOC Match,Unknown,False
7551,EVT03610,32.91,Medium,Monitor,Open,[],No IOC Match,Unknown,False
7552,EVT05837,32.91,Medium,Monitor,Open,[],No IOC Match,Unknown,False
7553,EVT01178,32.9,Medium,Monitor,Open,['Multiple failed login attempts'],No IOC Match,Unknown,False
7554,EVT01580,32.9,Medium,Monitor,Open,[],No IOC Match,Unknown,False
7555,EVT05997,32.9,Medium,Monitor,Open,[],No IOC Match,Unknown,False
7556,EVT04440,32.89,Medium,Monitor,Open,[],No IOC Match,Unknown,False
7557,EVT06191,32.89,Medium,Monitor,Open,[],No IOC Match,Unknown,False
7558,EVT07409,32.89,Medium,Monitor,Open,[],No IOC Match,Unknown,False
7559,EVT02392,32.88,Medium,Monitor,Open,[],No IOC Match,Unknown,False
7560,EVT06170,32.88,Medium,Monitor,Open,[],No IOC Match,Unknown,False
7561,EVT06724,32.88,Medium,Monitor,Open,['Multiple failed login attempts'],No IOC Match,Unknown,False
7562,EVT07379,32.88,Medium,Monitor,Open,[],No IOC Match,Unknown,False
7563,EVT01773,32.87,Medium,Monitor,Open,[],No IOC Match,Unknown,False
7564,EVT04344,32.87,Medium,Monitor,Open,[],No IOC Match,Unknown,False
7565,EVT05348,32.87,Medium,Monitor,Open,[],No IOC Match,Unknown,False
7566,EVT03315,32.86,Medium,Monitor,Open,[],No IOC Match,Unknown,False
7567,EVT07802,32.86,Medium,Monitor,Open,[],No IOC Match,Unknown,False
7568,EVT00105,32.85,Medium,Monitor,Open,[],No IOC Match,Unknown,False
7569,EVT02135,32.85,Medium,Monitor,Open,[],No IOC Match,Unknown,False
7570,EVT02245,32.85,Medium,Monitor,Open,[],No IOC Match,Unknown,False
7571,EVT02515,32.85,Medium,Monitor,Open,[],No IOC Match,Unknown,False
7572,EVT04895,32.85,Medium,Monitor,Open,['Multiple failed login attempts'],No IOC Match,Unknown,False
7573,EVT05737,32.85,Medium,Monitor,Open,[],No IOC Match,Unknown,False
7574,EVT07765,32.85,Medium,Monitor,Open,[],No IOC Match,Unknown,False
7575,EVT08352,32.85,Medium,Monitor,Open,[],No IOC Match,Unknown,False
7576,EVT09328,32.84,Medium,Monitor,Open,[],No IOC Match,Unknown,False
7577,EVT00583,32.83,Medium,Monitor,Open,[],No IOC Match,Unknown,False
7578,EVT07032,32.83,Medium,Monitor,Open,[],No IOC Match,Unknown,False
7579,EVT01086,32.82,Medium,Monitor,Open,[],No IOC Match,Unknown,False
7580,EVT01316,32.82,Medium,Monitor,Open,[],No IOC Match,Unknown,False
7581,EVT02674,32.82,Medium,Monitor,Open,[],No IOC Match,Unknown,False
7582,EVT03855,32.8,Medium,Monitor,Open,[],No IOC Match,Unknown,False
7583,EVT01863,32.79,Medium,Monitor,Open,[],No IOC Match,Unknown,False
7584,EVT01866,32.79,Medium,Monitor,Open,[],No IOC Match,Unknown,False
7585,EVT04588,32.79,Medium,Monitor,Open,[],No IOC Match,Unknown,False
7586,EVT06774,32.79,Medium,Monitor,Open,['Multiple failed login attempts'],No IOC Match,Unknown,False
7587,EVT01306,32.78,Medium,Monitor,Open,[],No IOC Match,Unknown,False
7588,EVT02373,32.78,Medium,Monitor,Open,[],No IOC Match,Unknown,False
7589,EVT01662,32.77,Medium,Monitor,Open,[],No IOC Match,Unknown,False
7590,EVT02276,32.77,Medium,Monitor,Open,[],No IOC Match,Unknown,False
7591,EVT00266,32.75,Medium,Monitor,Open,[],No IOC Match,Unknown,False
7592,EVT07573,32.75,Medium,Monitor,Open,['Multiple failed login attempts'],No IOC Match,Unknown,False
7593,EVT07708,32.75,Medium,Monitor,Open,['Multiple failed login attempts'],No IOC Match,Unknown,False
7594,EVT01621,32.72,Medium,Monitor,Open,[],No IOC Match,Unknown,False
7595,EVT05071,32.72,Medium,Monitor,Open,[],No IOC Match,Unknown,False
7596,EVT05785,32.72,Medium,Monitor,Open,['Multiple failed login attempts'],No IOC Match,Medium,True
7597,EVT08490,32.72,Medium,Monitor,Open,[],No IOC Match,Unknown,False
7598,EVT09273,32.72,Medium,Monitor,Open,[],No IOC Match,Unknown,False
7599,EVT01191,32.71,Medium,Monitor,Open,[],No IOC Match,Unknown,False
7600,EVT07996,32.7,Medium,Monitor,Open,[],No IOC Match,Unknown,False
7601,EVT09948,32.7,Medium,Monitor,Open,[],No IOC Match,Unknown,False
7602,EVT00110,32.69,Medium,Monitor,Open,[],No IOC Match,Unknown,False
7603,EVT02045,32.69,Medium,Monitor,Open,[],No IOC Match,Unknown,False
7604,EVT06918,32.69,Medium,Monitor,Open,[],No IOC Match,Unknown,False
7605,EVT01847,32.68,Medium,Monitor,Open,[],No IOC Match,Unknown,False
7606,EVT04486,32.68,Medium,Monitor,Open,[],No IOC Match,Unknown,False
7607,EVT02981,32.67,Medium,Monitor,Open,[],No IOC Match,Unknown,False
7608,EVT04342,32.67,Medium,Monitor,Open,[],No IOC Match,Unknown,False
7609,EVT07254,32.67,Medium,Monitor,Open,[],No IOC Match,Unknown,False
7610,EVT04193,32.66,Medium,Monitor,Open,['Multiple failed login attempts'],No IOC Match,Unknown,False
7611,EVT05543,32.66,Medium,Monitor,Open,[],No IOC Match,Unknown,False
7612,EVT00283,32.65,Medium,Monitor,Open,['Multiple failed login attempts'],No IOC Match,Unknown,False
7613,EVT09429,32.65,Medium,Monitor,Open,[],No IOC Match,Unknown,False
7614,EVT02819,32.64,Medium,Monitor,Open,[],No IOC Match,Unknown,False
7615,EVT04057,32.64,Medium,Monitor,Open,[],No IOC Match,Unknown,False
7616,EVT00683,32.63,Medium,Monitor,Open,[],No IOC Match,Unknown,False
7617,EVT01931,32.63,Medium,Monitor,Open,[],No IOC Match,Unknown,False
7618,EVT01964,32.62,Medium,Monitor,Open,['Multiple failed login attempts'],No IOC Match,Unknown,False
7619,EVT02697,32.62,Medium,Monitor,Open,[],No IOC Match,Unknown,False
7620,EVT04560,32.62,Medium,Monitor,Open,[],No IOC Match,Unknown,False
7621,EVT05484,32.62,Medium,Monitor,Open,[],No IOC Match,Unknown,False
7622,EVT05846,32.62,Medium,Monitor,Open,[],No IOC Match,Medium,True
7623,EVT07208,32.62,Medium,Monitor,Open,[],No IOC Match,Unknown,False
7624,EVT07865,32.62,Medium,Monitor,Open,[],No IOC Match,Unknown,False
7625,EVT08618,32.62,Medium,Monitor,Open,[],No IOC Match,Unknown,False
7626,EVT00007,32.61,Medium,Monitor,Open,[],Suspicious,Unknown,False
7627,EVT02401,32.61,Medium,Monitor,Open,[],No IOC Match,Unknown,False
7628,EVT03230,32.61,Medium,Monitor,Open,[],No IOC Match,Unknown,False
7629,EVT00600,32.6,Medium,Monitor,Open,[],No IOC Match,Unknown,False
7630,EVT02567,32.6,Medium,Monitor,Open,['Multiple failed login attempts'],No IOC Match,Unknown,False
7631,EVT05583,32.6,Medium,Monitor,Open,[],No IOC Match,Unknown,False
7632,EVT01450,32.59,Medium,Monitor,Open,[],No IOC Match,Unknown,False
7633,EVT04536,32.59,Medium,Monitor,Open,[],No IOC Match,Unknown,False
7634,EVT01624,32.58,Medium,Monitor,Open,[],No IOC Match,Unknown,False
7635,EVT06436,32.58,Medium,Monitor,Open,[],No IOC Match,Unknown,False
7636,EVT08715,32.58,Medium,Monitor,Open,[],No IOC Match,Unknown,False
7637,EVT01127,32.57,Medium,Monitor,Open,[],No IOC Match,Unknown,False
7638,EVT01736,32.57,Medium,Monitor,Open,[],No IOC Match,Unknown,False
7639,EVT06259,32.57,Medium,Monitor,Open,[],No IOC Match,Unknown,False
7640,EVT06661,32.57,Medium,Monitor,Open,[],No IOC Match,Unknown,False
7641,EVT08054,32.57,Medium,Monitor,Open,[],No IOC Match,Unknown,False
7642,EVT03746,32.56,Medium,Monitor,Open,[],No IOC Match,Unknown,False
7643,EVT07360,32.56,Medium,Monitor,Open,[],No IOC Match,Unknown,False
7644,EVT04314,32.53,Medium,Monitor,Open,[],No IOC Match,Unknown,False
7645,EVT06076,32.53,Medium,Monitor,Open,[],No IOC Match,Unknown,False
7646,EVT01806,32.52,Medium,Monitor,Open,[],No IOC Match,Unknown,False
7647,EVT04638,32.52,Medium,Monitor,Open,[],No IOC Match,Unknown,False
7648,EVT06456,32.52,Medium,Monitor,Open,[],No IOC Match,Unknown,False
7649,EVT02132,32.51,Medium,Monitor,Open,[],No IOC Match,Unknown,False
7650,EVT03140,32.51,Medium,Monitor,Open,[],No IOC Match,Unknown,False
7651,EVT04959,32.51,Medium,Monitor,Open,['Multiple failed login attempts'],No IOC Match,Unknown,False
7652,EVT05054,32.5,Medium,Monitor,Open,[],No IOC Match,Unknown,False
7653,EVT05672,32.49,Medium,Monitor,Open,[],No IOC Match,Unknown,False
7654,EVT03318,32.48,Medium,Monitor,Open,[],No IOC Match,Unknown,False
7655,EVT03786,32.48,Medium,Monitor,Open,[],No IOC Match,Unknown,False
7656,EVT03979,32.48,Medium,Monitor,Open,[],No IOC Match,Unknown,False
7657,EVT04058,32.48,Medium,Monitor,Open,[],No IOC Match,Unknown,False
7658,EVT09455,32.48,Medium,Monitor,Open,[],No IOC Match,Unknown,False
7659,EVT02493,32.47,Medium,Monitor,Open,[],No IOC Match,Unknown,False
7660,EVT04481,32.47,Medium,Monitor,Open,[],No IOC Match,Unknown,False
7661,EVT06664,32.47,Medium,Monitor,Open,[],No IOC Match,Unknown,False
7662,EVT02846,32.46,Medium,Monitor,Open,[],No IOC Match,Unknown,False
7663,EVT09741,32.46,Medium,Monitor,Open,['Multiple failed login attempts'],No IOC Match,Unknown,False
7664,EVT09797,32.46,Medium,Monitor,Open,[],No IOC Match,Unknown,False
7665,EVT07455,32.45,Medium,Monitor,Open,[],No IOC Match,Unknown,False
7666,EVT02519,32.44,Medium,Monitor,Open,[],No IOC Match,Unknown,False
7667,EVT03419,32.44,Medium,Monitor,Open,[],No IOC Match,Unknown,False
7668,EVT07608,32.44,Medium,Monitor,Open,[],No IOC Match,Unknown,False
7669,EVT09355,32.44,Medium,Monitor,Open,[],No IOC Match,Unknown,False
7670,EVT06021,32.43,Medium,Monitor,Open,[],No IOC Match,Unknown,False
7671,EVT00113,32.41,Medium,Monitor,Open,[],No IOC Match,Unknown,False
7672,EVT04373,32.41,Medium,Monitor,Open,['Multiple failed login attempts'],No IOC Match,Unknown,False
7673,EVT09996,32.41,Medium,Monitor,Open,[],No IOC Match,Unknown,False
7674,EVT00252,32.4,Medium,Monitor,Open,[],No IOC Match,Unknown,False
7675,EVT00557,32.4,Medium,Monitor,Open,[],No IOC Match,Unknown,False
7676,EVT04749,32.4,Medium,Monitor,Open,[],No IOC Match,Unknown,False
7677,EVT08760,32.4,Medium,Monitor,Open,[],No IOC Match,Unknown,False
7678,EVT00382,32.38,Medium,Monitor,Open,[],No IOC Match,Unknown,False
7679,EVT07713,32.38,Medium,Monitor,Open,[],No IOC Match,Unknown,False
7680,EVT01204,32.37,Medium,Monitor,Open,[],No IOC Match,Unknown,False
7681,EVT06028,32.37,Medium,Monitor,Open,[],No IOC Match,Unknown,False
7682,EVT08847,32.37,Medium,Monitor,Open,[],No IOC Match,Unknown,False
7683,EVT09225,32.37,Medium,Monitor,Open,[],No IOC Match,Unknown,False
7684,EVT09990,32.37,Medium,Monitor,Open,['Multiple failed login attempts'],No IOC Match,Unknown,False
7685,EVT07160,32.36,Medium,Monitor,Open,[],No IOC Match,Unknown,False
7686,EVT00244,32.35,Medium,Monitor,Open,[],No IOC Match,Low,True
7687,EVT03869,32.35,Medium,Monitor,Open,[],No IOC Match,Unknown,False
7688,EVT05917,32.35,Medium,Monitor,Open,[],No IOC Match,Unknown,False
7689,EVT09849,32.35,Medium,Monitor,Open,['Multiple failed login attempts'],No IOC Match,Unknown,False
7690,EVT00174,32.34,Medium,Monitor,Open,[],No IOC Match,Low,True
7691,EVT03110,32.34,Medium,Monitor,Open,[],No IOC Match,Unknown,False
7692,EVT01365,32.33,Medium,Monitor,Open,[],No IOC Match,Unknown,False
7693,EVT02872,32.33,Medium,Monitor,Open,[],No IOC Match,Unknown,False
7694,EVT04212,32.33,Medium,Monitor,Open,[],No IOC Match,Unknown,False
7695,EVT08652,32.33,Medium,Monitor,Open,[],No IOC Match,Unknown,False
7696,EVT01045,32.32,Medium,Monitor,Open,[],No IOC Match,Unknown,False
7697,EVT03522,32.32,Medium,Monitor,Open,[],No IOC Match,Unknown,False
7698,EVT04721,32.32,Medium,Monitor,Open,[],No IOC Match,Unknown,False
7699,EVT01875,32.31,Medium,Monitor,Open,[],No IOC Match,Unknown,False
7700,EVT01973,32.31,Medium,Monitor,Open,[],No IOC Match,Unknown,False
7701,EVT05715,32.31,Medium,Monitor,Open,[],No IOC Match,Unknown,False
7702,EVT05936,32.31,Medium,Monitor,Open,[],No IOC Match,Unknown,False
7703,EVT03346,32.3,Medium,Monitor,Open,[],No IOC Match,Unknown,False
7704,EVT05035,32.3,Medium,Monitor,Open,[],No IOC Match,Unknown,False
7705,EVT05961,32.3,Medium,Monitor,Open,[],No IOC Match,Unknown,False
7706,EVT05968,32.3,Medium,Monitor,Open,[],No IOC Match,Unknown,False
7707,EVT08803,32.3,Medium,Monitor,Open,[],No IOC Match,Unknown,False
7708,EVT02936,32.29,Medium,Monitor,Open,['Multiple failed login attempts'],No IOC Match,Unknown,False
7709,EVT03611,32.28,Medium,Monitor,Open,[],No IOC Match,Unknown,False
7710,EVT04477,32.28,Medium,Monitor,Open,[],No IOC Match,Unknown,False
7711,EVT07451,32.28,Medium,Monitor,Open,[],No IOC Match,Unknown,False
7712,EVT08716,32.27,Medium,Monitor,Open,[],No IOC Match,Unknown,False
7713,EVT00272,32.26,Medium,Monitor,Open,[],No IOC Match,Unknown,False
7714,EVT03483,32.26,Medium,Monitor,Open,[],No IOC Match,Unknown,False
7715,EVT03957,32.26,Medium,Monitor,Open,[],No IOC Match,Unknown,False
7716,EVT08647,32.26,Medium,Monitor,Open,[],No IOC Match,Unknown,False
7717,EVT07023,32.24,Medium,Monitor,Open,[],No IOC Match,Unknown,False
7718,EVT01136,32.23,Medium,Monitor,Open,[],No IOC Match,Unknown,False
7719,EVT01783,32.23,Medium,Monitor,Open,[],No IOC Match,Unknown,False
7720,EVT02945,32.23,Medium,Monitor,Open,[],No IOC Match,Unknown,False
7721,EVT03319,32.23,Medium,Monitor,Open,[],No IOC Match,Unknown,False
7722,EVT04421,32.23,Medium,Monitor,Open,[],No IOC Match,Unknown,False
7723,EVT06031,32.23,Medium,Monitor,Open,[],No IOC Match,Unknown,False
7724,EVT08399,32.23,Medium,Monitor,Open,['Critical asset'],No IOC Match,Critical,True
7725,EVT00623,32.22,Medium,Monitor,Open,[],No IOC Match,Unknown,False
7726,EVT02388,32.22,Medium,Monitor,Open,[],No IOC Match,Unknown,False
7727,EVT02653,32.22,Medium,Monitor,Open,[],No IOC Match,Unknown,False
7728,EVT03183,32.22,Medium,Monitor,Open,[],No IOC Match,Unknown,False
7729,EVT03297,32.22,Medium,Monitor,Open,[],No IOC Match,Unknown,False
7730,EVT03975,32.21,Medium,Monitor,Open,[],No IOC Match,Unknown,False
7731,EVT05254,32.21,Medium,Monitor,Open,[],No IOC Match,Medium,True
7732,EVT06529,32.2,Medium,Monitor,Open,[],No IOC Match,Low,True
7733,EVT06881,32.2,Medium,Monitor,Open,[],No IOC Match,Unknown,False
7734,EVT00360,32.19,Medium,Monitor,Open,[],No IOC Match,Medium,True
7735,EVT03241,32.19,Medium,Monitor,Open,[],No IOC Match,Unknown,False
7736,EVT05470,32.19,Medium,Monitor,Open,[],No IOC Match,Unknown,False
7737,EVT00520,32.18,Medium,Monitor,Open,[],No IOC Match,Unknown,False
7738,EVT04708,32.17,Medium,Monitor,Open,[],No IOC Match,Unknown,False
7739,EVT05496,32.17,Medium,Monitor,Open,[],No IOC Match,Unknown,False
7740,EVT07885,32.17,Medium,Monitor,Open,[],No IOC Match,Unknown,False
7741,EVT08602,32.17,Medium,Monitor,Open,[],No IOC Match,Unknown,False
7742,EVT09932,32.17,Medium,Monitor,Open,[],No IOC Match,Unknown,False
7743,EVT00341,32.16,Medium,Monitor,Open,['Multiple failed login attempts'],No IOC Match,Unknown,False
7744,EVT03566,32.16,Medium,Monitor,Open,[],No IOC Match,Unknown,False
7745,EVT06747,32.16,Medium,Monitor,Open,[],No IOC Match,Unknown,False
7746,EVT01753,32.15,Medium,Monitor,Open,[],No IOC Match,Unknown,False
7747,EVT03144,32.14,Medium,Monitor,Open,[],No IOC Match,Unknown,False
7748,EVT05130,32.14,Medium,Monitor,Open,[],No IOC Match,Unknown,False
7749,EVT00538,32.13,Medium,Monitor,Open,[],No IOC Match,Unknown,False
7750,EVT02974,32.13,Medium,Monitor,Open,[],No IOC Match,Unknown,False
7751,EVT08776,32.13,Medium,Monitor,Open,[],No IOC Match,Unknown,False
7752,EVT03393,32.12,Medium,Monitor,Open,[],No IOC Match,Unknown,False
7753,EVT05033,32.12,Medium,Monitor,Open,[],No IOC Match,Unknown,False
7754,EVT05494,32.12,Medium,Monitor,Open,[],No IOC Match,Unknown,False
7755,EVT08002,32.12,Medium,Monitor,Open,[],No IOC Match,Unknown,False
7756,EVT07261,32.11,Medium,Monitor,Open,[],No IOC Match,Unknown,False
7757,EVT09714,32.11,Medium,Monitor,Open,[],No IOC Match,Low,True
7758,EVT01956,32.1,Medium,Monitor,Open,[],No IOC Match,Unknown,False
7759,EVT01409,32.09,Medium,Monitor,Open,[],No IOC Match,Unknown,False
7760,EVT01678,32.09,Medium,Monitor,Open,[],No IOC Match,Unknown,False
7761,EVT05724,32.09,Medium,Monitor,Open,[],No IOC Match,Unknown,False
7762,EVT07461,32.09,Medium,Monitor,Open,['Multiple failed login attempts'],No IOC Match,Unknown,False
7763,EVT09128,32.09,Medium,Monitor,Open,[],No IOC Match,Unknown,False
7764,EVT09762,32.09,Medium,Monitor,Open,[],No IOC Match,Unknown,False
7765,EVT00655,32.08,Medium,Monitor,Open,[],No IOC Match,Unknown,False
7766,EVT05437,32.08,Medium,Monitor,Open,[],No IOC Match,Unknown,False
7767,EVT09692,32.08,Medium,Monitor,Open,[],No IOC Match,Unknown,False
7768,EVT03121,32.07,Medium,Monitor,Open,[],No IOC Match,Unknown,False
7769,EVT04571,32.07,Medium,Monitor,Open,[],No IOC Match,Unknown,False
7770,EVT05040,32.07,Medium,Monitor,Open,[],No IOC Match,Unknown,False
7771,EVT05127,32.07,Medium,Monitor,Open,[],No IOC Match,Unknown,False
7772,EVT05295,32.07,Medium,Monitor,Open,[],No IOC Match,Unknown,False
7773,EVT05992,32.07,Medium,Monitor,Open,[],No IOC Match,Unknown,False
7774,EVT09884,32.07,Medium,Monitor,Open,['Multiple failed login attempts'],No IOC Match,Unknown,False
7775,EVT03908,32.06,Medium,Monitor,Open,['Multiple failed login attempts'],No IOC Match,Unknown,False
7776,EVT08482,32.06,Medium,Monitor,Open,[],No IOC Match,Unknown,False
7777,EVT09024,32.06,Medium,Monitor,Open,[],No IOC Match,Low,True
7778,EVT08930,32.05,Medium,Monitor,Open,[],No IOC Match,Unknown,False
7779,EVT02900,32.04,Medium,Monitor,Open,[],No IOC Match,Unknown,False
7780,EVT03073,32.04,Medium,Monitor,Open,[],No IOC Match,Unknown,False
7781,EVT05332,32.04,Medium,Monitor,Open,[],No IOC Match,Unknown,False
7782,EVT05738,32.04,Medium,Monitor,Open,[],No IOC Match,Unknown,False
7783,EVT05998,32.04,Medium,Monitor,Open,[],No IOC Match,Unknown,False
7784,EVT06369,32.04,Medium,Monitor,Open,[],No IOC Match,Unknown,False
7785,EVT00040,32.03,Medium,Monitor,Open,[],No IOC Match,Unknown,False
7786,EVT08739,32.03,Medium,Monitor,Open,[],No IOC Match,Unknown,False
7787,EVT09131,32.03,Medium,Monitor,Open,[],No IOC Match,Unknown,False
7788,EVT09621,32.03,Medium,Monitor,Open,[],No IOC Match,Unknown,False
7789,EVT03446,32.02,Medium,Monitor,Open,[],No IOC Match,Unknown,False
7790,EVT05048,32.02,Medium,Monitor,Open,[],No IOC Match,Low,True
7791,EVT04661,32.01,Medium,Monitor,Open,[],No IOC Match,Unknown,False
7792,EVT00788,32.0,Medium,Monitor,Open,[],No IOC Match,Unknown,False
7793,EVT01287,32.0,Medium,Monitor,Open,[],No IOC Match,Unknown,False
7794,EVT06127,32.0,Medium,Monitor,Open,[],No IOC Match,Unknown,False
7795,EVT09577,32.0,Medium,Monitor,Open,[],No IOC Match,Unknown,False
7796,EVT06177,31.99,Medium,Monitor,Open,[],No IOC Match,Unknown,False
7797,EVT06051,31.98,Medium,Monitor,Open,[],No IOC Match,Unknown,False
7798,EVT06583,31.98,Medium,Monitor,Open,['Multiple failed login attempts'],No IOC Match,Unknown,False
7799,EVT08598,31.98,Medium,Monitor,Open,[],No IOC Match,Unknown,False
7800,EVT04263,31.97,Medium,Monitor,Open,[],No IOC Match,Unknown,False
7801,EVT04775,31.97,Medium,Monitor,Open,[],No IOC Match,Unknown,False
7802,EVT07045,31.97,Medium,Monitor,Open,[],No IOC Match,Unknown,False
7803,EVT03981,31.96,Medium,Monitor,Open,[],No IOC Match,Unknown,False
7804,EVT05068,31.96,Medium,Monitor,Open,[],No IOC Match,Unknown,False
7805,EVT03443,31.95,Medium,Monitor,Open,[],No IOC Match,Unknown,False
7806,EVT01236,31.94,Medium,Monitor,Open,[],No IOC Match,Unknown,False
7807,EVT06594,31.94,Medium,Monitor,Open,[],No IOC Match,Unknown,False
7808,EVT09347,31.94,Medium,Monitor,Open,[],No IOC Match,Unknown,False
7809,EVT09575,31.94,Medium,Monitor,Open,[],No IOC Match,Unknown,False
7810,EVT00264,31.93,Medium,Monitor,Open,[],No IOC Match,Unknown,False
7811,EVT04843,31.93,Medium,Monitor,Open,[],No IOC Match,Unknown,False
7812,EVT09562,31.93,Medium,Monitor,Open,[],No IOC Match,Unknown,False
7813,EVT00181,31.92,Medium,Monitor,Open,[],No IOC Match,Unknown,False
7814,EVT01809,31.92,Medium,Monitor,Open,[],No IOC Match,Unknown,False
7815,EVT03427,31.92,Medium,Monitor,Open,[],No IOC Match,Unknown,False
7816,EVT09035,31.92,Medium,Monitor,Open,[],No IOC Match,Unknown,False
7817,EVT05939,31.91,Medium,Monitor,Open,[],No IOC Match,Low,True
7818,EVT07822,31.91,Medium,Monitor,Open,[],No IOC Match,Unknown,False
7819,EVT00537,31.9,Medium,Monitor,Open,['Multiple failed login attempts'],No IOC Match,Unknown,False
7820,EVT01840,31.9,Medium,Monitor,Open,['Multiple failed login attempts'],No IOC Match,Unknown,False
7821,EVT08181,31.9,Medium,Monitor,Open,[],No IOC Match,Unknown,False
7822,EVT04303,31.89,Medium,Monitor,Open,[],No IOC Match,Unknown,False
7823,EVT09282,31.89,Medium,Monitor,Open,[],No IOC Match,Unknown,False
7824,EVT03292,31.88,Medium,Monitor,Open,[],No IOC Match,Unknown,False
7825,EVT02413,31.87,Medium,Monitor,Open,[],No IOC Match,Unknown,False
7826,EVT03289,31.87,Medium,Monitor,Open,[],No IOC Match,Unknown,False
7827,EVT06544,31.87,Medium,Monitor,Open,[],No IOC Match,Unknown,False
7828,EVT08116,31.87,Medium,Monitor,Open,['Multiple failed login attempts'],No IOC Match,Unknown,False
7829,EVT09599,31.87,Medium,Monitor,Open,[],No IOC Match,Unknown,False
7830,EVT03683,31.86,Medium,Monitor,Open,['Multiple failed login attempts'],No IOC Match,Unknown,False
7831,EVT02521,31.85,Medium,Monitor,Open,[],No IOC Match,Unknown,False
7832,EVT06978,31.85,Medium,Monitor,Open,[],No IOC Match,Unknown,False
7833,EVT05467,31.84,Medium,Monitor,Open,[],No IOC Match,Unknown,False
7834,EVT01917,31.83,Medium,Monitor,Open,[],No IOC Match,Unknown,False
7835,EVT03649,31.82,Medium,Monitor,Open,[],No IOC Match,Unknown,False
7836,EVT06004,31.82,Medium,Monitor,Open,[],No IOC Match,Unknown,False
7837,EVT01302,31.81,Medium,Monitor,Open,[],No IOC Match,Low,True
7838,EVT01896,31.81,Medium,Monitor,Open,[],No IOC Match,Unknown,False
7839,EVT01340,31.8,Medium,Monitor,Open,['Multiple failed login attempts'],No IOC Match,Unknown,False
7840,EVT01903,31.8,Medium,Monitor,Open,[],No IOC Match,Unknown,False
7841,EVT05620,31.8,Medium,Monitor,Open,[],No IOC Match,Unknown,False
7842,EVT08206,31.79,Medium,Monitor,Open,[],No IOC Match,Unknown,False
7843,EVT01001,31.78,Medium,Monitor,Open,[],No IOC Match,Unknown,False
7844,EVT02227,31.78,Medium,Monitor,Open,[],No IOC Match,Unknown,False
7845,EVT07486,31.78,Medium,Monitor,Open,[],No IOC Match,Unknown,False
7846,EVT01049,31.77,Medium,Monitor,Open,[],No IOC Match,Unknown,False
7847,EVT03381,31.77,Medium,Monitor,Open,[],No IOC Match,Unknown,False
7848,EVT04856,31.77,Medium,Monitor,Open,['Multiple failed login attempts'],No IOC Match,Unknown,False
7849,EVT02479,31.76,Medium,Monitor,Open,[],No IOC Match,Unknown,False
7850,EVT08688,31.76,Medium,Monitor,Open,[],No IOC Match,Unknown,False
7851,EVT09769,31.76,Medium,Monitor,Open,[],No IOC Match,Unknown,False
7852,EVT01830,31.75,Medium,Monitor,Open,[],No IOC Match,Unknown,False
7853,EVT09697,31.75,Medium,Monitor,Open,[],No IOC Match,Unknown,False
7854,EVT01445,31.74,Medium,Monitor,Open,[],No IOC Match,Unknown,False
7855,EVT08029,31.74,Medium,Monitor,Open,[],No IOC Match,High,True
7856,EVT02200,31.73,Medium,Monitor,Open,[],No IOC Match,Unknown,False
7857,EVT04457,31.73,Medium,Monitor,Open,[],No IOC Match,High,True
7858,EVT04525,31.73,Medium,Monitor,Open,[],No IOC Match,Unknown,False
7859,EVT09605,31.72,Medium,Monitor,Open,['Multiple failed login attempts'],No IOC Match,Unknown,False
7860,EVT00002,31.71,Medium,Monitor,Open,[],Suspicious,Unknown,False
7861,EVT04114,31.71,Medium,Monitor,Open,[],No IOC Match,Unknown,False
7862,EVT06835,31.71,Medium,Monitor,Open,[],No IOC Match,Unknown,False
7863,EVT03440,31.7,Medium,Monitor,Open,[],No IOC Match,Unknown,False
7864,EVT00514,31.69,Medium,Monitor,Open,[],No IOC Match,Unknown,False
7865,EVT01530,31.69,Medium,Monitor,Open,[],No IOC Match,Unknown,False
7866,EVT00590,31.68,Medium,Monitor,Open,[],No IOC Match,Unknown,False
7867,EVT00654,31.68,Medium,Monitor,Open,[],No IOC Match,Unknown,False
7868,EVT07676,31.68,Medium,Monitor,Open,[],No IOC Match,Unknown,False
7869,EVT09610,31.67,Medium,Monitor,Open,[],No IOC Match,Unknown,False
7870,EVT09778,31.67,Medium,Monitor,Open,[],No IOC Match,Unknown,False
7871,EVT03872,31.65,Medium,Monitor,Open,[],No IOC Match,Unknown,False
7872,EVT04770,31.65,Medium,Monitor,Open,[],No IOC Match,Unknown,False
7873,EVT07429,31.65,Medium,Monitor,Open,[],No IOC Match,Unknown,False
7874,EVT01067,31.64,Medium,Monitor,Open,[],No IOC Match,Unknown,False
7875,EVT03296,31.64,Medium,Monitor,Open,[],No IOC Match,Medium,True
7876,EVT01520,31.63,Medium,Monitor,Open,['Multiple failed login attempts'],No IOC Match,Unknown,False
7877,EVT02225,31.62,Medium,Monitor,Open,[],No IOC Match,Unknown,False
7878,EVT02552,31.62,Medium,Monitor,Open,[],No IOC Match,Unknown,False
7879,EVT03017,31.62,Medium,Monitor,Open,[],No IOC Match,Unknown,False
7880,EVT04291,31.62,Medium,Monitor,Open,[],No IOC Match,Unknown,False
7881,EVT05763,31.62,Medium,Monitor,Open,['Multiple failed login attempts'],No IOC Match,Unknown,False
7882,EVT06520,31.62,Medium,Monitor,Open,[],No IOC Match,Unknown,False
7883,EVT09056,31.61,Medium,Monitor,Open,[],No IOC Match,Unknown,False
7884,EVT02123,31.6,Medium,Monitor,Open,[],No IOC Match,Unknown,False
7885,EVT03249,31.6,Medium,Monitor,Open,[],No IOC Match,Unknown,False
7886,EVT04188,31.6,Medium,Monitor,Open,[],No IOC Match,Unknown,False
7887,EVT01458,31.59,Medium,Monitor,Open,[],No IOC Match,Unknown,False
7888,EVT01513,31.59,Medium,Monitor,Open,[],No IOC Match,Unknown,False
7889,EVT06701,31.59,Medium,Monitor,Open,[],No IOC Match,Unknown,False
7890,EVT02438,31.58,Medium,Monitor,Open,[],No IOC Match,Unknown,False
7891,EVT05064,31.58,Medium,Monitor,Open,[],No IOC Match,Unknown,False
7892,EVT03667,31.57,Medium,Monitor,Open,[],No IOC Match,Unknown,False
7893,EVT06788,31.57,Medium,Monitor,Open,[],No IOC Match,Unknown,False
7894,EVT08711,31.57,Medium,Monitor,Open,[],No IOC Match,Unknown,False
7895,EVT05594,31.56,Medium,Monitor,Open,[],No IOC Match,Unknown,False
7896,EVT09536,31.56,Medium,Monitor,Open,[],No IOC Match,Unknown,False
7897,EVT05140,31.55,Medium,Monitor,Open,[],No IOC Match,Unknown,False
7898,EVT07625,31.55,Medium,Monitor,Open,[],No IOC Match,Unknown,False
7899,EVT05439,31.54,Medium,Monitor,Open,[],No IOC Match,Unknown,False
7900,EVT09385,31.54,Medium,Monitor,Open,[],No IOC Match,Unknown,False
7901,EVT09766,31.54,Medium,Monitor,Open,[],No IOC Match,Unknown,False
7902,EVT01119,31.52,Medium,Monitor,Open,[],No IOC Match,Unknown,False
7903,EVT06482,31.52,Medium,Monitor,Open,[],No IOC Match,Unknown,False
7904,EVT06869,31.52,Medium,Monitor,Open,[],No IOC Match,Unknown,False
7905,EVT09339,31.52,Medium,Monitor,Open,[],No IOC Match,Unknown,False
7906,EVT01481,31.51,Medium,Monitor,Open,[],No IOC Match,Unknown,False
7907,EVT03114,31.51,Medium,Monitor,Open,[],No IOC Match,Unknown,False
7908,EVT03445,31.51,Medium,Monitor,Open,[],No IOC Match,Unknown,False
7909,EVT06175,31.5,Medium,Monitor,Open,[],No IOC Match,Unknown,False
7910,EVT06441,31.5,Medium,Monitor,Open,['Multiple failed login attempts'],No IOC Match,Unknown,False
7911,EVT02715,31.49,Medium,Monitor,Open,[],No IOC Match,Low,True
7912,EVT05661,31.49,Medium,Monitor,Open,['Multiple failed login attempts'],No IOC Match,Unknown,False
7913,EVT00641,31.48,Medium,Monitor,Open,[],No IOC Match,Unknown,False
7914,EVT02714,31.48,Medium,Monitor,Open,['Multiple failed login attempts'],No IOC Match,Unknown,False
7915,EVT03782,31.47,Medium,Monitor,Open,[],No IOC Match,Unknown,False
7916,EVT06674,31.47,Medium,Monitor,Open,[],No IOC Match,Unknown,False
7917,EVT02325,31.46,Medium,Monitor,Open,['Multiple failed login attempts'],No IOC Match,Unknown,False
7918,EVT05516,31.46,Medium,Monitor,Open,[],No IOC Match,Unknown,False
7919,EVT06159,31.45,Medium,Monitor,Open,[],No IOC Match,Unknown,False
7920,EVT06920,31.44,Medium,Monitor,Open,[],No IOC Match,Unknown,False
7921,EVT07378,31.44,Medium,Monitor,Open,[],No IOC Match,Unknown,False
7922,EVT02255,31.42,Medium,Monitor,Open,[],No IOC Match,Unknown,False
7923,EVT00298,31.41,Medium,Monitor,Open,[],No IOC Match,Unknown,False
7924,EVT01029,31.41,Medium,Monitor,Open,[],No IOC Match,Unknown,False
7925,EVT01342,31.41,Medium,Monitor,Open,[],No IOC Match,Unknown,False
7926,EVT01845,31.41,Medium,Monitor,Open,[],No IOC Match,Unknown,False
7927,EVT04124,31.41,Medium,Monitor,Open,[],No IOC Match,Unknown,False
7928,EVT06903,31.41,Medium,Monitor,Open,[],No IOC Match,Unknown,False
7929,EVT08252,31.41,Medium,Monitor,Open,[],No IOC Match,Unknown,False
7930,EVT00366,31.4,Medium,Monitor,Open,[],No IOC Match,Unknown,False
7931,EVT02496,31.4,Medium,Monitor,Open,[],No IOC Match,Medium,True
7932,EVT06414,31.4,Medium,Monitor,Open,[],No IOC Match,Unknown,False
7933,EVT07107,31.4,Medium,Monitor,Open,[],No IOC Match,Unknown,False
7934,EVT07303,31.4,Medium,Monitor,Open,['Multiple failed login attempts'],No IOC Match,Unknown,False
7935,EVT03098,31.39,Medium,Monitor,Open,[],No IOC Match,Unknown,False
7936,EVT04576,31.39,Medium,Monitor,Open,[],No IOC Match,Unknown,False
7937,EVT06409,31.39,Medium,Monitor,Open,['Multiple failed login attempts'],No IOC Match,Unknown,False
7938,EVT06830,31.39,Medium,Monitor,Open,[],No IOC Match,Unknown,False
7939,EVT07524,31.39,Medium,Monitor,Open,[],No IOC Match,Unknown,False
7940,EVT07879,31.39,Medium,Monitor,Open,[],No IOC Match,Unknown,False
7941,EVT02291,31.38,Medium,Monitor,Open,[],No IOC Match,Unknown,False
7942,EVT01900,31.37,Medium,Monitor,Open,[],No IOC Match,Unknown,False
7943,EVT02151,31.37,Medium,Monitor,Open,[],No IOC Match,Unknown,False
7944,EVT05745,31.37,Medium,Monitor,Open,[],No IOC Match,Unknown,False
7945,EVT07581,31.37,Medium,Monitor,Open,[],No IOC Match,Unknown,False
7946,EVT07976,31.37,Medium,Monitor,Open,[],No IOC Match,Unknown,False
7947,EVT03729,31.36,Medium,Monitor,Open,[],No IOC Match,Low,True
7948,EVT00455,31.34,Medium,Monitor,Open,[],No IOC Match,Unknown,False
7949,EVT01218,31.34,Medium,Monitor,Open,[],No IOC Match,Unknown,False
7950,EVT04887,31.34,Medium,Monitor,Open,[],No IOC Match,Unknown,False
7951,EVT07343,31.34,Medium,Monitor,Open,[],No IOC Match,Unknown,False
7952,EVT09655,31.34,Medium,Monitor,Open,[],No IOC Match,Unknown,False
7953,EVT00702,31.33,Medium,Monitor,Open,[],No IOC Match,Unknown,False
7954,EVT01918,31.33,Medium,Monitor,Open,[],No IOC Match,Unknown,False
7955,EVT07355,31.32,Medium,Monitor,Open,[],No IOC Match,Unknown,False
7956,EVT07686,31.32,Medium,Monitor,Open,[],No IOC Match,Unknown,False
7957,EVT08073,31.32,Medium,Monitor,Open,[],No IOC Match,Unknown,False
7958,EVT03492,31.31,Medium,Monitor,Open,[],No IOC Match,Unknown,False
7959,EVT06314,31.31,Medium,Monitor,Open,[],No IOC Match,Unknown,False
7960,EVT07061,31.31,Medium,Monitor,Open,[],No IOC Match,Unknown,False
7961,EVT04622,31.3,Medium,Monitor,Open,[],No IOC Match,Unknown,False
7962,EVT03660,31.29,Medium,Monitor,Open,[],No IOC Match,Unknown,False
7963,EVT08053,31.29,Medium,Monitor,Open,['Multiple failed login attempts'],No IOC Match,Unknown,False
7964,EVT01616,31.28,Medium,Monitor,Open,[],No IOC Match,Unknown,False
7965,EVT05624,31.28,Medium,Monitor,Open,[],No IOC Match,Unknown,False
7966,EVT06974,31.27,Medium,Monitor,Open,[],No IOC Match,Unknown,False
7967,EVT02195,31.26,Medium,Monitor,Open,[],No IOC Match,Unknown,False
7968,EVT05124,31.26,Medium,Monitor,Open,[],No IOC Match,Unknown,False
7969,EVT06442,31.26,Medium,Monitor,Open,['Multiple failed login attempts'],No IOC Match,Unknown,False
7970,EVT08548,31.26,Medium,Monitor,Open,[],No IOC Match,Unknown,False
7971,EVT02724,31.25,Medium,Monitor,Open,['Multiple failed login attempts'],No IOC Match,Unknown,False
7972,EVT04300,31.25,Medium,Monitor,Open,['Multiple failed login attempts'],No IOC Match,Unknown,False
7973,EVT05360,31.25,Medium,Monitor,Open,[],No IOC Match,Unknown,False
7974,EVT07614,31.25,Medium,Monitor,Open,[],No IOC Match,Unknown,False
7975,EVT07785,31.25,Medium,Monitor,Open,['Multiple failed login attempts'],No IOC Match,Unknown,False
7976,EVT01855,31.24,Medium,Monitor,Open,[],No IOC Match,Low,True
7977,EVT04549,31.24,Medium,Monitor,Open,[],No IOC Match,Unknown,False
7978,EVT08010,31.24,Medium,Monitor,Open,[],No IOC Match,High,True
7979,EVT00485,31.23,Medium,Monitor,Open,[],No IOC Match,Unknown,False
7980,EVT03493,31.23,Medium,Monitor,Open,[],No IOC Match,Unknown,False
7981,EVT08312,31.23,Medium,Monitor,Open,[],No IOC Match,Unknown,False
7982,EVT09813,31.22,Medium,Monitor,Open,[],No IOC Match,Unknown,False
7983,EVT03049,31.21,Medium,Monitor,Open,['Multiple failed login attempts'],No IOC Match,Unknown,False
7984,EVT06759,31.21,Medium,Monitor,Open,[],No IOC Match,Unknown,False
7985,EVT08126,31.21,Medium,Monitor,Open,['Multiple failed login attempts'],No IOC Match,Unknown,False
7986,EVT07255,31.2,Medium,Monitor,Open,[],No IOC Match,Unknown,False
7987,EVT07933,31.2,Medium,Monitor,Open,[],No IOC Match,Unknown,False
7988,EVT03789,31.19,Medium,Monitor,Open,[],No IOC Match,Unknown,False
7989,EVT04582,31.19,Medium,Monitor,Open,[],No IOC Match,Unknown,False
7990,EVT08736,31.19,Medium,Monitor,Open,[],No IOC Match,Unknown,False
7991,EVT03621,31.18,Medium,Monitor,Open,[],No IOC Match,Unknown,False
7992,EVT05422,31.18,Medium,Monitor,Open,[],No IOC Match,Unknown,False
7993,EVT01144,31.17,Medium,Monitor,Open,[],No IOC Match,Unknown,False
7994,EVT02554,31.17,Medium,Monitor,Open,[],No IOC Match,Unknown,False
7995,EVT02604,31.17,Medium,Monitor,Open,[],No IOC Match,Unknown,False
7996,EVT09353,31.17,Medium,Monitor,Open,[],No IOC Match,Unknown,False
7997,EVT09749,31.17,Medium,Monitor,Open,[],No IOC Match,Unknown,False
7998,EVT04338,31.16,Medium,Monitor,Open,[],No IOC Match,Unknown,False
7999,EVT08272,31.15,Medium,Monitor,Open,[],No IOC Match,Unknown,False
8000,EVT01258,31.13,Medium,Monitor,Open,[],No IOC Match,Unknown,False
8001,EVT03949,31.13,Medium,Monitor,Open,[],No IOC Match,Unknown,False
8002,EVT09286,31.13,Medium,Monitor,Open,[],No IOC Match,Unknown,False
8003,EVT00010,31.12,Medium,Monitor,Open,[],No IOC Match,Unknown,False
8004,EVT00497,31.12,Medium,Monitor,Open,[],No IOC Match,Unknown,False
8005,EVT04418,31.12,Medium,Monitor,Open,[],No IOC Match,Unknown,False
8006,EVT09312,31.12,Medium,Monitor,Open,[],No IOC Match,Unknown,False
8007,EVT05023,31.11,Medium,Monitor,Open,[],No IOC Match,Unknown,False
8008,EVT00593,31.1,Medium,Monitor,Open,[],No IOC Match,Unknown,False
8009,EVT08049,31.1,Medium,Monitor,Open,[],No IOC Match,Medium,True
8010,EVT09956,31.1,Medium,Monitor,Open,[],No IOC Match,Unknown,False
8011,EVT00573,31.09,Medium,Monitor,Open,[],No IOC Match,Unknown,False
8012,EVT07123,31.09,Medium,Monitor,Open,[],No IOC Match,Unknown,False
8013,EVT08960,31.09,Medium,Monitor,Open,[],No IOC Match,Unknown,False
8014,EVT04386,31.08,Medium,Monitor,Open,[],No IOC Match,Unknown,False
8015,EVT06802,31.08,Medium,Monitor,Open,[],No IOC Match,Unknown,False
8016,EVT08417,31.08,Medium,Monitor,Open,[],No IOC Match,Unknown,False
8017,EVT09345,31.08,Medium,Monitor,Open,[],No IOC Match,Unknown,False
8018,EVT02354,31.07,Medium,Monitor,Open,[],No IOC Match,Unknown,False
8019,EVT05359,31.06,Medium,Monitor,Open,[],No IOC Match,Unknown,False
8020,EVT03864,31.05,Medium,Monitor,Open,[],No IOC Match,Unknown,False
8021,EVT06650,31.05,Medium,Monitor,Open,[],No IOC Match,Unknown,False
8022,EVT08333,31.05,Medium,Monitor,Open,[],No IOC Match,Medium,True
8023,EVT01242,31.04,Medium,Monitor,Open,[],No IOC Match,Unknown,False
8024,EVT03060,31.04,Medium,Monitor,Open,[],No IOC Match,Unknown,False
8025,EVT03829,31.04,Medium,Monitor,Open,[],No IOC Match,Unknown,False
8026,EVT04497,31.04,Medium,Monitor,Open,[],No IOC Match,Unknown,False
8027,EVT05125,31.04,Medium,Monitor,Open,[],No IOC Match,Unknown,False
8028,EVT07443,31.04,Medium,Monitor,Open,[],No IOC Match,Unknown,False
8029,EVT00676,31.02,Medium,Monitor,Open,[],No IOC Match,Unknown,False
8030,EVT04807,31.02,Medium,Monitor,Open,[],No IOC Match,Unknown,False
8031,EVT06291,31.02,Medium,Monitor,Open,[],No IOC Match,Unknown,False
8032,EVT08376,31.02,Medium,Monitor,Open,[],No IOC Match,Unknown,False
8033,EVT01179,31.01,Medium,Monitor,Open,['Multiple failed login attempts'],No IOC Match,Unknown,False
8034,EVT01805,31.01,Medium,Monitor,Open,[],No IOC Match,Unknown,False
8035,EVT07525,31.01,Medium,Monitor,Open,[],No IOC Match,Unknown,False
8036,EVT03692,31.0,Medium,Monitor,Open,[],No IOC Match,Unknown,False
8037,EVT05935,31.0,Medium,Monitor,Open,[],No IOC Match,Unknown,False
8038,EVT06320,31.0,Medium,Monitor,Open,[],No IOC Match,Unknown,False
8039,EVT01690,30.98,Medium,Monitor,Open,[],No IOC Match,Unknown,False
8040,EVT09623,30.98,Medium,Monitor,Open,[],No IOC Match,Unknown,False
8041,EVT03028,30.97,Medium,Monitor,Open,[],No IOC Match,Unknown,False
8042,EVT05772,30.97,Medium,Monitor,Open,['Multiple failed login attempts'],No IOC Match,Unknown,False
8043,EVT02209,30.96,Medium,Monitor,Open,[],No IOC Match,Unknown,False
8044,EVT07265,30.96,Medium,Monitor,Open,[],No IOC Match,Unknown,False
8045,EVT07705,30.96,Medium,Monitor,Open,[],No IOC Match,Unknown,False
8046,EVT00846,30.95,Medium,Monitor,Open,[],No IOC Match,Unknown,False
8047,EVT05660,30.95,Medium,Monitor,Open,[],No IOC Match,Unknown,False
8048,EVT04822,30.94,Medium,Monitor,Open,[],No IOC Match,Unknown,False
8049,EVT05146,30.94,Medium,Monitor,Open,[],No IOC Match,Unknown,False
8050,EVT04095,30.93,Medium,Monitor,Open,[],No IOC Match,Unknown,False
8051,EVT08373,30.93,Medium,Monitor,Open,[],No IOC Match,Unknown,False
8052,EVT08593,30.93,Medium,Monitor,Open,['Multiple failed login attempts'],No IOC Match,Unknown,False
8053,EVT09468,30.93,Medium,Monitor,Open,[],No IOC Match,Unknown,False
8054,EVT00884,30.92,Medium,Monitor,Open,[],No IOC Match,Medium,True
8055,EVT00907,30.92,Medium,Monitor,Open,[],No IOC Match,Unknown,False
8056,EVT01288,30.92,Medium,Monitor,Open,[],No IOC Match,Unknown,False
8057,EVT05153,30.92,Medium,Monitor,Open,['Multiple failed login attempts'],No IOC Match,Unknown,False
8058,EVT06776,30.92,Medium,Monitor,Open,[],No IOC Match,Unknown,False
8059,EVT05938,30.91,Medium,Monitor,Open,[],No IOC Match,Unknown,False
8060,EVT00282,30.9,Medium,Monitor,Open,[],No IOC Match,Unknown,False
8061,EVT06606,30.9,Medium,Monitor,Open,[],No IOC Match,Unknown,False
8062,EVT00658,30.89,Medium,Monitor,Open,[],No IOC Match,Unknown,False
8063,EVT05082,30.89,Medium,Monitor,Open,[],No IOC Match,Unknown,False
8064,EVT06250,30.89,Medium,Monitor,Open,[],No IOC Match,Unknown,False
8065,EVT01331,30.88,Medium,Monitor,Open,[],No IOC Match,Unknown,False
8066,EVT03558,30.88,Medium,Monitor,Open,['Multiple failed login attempts'],No IOC Match,Unknown,False
8067,EVT05973,30.88,Medium,Monitor,Open,['Multiple failed login attempts'],No IOC Match,Unknown,False
8068,EVT09750,30.88,Medium,Monitor,Open,[],No IOC Match,Unknown,False
8069,EVT05456,30.87,Medium,Monitor,Open,[],No IOC Match,Unknown,False
8070,EVT01551,30.86,Medium,Monitor,Open,[],No IOC Match,Unknown,False
8071,EVT03236,30.86,Medium,Monitor,Open,[],No IOC Match,Unknown,False
8072,EVT05826,30.86,Medium,Monitor,Open,['Multiple failed login attempts'],No IOC Match,Unknown,False
8073,EVT07034,30.86,Medium,Monitor,Open,[],No IOC Match,Unknown,False
8074,EVT08209,30.86,Medium,Monitor,Open,[],No IOC Match,Unknown,False
8075,EVT08669,30.86,Medium,Monitor,Open,[],No IOC Match,Unknown,False
8076,EVT05377,30.85,Medium,Monitor,Open,[],No IOC Match,Unknown,False
8077,EVT09921,30.85,Medium,Monitor,Open,[],No IOC Match,Unknown,False
8078,EVT01955,30.84,Medium,Monitor,Open,[],No IOC Match,Unknown,False
8079,EVT02645,30.84,Medium,Monitor,Open,[],No IOC Match,Unknown,False
8080,EVT04826,30.84,Medium,Monitor,Open,[],No IOC Match,Unknown,False
8081,EVT06513,30.84,Medium,Monitor,Open,[],No IOC Match,Unknown,False
8082,EVT02214,30.83,Medium,Monitor,Open,[],No IOC Match,Unknown,False
8083,EVT00150,30.82,Medium,Monitor,Open,[],No IOC Match,Unknown,False
8084,EVT07057,30.82,Medium,Monitor,Open,[],No IOC Match,Low,True
8085,EVT07438,30.82,Medium,Monitor,Open,[],No IOC Match,Unknown,False
8086,EVT09525,30.82,Medium,Monitor,Open,['Multiple failed login attempts'],No IOC Match,Unknown,False
8087,EVT04596,30.81,Medium,Monitor,Open,[],No IOC Match,Unknown,False
8088,EVT06743,30.81,Medium,Monitor,Open,['Multiple failed login attempts'],No IOC Match,Unknown,False
8089,EVT09770,30.81,Medium,Monitor,Open,[],No IOC Match,Unknown,False
8090,EVT01664,30.8,Medium,Monitor,Open,[],No IOC Match,Unknown,False
8091,EVT03120,30.79,Medium,Monitor,Open,[],No IOC Match,Unknown,False
8092,EVT07517,30.79,Medium,Monitor,Open,[],No IOC Match,Unknown,False
8093,EVT08944,30.79,Medium,Monitor,Open,[],No IOC Match,Unknown,False
8094,EVT04745,30.78,Medium,Monitor,Open,[],No IOC Match,Low,True
8095,EVT09499,30.78,Medium,Monitor,Open,[],No IOC Match,Medium,True
8096,EVT07237,30.77,Medium,Monitor,Open,[],No IOC Match,Unknown,False
8097,EVT03767,30.76,Medium,Monitor,Open,['Multiple failed login attempts'],No IOC Match,Unknown,False
8098,EVT04248,30.76,Medium,Monitor,Open,[],No IOC Match,Unknown,False
8099,EVT08353,30.76,Medium,Monitor,Open,[],No IOC Match,Unknown,False
8100,EVT02893,30.75,Medium,Monitor,Open,[],No IOC Match,Unknown,False
8101,EVT03407,30.75,Medium,Monitor,Open,[],No IOC Match,Unknown,False
8102,EVT02886,30.74,Medium,Monitor,Open,['Multiple failed login attempts'],No IOC Match,Unknown,False
8103,EVT08189,30.74,Medium,Monitor,Open,[],No IOC Match,Unknown,False
8104,EVT01162,30.73,Medium,Monitor,Open,[],No IOC Match,Unknown,False
8105,EVT01521,30.73,Medium,Monitor,Open,[],No IOC Match,Unknown,False
8106,EVT05949,30.73,Medium,Monitor,Open,[],No IOC Match,Unknown,False
8107,EVT05325,30.72,Medium,Monitor,Open,[],No IOC Match,Unknown,False
8108,EVT06605,30.72,Medium,Monitor,Open,[],No IOC Match,Unknown,False
8109,EVT08100,30.72,Medium,Monitor,Open,[],No IOC Match,Unknown,False
8110,EVT09900,30.72,Medium,Monitor,Open,[],No IOC Match,Unknown,False
8111,EVT02411,30.71,Medium,Monitor,Open,[],No IOC Match,Unknown,False
8112,EVT08051,30.71,Medium,Monitor,Open,[],No IOC Match,Unknown,False
8113,EVT00361,30.7,Medium,Monitor,Open,[],No IOC Match,Unknown,False
8114,EVT08547,30.7,Medium,Monitor,Open,[],No IOC Match,Unknown,False
8115,EVT00303,30.69,Medium,Monitor,Open,[],No IOC Match,Unknown,False
8116,EVT03112,30.69,Medium,Monitor,Open,[],No IOC Match,Unknown,False
8117,EVT03681,30.68,Medium,Monitor,Open,[],No IOC Match,Unknown,False
8118,EVT01005,30.67,Medium,Monitor,Open,[],No IOC Match,Unknown,False
8119,EVT01014,30.67,Medium,Monitor,Open,[],No IOC Match,Unknown,False
8120,EVT05374,30.67,Medium,Monitor,Open,[],No IOC Match,Unknown,False
8121,EVT05988,30.67,Medium,Monitor,Open,[],No IOC Match,Unknown,False
8122,EVT06917,30.67,Medium,Monitor,Open,[],No IOC Match,Unknown,False
8123,EVT07673,30.67,Medium,Monitor,Open,[],No IOC Match,Unknown,False
8124,EVT03581,30.66,Medium,Monitor,Open,[],No IOC Match,Unknown,False
8125,EVT06358,30.66,Medium,Monitor,Open,[],No IOC Match,Unknown,False
8126,EVT01576,30.65,Medium,Monitor,Open,['Multiple failed login attempts'],No IOC Match,Unknown,False
8127,EVT02901,30.65,Medium,Monitor,Open,[],No IOC Match,Unknown,False
8128,EVT02621,30.64,Medium,Monitor,Open,['Multiple failed login attempts'],No IOC Match,Unknown,False
8129,EVT04045,30.64,Medium,Monitor,Open,[],No IOC Match,Unknown,False
8130,EVT05858,30.64,Medium,Monitor,Open,[],No IOC Match,Unknown,False
8131,EVT07616,30.64,Medium,Monitor,Open,[],No IOC Match,Medium,True
8132,EVT07711,30.64,Medium,Monitor,Open,['Multiple failed login attempts'],No IOC Match,Unknown,False
8133,EVT09713,30.64,Medium,Monitor,Open,[],No IOC Match,Unknown,False
8134,EVT07577,30.63,Medium,Monitor,Open,[],No IOC Match,Unknown,False
8135,EVT07866,30.63,Medium,Monitor,Open,[],No IOC Match,Unknown,False
8136,EVT03092,30.62,Medium,Monitor,Open,[],No IOC Match,Unknown,False
8137,EVT08112,30.62,Medium,Monitor,Open,[],No IOC Match,Unknown,False
8138,EVT09632,30.62,Medium,Monitor,Open,['Multiple failed login attempts'],No IOC Match,Unknown,False
8139,EVT02107,30.61,Medium,Monitor,Open,[],No IOC Match,Unknown,False
8140,EVT03061,30.61,Medium,Monitor,Open,[],No IOC Match,Unknown,False
8141,EVT04269,30.61,Medium,Monitor,Open,[],No IOC Match,Unknown,False
8142,EVT05831,30.61,Medium,Monitor,Open,[],No IOC Match,Unknown,False
8143,EVT01734,30.6,Medium,Monitor,Open,[],No IOC Match,Unknown,False
8144,EVT03740,30.6,Medium,Monitor,Open,[],No IOC Match,Unknown,False
8145,EVT05094,30.59,Medium,Monitor,Open,[],No IOC Match,Unknown,False
8146,EVT06064,30.59,Medium,Monitor,Open,[],No IOC Match,Unknown,False
8147,EVT09690,30.59,Medium,Monitor,Open,[],No IOC Match,Unknown,False
8148,EVT01428,30.58,Medium,Monitor,Open,[],No IOC Match,Unknown,False
8149,EVT00183,30.57,Medium,Monitor,Open,[],No IOC Match,Unknown,False
8150,EVT00423,30.57,Medium,Monitor,Open,[],No IOC Match,Unknown,False
8151,EVT08323,30.57,Medium,Monitor,Open,[],No IOC Match,Unknown,False
8152,EVT02617,30.55,Medium,Monitor,Open,[],No IOC Match,Unknown,False
8153,EVT02847,30.55,Medium,Monitor,Open,[],No IOC Match,Unknown,False
8154,EVT05267,30.55,Medium,Monitor,Open,[],No IOC Match,Unknown,False
8155,EVT02101,30.54,Medium,Monitor,Open,[],No IOC Match,Unknown,False
8156,EVT03382,30.53,Medium,Monitor,Open,[],No IOC Match,Unknown,False
8157,EVT05194,30.53,Medium,Monitor,Open,[],No IOC Match,Unknown,False
8158,EVT05799,30.53,Medium,Monitor,Open,[],No IOC Match,Unknown,False
8159,EVT01229,30.52,Medium,Monitor,Open,[],No IOC Match,Unknown,False
8160,EVT02954,30.52,Medium,Monitor,Open,[],No IOC Match,Unknown,False
8161,EVT03078,30.52,Medium,Monitor,Open,[],No IOC Match,Unknown,False
8162,EVT06722,30.52,Medium,Monitor,Open,[],No IOC Match,Unknown,False
8163,EVT07952,30.52,Medium,Monitor,Open,[],No IOC Match,Unknown,False
8164,EVT09715,30.51,Medium,Monitor,Open,[],No IOC Match,Unknown,False
8165,EVT06569,30.5,Medium,Monitor,Open,[],No IOC Match,Unknown,False
8166,EVT01330,30.48,Medium,Monitor,Open,['Multiple failed login attempts'],No IOC Match,Unknown,False
8167,EVT07279,30.48,Medium,Monitor,Open,[],No IOC Match,Unknown,False
8168,EVT02246,30.47,Medium,Monitor,Open,[],No IOC Match,Unknown,False
8169,EVT04150,30.46,Medium,Monitor,Open,[],No IOC Match,Unknown,False
8170,EVT09701,30.46,Medium,Monitor,Open,[],No IOC Match,Unknown,False
8171,EVT04041,30.45,Medium,Monitor,Open,['Multiple failed login attempts'],No IOC Match,Unknown,False
8172,EVT06491,30.45,Medium,Monitor,Open,[],No IOC Match,Unknown,False
8173,EVT08678,30.45,Medium,Monitor,Open,[],No IOC Match,Unknown,False
8174,EVT04163,30.44,Medium,Monitor,Open,[],No IOC Match,Unknown,False
8175,EVT07640,30.44,Medium,Monitor,Open,[],No IOC Match,Unknown,False
8176,EVT08538,30.44,Medium,Monitor,Open,[],No IOC Match,Low,True
8177,EVT09007,30.44,Medium,Monitor,Open,[],No IOC Match,Unknown,False
8178,EVT09348,30.44,Medium,Monitor,Open,[],No IOC Match,Unknown,False
8179,EVT01155,30.43,Medium,Monitor,Open,[],No IOC Match,Unknown,False
8180,EVT08545,30.43,Medium,Monitor,Open,['Multiple failed login attempts'],No IOC Match,Unknown,False
8181,EVT09740,30.43,Medium,Monitor,Open,[],No IOC Match,Unknown,False
8182,EVT03732,30.42,Medium,Monitor,Open,['Multiple failed login attempts'],No IOC Match,Unknown,False
8183,EVT09590,30.42,Medium,Monitor,Open,[],No IOC Match,Unknown,False
8184,EVT09664,30.41,Medium,Monitor,Open,[],No IOC Match,Unknown,False
8185,EVT06202,30.4,Medium,Monitor,Open,[],No IOC Match,Low,True
8186,EVT08037,30.4,Medium,Monitor,Open,[],No IOC Match,Unknown,False
8187,EVT03473,30.39,Medium,Monitor,Open,[],No IOC Match,Unknown,False
8188,EVT05586,30.39,Medium,Monitor,Open,[],No IOC Match,Unknown,False
8189,EVT06017,30.39,Medium,Monitor,Open,[],No IOC Match,Unknown,False
8190,EVT06216,30.39,Medium,Monitor,Open,['Multiple failed login attempts'],No IOC Match,Unknown,False
8191,EVT09150,30.39,Medium,Monitor,Open,[],No IOC Match,Unknown,False
8192,EVT04790,30.38,Medium,Monitor,Open,[],No IOC Match,Unknown,False
8193,EVT06144,30.38,Medium,Monitor,Open,[],No IOC Match,Unknown,False
8194,EVT08523,30.38,Medium,Monitor,Open,['Multiple failed login attempts'],No IOC Match,Unknown,False
8195,EVT08883,30.38,Medium,Monitor,Open,[],No IOC Match,Unknown,False
8196,EVT00631,30.37,Medium,Monitor,Open,[],No IOC Match,Unknown,False
8197,EVT02051,30.37,Medium,Monitor,Open,[],No IOC Match,Unknown,False
8198,EVT02303,30.37,Medium,Monitor,Open,[],No IOC Match,Unknown,False
8199,EVT07366,30.37,Medium,Monitor,Open,[],No IOC Match,Unknown,False
8200,EVT08948,30.37,Medium,Monitor,Open,[],No IOC Match,Unknown,False
8201,EVT00561,30.36,Medium,Monitor,Open,[],No IOC Match,Unknown,False
8202,EVT02088,30.36,Medium,Monitor,Open,[],No IOC Match,Unknown,False
8203,EVT04467,30.36,Medium,Monitor,Open,[],No IOC Match,Unknown,False
8204,EVT08271,30.36,Medium,Monitor,Open,[],No IOC Match,Unknown,False
8205,EVT05066,30.35,Medium,Monitor,Open,[],No IOC Match,Unknown,False
8206,EVT03772,30.33,Medium,Monitor,Open,[],No IOC Match,Unknown,False
8207,EVT05911,30.31,Medium,Monitor,Open,[],No IOC Match,Low,True
8208,EVT07272,30.31,Medium,Monitor,Open,[],No IOC Match,Unknown,False
8209,EVT07357,30.3,Medium,Monitor,Open,[],No IOC Match,Unknown,False
8210,EVT09979,30.3,Medium,Monitor,Open,['Multiple failed login attempts'],No IOC Match,Unknown,False
8211,EVT01642,30.29,Medium,Monitor,Open,[],No IOC Match,Unknown,False
8212,EVT05330,30.28,Medium,Monitor,Open,[],No IOC Match,Unknown,False
8213,EVT06137,30.28,Medium,Monitor,Open,[],No IOC Match,Unknown,False
8214,EVT06856,30.28,Medium,Monitor,Open,[],No IOC Match,Unknown,False
8215,EVT08685,30.28,Medium,Monitor,Open,[],No IOC Match,Unknown,False
8216,EVT08748,30.28,Medium,Monitor,Open,[],No IOC Match,Unknown,False
8217,EVT00622,30.27,Medium,Monitor,Open,[],No IOC Match,Low,True
8218,EVT05318,30.25,Medium,Monitor,Open,[],No IOC Match,Unknown,False
8219,EVT09938,30.25,Medium,Monitor,Open,[],No IOC Match,Medium,True
8220,EVT01784,30.23,Medium,Monitor,Open,[],No IOC Match,Unknown,False
8221,EVT02968,30.23,Medium,Monitor,Open,[],No IOC Match,Unknown,False
8222,EVT05491,30.23,Medium,Monitor,Open,[],No IOC Match,Unknown,False
8223,EVT03731,30.22,Medium,Monitor,Open,[],No IOC Match,Unknown,False
8224,EVT04478,30.22,Medium,Monitor,Open,[],No IOC Match,Low,True
8225,EVT02313,30.21,Medium,Monitor,Open,[],No IOC Match,Unknown,False
8226,EVT06612,30.21,Medium,Monitor,Open,[],No IOC Match,Unknown,False
8227,EVT09538,30.21,Medium,Monitor,Open,[],No IOC Match,Unknown,False
8228,EVT09673,30.21,Medium,Monitor,Open,[],No IOC Match,Unknown,False
8229,EVT01382,30.2,Medium,Monitor,Open,['Multiple failed login attempts'],No IOC Match,Unknown,False
8230,EVT08058,30.2,Medium,Monitor,Open,[],No IOC Match,Unknown,False
8231,EVT02152,30.19,Medium,Monitor,Open,[],No IOC Match,Unknown,False
8232,EVT05168,30.19,Medium,Monitor,Open,[],No IOC Match,Unknown,False
8233,EVT05409,30.19,Medium,Monitor,Open,[],No IOC Match,Unknown,False
8234,EVT05649,30.19,Medium,Monitor,Open,[],No IOC Match,Unknown,False
8235,EVT09109,30.19,Medium,Monitor,Open,[],No IOC Match,Unknown,False
8236,EVT03578,30.18,Medium,Monitor,Open,[],No IOC Match,Unknown,False
8237,EVT09295,30.18,Medium,Monitor,Open,[],No IOC Match,Unknown,False
8238,EVT00735,30.17,Medium,Monitor,Open,[],No IOC Match,Unknown,False
8239,EVT01156,30.17,Medium,Monitor,Open,[],No IOC Match,Unknown,False
8240,EVT01593,30.17,Medium,Monitor,Open,[],No IOC Match,Unknown,False
8241,EVT00160,30.16,Medium,Monitor,Open,[],No IOC Match,Unknown,False
8242,EVT04781,30.16,Medium,Monitor,Open,[],No IOC Match,Unknown,False
8243,EVT05177,30.15,Medium,Monitor,Open,['Multiple failed login attempts'],No IOC Match,Unknown,False
8244,EVT05912,30.15,Medium,Monitor,Open,[],No IOC Match,Unknown,False
8245,EVT01952,30.14,Medium,Monitor,Open,[],No IOC Match,Unknown,False
8246,EVT02393,30.14,Medium,Monitor,Open,[],No IOC Match,Unknown,False
8247,EVT05798,30.14,Medium,Monitor,Open,['Multiple failed login attempts'],No IOC Match,Unknown,False
8248,EVT05993,30.14,Medium,Monitor,Open,[],No IOC Match,Unknown,False
8249,EVT06094,30.14,Medium,Monitor,Open,[],No IOC Match,Medium,True
8250,EVT08495,30.14,Medium,Monitor,Open,[],No IOC Match,Unknown,False
8251,EVT01629,30.13,Medium,Monitor,Open,[],No IOC Match,Unknown,False
8252,EVT02190,30.13,Medium,Monitor,Open,[],No IOC Match,Unknown,False
8253,EVT09798,30.13,Medium,Monitor,Open,[],No IOC Match,Unknown,False
8254,EVT00579,30.12,Medium,Monitor,Open,[],No IOC Match,Unknown,False
8255,EVT03549,30.1,Medium,Monitor,Open,[],No IOC Match,Unknown,False
8256,EVT04663,30.09,Medium,Monitor,Open,[],No IOC Match,Unknown,False
8257,EVT01467,30.07,Medium,Monitor,Open,[],No IOC Match,Unknown,False
8258,EVT02982,30.07,Medium,Monitor,Open,[],No IOC Match,Unknown,False
8259,EVT03779,30.07,Medium,Monitor,Open,[],No IOC Match,Unknown,False
8260,EVT03983,30.07,Medium,Monitor,Open,[],No IOC Match,Unknown,False
8261,EVT08089,30.07,Medium,Monitor,Open,[],No IOC Match,Unknown,False
8262,EVT08395,30.07,Medium,Monitor,Open,[],No IOC Match,Unknown,False
8263,EVT07069,30.06,Medium,Monitor,Open,[],No IOC Match,Unknown,False
8264,EVT08952,30.06,Medium,Monitor,Open,[],No IOC Match,Unknown,False
8265,EVT00223,30.05,Medium,Monitor,Open,['Multiple failed login attempts'],No IOC Match,Unknown,False
8266,EVT02201,30.05,Medium,Monitor,Open,[],No IOC Match,Unknown,False
8267,EVT04613,30.05,Medium,Monitor,Open,[],No IOC Match,Unknown,False
8268,EVT07195,30.05,Medium,Monitor,Open,[],No IOC Match,Unknown,False
8269,EVT07588,30.04,Medium,Monitor,Open,[],No IOC Match,Unknown,False
8270,EVT09804,30.04,Medium,Monitor,Open,[],No IOC Match,Unknown,False
8271,EVT09077,30.03,Medium,Monitor,Open,[],No IOC Match,Unknown,False
8272,EVT09643,30.03,Medium,Monitor,Open,[],No IOC Match,Unknown,False
8273,EVT02906,30.02,Medium,Monitor,Open,[],No IOC Match,Unknown,False
8274,EVT05886,30.02,Medium,Monitor,Open,[],No IOC Match,Unknown,False
8275,EVT06707,30.02,Medium,Monitor,Open,['Multiple failed login attempts'],No IOC Match,Unknown,False
8276,EVT09051,30.02,Medium,Monitor,Open,[],No IOC Match,Unknown,False
8277,EVT05584,30.01,Medium,Monitor,Open,[],No IOC Match,Unknown,False
8278,EVT07858,30.01,Medium,Monitor,Open,[],No IOC Match,Low,True
8279,EVT01025,30.0,Medium,Monitor,Open,[],No IOC Match,Unknown,False
8280,EVT00745,29.99,Medium,Monitor,Open,[],No IOC Match,Unknown,False
8281,EVT04803,29.99,Medium,Monitor,Open,[],No IOC Match,Unknown,False
8282,EVT07813,29.99,Medium,Monitor,Open,[],No IOC Match,Unknown,False
8283,EVT08632,29.99,Medium,Monitor,Open,[],No IOC Match,Unknown,False
8284,EVT02539,29.98,Medium,Monitor,Open,[],No IOC Match,Unknown,False
8285,EVT04537,29.98,Medium,Monitor,Open,[],No IOC Match,Unknown,False
8286,EVT06972,29.98,Medium,Monitor,Open,[],No IOC Match,Unknown,False
8287,EVT08172,29.98,Medium,Monitor,Open,[],No IOC Match,Unknown,False
8288,EVT02352,29.97,Medium,Monitor,Open,[],No IOC Match,Unknown,False
8289,EVT08775,29.96,Medium,Monitor,Open,[],No IOC Match,Unknown,False
8290,EVT00549,29.95,Medium,Monitor,Open,[],No IOC Match,Unknown,False
8291,EVT01791,29.95,Medium,Monitor,Open,[],No IOC Match,Unknown,False
8292,EVT03186,29.95,Medium,Monitor,Open,[],No IOC Match,Unknown,False
8293,EVT08088,29.95,Medium,Monitor,Open,['Multiple failed login attempts'],No IOC Match,Unknown,False
8294,EVT02240,29.94,Medium,Monitor,Open,[],No IOC Match,Unknown,False
8295,EVT07810,29.94,Medium,Monitor,Open,[],No IOC Match,Unknown,False
8296,EVT00762,29.93,Medium,Monitor,Open,[],No IOC Match,Unknown,False
8297,EVT02067,29.92,Medium,Monitor,Open,[],No IOC Match,Unknown,False
8298,EVT06938,29.92,Medium,Monitor,Open,[],No IOC Match,Unknown,False
8299,EVT04953,29.91,Medium,Monitor,Open,[],No IOC Match,Unknown,False
8300,EVT07991,29.91,Medium,Monitor,Open,[],No IOC Match,Unknown,False
8301,EVT08012,29.91,Medium,Monitor,Open,[],No IOC Match,Unknown,False
8302,EVT00008,29.9,Medium,Monitor,Open,[],No IOC Match,Medium,True
8303,EVT03022,29.9,Medium,Monitor,Open,[],No IOC Match,Unknown,False
8304,EVT07544,29.89,Medium,Monitor,Open,[],No IOC Match,Unknown,False
8305,EVT05503,29.88,Medium,Monitor,Open,[],No IOC Match,Unknown,False
8306,EVT09698,29.88,Medium,Monitor,Open,[],No IOC Match,Unknown,False
8307,EVT02381,29.87,Medium,Monitor,Open,[],No IOC Match,Unknown,False
8308,EVT05222,29.87,Medium,Monitor,Open,['Multiple failed login attempts'],No IOC Match,Unknown,False
8309,EVT07374,29.85,Medium,Monitor,Open,[],No IOC Match,Unknown,False
8310,EVT09095,29.85,Medium,Monitor,Open,[],No IOC Match,Unknown,False
8311,EVT03519,29.84,Medium,Monitor,Open,[],No IOC Match,Unknown,False
8312,EVT03044,29.83,Medium,Monitor,Open,[],No IOC Match,Unknown,False
8313,EVT01735,29.82,Medium,Monitor,Open,[],No IOC Match,Low,True
8314,EVT03242,29.82,Medium,Monitor,Open,[],No IOC Match,Unknown,False
8315,EVT03423,29.82,Medium,Monitor,Open,[],No IOC Match,Unknown,False
8316,EVT01842,29.81,Medium,Monitor,Open,[],No IOC Match,Unknown,False
8317,EVT02040,29.81,Medium,Monitor,Open,[],No IOC Match,Unknown,False
8318,EVT03358,29.8,Medium,Monitor,Open,[],No IOC Match,Unknown,False
8319,EVT03477,29.8,Medium,Monitor,Open,[],No IOC Match,Unknown,False
8320,EVT05694,29.8,Medium,Monitor,Open,[],No IOC Match,Unknown,False
8321,EVT08670,29.8,Medium,Monitor,Open,[],No IOC Match,Unknown,False
8322,EVT00860,29.79,Medium,Monitor,Open,[],No IOC Match,Unknown,False
8323,EVT02481,29.79,Medium,Monitor,Open,['Multiple failed login attempts'],No IOC Match,Low,True
8324,EVT05118,29.79,Medium,Monitor,Open,[],No IOC Match,Unknown,False
8325,EVT03021,29.78,Medium,Monitor,Open,[],No IOC Match,Unknown,False
8326,EVT08028,29.78,Medium,Monitor,Open,[],No IOC Match,Unknown,False
8327,EVT00716,29.77,Medium,Monitor,Open,[],No IOC Match,Unknown,False
8328,EVT04278,29.77,Medium,Monitor,Open,[],No IOC Match,Unknown,False
8329,EVT07566,29.77,Medium,Monitor,Open,[],No IOC Match,Unknown,False
8330,EVT02832,29.76,Medium,Monitor,Open,['Multiple failed login attempts'],No IOC Match,Unknown,False
8331,EVT03012,29.76,Medium,Monitor,Open,[],No IOC Match,High,True
8332,EVT09881,29.76,Medium,Monitor,Open,[],No IOC Match,Unknown,False
8333,EVT07117,29.75,Medium,Monitor,Open,['Multiple failed login attempts'],No IOC Match,Unknown,False
8334,EVT08643,29.75,Medium,Monitor,Open,['Multiple failed login attempts'],No IOC Match,Unknown,False
8335,EVT00290,29.74,Medium,Monitor,Open,[],No IOC Match,Unknown,False
8336,EVT01308,29.74,Medium,Monitor,Open,[],No IOC Match,Unknown,False
8337,EVT03373,29.73,Medium,Monitor,Open,[],No IOC Match,Unknown,False
8338,EVT04667,29.73,Medium,Monitor,Open,[],No IOC Match,Unknown,False
8339,EVT07549,29.73,Medium,Monitor,Open,[],No IOC Match,Unknown,False
8340,EVT01002,29.72,Medium,Monitor,Open,[],No IOC Match,Unknown,False
8341,EVT00826,29.71,Medium,Monitor,Open,[],No IOC Match,Unknown,False
8342,EVT03036,29.71,Medium,Monitor,Open,[],No IOC Match,Unknown,False
8343,EVT08853,29.71,Medium,Monitor,Open,[],No IOC Match,Unknown,False
8344,EVT05007,29.7,Medium,Monitor,Open,[],No IOC Match,Unknown,False
8345,EVT04151,29.69,Medium,Monitor,Open,[],No IOC Match,Unknown,False
8346,EVT04367,29.69,Medium,Monitor,Open,[],No IOC Match,Unknown,False
8347,EVT00495,29.68,Medium,Monitor,Open,['Multiple failed login attempts'],No IOC Match,Unknown,False
8348,EVT05864,29.68,Medium,Monitor,Open,[],No IOC Match,Unknown,False
8349,EVT04169,29.67,Medium,Monitor,Open,[],No IOC Match,Unknown,False
8350,EVT02490,29.66,Medium,Monitor,Open,[],No IOC Match,Unknown,False
8351,EVT01081,29.65,Medium,Monitor,Open,[],No IOC Match,Unknown,False
8352,EVT02332,29.65,Medium,Monitor,Open,[],No IOC Match,Unknown,False
8353,EVT02913,29.65,Medium,Monitor,Open,[],No IOC Match,Unknown,False
8354,EVT03528,29.64,Medium,Monitor,Open,[],No IOC Match,Unknown,False
8355,EVT06734,29.64,Medium,Monitor,Open,[],No IOC Match,Unknown,False
8356,EVT04293,29.63,Medium,Monitor,Open,[],No IOC Match,Unknown,False
8357,EVT07394,29.63,Medium,Monitor,Open,[],No IOC Match,Unknown,False
8358,EVT04888,29.62,Medium,Monitor,Open,[],No IOC Match,Unknown,False
8359,EVT08897,29.62,Medium,Monitor,Open,[],No IOC Match,Unknown,False
8360,EVT09196,29.62,Medium,Monitor,Open,[],No IOC Match,Unknown,False
8361,EVT01920,29.61,Medium,Monitor,Open,[],No IOC Match,Unknown,False
8362,EVT02360,29.61,Medium,Monitor,Open,[],No IOC Match,Unknown,False
8363,EVT06812,29.61,Medium,Monitor,Open,[],No IOC Match,Unknown,False
8364,EVT08558,29.61,Medium,Monitor,Open,[],No IOC Match,Unknown,False
8365,EVT06632,29.6,Medium,Monitor,Open,[],No IOC Match,Unknown,False
8366,EVT09506,29.6,Medium,Monitor,Open,[],No IOC Match,Unknown,False
8367,EVT05262,29.58,Medium,Monitor,Open,[],No IOC Match,Unknown,False
8368,EVT08886,29.58,Medium,Monitor,Open,['Multiple failed login attempts'],No IOC Match,Unknown,False
8369,EVT05276,29.57,Medium,Monitor,Open,[],No IOC Match,Unknown,False
8370,EVT05802,29.57,Medium,Monitor,Open,[],No IOC Match,Unknown,False
8371,EVT06044,29.56,Medium,Monitor,Open,[],No IOC Match,Unknown,False
8372,EVT01435,29.55,Medium,Monitor,Open,[],No IOC Match,Unknown,False
8373,EVT09737,29.54,Medium,Monitor,Open,[],No IOC Match,Unknown,False
8374,EVT09825,29.54,Medium,Monitor,Open,[],No IOC Match,Unknown,False
8375,EVT03548,29.53,Medium,Monitor,Open,[],No IOC Match,Unknown,False
8376,EVT06760,29.53,Medium,Monitor,Open,[],No IOC Match,Medium,True
8377,EVT05615,29.52,Medium,Monitor,Open,[],No IOC Match,Unknown,False
8378,EVT02969,29.5,Medium,Monitor,Open,[],No IOC Match,Unknown,False
8379,EVT06125,29.5,Medium,Monitor,Open,[],No IOC Match,Unknown,False
8380,EVT00935,29.48,Medium,Monitor,Open,[],No IOC Match,Unknown,False
8381,EVT00949,29.48,Medium,Monitor,Open,[],No IOC Match,Unknown,False
8382,EVT01995,29.48,Medium,Monitor,Open,[],No IOC Match,Unknown,False
8383,EVT04640,29.48,Medium,Monitor,Open,[],No IOC Match,Unknown,False
8384,EVT09919,29.48,Medium,Monitor,Open,[],No IOC Match,Unknown,False
8385,EVT02148,29.47,Medium,Monitor,Open,[],No IOC Match,Unknown,False
8386,EVT05000,29.47,Medium,Monitor,Open,[],No IOC Match,Unknown,False
8387,EVT05804,29.47,Medium,Monitor,Open,[],No IOC Match,Unknown,False
8388,EVT08076,29.46,Medium,Monitor,Open,[],No IOC Match,Unknown,False
8389,EVT03243,29.45,Medium,Monitor,Open,[],No IOC Match,Unknown,False
8390,EVT03699,29.43,Medium,Monitor,Open,['Multiple failed login attempts'],No IOC Match,Unknown,False
8391,EVT06242,29.43,Medium,Monitor,Open,[],No IOC Match,Medium,True
8392,EVT08443,29.43,Medium,Monitor,Open,[],No IOC Match,Unknown,False
8393,EVT03764,29.42,Medium,Monitor,Open,[],No IOC Match,Unknown,False
8394,EVT04056,29.42,Medium,Monitor,Open,[],No IOC Match,High,True
8395,EVT06264,29.42,Medium,Monitor,Open,[],No IOC Match,Unknown,False
8396,EVT05271,29.41,Medium,Monitor,Open,[],No IOC Match,Unknown,False
8397,EVT08094,29.41,Medium,Monitor,Open,[],No IOC Match,Unknown,False
8398,EVT02128,29.4,Medium,Monitor,Open,[],No IOC Match,Unknown,False
8399,EVT06511,29.39,Medium,Monitor,Open,[],No IOC Match,Unknown,False
8400,EVT06680,29.39,Medium,Monitor,Open,[],No IOC Match,Unknown,False
8401,EVT01163,29.38,Medium,Monitor,Open,['Multiple failed login attempts'],No IOC Match,Unknown,False
8402,EVT09094,29.38,Medium,Monitor,Open,[],No IOC Match,Unknown,False
8403,EVT00932,29.37,Medium,Monitor,Open,[],No IOC Match,Unknown,False
8404,EVT03172,29.36,Medium,Monitor,Open,[],No IOC Match,Unknown,False
8405,EVT02407,29.34,Medium,Monitor,Open,[],No IOC Match,Unknown,False
8406,EVT02080,29.33,Medium,Monitor,Open,['Multiple failed login attempts'],No IOC Match,Unknown,False
8407,EVT02866,29.33,Medium,Monitor,Open,[],No IOC Match,Unknown,False
8408,EVT03047,29.33,Medium,Monitor,Open,[],No IOC Match,Unknown,False
8409,EVT06962,29.33,Medium,Monitor,Open,[],No IOC Match,Unknown,False
8410,EVT08871,29.33,Medium,Monitor,Open,[],No IOC Match,Unknown,False
8411,EVT09164,29.33,Medium,Monitor,Open,[],No IOC Match,Unknown,False
8412,EVT09768,29.33,Medium,Monitor,Open,[],No IOC Match,Unknown,False
8413,EVT03454,29.32,Medium,Monitor,Open,[],No IOC Match,Unknown,False
8414,EVT00637,29.31,Medium,Monitor,Open,[],No IOC Match,Unknown,False
8415,EVT03847,29.31,Medium,Monitor,Open,['Multiple failed login attempts'],No IOC Match,Unknown,False
8416,EVT08361,29.31,Medium,Monitor,Open,[],No IOC Match,Unknown,False
8417,EVT08466,29.31,Medium,Monitor,Open,[],No IOC Match,Unknown,False
8418,EVT01698,29.3,Medium,Monitor,Open,[],No IOC Match,Low,True
8419,EVT06845,29.3,Medium,Monitor,Open,[],No IOC Match,Unknown,False
8420,EVT08278,29.3,Medium,Monitor,Open,[],No IOC Match,Unknown,False
8421,EVT09615,29.3,Medium,Monitor,Open,[],No IOC Match,Unknown,False
8422,EVT00613,29.29,Medium,Monitor,Open,[],No IOC Match,Unknown,False
8423,EVT01295,29.28,Medium,Monitor,Open,[],No IOC Match,Unknown,False
8424,EVT06277,29.28,Medium,Monitor,Open,[],No IOC Match,Unknown,False
8425,EVT08008,29.28,Medium,Monitor,Open,['Multiple failed login attempts'],No IOC Match,Unknown,False
8426,EVT05221,29.27,Medium,Monitor,Open,[],No IOC Match,Unknown,False
8427,EVT09915,29.27,Medium,Monitor,Open,[],No IOC Match,Unknown,False
8428,EVT03374,29.26,Medium,Monitor,Open,[],No IOC Match,Unknown,False
8429,EVT03802,29.26,Medium,Monitor,Open,[],No IOC Match,Unknown,False
8430,EVT00958,29.25,Medium,Monitor,Open,[],No IOC Match,Unknown,False
8431,EVT03130,29.25,Medium,Monitor,Open,[],No IOC Match,Unknown,False
8432,EVT00701,29.24,Medium,Monitor,Open,[],No IOC Match,Unknown,False
8433,EVT06147,29.24,Medium,Monitor,Open,[],No IOC Match,Unknown,False
8434,EVT09924,29.24,Medium,Monitor,Open,[],No IOC Match,Unknown,False
8435,EVT03366,29.23,Medium,Monitor,Open,[],No IOC Match,Unknown,False
8436,EVT01274,29.22,Medium,Monitor,Open,[],No IOC Match,Unknown,False
8437,EVT09227,29.22,Medium,Monitor,Open,[],No IOC Match,Unknown,False
8438,EVT02483,29.21,Medium,Monitor,Open,[],No IOC Match,Unknown,False
8439,EVT04568,29.21,Medium,Monitor,Open,[],No IOC Match,Unknown,False
8440,EVT04774,29.21,Medium,Monitor,Open,[],No IOC Match,Unknown,False
8441,EVT07731,29.2,Medium,Monitor,Open,[],No IOC Match,Unknown,False
8442,EVT09015,29.2,Medium,Monitor,Open,[],No IOC Match,Unknown,False
8443,EVT05511,29.19,Medium,Monitor,Open,[],No IOC Match,Unknown,False
8444,EVT07342,29.18,Medium,Monitor,Open,[],No IOC Match,Unknown,False
8445,EVT08159,29.18,Medium,Monitor,Open,[],No IOC Match,Unknown,False
8446,EVT09018,29.18,Medium,Monitor,Open,[],No IOC Match,Unknown,False
8447,EVT00022,29.17,Medium,Monitor,Open,[],No IOC Match,Unknown,False
8448,EVT00323,29.17,Medium,Monitor,Open,[],No IOC Match,Unknown,False
8449,EVT03123,29.17,Medium,Monitor,Open,[],No IOC Match,Unknown,False
8450,EVT06808,29.17,Medium,Monitor,Open,[],No IOC Match,Unknown,False
8451,EVT07444,29.17,Medium,Monitor,Open,[],No IOC Match,Unknown,False
8452,EVT00481,29.16,Medium,Monitor,Open,[],No IOC Match,Unknown,False
8453,EVT09784,29.15,Medium,Monitor,Open,[],No IOC Match,Unknown,False
8454,EVT05355,29.14,Medium,Monitor,Open,[],No IOC Match,Unknown,False
8455,EVT02312,29.09,Medium,Monitor,Open,[],No IOC Match,Unknown,False
8456,EVT03129,29.09,Medium,Monitor,Open,[],No IOC Match,Unknown,False
8457,EVT07178,29.09,Medium,Monitor,Open,[],No IOC Match,Unknown,False
8458,EVT00952,29.08,Medium,Monitor,Open,[],No IOC Match,Unknown,False
8459,EVT06251,29.08,Medium,Monitor,Open,[],No IOC Match,Unknown,False
8460,EVT06481,29.08,Medium,Monitor,Open,[],No IOC Match,Unknown,False
8461,EVT08427,29.08,Medium,Monitor,Open,[],No IOC Match,Unknown,False
8462,EVT05744,29.07,Medium,Monitor,Open,[],No IOC Match,Medium,True
8463,EVT02803,29.06,Medium,Monitor,Open,[],No IOC Match,Unknown,False
8464,EVT04846,29.06,Medium,Monitor,Open,[],No IOC Match,Unknown,False
8465,EVT01745,29.05,Medium,Monitor,Open,[],No IOC Match,Unknown,False
8466,EVT02541,29.04,Medium,Monitor,Open,[],No IOC Match,Unknown,False
8467,EVT02840,29.04,Medium,Monitor,Open,[],No IOC Match,Unknown,False
8468,EVT07172,29.03,Medium,Monitor,Open,['Multiple failed login attempts'],No IOC Match,Unknown,False
8469,EVT07707,29.03,Medium,Monitor,Open,[],No IOC Match,Unknown,False
8470,EVT08297,29.03,Medium,Monitor,Open,['Multiple failed login attempts'],No IOC Match,Unknown,False
8471,EVT08991,29.03,Medium,Monitor,Open,['Multiple failed login attempts'],No IOC Match,Unknown,False
8472,EVT09436,29.03,Medium,Monitor,Open,[],No IOC Match,Unknown,False
8473,EVT08034,29.02,Medium,Monitor,Open,[],No IOC Match,Unknown,False
8474,EVT02817,29.01,Medium,Monitor,Open,[],No IOC Match,Unknown,False
8475,EVT03679,29.01,Medium,Monitor,Open,[],No IOC Match,Unknown,False
8476,EVT06303,29.0,Medium,Monitor,Open,[],No IOC Match,Unknown,False
8477,EVT08442,29.0,Medium,Monitor,Open,[],No IOC Match,Unknown,False
8478,EVT03024,28.99,Medium,Monitor,Open,[],No IOC Match,Unknown,False
8479,EVT04026,28.99,Medium,Monitor,Open,[],No IOC Match,Unknown,False
8480,EVT04961,28.99,Medium,Monitor,Open,[],No IOC Match,Unknown,False
8481,EVT03290,28.98,Medium,Monitor,Open,[],No IOC Match,Unknown,False
8482,EVT03324,28.98,Medium,Monitor,Open,[],No IOC Match,Unknown,False
8483,EVT08277,28.97,Medium,Monitor,Open,['Multiple failed login attempts'],No IOC Match,Unknown,False
8484,EVT08887,28.97,Medium,Monitor,Open,['Multiple failed login attempts'],No IOC Match,Unknown,False
8485,EVT00976,28.96,Medium,Monitor,Open,[],No IOC Match,Unknown,False
8486,EVT03196,28.96,Medium,Monitor,Open,[],No IOC Match,Unknown,False
8487,EVT07181,28.96,Medium,Monitor,Open,['Multiple failed login attempts'],No IOC Match,Unknown,False
8488,EVT05291,28.95,Medium,Monitor,Open,['Multiple failed login attempts'],No IOC Match,Unknown,False
8489,EVT07484,28.95,Medium,Monitor,Open,[],No IOC Match,Unknown,False
8490,EVT02985,28.94,Medium,Monitor,Open,[],No IOC Match,Unknown,False
8491,EVT06041,28.94,Medium,Monitor,Open,[],No IOC Match,Unknown,False
8492,EVT08899,28.94,Medium,Monitor,Open,[],No IOC Match,Unknown,False
8493,EVT00269,28.93,Medium,Monitor,Open,['Multiple failed login attempts'],No IOC Match,Unknown,False
8494,EVT09920,28.93,Medium,Monitor,Open,[],No IOC Match,Unknown,False
8495,EVT02375,28.91,Medium,Monitor,Open,[],No IOC Match,Unknown,False
8496,EVT03400,28.9,Medium,Monitor,Open,[],No IOC Match,Unknown,False
8497,EVT04623,28.9,Medium,Monitor,Open,[],No IOC Match,Unknown,False
8498,EVT06425,28.9,Medium,Monitor,Open,[],No IOC Match,Unknown,False
8499,EVT05876,28.89,Medium,Monitor,Open,[],No IOC Match,Unknown,False
8500,EVT00912,28.88,Medium,Monitor,Open,[],No IOC Match,Medium,True
8501,EVT01772,28.88,Medium,Monitor,Open,[],No IOC Match,Unknown,False
8502,EVT05278,28.88,Medium,Monitor,Open,[],No IOC Match,Unknown,False
8503,EVT07079,28.87,Medium,Monitor,Open,[],No IOC Match,Unknown,False
8504,EVT07358,28.87,Medium,Monitor,Open,[],No IOC Match,Unknown,False
8505,EVT09791,28.87,Medium,Monitor,Open,[],No IOC Match,Medium,True
8506,EVT02087,28.86,Medium,Monitor,Open,[],No IOC Match,Unknown,False
8507,EVT04580,28.86,Medium,Monitor,Open,[],No IOC Match,Unknown,False
8508,EVT08179,28.86,Medium,Monitor,Open,[],No IOC Match,Unknown,False
8509,EVT05927,28.85,Medium,Monitor,Open,[],No IOC Match,Unknown,False
8510,EVT06349,28.84,Medium,Monitor,Open,[],No IOC Match,Unknown,False
8511,EVT07824,28.84,Medium,Monitor,Open,[],No IOC Match,Unknown,False
8512,EVT08637,28.84,Medium,Monitor,Open,[],No IOC Match,Unknown,False
8513,EVT01492,28.81,Medium,Monitor,Open,[],No IOC Match,Unknown,False
8514,EVT04792,28.81,Medium,Monitor,Open,[],No IOC Match,Unknown,False
8515,EVT05677,28.8,Medium,Monitor,Open,[],No IOC Match,Unknown,False
8516,EVT03119,28.79,Medium,Monitor,Open,[],No IOC Match,Unknown,False
8517,EVT06288,28.79,Medium,Monitor,Open,[],No IOC Match,Unknown,False
8518,EVT09761,28.78,Medium,Monitor,Open,[],No IOC Match,Unknown,False
8519,EVT09837,28.78,Medium,Monitor,Open,[],No IOC Match,Unknown,False
8520,EVT09910,28.78,Medium,Monitor,Open,[],No IOC Match,Unknown,False
8521,EVT00284,28.77,Medium,Monitor,Open,[],No IOC Match,Unknown,False
8522,EVT02929,28.77,Medium,Monitor,Open,[],No IOC Match,Unknown,False
8523,EVT02956,28.77,Medium,Monitor,Open,[],No IOC Match,Unknown,False
8524,EVT07644,28.77,Medium,Monitor,Open,[],No IOC Match,Unknown,False
8525,EVT08068,28.77,Medium,Monitor,Open,[],No IOC Match,Unknown,False
8526,EVT02922,28.76,Medium,Monitor,Open,['Multiple failed login attempts'],No IOC Match,Unknown,False
8527,EVT01366,28.75,Medium,Monitor,Open,[],No IOC Match,Unknown,False
8528,EVT08081,28.75,Medium,Monitor,Open,[],No IOC Match,Unknown,False
8529,EVT00395,28.74,Medium,Monitor,Open,[],No IOC Match,Unknown,False
8530,EVT05746,28.74,Medium,Monitor,Open,[],No IOC Match,Unknown,False
8531,EVT09809,28.74,Medium,Monitor,Open,['Multiple failed login attempts'],No IOC Match,Unknown,False
8532,EVT06509,28.73,Medium,Monitor,Open,[],No IOC Match,Unknown,False
8533,EVT07790,28.73,Medium,Monitor,Open,[],No IOC Match,Unknown,False
8534,EVT05872,28.72,Medium,Monitor,Open,[],No IOC Match,Unknown,False
8535,EVT06526,28.72,Medium,Monitor,Open,[],No IOC Match,Unknown,False
8536,EVT07833,28.72,Medium,Monitor,Open,[],No IOC Match,Unknown,False
8537,EVT09004,28.72,Medium,Monitor,Open,[],No IOC Match,Unknown,False
8538,EVT00968,28.7,Medium,Monitor,Open,[],No IOC Match,Unknown,False
8539,EVT01719,28.69,Medium,Monitor,Open,[],No IOC Match,Unknown,False
8540,EVT03417,28.69,Medium,Monitor,Open,[],No IOC Match,Unknown,False
8541,EVT03480,28.69,Medium,Monitor,Open,[],No IOC Match,Unknown,False
8542,EVT04771,28.69,Medium,Monitor,Open,[],No IOC Match,Unknown,False
8543,EVT05825,28.69,Medium,Monitor,Open,[],No IOC Match,Unknown,False
8544,EVT05957,28.69,Medium,Monitor,Open,[],No IOC Match,Unknown,False
8545,EVT07098,28.69,Medium,Monitor,Open,[],No IOC Match,Unknown,False
8546,EVT09367,28.69,Medium,Monitor,Open,[],No IOC Match,Unknown,False
8547,EVT06356,28.68,Medium,Monitor,Open,[],No IOC Match,Unknown,False
8548,EVT07842,28.68,Medium,Monitor,Open,[],No IOC Match,Unknown,False
8549,EVT03089,28.67,Medium,Monitor,Open,[],No IOC Match,Unknown,False
8550,EVT03520,28.67,Medium,Monitor,Open,[],No IOC Match,Unknown,False
8551,EVT08683,28.67,Medium,Monitor,Open,[],No IOC Match,Medium,True
8552,EVT00392,28.66,Medium,Monitor,Open,[],No IOC Match,Unknown,False
8553,EVT01749,28.66,Medium,Monitor,Open,[],No IOC Match,Unknown,False
8554,EVT06540,28.66,Medium,Monitor,Open,[],No IOC Match,Unknown,False
8555,EVT07651,28.66,Medium,Monitor,Open,[],No IOC Match,Unknown,False
8556,EVT02805,28.65,Medium,Monitor,Open,[],No IOC Match,Unknown,False
8557,EVT04383,28.65,Medium,Monitor,Open,[],No IOC Match,Unknown,False
8558,EVT06412,28.64,Medium,Monitor,Open,[],No IOC Match,Unknown,False
8559,EVT07121,28.64,Medium,Monitor,Open,[],No IOC Match,Unknown,False
8560,EVT02253,28.63,Medium,Monitor,Open,[],No IOC Match,Unknown,False
8561,EVT03416,28.63,Medium,Monitor,Open,[],No IOC Match,Unknown,False
8562,EVT03856,28.62,Medium,Monitor,Open,[],No IOC Match,Unknown,False
8563,EVT00838,28.6,Medium,Monitor,Open,[],No IOC Match,Unknown,False
8564,EVT02675,28.6,Medium,Monitor,Open,['Multiple failed login attempts'],No IOC Match,Unknown,False
8565,EVT00786,28.59,Medium,Monitor,Open,[],No IOC Match,Unknown,False
8566,EVT02068,28.59,Medium,Monitor,Open,[],No IOC Match,Unknown,False
8567,EVT04029,28.59,Medium,Monitor,Open,[],No IOC Match,Unknown,False
8568,EVT05268,28.59,Medium,Monitor,Open,[],No IOC Match,Unknown,False
8569,EVT01203,28.58,Medium,Monitor,Open,[],No IOC Match,Unknown,False
8570,EVT05454,28.58,Medium,Monitor,Open,[],No IOC Match,Unknown,False
8571,EVT06754,28.58,Medium,Monitor,Open,[],No IOC Match,Unknown,False
8572,EVT07607,28.57,Medium,Monitor,Open,[],No IOC Match,Unknown,False
8573,EVT08843,28.57,Medium,Monitor,Open,[],No IOC Match,Unknown,False
8574,EVT09034,28.57,Medium,Monitor,Open,[],No IOC Match,Unknown,False
8575,EVT00373,28.55,Medium,Monitor,Open,[],No IOC Match,Unknown,False
8576,EVT05115,28.54,Medium,Monitor,Open,[],No IOC Match,Unknown,False
8577,EVT09894,28.54,Medium,Monitor,Open,[],No IOC Match,Unknown,False
8578,EVT04010,28.53,Medium,Monitor,Open,[],No IOC Match,Unknown,False
8579,EVT08227,28.53,Medium,Monitor,Open,[],No IOC Match,Unknown,False
8580,EVT00681,28.52,Medium,Monitor,Open,[],No IOC Match,Unknown,False
8581,EVT06146,28.48,Medium,Monitor,Open,[],No IOC Match,Unknown,False
8582,EVT02367,28.47,Medium,Monitor,Open,[],No IOC Match,Unknown,False
8583,EVT08945,28.47,Medium,Monitor,Open,[],No IOC Match,Unknown,False
8584,EVT07155,28.46,Medium,Monitor,Open,[],No IOC Match,Unknown,False
8585,EVT02921,28.45,Medium,Monitor,Open,[],No IOC Match,Unknown,False
8586,EVT03332,28.45,Medium,Monitor,Open,[],No IOC Match,Unknown,False
8587,EVT02372,28.44,Medium,Monitor,Open,[],No IOC Match,Unknown,False
8588,EVT09383,28.44,Medium,Monitor,Open,[],No IOC Match,Unknown,False
8589,EVT09669,28.43,Medium,Monitor,Open,[],No IOC Match,Unknown,False
8590,EVT07277,28.42,Medium,Monitor,Open,['Multiple failed login attempts'],No IOC Match,Unknown,False
8591,EVT03751,28.41,Medium,Monitor,Open,[],No IOC Match,Unknown,False
8592,EVT05344,28.41,Medium,Monitor,Open,[],No IOC Match,Unknown,False
8593,EVT09974,28.41,Medium,Monitor,Open,['Multiple failed login attempts'],No IOC Match,Unknown,False
8594,EVT08939,28.39,Medium,Monitor,Open,[],No IOC Match,Unknown,False
8595,EVT02862,28.38,Medium,Monitor,Open,['Multiple failed login attempts'],No IOC Match,Unknown,False
8596,EVT00985,28.37,Medium,Monitor,Open,[],No IOC Match,Unknown,False
8597,EVT05866,28.37,Medium,Monitor,Open,['Multiple failed login attempts'],No IOC Match,Unknown,False
8598,EVT08512,28.37,Medium,Monitor,Open,[],No IOC Match,Unknown,False
8599,EVT08835,28.37,Medium,Monitor,Open,[],No IOC Match,Unknown,False
8600,EVT09317,28.37,Medium,Monitor,Open,[],No IOC Match,Unknown,False
8601,EVT08989,28.35,Medium,Monitor,Open,[],No IOC Match,Unknown,False
8602,EVT02343,28.33,Medium,Monitor,Open,[],No IOC Match,Unknown,False
8603,EVT02611,28.33,Medium,Monitor,Open,[],No IOC Match,Unknown,False
8604,EVT06840,28.33,Medium,Monitor,Open,[],No IOC Match,Unknown,False
8605,EVT05394,28.32,Medium,Monitor,Open,[],No IOC Match,Unknown,False
8606,EVT07169,28.32,Medium,Monitor,Open,[],No IOC Match,Unknown,False
8607,EVT06229,28.29,Medium,Monitor,Open,[],No IOC Match,Unknown,False
8608,EVT02897,28.28,Medium,Monitor,Open,[],No IOC Match,Unknown,False
8609,EVT03504,28.28,Medium,Monitor,Open,[],No IOC Match,Unknown,False
8610,EVT05404,28.28,Medium,Monitor,Open,[],No IOC Match,Unknown,False
8611,EVT08577,28.28,Medium,Monitor,Open,[],No IOC Match,Unknown,False
8612,EVT01460,28.26,Medium,Monitor,Open,[],No IOC Match,Medium,True
8613,EVT03397,28.26,Medium,Monitor,Open,[],No IOC Match,Unknown,False
8614,EVT09313,28.26,Medium,Monitor,Open,[],No IOC Match,Unknown,False
8615,EVT00348,28.25,Medium,Monitor,Open,[],No IOC Match,Unknown,False
8616,EVT04765,28.25,Medium,Monitor,Open,['Multiple failed login attempts'],No IOC Match,Low,True
8617,EVT06417,28.25,Medium,Monitor,Open,[],No IOC Match,Low,True
8618,EVT09861,28.24,Medium,Monitor,Open,[],No IOC Match,Unknown,False
8619,EVT01389,28.23,Medium,Monitor,Open,[],No IOC Match,Unknown,False
8620,EVT00337,28.22,Medium,Monitor,Open,[],No IOC Match,Unknown,False
8621,EVT04286,28.22,Medium,Monitor,Open,[],No IOC Match,Unknown,False
8622,EVT07213,28.22,Medium,Monitor,Open,['Multiple failed login attempts'],No IOC Match,Unknown,False
8623,EVT07422,28.22,Medium,Monitor,Open,['Multiple failed login attempts'],No IOC Match,Unknown,False
8624,EVT01549,28.21,Medium,Monitor,Open,['Multiple failed login attempts'],No IOC Match,Unknown,False
8625,EVT06364,28.2,Medium,Monitor,Open,[],No IOC Match,Unknown,False
8626,EVT05174,28.18,Medium,Monitor,Open,[],No IOC Match,Unknown,False
8627,EVT01987,28.17,Medium,Monitor,Open,[],No IOC Match,Unknown,False
8628,EVT02537,28.17,Medium,Monitor,Open,[],No IOC Match,Unknown,False
8629,EVT04468,28.17,Medium,Monitor,Open,[],No IOC Match,Unknown,False
8630,EVT07776,28.17,Medium,Monitor,Open,[],No IOC Match,Unknown,False
8631,EVT07974,28.17,Medium,Monitor,Open,[],No IOC Match,Unknown,False
8632,EVT08248,28.17,Medium,Monitor,Open,[],No IOC Match,Unknown,False
8633,EVT08342,28.17,Medium,Monitor,Open,[],No IOC Match,Unknown,False
8634,EVT08778,28.16,Medium,Monitor,Open,[],No IOC Match,Unknown,False
8635,EVT01756,28.15,Medium,Monitor,Open,[],No IOC Match,Unknown,False
8636,EVT06618,28.15,Medium,Monitor,Open,[],No IOC Match,Unknown,False
8637,EVT04372,28.14,Medium,Monitor,Open,[],No IOC Match,Unknown,False
8638,EVT06357,28.12,Medium,Monitor,Open,[],No IOC Match,Unknown,False
8639,EVT02386,28.11,Medium,Monitor,Open,[],No IOC Match,Unknown,False
8640,EVT04160,28.1,Medium,Monitor,Open,[],No IOC Match,Unknown,False
8641,EVT07108,28.1,Medium,Monitor,Open,[],No IOC Match,Unknown,False
8642,EVT07284,28.1,Medium,Monitor,Open,[],No IOC Match,Unknown,False
8643,EVT03888,28.09,Medium,Monitor,Open,[],No IOC Match,Unknown,False
8644,EVT04323,28.09,Medium,Monitor,Open,[],No IOC Match,Unknown,False
8645,EVT05710,28.09,Medium,Monitor,Open,[],No IOC Match,Unknown,False
8646,EVT06915,28.09,Medium,Monitor,Open,[],No IOC Match,Medium,True
8647,EVT07583,28.08,Medium,Monitor,Open,[],No IOC Match,Unknown,False
8648,EVT01746,28.07,Medium,Monitor,Open,[],No IOC Match,Unknown,False
8649,EVT03924,28.07,Medium,Monitor,Open,[],No IOC Match,Unknown,False
8650,EVT05650,28.07,Medium,Monitor,Open,[],No IOC Match,Unknown,False
8651,EVT06679,28.07,Medium,Monitor,Open,[],No IOC Match,Unknown,False
8652,EVT00100,28.06,Medium,Monitor,Open,[],No IOC Match,Unknown,False
8653,EVT01143,28.06,Medium,Monitor,Open,[],No IOC Match,Unknown,False
8654,EVT01597,28.06,Medium,Monitor,Open,[],No IOC Match,Unknown,False
8655,EVT06433,28.05,Medium,Monitor,Open,[],No IOC Match,Unknown,False
8656,EVT07789,28.05,Medium,Monitor,Open,['Multiple failed login attempts'],No IOC Match,Unknown,False
8657,EVT09788,28.05,Medium,Monitor,Open,[],No IOC Match,Unknown,False
8658,EVT05415,28.04,Medium,Monitor,Open,[],No IOC Match,Unknown,False
8659,EVT02785,28.03,Medium,Monitor,Open,[],No IOC Match,Unknown,False
8660,EVT04976,28.03,Medium,Monitor,Open,[],No IOC Match,Unknown,False
8661,EVT07505,28.03,Medium,Monitor,Open,[],No IOC Match,Unknown,False
8662,EVT08085,28.03,Medium,Monitor,Open,[],No IOC Match,Unknown,False
8663,EVT09794,28.03,Medium,Monitor,Open,[],No IOC Match,Unknown,False
8664,EVT00830,28.02,Medium,Monitor,Open,[],No IOC Match,Unknown,False
8665,EVT00988,28.02,Medium,Monitor,Open,['Multiple failed login attempts'],No IOC Match,Unknown,False
8666,EVT05011,28.02,Medium,Monitor,Open,[],No IOC Match,Unknown,False
8667,EVT07648,28.02,Medium,Monitor,Open,[],No IOC Match,Unknown,False
8668,EVT08264,28.01,Medium,Monitor,Open,['Multiple failed login attempts'],No IOC Match,Unknown,False
8669,EVT02234,28.0,Medium,Monitor,Open,[],No IOC Match,Unknown,False
8670,EVT08500,28.0,Medium,Monitor,Open,[],No IOC Match,Unknown,False
8671,EVT02103,27.99,Medium,Monitor,Open,[],No IOC Match,Unknown,False
8672,EVT02689,27.99,Medium,Monitor,Open,[],No IOC Match,Unknown,False
8673,EVT04069,27.99,Medium,Monitor,Open,[],No IOC Match,Unknown,False
8674,EVT05610,27.97,Medium,Monitor,Open,[],No IOC Match,Unknown,False
8675,EVT00039,27.96,Medium,Monitor,Open,[],No IOC Match,Unknown,False
8676,EVT06851,27.96,Medium,Monitor,Open,[],No IOC Match,Unknown,False
8677,EVT00444,27.95,Medium,Monitor,Open,[],No IOC Match,Unknown,False
8678,EVT02202,27.95,Medium,Monitor,Open,[],No IOC Match,Unknown,False
8679,EVT08160,27.95,Medium,Monitor,Open,[],No IOC Match,Unknown,False
8680,EVT04725,27.94,Medium,Monitor,Open,[],No IOC Match,Unknown,False
8681,EVT08709,27.94,Medium,Monitor,Open,[],No IOC Match,Unknown,False
8682,EVT00471,27.93,Medium,Monitor,Open,[],No IOC Match,Medium,True
8683,EVT06107,27.93,Medium,Monitor,Open,[],No IOC Match,Unknown,False
8684,EVT07480,27.93,Medium,Monitor,Open,[],No IOC Match,Unknown,False
8685,EVT00974,27.92,Medium,Monitor,Open,[],No IOC Match,Unknown,False
8686,EVT09017,27.92,Medium,Monitor,Open,[],No IOC Match,Low,True
8687,EVT03311,27.91,Medium,Monitor,Open,[],No IOC Match,Unknown,False
8688,EVT02172,27.9,Medium,Monitor,Open,[],No IOC Match,Unknown,False
8689,EVT05205,27.9,Medium,Monitor,Open,[],No IOC Match,Unknown,False
8690,EVT06981,27.9,Medium,Monitor,Open,[],No IOC Match,Unknown,False
8691,EVT08222,27.9,Medium,Monitor,Open,[],No IOC Match,Unknown,False
8692,EVT08858,27.88,Medium,Monitor,Open,[],No IOC Match,Unknown,False
8693,EVT02650,27.87,Medium,Monitor,Open,[],No IOC Match,Unknown,False
8694,EVT03472,27.87,Medium,Monitor,Open,[],No IOC Match,Unknown,False
8695,EVT04349,27.87,Medium,Monitor,Open,[],No IOC Match,Unknown,False
8696,EVT07131,27.87,Medium,Monitor,Open,[],No IOC Match,Unknown,False
8697,EVT02555,27.86,Medium,Monitor,Open,[],No IOC Match,Unknown,False
8698,EVT05602,27.86,Medium,Monitor,Open,[],No IOC Match,Unknown,False
8699,EVT07071,27.86,Medium,Monitor,Open,[],No IOC Match,Unknown,False
8700,EVT04391,27.84,Medium,Monitor,Open,[],No IOC Match,Unknown,False
8701,EVT01537,27.83,Medium,Monitor,Open,[],No IOC Match,Unknown,False
8702,EVT02525,27.83,Medium,Monitor,Open,[],No IOC Match,Unknown,False
8703,EVT07632,27.83,Medium,Monitor,Open,[],No IOC Match,Unknown,False
8704,EVT04115,27.82,Medium,Monitor,Open,[],No IOC Match,Unknown,False
8705,EVT05203,27.82,Medium,Monitor,Open,[],No IOC Match,Unknown,False
8706,EVT01185,27.8,Medium,Monitor,Open,[],No IOC Match,Unknown,False
8707,EVT04187,27.8,Medium,Monitor,Open,[],No IOC Match,Unknown,False
8708,EVT06455,27.8,Medium,Monitor,Open,[],No IOC Match,Unknown,False
8709,EVT09624,27.8,Medium,Monitor,Open,[],No IOC Match,Unknown,False
8710,EVT02145,27.79,Medium,Monitor,Open,[],No IOC Match,Unknown,False
8711,EVT01765,27.78,Medium,Monitor,Open,[],No IOC Match,Unknown,False
8712,EVT02816,27.76,Medium,Monitor,Open,[],No IOC Match,Unknown,False
8713,EVT06152,27.76,Medium,Monitor,Open,[],No IOC Match,Unknown,False
8714,EVT05313,27.75,Medium,Monitor,Open,[],No IOC Match,Unknown,False
8715,EVT05797,27.74,Medium,Monitor,Open,[],No IOC Match,Unknown,False
8716,EVT03918,27.73,Medium,Monitor,Open,[],No IOC Match,Unknown,False
8717,EVT07862,27.72,Medium,Monitor,Open,[],No IOC Match,Unknown,False
8718,EVT09552,27.72,Medium,Monitor,Open,[],No IOC Match,Unknown,False
8719,EVT09114,27.71,Medium,Monitor,Open,['Multiple failed login attempts'],No IOC Match,Unknown,False
8720,EVT09782,27.71,Medium,Monitor,Open,['Multiple failed login attempts'],No IOC Match,Unknown,False
8721,EVT01293,27.7,Medium,Monitor,Open,[],No IOC Match,Unknown,False
8722,EVT04340,27.7,Medium,Monitor,Open,[],No IOC Match,Unknown,False
8723,EVT07980,27.7,Medium,Monitor,Open,[],No IOC Match,Unknown,False
8724,EVT03244,27.69,Medium,Monitor,Open,[],No IOC Match,Unknown,False
8725,EVT06508,27.69,Medium,Monitor,Open,[],No IOC Match,Unknown,False
8726,EVT03684,27.68,Medium,Monitor,Open,[],No IOC Match,Unknown,False
8727,EVT02154,27.66,Medium,Monitor,Open,[],No IOC Match,Unknown,False
8728,EVT03672,27.66,Medium,Monitor,Open,[],No IOC Match,Unknown,False
8729,EVT06609,27.65,Medium,Monitor,Open,[],No IOC Match,Unknown,False
8730,EVT07817,27.65,Medium,Monitor,Open,['Multiple failed login attempts'],No IOC Match,Unknown,False
8731,EVT01554,27.64,Medium,Monitor,Open,[],No IOC Match,Unknown,False
8732,EVT07716,27.64,Medium,Monitor,Open,[],No IOC Match,Unknown,False
8733,EVT08453,27.63,Medium,Monitor,Open,[],No IOC Match,Unknown,False
8734,EVT06099,27.6,Medium,Monitor,Open,[],No IOC Match,Unknown,False
8735,EVT01953,27.59,Medium,Monitor,Open,[],No IOC Match,Unknown,False
8736,EVT04926,27.58,Medium,Monitor,Open,[],No IOC Match,Unknown,False
8737,EVT06588,27.58,Medium,Monitor,Open,[],No IOC Match,Unknown,False
8738,EVT06965,27.57,Medium,Monitor,Open,[],No IOC Match,Unknown,False
8739,EVT04111,27.56,Medium,Monitor,Open,[],No IOC Match,Unknown,False
8740,EVT08997,27.56,Medium,Monitor,Open,[],No IOC Match,Unknown,False
8741,EVT00215,27.55,Medium,Monitor,Open,[],No IOC Match,Unknown,False
8742,EVT00513,27.55,Medium,Monitor,Open,[],No IOC Match,Medium,True
8743,EVT07196,27.55,Medium,Monitor,Open,[],No IOC Match,Unknown,False
8744,EVT03793,27.54,Medium,Monitor,Open,[],No IOC Match,Unknown,False
8745,EVT03798,27.53,Medium,Monitor,Open,[],No IOC Match,Unknown,False
8746,EVT08213,27.53,Medium,Monitor,Open,[],No IOC Match,Unknown,False
8747,EVT04148,27.52,Medium,Monitor,Open,[],No IOC Match,Unknown,False
8748,EVT05384,27.52,Medium,Monitor,Open,[],No IOC Match,Unknown,False
8749,EVT06715,27.52,Medium,Monitor,Open,[],No IOC Match,Unknown,False
8750,EVT02967,27.51,Medium,Monitor,Open,[],No IOC Match,Unknown,False
8751,EVT08326,27.49,Medium,Monitor,Open,[],No IOC Match,Unknown,False
8752,EVT09748,27.48,Medium,Monitor,Open,[],No IOC Match,Unknown,False
8753,EVT06187,27.45,Medium,Monitor,Open,[],No IOC Match,Unknown,False
8754,EVT07145,27.45,Medium,Monitor,Open,[],No IOC Match,Unknown,False
8755,EVT00505,27.44,Medium,Monitor,Open,[],No IOC Match,Unknown,False
8756,EVT01142,27.44,Medium,Monitor,Open,[],No IOC Match,Unknown,False
8757,EVT07591,27.43,Medium,Monitor,Open,[],No IOC Match,Unknown,False
8758,EVT00009,27.42,Medium,Monitor,Open,[],No IOC Match,Unknown,False
8759,EVT00789,27.42,Medium,Monitor,Open,[],No IOC Match,Unknown,False
8760,EVT04473,27.42,Medium,Monitor,Open,[],No IOC Match,Unknown,False
8761,EVT09375,27.42,Medium,Monitor,Open,[],No IOC Match,Unknown,False
8762,EVT00610,27.4,Medium,Monitor,Open,[],No IOC Match,Unknown,False
8763,EVT02505,27.4,Medium,Monitor,Open,[],No IOC Match,Unknown,False
8764,EVT00116,27.39,Medium,Monitor,Open,[],No IOC Match,Unknown,False
8765,EVT03801,27.39,Medium,Monitor,Open,[],No IOC Match,Unknown,False
8766,EVT04780,27.39,Medium,Monitor,Open,[],No IOC Match,Unknown,False
8767,EVT09173,27.39,Medium,Monitor,Open,[],No IOC Match,Unknown,False
8768,EVT07238,27.38,Medium,Monitor,Open,[],No IOC Match,Unknown,False
8769,EVT00275,27.36,Medium,Monitor,Open,[],No IOC Match,Unknown,False
8770,EVT08584,27.36,Medium,Monitor,Open,[],No IOC Match,Unknown,False
8771,EVT02527,27.34,Medium,Monitor,Open,[],No IOC Match,Unknown,False
8772,EVT06218,27.33,Medium,Monitor,Open,[],No IOC Match,Unknown,False
8773,EVT09453,27.31,Medium,Monitor,Open,[],No IOC Match,Unknown,False
8774,EVT03303,27.3,Medium,Monitor,Open,['Multiple failed login attempts'],No IOC Match,Unknown,False
8775,EVT08662,27.3,Medium,Monitor,Open,[],No IOC Match,Unknown,False
8776,EVT04764,27.29,Medium,Monitor,Open,['Multiple failed login attempts'],No IOC Match,Unknown,False
8777,EVT01902,27.28,Medium,Monitor,Open,[],No IOC Match,Unknown,False
8778,EVT00378,27.27,Medium,Monitor,Open,[],No IOC Match,Unknown,False
8779,EVT08557,27.27,Medium,Monitor,Open,[],No IOC Match,Unknown,False
8780,EVT07947,27.26,Medium,Monitor,Open,[],No IOC Match,Unknown,False
8781,EVT04213,27.25,Medium,Monitor,Open,[],No IOC Match,Unknown,False
8782,EVT09869,27.25,Medium,Monitor,Open,['Multiple failed login attempts'],No IOC Match,Unknown,False
8783,EVT03461,27.24,Medium,Monitor,Open,[],No IOC Match,Unknown,False
8784,EVT05901,27.24,Medium,Monitor,Open,[],No IOC Match,Unknown,False
8785,EVT01368,27.23,Medium,Monitor,Open,[],No IOC Match,Unknown,False
8786,EVT02551,27.23,Medium,Monitor,Open,[],No IOC Match,Unknown,False
8787,EVT08104,27.23,Medium,Monitor,Open,[],No IOC Match,Unknown,False
8788,EVT03797,27.22,Medium,Monitor,Open,[],No IOC Match,Unknown,False
8789,EVT04063,27.22,Medium,Monitor,Open,['Multiple failed login attempts'],No IOC Match,Unknown,False
8790,EVT05839,27.22,Medium,Monitor,Open,[],No IOC Match,Unknown,False
8791,EVT05932,27.22,Medium,Monitor,Open,[],No IOC Match,Unknown,False
8792,EVT08075,27.22,Medium,Monitor,Open,[],No IOC Match,Unknown,False
8793,EVT08724,27.22,Medium,Monitor,Open,[],No IOC Match,Unknown,False
8794,EVT08191,27.21,Medium,Monitor,Open,[],No IOC Match,Unknown,False
8795,EVT04818,27.2,Medium,Monitor,Open,[],No IOC Match,Unknown,False
8796,EVT00862,27.19,Medium,Monitor,Open,['Multiple failed login attempts'],No IOC Match,Unknown,False
8797,EVT06631,27.18,Medium,Monitor,Open,[],No IOC Match,Unknown,False
8798,EVT07917,27.17,Medium,Monitor,Open,[],No IOC Match,Unknown,False
8799,EVT08059,27.17,Medium,Monitor,Open,[],No IOC Match,Unknown,False
8800,EVT07604,27.16,Medium,Monitor,Open,[],No IOC Match,Unknown,False
8801,EVT08511,27.16,Medium,Monitor,Open,[],No IOC Match,Unknown,False
8802,EVT03959,27.14,Medium,Monitor,Open,[],No IOC Match,Medium,True
8803,EVT07739,27.14,Medium,Monitor,Open,[],No IOC Match,Unknown,False
8804,EVT08515,27.14,Medium,Monitor,Open,[],No IOC Match,Unknown,False
8805,EVT00921,27.13,Medium,Monitor,Open,[],No IOC Match,Unknown,False
8806,EVT06148,27.13,Medium,Monitor,Open,[],No IOC Match,Unknown,False
8807,EVT04968,27.12,Medium,Monitor,Open,[],No IOC Match,Unknown,False
8808,EVT05577,27.12,Medium,Monitor,Open,[],No IOC Match,Low,True
8809,EVT01096,27.11,Medium,Monitor,Open,[],No IOC Match,Unknown,False
8810,EVT05209,27.11,Medium,Monitor,Open,[],No IOC Match,Unknown,False
8811,EVT05596,27.09,Medium,Monitor,Open,[],No IOC Match,Unknown,False
8812,EVT09840,27.09,Medium,Monitor,Open,[],No IOC Match,Unknown,False
8813,EVT05984,27.08,Medium,Monitor,Open,[],No IOC Match,Medium,True
8814,EVT02489,27.07,Medium,Monitor,Open,[],No IOC Match,Unknown,False
8815,EVT04564,27.07,Medium,Monitor,Open,[],No IOC Match,Unknown,False
8816,EVT06438,27.07,Medium,Monitor,Open,[],No IOC Match,Unknown,False
8817,EVT06292,27.06,Medium,Monitor,Open,[],No IOC Match,Unknown,False
8818,EVT04611,27.05,Medium,Monitor,Open,[],No IOC Match,Unknown,False
8819,EVT07498,27.04,Medium,Monitor,Open,[],No IOC Match,Unknown,False
8820,EVT06900,27.02,Medium,Monitor,Open,[],No IOC Match,Unknown,False
8821,EVT07914,26.99,Medium,Monitor,Open,[],No IOC Match,Unknown,False
8822,EVT05736,26.98,Medium,Monitor,Open,[],No IOC Match,Unknown,False
8823,EVT00704,26.97,Medium,Monitor,Open,[],No IOC Match,Medium,True
8824,EVT04427,26.97,Medium,Monitor,Open,[],No IOC Match,Unknown,False
8825,EVT02226,26.96,Medium,Monitor,Open,['Multiple failed login attempts'],No IOC Match,Unknown,False
8826,EVT05119,26.96,Medium,Monitor,Open,[],No IOC Match,Unknown,False
8827,EVT06415,26.96,Medium,Monitor,Open,[],No IOC Match,Unknown,False
8828,EVT08258,26.96,Medium,Monitor,Open,[],No IOC Match,Unknown,False
8829,EVT09626,26.96,Medium,Monitor,Open,['Multiple failed login attempts'],No IOC Match,Unknown,False
8830,EVT00602,26.95,Medium,Monitor,Open,[],No IOC Match,Unknown,False
8831,EVT05462,26.95,Medium,Monitor,Open,[],No IOC Match,Unknown,False
8832,EVT01440,26.94,Medium,Monitor,Open,[],No IOC Match,Unknown,False
8833,EVT09739,26.94,Medium,Monitor,Open,[],No IOC Match,Medium,True
8834,EVT02321,26.93,Medium,Monitor,Open,[],No IOC Match,Unknown,False
8835,EVT00816,26.92,Medium,Monitor,Open,[],No IOC Match,Unknown,False
8836,EVT05970,26.91,Medium,Monitor,Open,[],No IOC Match,Unknown,False
8837,EVT02065,26.9,Medium,Monitor,Open,[],No IOC Match,Unknown,False
8838,EVT02476,26.9,Medium,Monitor,Open,[],No IOC Match,Unknown,False
8839,EVT03391,26.9,Medium,Monitor,Open,[],No IOC Match,Unknown,False
8840,EVT04870,26.9,Medium,Monitor,Open,['Multiple failed login attempts'],No IOC Match,Unknown,False
8841,EVT05101,26.9,Medium,Monitor,Open,[],No IOC Match,Unknown,False
8842,EVT06408,26.89,Medium,Monitor,Open,[],No IOC Match,Unknown,False
8843,EVT09046,26.89,Medium,Monitor,Open,[],No IOC Match,Unknown,False
8844,EVT06672,26.88,Medium,Monitor,Open,[],No IOC Match,Unknown,False
8845,EVT08044,26.88,Medium,Monitor,Open,[],No IOC Match,Unknown,False
8846,EVT00699,26.87,Medium,Monitor,Open,[],No IOC Match,Unknown,False
8847,EVT02064,26.86,Medium,Monitor,Open,['Multiple failed login attempts'],No IOC Match,Unknown,False
8848,EVT08893,26.84,Medium,Monitor,Open,[],No IOC Match,Unknown,False
8849,EVT02517,26.83,Medium,Monitor,Open,['Multiple failed login attempts'],No IOC Match,Unknown,False
8850,EVT05046,26.83,Medium,Monitor,Open,[],No IOC Match,Unknown,False
8851,EVT08390,26.83,Medium,Monitor,Open,[],No IOC Match,Unknown,False
8852,EVT08043,26.82,Medium,Monitor,Open,[],No IOC Match,Unknown,False
8853,EVT08401,26.82,Medium,Monitor,Open,[],No IOC Match,Unknown,False
8854,EVT08970,26.82,Medium,Monitor,Open,[],No IOC Match,Unknown,False
8855,EVT00456,26.81,Medium,Monitor,Open,[],No IOC Match,Unknown,False
8856,EVT04230,26.81,Medium,Monitor,Open,[],No IOC Match,Unknown,False
8857,EVT09132,26.8,Medium,Monitor,Open,[],No IOC Match,Unknown,False
8858,EVT01643,26.79,Medium,Monitor,Open,[],No IOC Match,Unknown,False
8859,EVT09419,26.79,Medium,Monitor,Open,[],No IOC Match,Unknown,False
8860,EVT01047,26.78,Medium,Monitor,Open,[],No IOC Match,Unknown,False
8861,EVT01080,26.78,Medium,Monitor,Open,[],No IOC Match,Unknown,False
8862,EVT03351,26.78,Medium,Monitor,Open,['Multiple failed login attempts'],No IOC Match,Unknown,False
8863,EVT01641,26.77,Medium,Monitor,Open,[],No IOC Match,Unknown,False
8864,EVT09363,26.77,Medium,Monitor,Open,[],No IOC Match,Unknown,False
8865,EVT06221,26.76,Medium,Monitor,Open,[],No IOC Match,Unknown,False
8866,EVT08284,26.76,Medium,Monitor,Open,[],No IOC Match,Unknown,False
8867,EVT01860,26.75,Medium,Monitor,Open,[],No IOC Match,Unknown,False
8868,EVT07109,26.75,Medium,Monitor,Open,[],No IOC Match,Unknown,False
8869,EVT07856,26.75,Medium,Monitor,Open,[],No IOC Match,Unknown,False
8870,EVT06940,26.74,Medium,Monitor,Open,[],No IOC Match,Unknown,False
8871,EVT08412,26.74,Medium,Monitor,Open,[],No IOC Match,Unknown,False
8872,EVT09321,26.74,Medium,Monitor,Open,[],No IOC Match,Unknown,False
8873,EVT02306,26.72,Medium,Monitor,Open,[],No IOC Match,Unknown,False
8874,EVT04374,26.72,Medium,Monitor,Open,[],No IOC Match,Unknown,False
8875,EVT09565,26.72,Medium,Monitor,Open,[],No IOC Match,Unknown,False
8876,EVT00569,26.7,Medium,Monitor,Open,[],No IOC Match,Unknown,False
8877,EVT06135,26.69,Medium,Monitor,Open,[],No IOC Match,Unknown,False
8878,EVT01811,26.68,Medium,Monitor,Open,[],No IOC Match,Unknown,False
8879,EVT05566,26.68,Medium,Monitor,Open,[],No IOC Match,Unknown,False
8880,EVT07233,26.68,Medium,Monitor,Open,[],No IOC Match,Unknown,False
8881,EVT07332,26.68,Medium,Monitor,Open,[],No IOC Match,Unknown,False
8882,EVT03644,26.67,Medium,Monitor,Open,[],No IOC Match,Unknown,False
8883,EVT08707,26.66,Medium,Monitor,Open,[],No IOC Match,Unknown,False
8884,EVT00902,26.65,Medium,Monitor,Open,[],No IOC Match,Unknown,False
8885,EVT06297,26.65,Medium,Monitor,Open,[],No IOC Match,Unknown,False
8886,EVT08861,26.64,Medium,Monitor,Open,[],No IOC Match,Unknown,False
8887,EVT00293,26.63,Medium,Monitor,Open,[],No IOC Match,Unknown,False
8888,EVT01434,26.63,Medium,Monitor,Open,[],No IOC Match,Unknown,False
8889,EVT01021,26.62,Medium,Monitor,Open,['Multiple failed login attempts'],No IOC Match,Unknown,False
8890,EVT06378,26.62,Medium,Monitor,Open,[],No IOC Match,Unknown,False
8891,EVT04178,26.6,Medium,Monitor,Open,[],No IOC Match,Unknown,False
8892,EVT05201,26.6,Medium,Monitor,Open,[],No IOC Match,Unknown,False
8893,EVT01483,26.58,Medium,Monitor,Open,[],No IOC Match,Unknown,False
8894,EVT02000,26.58,Medium,Monitor,Open,[],No IOC Match,Unknown,False
8895,EVT04033,26.58,Medium,Monitor,Open,[],No IOC Match,Unknown,False
8896,EVT06183,26.58,Medium,Monitor,Open,[],No IOC Match,Unknown,False
8897,EVT02422,26.57,Medium,Monitor,Open,[],No IOC Match,Unknown,False
8898,EVT04177,26.57,Medium,Monitor,Open,[],No IOC Match,Unknown,False
8899,EVT05247,26.57,Medium,Monitor,Open,[],No IOC Match,Unknown,False
8900,EVT09111,26.57,Medium,Monitor,Open,[],No IOC Match,Unknown,False
8901,EVT00056,26.56,Medium,Monitor,Open,[],No IOC Match,Unknown,False
8902,EVT09179,26.56,Medium,Monitor,Open,[],No IOC Match,Unknown,False
8903,EVT00186,26.55,Medium,Monitor,Open,[],No IOC Match,Unknown,False
8904,EVT08566,26.55,Medium,Monitor,Open,[],No IOC Match,Medium,True
8905,EVT01210,26.54,Medium,Monitor,Open,[],No IOC Match,Unknown,False
8906,EVT06247,26.54,Medium,Monitor,Open,[],No IOC Match,Unknown,False
8907,EVT07348,26.53,Medium,Monitor,Open,[],No IOC Match,Unknown,False
8908,EVT04202,26.52,Medium,Monitor,Open,[],No IOC Match,Unknown,False
8909,EVT00890,26.51,Medium,Monitor,Open,[],No IOC Match,Unknown,False
8910,EVT08938,26.5,Medium,Monitor,Open,['Multiple failed login attempts'],No IOC Match,Unknown,False
8911,EVT00327,26.49,Medium,Monitor,Open,[],No IOC Match,Unknown,False
8912,EVT04261,26.49,Medium,Monitor,Open,[],No IOC Match,Unknown,False
8913,EVT01937,26.48,Medium,Monitor,Open,[],No IOC Match,Unknown,False
8914,EVT04673,26.48,Medium,Monitor,Open,[],No IOC Match,Unknown,False
8915,EVT05709,26.47,Medium,Monitor,Open,[],No IOC Match,Unknown,False
8916,EVT08469,26.47,Medium,Monitor,Open,[],No IOC Match,Unknown,False
8917,EVT04836,26.46,Medium,Monitor,Open,[],No IOC Match,Unknown,False
8918,EVT09870,26.45,Medium,Monitor,Open,[],No IOC Match,Unknown,False
8919,EVT05647,26.44,Medium,Monitor,Open,[],No IOC Match,Unknown,False
8920,EVT00769,26.43,Medium,Monitor,Open,[],No IOC Match,Unknown,False
8921,EVT04475,26.43,Medium,Monitor,Open,[],No IOC Match,Medium,True
8922,EVT00425,26.42,Medium,Monitor,Open,[],No IOC Match,Unknown,False
8923,EVT01905,26.42,Medium,Monitor,Open,[],No IOC Match,Unknown,False
8924,EVT04878,26.42,Medium,Monitor,Open,['Multiple failed login attempts'],No IOC Match,Unknown,False
8925,EVT06757,26.42,Medium,Monitor,Open,[],No IOC Match,Unknown,False
8926,EVT09899,26.42,Medium,Monitor,Open,[],No IOC Match,Unknown,False
8927,EVT08679,26.41,Medium,Monitor,Open,[],No IOC Match,Unknown,False
8928,EVT00546,26.4,Medium,Monitor,Open,[],No IOC Match,Unknown,False
8929,EVT05966,26.4,Medium,Monitor,Open,[],No IOC Match,Unknown,False
8930,EVT06952,26.4,Medium,Monitor,Open,[],No IOC Match,Unknown,False
8931,EVT08436,26.4,Medium,Monitor,Open,[],No IOC Match,Unknown,False
8932,EVT01970,26.39,Medium,Monitor,Open,[],No IOC Match,Unknown,False
8933,EVT09636,26.38,Medium,Monitor,Open,[],No IOC Match,Unknown,False
8934,EVT00606,26.36,Medium,Monitor,Open,[],No IOC Match,Unknown,False
8935,EVT03273,26.36,Medium,Monitor,Open,['Multiple failed login attempts'],No IOC Match,Unknown,False
8936,EVT03430,26.36,Medium,Monitor,Open,[],No IOC Match,Unknown,False
8937,EVT00077,26.35,Medium,Monitor,Open,[],No IOC Match,Unknown,False
8938,EVT02666,26.35,Medium,Monitor,Open,[],No IOC Match,Unknown,False
8939,EVT05523,26.35,Medium,Monitor,Open,[],No IOC Match,Unknown,False
8940,EVT05950,26.34,Medium,Monitor,Open,[],No IOC Match,Unknown,False
8941,EVT08437,26.34,Medium,Monitor,Open,[],No IOC Match,Unknown,False
8942,EVT02264,26.33,Medium,Monitor,Open,[],No IOC Match,Unknown,False
8943,EVT04110,26.33,Medium,Monitor,Open,[],No IOC Match,Unknown,False
8944,EVT04558,26.33,Medium,Monitor,Open,[],No IOC Match,Unknown,False
8945,EVT01235,26.32,Medium,Monitor,Open,[],No IOC Match,Unknown,False
8946,EVT02841,26.31,Medium,Monitor,Open,['Multiple failed login attempts'],No IOC Match,Unknown,False
8947,EVT09706,26.3,Medium,Monitor,Open,[],No IOC Match,Unknown,False
8948,EVT09215,26.29,Medium,Monitor,Open,[],No IOC Match,Unknown,False
8949,EVT00396,26.28,Medium,Monitor,Open,[],No IOC Match,Unknown,False
8950,EVT03653,26.27,Medium,Monitor,Open,[],No IOC Match,Unknown,False
8951,EVT08082,26.25,Medium,Monitor,Open,['Multiple failed login attempts'],No IOC Match,Unknown,False
8952,EVT09508,26.25,Medium,Monitor,Open,[],No IOC Match,Unknown,False
8953,EVT00664,26.24,Medium,Monitor,Open,[],No IOC Match,Unknown,False
8954,EVT07657,26.24,Medium,Monitor,Open,['Multiple failed login attempts'],No IOC Match,Unknown,False
8955,EVT00300,26.23,Medium,Monitor,Open,[],No IOC Match,Unknown,False
8956,EVT00665,26.23,Medium,Monitor,Open,[],No IOC Match,Unknown,False
8957,EVT02179,26.23,Medium,Monitor,Open,[],No IOC Match,Unknown,False
8958,EVT09937,26.23,Medium,Monitor,Open,[],No IOC Match,Unknown,False
8959,EVT09774,26.22,Medium,Monitor,Open,[],No IOC Match,Unknown,False
8960,EVT00928,26.21,Medium,Monitor,Open,[],No IOC Match,Unknown,False
8961,EVT04358,26.21,Medium,Monitor,Open,[],No IOC Match,Unknown,False
8962,EVT05175,26.21,Medium,Monitor,Open,[],No IOC Match,Unknown,False
8963,EVT02433,26.19,Medium,Monitor,Open,['Multiple failed login attempts'],No IOC Match,Unknown,False
8964,EVT08203,26.19,Medium,Monitor,Open,[],No IOC Match,Unknown,False
8965,EVT02258,26.18,Medium,Monitor,Open,[],No IOC Match,Unknown,False
8966,EVT04526,26.16,Medium,Monitor,Open,[],No IOC Match,Unknown,False
8967,EVT02687,26.14,Medium,Monitor,Open,[],No IOC Match,Unknown,False
8968,EVT08244,26.14,Medium,Monitor,Open,[],No IOC Match,Unknown,False
8969,EVT09681,26.14,Medium,Monitor,Open,[],No IOC Match,Unknown,False
8970,EVT08693,26.13,Medium,Monitor,Open,[],No IOC Match,Unknown,False
8971,EVT09392,26.13,Medium,Monitor,Open,[],No IOC Match,Unknown,False
8972,EVT00084,26.11,Medium,Monitor,Open,[],No IOC Match,Unknown,False
8973,EVT03156,26.11,Medium,Monitor,Open,[],No IOC Match,Low,True
8974,EVT01708,26.1,Medium,Monitor,Open,[],No IOC Match,Unknown,False
8975,EVT01852,26.1,Medium,Monitor,Open,[],No IOC Match,Unknown,False
8976,EVT05152,26.09,Medium,Monitor,Open,[],No IOC Match,Unknown,False
8977,EVT06151,26.09,Medium,Monitor,Open,[],No IOC Match,Unknown,False
8978,EVT06163,26.09,Medium,Monitor,Open,[],No IOC Match,Unknown,False
8979,EVT00970,26.07,Medium,Monitor,Open,[],No IOC Match,Unknown,False
8980,EVT01033,26.07,Medium,Monitor,Open,[],No IOC Match,Unknown,False
8981,EVT04801,26.07,Medium,Monitor,Open,[],No IOC Match,Unknown,False
8982,EVT06782,26.07,Medium,Monitor,Open,[],No IOC Match,Unknown,False
8983,EVT09357,26.07,Medium,Monitor,Open,[],No IOC Match,Unknown,False
8984,EVT09611,26.07,Medium,Monitor,Open,[],No IOC Match,Unknown,False
8985,EVT08429,26.06,Medium,Monitor,Open,[],No IOC Match,Unknown,False
8986,EVT01396,26.05,Medium,Monitor,Open,[],No IOC Match,Unknown,False
8987,EVT02037,26.05,Medium,Monitor,Open,[],No IOC Match,Unknown,False
8988,EVT03783,26.05,Medium,Monitor,Open,[],No IOC Match,Unknown,False
8989,EVT07457,26.05,Medium,Monitor,Open,[],No IOC Match,Unknown,False
8990,EVT08874,26.04,Medium,Monitor,Open,[],No IOC Match,Unknown,False
8991,EVT01536,26.03,Medium,Monitor,Open,[],No IOC Match,Unknown,False
8992,EVT05888,26.03,Medium,Monitor,Open,[],No IOC Match,Low,True
8993,EVT00827,26.01,Medium,Monitor,Open,[],No IOC Match,Unknown,False
8994,EVT02501,26.01,Medium,Monitor,Open,[],No IOC Match,Unknown,False
8995,EVT05591,26.0,Medium,Monitor,Open,[],No IOC Match,Unknown,False
8996,EVT09573,26.0,Medium,Monitor,Open,[],No IOC Match,Unknown,False
8997,EVT02854,25.99,Medium,Monitor,Open,[],No IOC Match,Unknown,False
8998,EVT04991,25.98,Medium,Monitor,Open,[],No IOC Match,Unknown,False
8999,EVT03643,25.97,Medium,Monitor,Open,[],No IOC Match,Unknown,False
9000,EVT06770,25.97,Medium,Monitor,Open,[],No IOC Match,Unknown,False
9001,EVT06523,25.96,Medium,Monitor,Open,[],No IOC Match,Unknown,False
9002,EVT00793,25.94,Medium,Monitor,Open,[],No IOC Match,Unknown,False
9003,EVT06935,25.94,Medium,Monitor,Open,[],No IOC Match,Unknown,False
9004,EVT00708,25.93,Medium,Monitor,Open,[],No IOC Match,Unknown,False
9005,EVT02341,25.92,Medium,Monitor,Open,[],No IOC Match,Unknown,False
9006,EVT05766,25.92,Medium,Monitor,Open,[],No IOC Match,Unknown,False
9007,EVT06697,25.91,Medium,Monitor,Open,[],No IOC Match,Unknown,False
9008,EVT05655,25.9,Medium,Monitor,Open,[],No IOC Match,Unknown,False
9009,EVT06914,25.9,Medium,Monitor,Open,[],No IOC Match,Unknown,False
9010,EVT07868,25.89,Medium,Monitor,Open,[],No IOC Match,Unknown,False
9011,EVT02637,25.88,Medium,Monitor,Open,[],No IOC Match,Unknown,False
9012,EVT06933,25.86,Medium,Monitor,Open,[],No IOC Match,Unknown,False
9013,EVT02634,25.82,Medium,Monitor,Open,[],No IOC Match,Unknown,False
9014,EVT03168,25.82,Medium,Monitor,Open,[],No IOC Match,Unknown,False
9015,EVT00969,25.81,Medium,Monitor,Open,[],No IOC Match,Unknown,False
9016,EVT02545,25.81,Medium,Monitor,Open,[],No IOC Match,Low,True
9017,EVT03659,25.81,Medium,Monitor,Open,[],No IOC Match,Unknown,False
9018,EVT06048,25.81,Medium,Monitor,Open,[],No IOC Match,Unknown,False
9019,EVT07333,25.8,Medium,Monitor,Open,[],No IOC Match,Unknown,False
9020,EVT07560,25.8,Medium,Monitor,Open,[],No IOC Match,Unknown,False
9021,EVT07823,25.8,Medium,Monitor,Open,[],No IOC Match,Unknown,False
9022,EVT09053,25.8,Medium,Monitor,Open,[],No IOC Match,Unknown,False
9023,EVT04922,25.79,Medium,Monitor,Open,[],No IOC Match,Unknown,False
9024,EVT05889,25.79,Medium,Monitor,Open,[],No IOC Match,Unknown,False
9025,EVT06932,25.79,Medium,Monitor,Open,[],No IOC Match,Unknown,False
9026,EVT00688,25.77,Medium,Monitor,Open,[],No IOC Match,Unknown,False
9027,EVT02649,25.77,Medium,Monitor,Open,[],No IOC Match,Unknown,False
9028,EVT07201,25.77,Medium,Monitor,Open,[],No IOC Match,Unknown,False
9029,EVT09352,25.77,Medium,Monitor,Open,[],No IOC Match,Unknown,False
9030,EVT09389,25.77,Medium,Monitor,Open,[],No IOC Match,Unknown,False
9031,EVT04363,25.76,Medium,Monitor,Open,[],No IOC Match,Unknown,False
9032,EVT06281,25.76,Medium,Monitor,Open,[],No IOC Match,Unknown,False
9033,EVT00757,25.75,Medium,Monitor,Open,[],No IOC Match,Unknown,False
9034,EVT01379,25.75,Medium,Monitor,Open,[],No IOC Match,Unknown,False
9035,EVT08431,25.75,Medium,Monitor,Open,['Multiple failed login attempts'],No IOC Match,Unknown,False
9036,EVT08919,25.73,Medium,Monitor,Open,[],No IOC Match,Unknown,False
9037,EVT09205,25.73,Medium,Monitor,Open,[],No IOC Match,Unknown,False
9038,EVT04335,25.72,Medium,Monitor,Open,[],No IOC Match,Unknown,False
9039,EVT05713,25.72,Medium,Monitor,Open,[],No IOC Match,Unknown,False
9040,EVT07709,25.72,Medium,Monitor,Open,[],No IOC Match,Unknown,False
9041,EVT00565,25.71,Medium,Monitor,Open,[],No IOC Match,Unknown,False
9042,EVT01647,25.71,Medium,Monitor,Open,[],No IOC Match,Unknown,False
9043,EVT00368,25.69,Medium,Monitor,Open,[],No IOC Match,Unknown,False
9044,EVT07908,25.69,Medium,Monitor,Open,[],No IOC Match,Unknown,False
9045,EVT09381,25.69,Medium,Monitor,Open,[],No IOC Match,Unknown,False
9046,EVT00415,25.67,Medium,Monitor,Open,[],No IOC Match,Unknown,False
9047,EVT02452,25.67,Medium,Monitor,Open,[],No IOC Match,Unknown,False
9048,EVT03195,25.66,Medium,Monitor,Open,[],No IOC Match,Unknown,False
9049,EVT08236,25.65,Medium,Monitor,Open,[],No IOC Match,Unknown,False
9050,EVT08173,25.64,Medium,Monitor,Open,[],No IOC Match,Unknown,False
9051,EVT05214,25.63,Medium,Monitor,Open,[],No IOC Match,Unknown,False
9052,EVT06111,25.63,Medium,Monitor,Open,[],No IOC Match,Unknown,False
9053,EVT07706,25.63,Medium,Monitor,Open,[],No IOC Match,Unknown,False
9054,EVT00499,25.62,Medium,Monitor,Open,[],No IOC Match,Unknown,False
9055,EVT00905,25.62,Medium,Monitor,Open,[],No IOC Match,Unknown,False
9056,EVT01326,25.61,Medium,Monitor,Open,[],No IOC Match,Unknown,False
9057,EVT06756,25.61,Medium,Monitor,Open,[],No IOC Match,Unknown,False
9058,EVT09243,25.6,Medium,Monitor,Open,[],No IOC Match,Unknown,False
9059,EVT09299,25.6,Medium,Monitor,Open,[],No IOC Match,Unknown,False
9060,EVT01451,25.58,Medium,Monitor,Open,['Multiple failed login attempts'],No IOC Match,Unknown,False
9061,EVT06112,25.58,Medium,Monitor,Open,[],No IOC Match,Unknown,False
9062,EVT01968,25.57,Medium,Monitor,Open,[],No IOC Match,Unknown,False
9063,EVT02219,25.57,Medium,Monitor,Open,[],No IOC Match,Unknown,False
9064,EVT07450,25.55,Medium,Monitor,Open,[],No IOC Match,Unknown,False
9065,EVT02557,25.53,Medium,Monitor,Open,[],No IOC Match,Unknown,False
9066,EVT02761,25.52,Medium,Monitor,Open,[],No IOC Match,Unknown,False
9067,EVT06518,25.52,Medium,Monitor,Open,[],No IOC Match,Unknown,False
9068,EVT01789,25.51,Medium,Monitor,Open,[],No IOC Match,Low,True
9069,EVT08187,25.5,Medium,Monitor,Open,[],No IOC Match,Unknown,False
9070,EVT00213,25.49,Medium,Monitor,Open,[],No IOC Match,Unknown,False
9071,EVT05836,25.48,Medium,Monitor,Open,[],No IOC Match,Unknown,False
9072,EVT01069,25.47,Medium,Monitor,Open,[],No IOC Match,Unknown,False
9073,EVT07927,25.47,Medium,Monitor,Open,[],No IOC Match,Unknown,False
9074,EVT01116,25.44,Medium,Monitor,Open,[],No IOC Match,Unknown,False
9075,EVT08917,25.44,Medium,Monitor,Open,[],No IOC Match,Unknown,False
9076,EVT03530,25.43,Medium,Monitor,Open,[],No IOC Match,Unknown,False
9077,EVT00124,25.42,Medium,Monitor,Open,[],No IOC Match,Unknown,False
9078,EVT09194,25.41,Medium,Monitor,Open,[],No IOC Match,Unknown,False
9079,EVT06286,25.4,Medium,Monitor,Open,[],No IOC Match,Unknown,False
9080,EVT09498,25.39,Medium,Monitor,Open,[],No IOC Match,Unknown,False
9081,EVT07462,25.38,Medium,Monitor,Open,[],No IOC Match,Unknown,False
9082,EVT00315,25.37,Medium,Monitor,Open,[],No IOC Match,Unknown,False
9083,EVT02593,25.37,Medium,Monitor,Open,[],No IOC Match,Unknown,False
9084,EVT04719,25.37,Medium,Monitor,Open,[],No IOC Match,Unknown,False
9085,EVT08479,25.37,Medium,Monitor,Open,[],No IOC Match,Unknown,False
9086,EVT07380,25.36,Medium,Monitor,Open,[],No IOC Match,Unknown,False
9087,EVT06324,25.35,Medium,Monitor,Open,[],No IOC Match,Unknown,False
9088,EVT05733,25.34,Medium,Monitor,Open,['Multiple failed login attempts'],No IOC Match,Unknown,False
9089,EVT07269,25.34,Medium,Monitor,Open,[],No IOC Match,Unknown,False
9090,EVT07222,25.33,Medium,Monitor,Open,[],No IOC Match,Unknown,False
9091,EVT04420,25.32,Medium,Monitor,Open,[],No IOC Match,Unknown,False
9092,EVT05524,25.32,Medium,Monitor,Open,[],No IOC Match,Unknown,False
9093,EVT07445,25.31,Medium,Monitor,Open,[],No IOC Match,Unknown,False
9094,EVT07883,25.31,Medium,Monitor,Open,[],No IOC Match,Unknown,False
9095,EVT00193,25.28,Medium,Monitor,Open,[],No IOC Match,Unknown,False
9096,EVT03726,25.28,Medium,Monitor,Open,[],No IOC Match,Unknown,False
9097,EVT04404,25.28,Medium,Monitor,Open,[],No IOC Match,Unknown,False
9098,EVT00454,25.26,Medium,Monitor,Open,[],No IOC Match,Unknown,False
9099,EVT00533,25.26,Medium,Monitor,Open,[],No IOC Match,Unknown,False
9100,EVT02389,25.26,Medium,Monitor,Open,[],No IOC Match,Unknown,False
9101,EVT02561,25.26,Medium,Monitor,Open,[],No IOC Match,Unknown,False
9102,EVT07936,25.26,Medium,Monitor,Open,[],No IOC Match,Unknown,False
9103,EVT04711,25.25,Medium,Monitor,Open,[],No IOC Match,Unknown,False
9104,EVT09685,25.23,Medium,Monitor,Open,[],No IOC Match,Low,True
9105,EVT09491,25.22,Medium,Monitor,Open,[],No IOC Match,Unknown,False
9106,EVT07052,25.21,Medium,Monitor,Open,[],No IOC Match,Unknown,False
9107,EVT01493,25.2,Medium,Monitor,Open,[],No IOC Match,Unknown,False
9108,EVT03075,25.2,Medium,Monitor,Open,[],No IOC Match,Unknown,False
9109,EVT02157,25.19,Medium,Monitor,Open,[],No IOC Match,Unknown,False
9110,EVT04503,25.19,Medium,Monitor,Open,[],No IOC Match,Unknown,False
9111,EVT03902,25.17,Medium,Monitor,Open,[],No IOC Match,Unknown,False
9112,EVT08317,25.17,Medium,Monitor,Open,[],No IOC Match,Unknown,False
9113,EVT01181,25.15,Medium,Monitor,Open,[],No IOC Match,Unknown,False
9114,EVT05481,25.15,Medium,Monitor,Open,[],No IOC Match,Unknown,False
9115,EVT04201,25.13,Medium,Monitor,Open,[],No IOC Match,Unknown,False
9116,EVT05805,25.12,Medium,Monitor,Open,[],No IOC Match,Unknown,False
9117,EVT08697,25.12,Medium,Monitor,Open,[],No IOC Match,Unknown,False
9118,EVT05087,25.11,Medium,Monitor,Open,[],No IOC Match,Unknown,False
9119,EVT04092,25.1,Medium,Monitor,Open,[],No IOC Match,Unknown,False
9120,EVT04894,25.1,Medium,Monitor,Open,[],No IOC Match,Unknown,False
9121,EVT06171,25.1,Medium,Monitor,Open,[],No IOC Match,Unknown,False
9122,EVT08135,25.1,Medium,Monitor,Open,['Multiple failed login attempts'],No IOC Match,Unknown,False
9123,EVT00019,25.07,Medium,Monitor,Open,[],No IOC Match,Unknown,False
9124,EVT00211,25.07,Medium,Monitor,Open,[],No IOC Match,Unknown,False
9125,EVT08440,25.06,Medium,Monitor,Open,[],No IOC Match,Unknown,False
9126,EVT01693,25.05,Medium,Monitor,Open,[],No IOC Match,Unknown,False
9127,EVT02718,25.05,Medium,Monitor,Open,[],No IOC Match,Unknown,False
9128,EVT05100,25.05,Medium,Monitor,Open,[],No IOC Match,Unknown,False
9129,EVT08102,25.05,Medium,Monitor,Open,[],No IOC Match,Unknown,False
9130,EVT01559,25.04,Medium,Monitor,Open,[],No IOC Match,Unknown,False
9131,EVT01728,25.04,Medium,Monitor,Open,[],No IOC Match,Unknown,False
9132,EVT08147,25.04,Medium,Monitor,Open,[],No IOC Match,Unknown,False
9133,EVT01375,25.03,Medium,Monitor,Open,[],No IOC Match,Unknown,False
9134,EVT02439,25.03,Medium,Monitor,Open,[],No IOC Match,Unknown,False
9135,EVT03401,25.03,Medium,Monitor,Open,[],No IOC Match,Unknown,False
9136,EVT06479,25.02,Medium,Monitor,Open,[],No IOC Match,Unknown,False
9137,EVT07669,25.02,Medium,Monitor,Open,[],No IOC Match,Unknown,False
9138,EVT03270,25.01,Medium,Monitor,Open,[],No IOC Match,Unknown,False
9139,EVT00567,25.0,Medium,Monitor,Open,[],No IOC Match,Low,True
9140,EVT01586,25.0,Medium,Monitor,Open,[],No IOC Match,Unknown,False
9141,EVT06925,25.0,Medium,Monitor,Open,[],No IOC Match,Unknown,False
9142,EVT00947,24.99,Medium,Monitor,Open,[],No IOC Match,Unknown,False
9143,EVT01030,24.99,Medium,Monitor,Open,[],No IOC Match,Unknown,False
9144,EVT04447,24.99,Medium,Monitor,Open,[],No IOC Match,Low,True
9145,EVT05788,24.99,Medium,Monitor,Open,[],No IOC Match,Unknown,False
9146,EVT08308,24.99,Medium,Monitor,Open,[],No IOC Match,Unknown,False
9147,EVT07599,24.98,Medium,Monitor,Open,[],No IOC Match,Unknown,False
9148,EVT03240,24.96,Medium,Monitor,Open,[],No IOC Match,Unknown,False
9149,EVT07428,24.96,Medium,Monitor,Open,['Multiple failed login attempts'],No IOC Match,Unknown,False
9150,EVT02815,24.95,Medium,Monitor,Open,[],No IOC Match,Unknown,False
9151,EVT04164,24.95,Medium,Monitor,Open,[],No IOC Match,Unknown,False
9152,EVT07320,24.95,Medium,Monitor,Open,[],No IOC Match,Unknown,False
9153,EVT09890,24.93,Medium,Monitor,Open,[],No IOC Match,Unknown,False
9154,EVT01304,24.92,Medium,Monitor,Open,[],No IOC Match,Unknown,False
9155,EVT09485,24.92,Medium,Monitor,Open,[],No IOC Match,Unknown,False
9156,EVT02340,24.89,Medium,Monitor,Open,[],No IOC Match,Unknown,False
9157,EVT04044,24.89,Medium,Monitor,Open,[],No IOC Match,Unknown,False
9158,EVT01070,24.88,Medium,Monitor,Open,[],No IOC Match,Unknown,False
9159,EVT02089,24.88,Medium,Monitor,Open,[],No IOC Match,Unknown,False
9160,EVT06929,24.87,Medium,Monitor,Open,[],No IOC Match,Unknown,False
9161,EVT02586,24.85,Medium,Monitor,Open,[],No IOC Match,Unknown,False
9162,EVT04690,24.85,Medium,Monitor,Open,[],No IOC Match,Unknown,False
9163,EVT09258,24.85,Medium,Monitor,Open,['Multiple failed login attempts'],No IOC Match,Unknown,False
9164,EVT08225,24.82,Medium,Monitor,Open,[],No IOC Match,Unknown,False
9165,EVT07432,24.81,Medium,Monitor,Open,[],No IOC Match,Unknown,False
9166,EVT04496,24.8,Medium,Monitor,Open,[],No IOC Match,Unknown,False
9167,EVT03999,24.79,Medium,Monitor,Open,[],No IOC Match,Unknown,False
9168,EVT05712,24.79,Medium,Monitor,Open,[],No IOC Match,Unknown,False
9169,EVT05530,24.78,Medium,Monitor,Open,[],No IOC Match,Unknown,False
9170,EVT08976,24.78,Medium,Monitor,Open,[],No IOC Match,Unknown,False
9171,EVT00552,24.77,Medium,Monitor,Open,[],No IOC Match,Unknown,False
9172,EVT06174,24.77,Medium,Monitor,Open,[],No IOC Match,Unknown,False
9173,EVT03247,24.76,Medium,Monitor,Open,[],No IOC Match,Unknown,False
9174,EVT03637,24.76,Medium,Monitor,Open,[],No IOC Match,Unknown,False
9175,EVT03254,24.75,Medium,Monitor,Open,[],No IOC Match,Unknown,False
9176,EVT06350,24.73,Medium,Monitor,Open,[],No IOC Match,Unknown,False
9177,EVT07158,24.73,Medium,Monitor,Open,[],No IOC Match,Unknown,False
9178,EVT03095,24.72,Medium,Monitor,Open,[],No IOC Match,Unknown,False
9179,EVT09323,24.72,Medium,Monitor,Open,[],No IOC Match,Unknown,False
9180,EVT00551,24.71,Medium,Monitor,Open,[],No IOC Match,Unknown,False
9181,EVT07698,24.69,Medium,Monitor,Open,[],No IOC Match,Unknown,False
9182,EVT07979,24.68,Medium,Monitor,Open,[],No IOC Match,Unknown,False
9183,EVT03541,24.67,Medium,Monitor,Open,[],No IOC Match,Unknown,False
9184,EVT04752,24.67,Medium,Monitor,Open,[],No IOC Match,Unknown,False
9185,EVT03154,24.66,Medium,Monitor,Open,[],No IOC Match,Unknown,False
9186,EVT04275,24.66,Medium,Monitor,Open,[],No IOC Match,Unknown,False
9187,EVT06454,24.66,Medium,Monitor,Open,[],No IOC Match,Unknown,False
9188,EVT09853,24.65,Medium,Monitor,Open,[],No IOC Match,Unknown,False
9189,EVT01313,24.64,Medium,Monitor,Open,[],No IOC Match,Unknown,False
9190,EVT06077,24.64,Medium,Monitor,Open,[],No IOC Match,Unknown,False
9191,EVT08636,24.63,Medium,Monitor,Open,[],No IOC Match,Unknown,False
9192,EVT04482,24.62,Medium,Monitor,Open,[],No IOC Match,Unknown,False
9193,EVT09885,24.61,Medium,Monitor,Open,[],No IOC Match,Unknown,False
9194,EVT02041,24.6,Medium,Monitor,Open,[],No IOC Match,Unknown,False
9195,EVT06355,24.6,Medium,Monitor,Open,[],No IOC Match,Unknown,False
9196,EVT00103,24.58,Medium,Monitor,Open,[],No IOC Match,Unknown,False
9197,EVT00448,24.57,Medium,Monitor,Open,[],No IOC Match,Unknown,False
9198,EVT03652,24.57,Medium,Monitor,Open,[],No IOC Match,Unknown,False
9199,EVT06388,24.57,Medium,Monitor,Open,[],No IOC Match,Unknown,False
9200,EVT05184,24.56,Medium,Monitor,Open,[],No IOC Match,Unknown,False
9201,EVT08747,24.56,Medium,Monitor,Open,[],No IOC Match,Unknown,False
9202,EVT01843,24.55,Medium,Monitor,Open,[],No IOC Match,Unknown,False
9203,EVT05815,24.54,Medium,Monitor,Open,[],No IOC Match,Unknown,False
9204,EVT02455,24.53,Medium,Monitor,Open,[],No IOC Match,Unknown,False
9205,EVT04750,24.53,Medium,Monitor,Open,[],No IOC Match,Unknown,False
9206,EVT08568,24.53,Medium,Monitor,Open,[],No IOC Match,Unknown,False
9207,EVT06050,24.52,Medium,Monitor,Open,[],No IOC Match,Unknown,False
9208,EVT06132,24.52,Medium,Monitor,Open,[],No IOC Match,Low,True
9209,EVT07690,24.52,Medium,Monitor,Open,[],No IOC Match,Unknown,False
9210,EVT08131,24.52,Medium,Monitor,Open,[],No IOC Match,Unknown,False
9211,EVT09125,24.52,Medium,Monitor,Open,[],No IOC Match,Unknown,False
9212,EVT09177,24.52,Medium,Monitor,Open,[],No IOC Match,Unknown,False
9213,EVT00747,24.51,Medium,Monitor,Open,[],No IOC Match,Unknown,False
9214,EVT06485,24.51,Medium,Monitor,Open,[],No IOC Match,Unknown,False
9215,EVT06506,24.51,Medium,Monitor,Open,[],No IOC Match,Unknown,False
9216,EVT09276,24.51,Medium,Monitor,Open,[],No IOC Match,Unknown,False
9217,EVT08237,24.5,Medium,Monitor,Open,[],No IOC Match,Low,True
9218,EVT06169,24.49,Medium,Monitor,Open,[],No IOC Match,Unknown,False
9219,EVT00536,24.48,Medium,Monitor,Open,[],No IOC Match,Unknown,False
9220,EVT05923,24.48,Medium,Monitor,Open,[],No IOC Match,Unknown,False
9221,EVT00044,24.47,Medium,Monitor,Open,[],No IOC Match,Unknown,False
9222,EVT03434,24.47,Medium,Monitor,Open,[],No IOC Match,Unknown,False
9223,EVT06256,24.47,Medium,Monitor,Open,[],No IOC Match,Unknown,False
9224,EVT06285,24.47,Medium,Monitor,Open,[],No IOC Match,Unknown,False
9225,EVT09012,24.47,Medium,Monitor,Open,[],No IOC Match,Unknown,False
9226,EVT04499,24.46,Medium,Monitor,Open,[],No IOC Match,Unknown,False
9227,EVT08663,24.46,Medium,Monitor,Open,[],No IOC Match,Unknown,False
9228,EVT09481,24.46,Medium,Monitor,Open,[],No IOC Match,Unknown,False
9229,EVT02726,24.45,Medium,Monitor,Open,[],No IOC Match,Unknown,False
9230,EVT05681,24.45,Medium,Monitor,Open,[],No IOC Match,Unknown,False
9231,EVT06911,24.43,Medium,Monitor,Open,[],No IOC Match,Unknown,False
9232,EVT04185,24.41,Medium,Monitor,Open,[],No IOC Match,Unknown,False
9233,EVT04147,24.39,Medium,Monitor,Open,[],No IOC Match,Unknown,False
9234,EVT04652,24.38,Medium,Monitor,Open,[],No IOC Match,Unknown,False
9235,EVT04847,24.38,Medium,Monitor,Open,[],No IOC Match,Unknown,False
9236,EVT07028,24.38,Medium,Monitor,Open,[],No IOC Match,Unknown,False
9237,EVT03258,24.37,Medium,Monitor,Open,[],No IOC Match,Unknown,False
9238,EVT03438,24.37,Medium,Monitor,Open,[],No IOC Match,Unknown,False
9239,EVT06772,24.37,Medium,Monitor,Open,[],No IOC Match,Unknown,False
9240,EVT07999,24.37,Medium,Monitor,Open,[],No IOC Match,Unknown,False
9241,EVT07439,24.36,Medium,Monitor,Open,[],No IOC Match,Unknown,False
9242,EVT09912,24.36,Medium,Monitor,Open,[],No IOC Match,Unknown,False
9243,EVT06966,24.35,Medium,Monitor,Open,[],No IOC Match,Unknown,False
9244,EVT07080,24.35,Medium,Monitor,Open,[],No IOC Match,Unknown,False
9245,EVT00599,24.34,Medium,Monitor,Open,[],No IOC Match,Unknown,False
9246,EVT02114,24.34,Medium,Monitor,Open,[],No IOC Match,Unknown,False
9247,EVT03402,24.34,Medium,Monitor,Open,[],No IOC Match,Unknown,False
9248,EVT05206,24.34,Medium,Monitor,Open,[],No IOC Match,Unknown,False
9249,EVT08987,24.34,Medium,Monitor,Open,[],No IOC Match,Medium,True
9250,EVT09846,24.34,Medium,Monitor,Open,[],No IOC Match,Unknown,False
9251,EVT08596,24.33,Medium,Monitor,Open,[],No IOC Match,Unknown,False
9252,EVT09472,24.33,Medium,Monitor,Open,[],No IOC Match,Unknown,False
9253,EVT03800,24.32,Medium,Monitor,Open,[],No IOC Match,Unknown,False
9254,EVT06449,24.32,Medium,Monitor,Open,[],No IOC Match,Unknown,False
9255,EVT08924,24.32,Medium,Monitor,Open,[],No IOC Match,Unknown,False
9256,EVT09836,24.31,Medium,Monitor,Open,[],No IOC Match,Unknown,False
9257,EVT02073,24.3,Medium,Monitor,Open,[],No IOC Match,Unknown,False
9258,EVT06181,24.3,Medium,Monitor,Open,[],No IOC Match,Unknown,False
9259,EVT09928,24.3,Medium,Monitor,Open,[],No IOC Match,Unknown,False
9260,EVT00746,24.29,Medium,Monitor,Open,[],No IOC Match,Unknown,False
9261,EVT03850,24.28,Medium,Monitor,Open,[],No IOC Match,Unknown,False
9262,EVT08988,24.28,Medium,Monitor,Open,[],No IOC Match,Unknown,False
9263,EVT03458,24.27,Medium,Monitor,Open,[],No IOC Match,Unknown,False
9264,EVT05789,24.27,Medium,Monitor,Open,[],No IOC Match,Unknown,False
9265,EVT06402,24.27,Medium,Monitor,Open,[],No IOC Match,Unknown,False
9266,EVT07775,24.27,Medium,Monitor,Open,[],No IOC Match,Unknown,False
9267,EVT09949,24.26,Medium,Monitor,Open,[],No IOC Match,Unknown,False
9268,EVT00719,24.25,Medium,Monitor,Open,[],No IOC Match,Unknown,False
9269,EVT02450,24.24,Medium,Monitor,Open,[],No IOC Match,Unknown,False
9270,EVT03437,24.24,Medium,Monitor,Open,[],No IOC Match,Unknown,False
9271,EVT00839,24.23,Medium,Monitor,Open,[],No IOC Match,Unknown,False
9272,EVT03727,24.22,Medium,Monitor,Open,[],No IOC Match,Unknown,False
9273,EVT08477,24.22,Medium,Monitor,Open,[],No IOC Match,Unknown,False
9274,EVT09988,24.21,Medium,Monitor,Open,[],No IOC Match,Unknown,False
9275,EVT00883,24.2,Medium,Monitor,Open,[],No IOC Match,Unknown,False
9276,EVT02146,24.2,Medium,Monitor,Open,[],No IOC Match,Unknown,False
9277,EVT03844,24.19,Medium,Monitor,Open,[],No IOC Match,Unknown,False
9278,EVT03947,24.18,Medium,Monitor,Open,[],No IOC Match,Unknown,False
9279,EVT03996,24.18,Medium,Monitor,Open,[],No IOC Match,Unknown,False
9280,EVT04767,24.18,Medium,Monitor,Open,[],No IOC Match,Unknown,False
9281,EVT06894,24.18,Medium,Monitor,Open,[],No IOC Match,Unknown,False
9282,EVT07894,24.17,Medium,Monitor,Open,[],No IOC Match,Unknown,False
9283,EVT09845,24.17,Medium,Monitor,Open,[],No IOC Match,Unknown,False
9284,EVT02765,24.16,Medium,Monitor,Open,[],No IOC Match,Unknown,False
9285,EVT00909,24.14,Medium,Monitor,Open,[],No IOC Match,Unknown,False
9286,EVT06825,24.14,Medium,Monitor,Open,[],No IOC Match,Unknown,False
9287,EVT00046,24.12,Medium,Monitor,Open,[],No IOC Match,Unknown,False
9288,EVT00657,24.12,Medium,Monitor,Open,[],No IOC Match,Unknown,False
9289,EVT07053,24.12,Medium,Monitor,Open,[],No IOC Match,Unknown,False
9290,EVT03556,24.11,Medium,Monitor,Open,[],No IOC Match,Unknown,False
9291,EVT04993,24.1,Medium,Monitor,Open,[],No IOC Match,Unknown,False
9292,EVT09958,24.1,Medium,Monitor,Open,[],No IOC Match,Unknown,False
9293,EVT07105,24.09,Medium,Monitor,Open,[],No IOC Match,Unknown,False
9294,EVT08319,24.09,Medium,Monitor,Open,[],No IOC Match,Unknown,False
9295,EVT07412,24.08,Medium,Monitor,Open,[],No IOC Match,Unknown,False
9296,EVT02744,24.07,Medium,Monitor,Open,[],No IOC Match,Unknown,False
9297,EVT03162,24.07,Medium,Monitor,Open,[],No IOC Match,Unknown,False
9298,EVT06230,24.07,Medium,Monitor,Open,[],No IOC Match,Unknown,False
9299,EVT08255,24.07,Medium,Monitor,Open,[],No IOC Match,Unknown,False
9300,EVT00810,24.05,Medium,Monitor,Open,[],No IOC Match,Unknown,False
9301,EVT01309,24.05,Medium,Monitor,Open,[],No IOC Match,Unknown,False
9302,EVT05934,24.05,Medium,Monitor,Open,[],No IOC Match,Unknown,False
9303,EVT09543,24.05,Medium,Monitor,Open,['Multiple failed login attempts'],No IOC Match,Unknown,False
9304,EVT00636,24.04,Medium,Monitor,Open,[],No IOC Match,Unknown,False
9305,EVT00910,24.04,Medium,Monitor,Open,[],No IOC Match,Low,True
9306,EVT03901,24.04,Medium,Monitor,Open,[],No IOC Match,Unknown,False
9307,EVT05940,24.04,Medium,Monitor,Open,[],No IOC Match,Unknown,False
9308,EVT06090,24.03,Medium,Monitor,Open,[],No IOC Match,Medium,True
9309,EVT09534,24.03,Medium,Monitor,Open,[],No IOC Match,Unknown,False
9310,EVT01796,24.02,Medium,Monitor,Open,[],No IOC Match,Unknown,False
9311,EVT09277,24.02,Medium,Monitor,Open,[],No IOC Match,Unknown,False
9312,EVT03757,24.01,Medium,Monitor,Open,[],No IOC Match,Unknown,False
9313,EVT09596,24.01,Medium,Monitor,Open,[],No IOC Match,Unknown,False
9314,EVT02256,24.0,Medium,Monitor,Open,[],No IOC Match,Unknown,False
9315,EVT01545,23.99,Medium,Monitor,Open,[],No IOC Match,Unknown,False
9316,EVT02113,23.99,Medium,Monitor,Open,[],No IOC Match,Unknown,False
9317,EVT07551,23.98,Medium,Monitor,Open,[],No IOC Match,Unknown,False
9318,EVT09090,23.98,Medium,Monitor,Open,[],No IOC Match,Unknown,False
9319,EVT05678,23.97,Medium,Monitor,Open,[],No IOC Match,Unknown,False
9320,EVT08755,23.97,Medium,Monitor,Open,[],No IOC Match,Unknown,False
9321,EVT04896,23.96,Medium,Monitor,Open,[],No IOC Match,Unknown,False
9322,EVT08497,23.96,Medium,Monitor,Open,[],No IOC Match,Unknown,False
9323,EVT01152,23.94,Medium,Monitor,Open,[],No IOC Match,Unknown,False
9324,EVT05754,23.94,Medium,Monitor,Open,[],No IOC Match,Unknown,False
9325,EVT00744,23.93,Medium,Monitor,Open,[],No IOC Match,Low,True
9326,EVT01794,23.93,Medium,Monitor,Open,[],No IOC Match,Unknown,False
9327,EVT04407,23.92,Medium,Monitor,Open,[],No IOC Match,Unknown,False
9328,EVT05643,23.91,Medium,Monitor,Open,[],No IOC Match,Unknown,False
9329,EVT08799,23.9,Medium,Monitor,Open,[],No IOC Match,Unknown,False
9330,EVT04034,23.89,Medium,Monitor,Open,[],No IOC Match,Unknown,False
9331,EVT01579,23.88,Medium,Monitor,Open,[],No IOC Match,Unknown,False
9332,EVT05385,23.88,Medium,Monitor,Open,[],No IOC Match,Unknown,False
9333,EVT00311,23.87,Medium,Monitor,Open,[],No IOC Match,Unknown,False
9334,EVT00544,23.87,Medium,Monitor,Open,[],No IOC Match,Unknown,False
9335,EVT01951,23.87,Medium,Monitor,Open,[],No IOC Match,Unknown,False
9336,EVT05779,23.87,Medium,Monitor,Open,[],No IOC Match,Unknown,False
9337,EVT00287,23.86,Medium,Monitor,Open,[],No IOC Match,Unknown,False
9338,EVT00777,23.86,Medium,Monitor,Open,[],No IOC Match,Unknown,False
9339,EVT02609,23.86,Medium,Monitor,Open,[],No IOC Match,Low,True
9340,EVT06628,23.86,Medium,Monitor,Open,[],No IOC Match,Unknown,False
9341,EVT08348,23.84,Medium,Monitor,Open,[],No IOC Match,Unknown,False
9342,EVT03700,23.83,Medium,Monitor,Open,[],No IOC Match,Unknown,False
9343,EVT03936,23.83,Medium,Monitor,Open,[],No IOC Match,Unknown,False
9344,EVT05062,23.83,Medium,Monitor,Open,[],No IOC Match,Unknown,False
9345,EVT07532,23.83,Medium,Monitor,Open,[],No IOC Match,Unknown,False
9346,EVT06814,23.82,Medium,Monitor,Open,[],No IOC Match,Unknown,False
9347,EVT03722,23.81,Medium,Monitor,Open,[],No IOC Match,Unknown,False
9348,EVT06305,23.81,Medium,Monitor,Open,[],No IOC Match,Unknown,False
9349,EVT06806,23.81,Medium,Monitor,Open,[],No IOC Match,Unknown,False
9350,EVT07798,23.79,Medium,Monitor,Open,[],No IOC Match,Medium,True
9351,EVT08074,23.79,Medium,Monitor,Open,[],No IOC Match,Unknown,False
9352,EVT08359,23.79,Medium,Monitor,Open,[],No IOC Match,Unknown,False
9353,EVT00011,23.78,Medium,Monitor,Open,[],No IOC Match,Unknown,False
9354,EVT03553,23.78,Medium,Monitor,Open,[],No IOC Match,Unknown,False
9355,EVT05425,23.78,Medium,Monitor,Open,[],No IOC Match,Unknown,False
9356,EVT00539,23.77,Medium,Monitor,Open,['Multiple failed login attempts'],No IOC Match,Unknown,False
9357,EVT00547,23.76,Medium,Monitor,Open,[],No IOC Match,Unknown,False
9358,EVT01795,23.76,Medium,Monitor,Open,[],No IOC Match,Unknown,False
9359,EVT02005,23.76,Medium,Monitor,Open,[],No IOC Match,Unknown,False
9360,EVT03138,23.75,Medium,Monitor,Open,[],No IOC Match,Unknown,False
9361,EVT03862,23.75,Medium,Monitor,Open,[],No IOC Match,Unknown,False
9362,EVT09151,23.75,Medium,Monitor,Open,[],No IOC Match,Unknown,False
9363,EVT03043,23.74,Medium,Monitor,Open,[],No IOC Match,Unknown,False
9364,EVT08374,23.74,Medium,Monitor,Open,[],No IOC Match,Unknown,False
9365,EVT02150,23.73,Medium,Monitor,Open,[],No IOC Match,Unknown,False
9366,EVT04210,23.73,Medium,Monitor,Open,[],No IOC Match,Unknown,False
9367,EVT08726,23.72,Medium,Monitor,Open,[],No IOC Match,Unknown,False
9368,EVT04435,23.71,Medium,Monitor,Open,[],No IOC Match,Unknown,False
9369,EVT01851,23.69,Medium,Monitor,Open,[],No IOC Match,Unknown,False
9370,EVT03531,23.69,Medium,Monitor,Open,[],No IOC Match,Unknown,False
9371,EVT06359,23.69,Medium,Monitor,Open,[],No IOC Match,Unknown,False
9372,EVT06960,23.69,Medium,Monitor,Open,[],No IOC Match,Unknown,False
9373,EVT09629,23.69,Medium,Monitor,Open,[],No IOC Match,Unknown,False
9374,EVT01187,23.68,Medium,Monitor,Open,[],No IOC Match,Unknown,False
9375,EVT02971,23.68,Medium,Monitor,Open,[],No IOC Match,Unknown,False
9376,EVT05757,23.68,Medium,Monitor,Open,[],No IOC Match,Unknown,False
9377,EVT09057,23.68,Medium,Monitor,Open,[],No IOC Match,Unknown,False
9378,EVT09417,23.68,Medium,Monitor,Open,[],No IOC Match,Unknown,False
9379,EVT04769,23.67,Medium,Monitor,Open,[],No IOC Match,Unknown,False
9380,EVT08954,23.67,Medium,Monitor,Open,[],No IOC Match,Unknown,False
9381,EVT01515,23.66,Medium,Monitor,Open,[],No IOC Match,Unknown,False
9382,EVT00927,23.64,Medium,Monitor,Open,[],No IOC Match,Unknown,False
9383,EVT01168,23.63,Medium,Monitor,Open,[],No IOC Match,Unknown,False
9384,EVT08537,23.62,Medium,Monitor,Open,[],No IOC Match,Unknown,False
9385,EVT01711,23.61,Medium,Monitor,Open,[],No IOC Match,Unknown,False
9386,EVT07021,23.61,Medium,Monitor,Open,[],No IOC Match,Unknown,False
9387,EVT08197,23.61,Medium,Monitor,Open,[],No IOC Match,Unknown,False
9388,EVT01800,23.6,Medium,Monitor,Open,[],No IOC Match,Unknown,False
9389,EVT02853,23.6,Medium,Monitor,Open,[],No IOC Match,Unknown,False
9390,EVT03717,23.59,Medium,Monitor,Open,[],No IOC Match,Unknown,False
9391,EVT01105,23.57,Medium,Monitor,Open,[],No IOC Match,Unknown,False
9392,EVT02963,23.57,Medium,Monitor,Open,[],No IOC Match,Unknown,False
9393,EVT08640,23.57,Medium,Monitor,Open,[],No IOC Match,Unknown,False
9394,EVT09365,23.57,Medium,Monitor,Open,[],No IOC Match,Unknown,False
9395,EVT07782,23.56,Medium,Monitor,Open,[],No IOC Match,Unknown,False
9396,EVT06189,23.54,Medium,Monitor,Open,[],No IOC Match,Unknown,False
9397,EVT06635,23.54,Medium,Monitor,Open,[],No IOC Match,Unknown,False
9398,EVT07113,23.54,Medium,Monitor,Open,[],No IOC Match,Unknown,False
9399,EVT08251,23.54,Medium,Monitor,Open,[],No IOC Match,Unknown,False
9400,EVT06886,23.53,Medium,Monitor,Open,[],No IOC Match,Unknown,False
9401,EVT00906,23.52,Medium,Monitor,Open,['Multiple failed login attempts'],No IOC Match,Unknown,False
9402,EVT01344,23.52,Medium,Monitor,Open,[],No IOC Match,Unknown,False
9403,EVT03516,23.51,Medium,Monitor,Open,[],No IOC Match,Unknown,False
9404,EVT00852,23.5,Medium,Monitor,Open,[],No IOC Match,Unknown,False
9405,EVT02728,23.5,Medium,Monitor,Open,[],No IOC Match,Unknown,False
9406,EVT00054,23.49,Medium,Monitor,Open,[],No IOC Match,Unknown,False
9407,EVT08914,23.49,Medium,Monitor,Open,[],No IOC Match,Unknown,False
9408,EVT03187,23.46,Medium,Monitor,Open,[],No IOC Match,Unknown,False
9409,EVT05249,23.45,Medium,Monitor,Open,[],No IOC Match,Unknown,False
9410,EVT01297,23.44,Medium,Monitor,Open,[],No IOC Match,Unknown,False
9411,EVT09452,23.44,Medium,Monitor,Open,[],No IOC Match,Unknown,False
9412,EVT00347,23.43,Medium,Monitor,Open,[],No IOC Match,Unknown,False
9413,EVT01329,23.42,Medium,Monitor,Open,[],No IOC Match,Unknown,False
9414,EVT06882,23.42,Medium,Monitor,Open,[],No IOC Match,Unknown,False
9415,EVT09296,23.41,Medium,Monitor,Open,[],No IOC Match,Unknown,False
9416,EVT09118,23.4,Medium,Monitor,Open,[],No IOC Match,Unknown,False
9417,EVT04955,23.39,Medium,Monitor,Open,[],No IOC Match,Unknown,False
9418,EVT05971,23.38,Medium,Monitor,Open,[],No IOC Match,Unknown,False
9419,EVT00850,23.37,Medium,Monitor,Open,[],No IOC Match,Unknown,False
9420,EVT00106,23.36,Medium,Monitor,Open,[],No IOC Match,Unknown,False
9421,EVT03304,23.36,Medium,Monitor,Open,[],No IOC Match,Unknown,False
9422,EVT00877,23.35,Medium,Monitor,Open,[],No IOC Match,Unknown,False
9423,EVT02937,23.35,Medium,Monitor,Open,[],No IOC Match,Unknown,False
9424,EVT03852,23.35,Medium,Monitor,Open,[],No IOC Match,Unknown,False
9425,EVT07631,23.35,Medium,Monitor,Open,[],No IOC Match,Unknown,False
9426,EVT03237,23.34,Medium,Monitor,Open,[],No IOC Match,Unknown,False
9427,EVT05116,23.34,Medium,Monitor,Open,[],No IOC Match,Unknown,False
9428,EVT02364,23.33,Medium,Monitor,Open,[],No IOC Match,Unknown,False
9429,EVT01560,23.31,Medium,Monitor,Open,['Multiple failed login attempts'],No IOC Match,Unknown,False
9430,EVT02099,23.31,Medium,Monitor,Open,[],No IOC Match,Medium,True
9431,EVT09093,23.31,Medium,Monitor,Open,[],No IOC Match,Unknown,False
9432,EVT04739,23.3,Medium,Monitor,Open,[],No IOC Match,Unknown,False
9433,EVT05296,23.3,Medium,Monitor,Open,['Multiple failed login attempts'],No IOC Match,Unknown,False
9434,EVT07909,23.3,Medium,Monitor,Open,[],No IOC Match,Unknown,False
9435,EVT02775,23.29,Medium,Monitor,Open,[],No IOC Match,Unknown,False
9436,EVT02895,23.29,Medium,Monitor,Open,[],No IOC Match,Unknown,False
9437,EVT04648,23.29,Medium,Monitor,Open,[],No IOC Match,Unknown,False
9438,EVT05111,23.29,Medium,Monitor,Open,[],No IOC Match,Unknown,False
9439,EVT06647,23.29,Medium,Monitor,Open,[],No IOC Match,Unknown,False
9440,EVT04005,23.28,Medium,Monitor,Open,[],No IOC Match,Unknown,False
9441,EVT05910,23.28,Medium,Monitor,Open,[],No IOC Match,Unknown,False
9442,EVT04834,23.27,Medium,Monitor,Open,[],No IOC Match,Unknown,False
9443,EVT04974,23.27,Medium,Monitor,Open,[],No IOC Match,Low,True
9444,EVT08559,23.26,Medium,Monitor,Open,[],No IOC Match,Unknown,False
9445,EVT09708,23.26,Medium,Monitor,Open,[],No IOC Match,Unknown,False
9446,EVT04893,23.25,Medium,Monitor,Open,[],No IOC Match,Unknown,False
9447,EVT07197,23.25,Medium,Monitor,Open,[],No IOC Match,Unknown,False
9448,EVT07258,23.25,Medium,Monitor,Open,[],No IOC Match,Unknown,False
9449,EVT06984,23.24,Medium,Monitor,Open,['Multiple failed login attempts'],No IOC Match,Unknown,False
9450,EVT00973,23.23,Medium,Monitor,Open,[],No IOC Match,Unknown,False
9451,EVT02274,23.23,Medium,Monitor,Open,[],No IOC Match,Unknown,False
9452,EVT04869,23.23,Medium,Monitor,Open,[],No IOC Match,Unknown,False
9453,EVT04941,23.23,Medium,Monitor,Open,[],No IOC Match,Unknown,False
9454,EVT04402,23.22,Medium,Monitor,Open,[],No IOC Match,Unknown,False
9455,EVT07846,23.22,Medium,Monitor,Open,[],No IOC Match,Unknown,False
9456,EVT00467,23.21,Medium,Monitor,Open,[],No IOC Match,Unknown,False
9457,EVT01498,23.21,Medium,Monitor,Open,[],No IOC Match,Unknown,False
9458,EVT06477,23.21,Medium,Monitor,Open,[],No IOC Match,Unknown,False
9459,EVT07693,23.21,Medium,Monitor,Open,[],No IOC Match,Unknown,False
9460,EVT08658,23.21,Medium,Monitor,Open,[],No IOC Match,Unknown,False
9461,EVT09333,23.21,Medium,Monitor,Open,[],No IOC Match,Unknown,False
9462,EVT05447,23.2,Medium,Monitor,Open,[],No IOC Match,Unknown,False
9463,EVT02055,23.19,Medium,Monitor,Open,[],No IOC Match,Unknown,False
9464,EVT01122,23.18,Medium,Monitor,Open,[],No IOC Match,Unknown,False
9465,EVT06153,23.18,Medium,Monitor,Open,[],No IOC Match,Unknown,False
9466,EVT01214,23.17,Medium,Monitor,Open,[],No IOC Match,Unknown,False
9467,EVT04378,23.17,Medium,Monitor,Open,[],No IOC Match,Unknown,False
9468,EVT07177,23.17,Medium,Monitor,Open,[],No IOC Match,Unknown,False
9469,EVT07215,23.17,Medium,Monitor,Open,[],No IOC Match,Unknown,False
9470,EVT00986,23.16,Medium,Monitor,Open,[],No IOC Match,Unknown,False
9471,EVT02594,23.16,Medium,Monitor,Open,[],No IOC Match,Unknown,False
9472,EVT06328,23.14,Medium,Monitor,Open,[],No IOC Match,Unknown,False
9473,EVT06684,23.12,Medium,Monitor,Open,[],No IOC Match,Unknown,False
9474,EVT07761,23.12,Medium,Monitor,Open,[],No IOC Match,Unknown,False
9475,EVT04741,23.11,Medium,Monitor,Open,[],No IOC Match,Unknown,False
9476,EVT09584,23.11,Medium,Monitor,Open,[],No IOC Match,Unknown,False
9477,EVT02129,23.1,Medium,Monitor,Open,[],No IOC Match,Unknown,False
9478,EVT03584,23.1,Medium,Monitor,Open,[],No IOC Match,Unknown,False
9479,EVT01625,23.09,Medium,Monitor,Open,[],No IOC Match,Unknown,False
9480,EVT02066,23.09,Medium,Monitor,Open,[],No IOC Match,Unknown,False
9481,EVT03490,23.09,Medium,Monitor,Open,[],No IOC Match,Unknown,False
9482,EVT08498,23.09,Medium,Monitor,Open,[],No IOC Match,Unknown,False
9483,EVT01272,23.08,Medium,Monitor,Open,[],No IOC Match,Unknown,False
9484,EVT08165,23.08,Medium,Monitor,Open,[],No IOC Match,Unknown,False
9485,EVT00798,23.07,Medium,Monitor,Open,[],No IOC Match,Unknown,False
9486,EVT01699,23.07,Medium,Monitor,Open,[],No IOC Match,Unknown,False
9487,EVT04042,23.06,Medium,Monitor,Open,[],No IOC Match,Unknown,False
9488,EVT08849,23.06,Medium,Monitor,Open,[],No IOC Match,Unknown,False
9489,EVT02186,23.04,Medium,Monitor,Open,[],No IOC Match,Unknown,False
9490,EVT07872,23.03,Medium,Monitor,Open,[],No IOC Match,Unknown,False
9491,EVT00343,22.98,Medium,Monitor,Open,[],No IOC Match,Unknown,False
9492,EVT08291,22.96,Medium,Monitor,Open,[],No IOC Match,Unknown,False
9493,EVT00881,22.94,Medium,Monitor,Open,[],No IOC Match,Unknown,False
9494,EVT02741,22.94,Medium,Monitor,Open,[],No IOC Match,Low,True
9495,EVT04025,22.94,Medium,Monitor,Open,[],No IOC Match,Unknown,False
9496,EVT01429,22.93,Medium,Monitor,Open,[],No IOC Match,Unknown,False
9497,EVT09668,22.92,Medium,Monitor,Open,[],No IOC Match,Unknown,False
9498,EVT03090,22.91,Medium,Monitor,Open,[],No IOC Match,Low,True
9499,EVT02120,22.9,Medium,Monitor,Open,[],No IOC Match,Unknown,False
9500,EVT01106,22.89,Medium,Monitor,Open,[],No IOC Match,Low,True
9501,EVT07672,22.89,Medium,Monitor,Open,[],No IOC Match,Unknown,False
9502,EVT09346,22.89,Medium,Monitor,Open,[],No IOC Match,Unknown,False
9503,EVT01865,22.86,Medium,Monitor,Open,[],No IOC Match,Unknown,False
9504,EVT01041,22.85,Medium,Monitor,Open,[],No IOC Match,Unknown,False
9505,EVT01333,22.85,Medium,Monitor,Open,[],No IOC Match,Unknown,False
9506,EVT03594,22.85,Medium,Monitor,Open,[],No IOC Match,Unknown,False
9507,EVT08962,22.85,Medium,Monitor,Open,[],No IOC Match,Unknown,False
9508,EVT01092,22.83,Medium,Monitor,Open,[],No IOC Match,Unknown,False
9509,EVT01411,22.83,Medium,Monitor,Open,[],No IOC Match,Unknown,False
9510,EVT02546,22.83,Medium,Monitor,Open,[],No IOC Match,Unknown,False
9511,EVT06085,22.82,Medium,Monitor,Open,[],No IOC Match,Unknown,False
9512,EVT03246,22.81,Medium,Monitor,Open,[],No IOC Match,Unknown,False
9513,EVT03944,22.81,Medium,Monitor,Open,[],No IOC Match,Unknown,False
9514,EVT01691,22.8,Medium,Monitor,Open,['Multiple failed login attempts'],No IOC Match,Unknown,False
9515,EVT09405,22.8,Medium,Monitor,Open,[],No IOC Match,Unknown,False
9516,EVT07964,22.79,Medium,Monitor,Open,[],No IOC Match,Unknown,False
9517,EVT03118,22.78,Medium,Monitor,Open,[],No IOC Match,Unknown,False
9518,EVT07186,22.78,Medium,Monitor,Open,[],No IOC Match,Unknown,False
9519,EVT07419,22.78,Medium,Monitor,Open,[],No IOC Match,Unknown,False
9520,EVT08616,22.78,Medium,Monitor,Open,[],No IOC Match,Unknown,False
9521,EVT06114,22.77,Medium,Monitor,Open,[],No IOC Match,Unknown,False
9522,EVT07179,22.77,Medium,Monitor,Open,[],No IOC Match,Unknown,False
9523,EVT08313,22.75,Medium,Monitor,Open,[],No IOC Match,Unknown,False
9524,EVT00449,22.74,Medium,Monitor,Open,[],No IOC Match,Unknown,False
9525,EVT03147,22.74,Medium,Monitor,Open,[],No IOC Match,Unknown,False
9526,EVT08829,22.73,Medium,Monitor,Open,[],No IOC Match,Unknown,False
9527,EVT01109,22.7,Medium,Monitor,Open,[],No IOC Match,Unknown,False
9528,EVT07559,22.7,Medium,Monitor,Open,[],No IOC Match,Unknown,False
9529,EVT01167,22.68,Medium,Monitor,Open,[],No IOC Match,Unknown,False
9530,EVT06549,22.68,Medium,Monitor,Open,[],No IOC Match,Unknown,False
9531,EVT01881,22.67,Medium,Monitor,Open,[],No IOC Match,Unknown,False
9532,EVT04954,22.67,Medium,Monitor,Open,[],No IOC Match,Unknown,False
9533,EVT05519,22.67,Medium,Monitor,Open,[],No IOC Match,Unknown,False
9534,EVT07216,22.67,Medium,Monitor,Open,['Multiple failed login attempts'],No IOC Match,Unknown,False
9535,EVT05793,22.66,Medium,Monitor,Open,[],No IOC Match,Unknown,False
9536,EVT06331,22.65,Medium,Monitor,Open,[],No IOC Match,Unknown,False
9537,EVT07873,22.65,Medium,Monitor,Open,[],No IOC Match,Unknown,False
9538,EVT02302,22.64,Medium,Monitor,Open,[],No IOC Match,Unknown,False
9539,EVT00589,22.63,Medium,Monitor,Open,[],No IOC Match,Unknown,False
9540,EVT04268,22.63,Medium,Monitor,Open,[],No IOC Match,Unknown,False
9541,EVT03125,22.61,Medium,Monitor,Open,[],No IOC Match,Unknown,False
9542,EVT04310,22.61,Medium,Monitor,Open,[],No IOC Match,Unknown,False
9543,EVT09092,22.61,Medium,Monitor,Open,[],No IOC Match,Unknown,False
9544,EVT01877,22.57,Medium,Monitor,Open,[],No IOC Match,Unknown,False
9545,EVT09722,22.55,Medium,Monitor,Open,[],No IOC Match,Unknown,False
9546,EVT04067,22.52,Medium,Monitor,Open,[],No IOC Match,Unknown,False
9547,EVT07851,22.52,Medium,Monitor,Open,[],No IOC Match,Unknown,False
9548,EVT05139,22.51,Medium,Monitor,Open,[],No IOC Match,Unknown,False
9549,EVT08901,22.5,Medium,Monitor,Open,[],No IOC Match,Unknown,False
9550,EVT09604,22.5,Medium,Monitor,Open,[],No IOC Match,Unknown,False
9551,EVT09547,22.49,Medium,Monitor,Open,[],No IOC Match,Unknown,False
9552,EVT00299,22.48,Medium,Monitor,Open,[],No IOC Match,Unknown,False
9553,EVT02334,22.48,Medium,Monitor,Open,[],No IOC Match,Unknown,False
9554,EVT04987,22.47,Medium,Monitor,Open,[],No IOC Match,Unknown,False
9555,EVT06537,22.46,Medium,Monitor,Open,[],No IOC Match,Unknown,False
9556,EVT08712,22.45,Medium,Monitor,Open,[],No IOC Match,Unknown,False
9557,EVT02323,22.44,Medium,Monitor,Open,[],No IOC Match,Unknown,False
9558,EVT05411,22.43,Medium,Monitor,Open,[],No IOC Match,Unknown,False
9559,EVT04508,22.41,Medium,Monitor,Open,[],No IOC Match,Unknown,False
9560,EVT08719,22.39,Medium,Monitor,Open,[],No IOC Match,Unknown,False
9561,EVT00377,22.38,Medium,Monitor,Open,[],No IOC Match,Unknown,False
9562,EVT01727,22.37,Medium,Monitor,Open,[],No IOC Match,Unknown,False
9563,EVT02851,22.37,Medium,Monitor,Open,[],No IOC Match,Unknown,False
9564,EVT03686,22.37,Medium,Monitor,Open,[],No IOC Match,Unknown,False
9565,EVT01153,22.36,Medium,Monitor,Open,[],No IOC Match,Unknown,False
9566,EVT08016,22.36,Medium,Monitor,Open,[],No IOC Match,Unknown,False
9567,EVT07007,22.34,Medium,Monitor,Open,[],No IOC Match,Unknown,False
9568,EVT08481,22.34,Medium,Monitor,Open,[],No IOC Match,Unknown,False
9569,EVT09824,22.33,Medium,Monitor,Open,[],No IOC Match,Unknown,False
9570,EVT09818,22.32,Medium,Monitor,Open,[],No IOC Match,Unknown,False
9571,EVT05636,22.31,Medium,Monitor,Open,[],No IOC Match,Unknown,False
9572,EVT07204,22.31,Medium,Monitor,Open,[],No IOC Match,Unknown,False
9573,EVT01885,22.3,Medium,Monitor,Open,[],No IOC Match,Unknown,False
9574,EVT02156,22.3,Medium,Monitor,Open,[],No IOC Match,Unknown,False
9575,EVT09511,22.28,Medium,Monitor,Open,[],No IOC Match,Unknown,False
9576,EVT02522,22.27,Medium,Monitor,Open,[],No IOC Match,Unknown,False
9577,EVT03885,22.27,Medium,Monitor,Open,[],No IOC Match,Unknown,False
9578,EVT03030,22.26,Medium,Monitor,Open,[],No IOC Match,Unknown,False
9579,EVT06096,22.26,Medium,Monitor,Open,[],No IOC Match,Unknown,False
9580,EVT06968,22.25,Medium,Monitor,Open,[],No IOC Match,Unknown,False
9581,EVT06595,22.24,Medium,Monitor,Open,[],No IOC Match,Unknown,False
9582,EVT06740,22.24,Medium,Monitor,Open,[],No IOC Match,Unknown,False
9583,EVT09638,22.24,Medium,Monitor,Open,[],No IOC Match,Unknown,False
9584,EVT00954,22.23,Medium,Monitor,Open,[],No IOC Match,Unknown,False
9585,EVT07606,22.23,Medium,Monitor,Open,[],No IOC Match,Unknown,False
9586,EVT00407,22.22,Medium,Monitor,Open,[],No IOC Match,Unknown,False
9587,EVT02310,22.2,Medium,Monitor,Open,[],No IOC Match,Unknown,False
9588,EVT04674,22.2,Medium,Monitor,Open,[],No IOC Match,Unknown,False
9589,EVT04530,22.19,Medium,Monitor,Open,[],No IOC Match,Unknown,False
9590,EVT07772,22.17,Medium,Monitor,Open,[],No IOC Match,Unknown,False
9591,EVT01947,22.15,Medium,Monitor,Open,[],No IOC Match,Unknown,False
9592,EVT07650,22.13,Medium,Monitor,Open,[],No IOC Match,Unknown,False
9593,EVT08826,22.13,Medium,Monitor,Open,[],No IOC Match,Unknown,False
9594,EVT09676,22.13,Medium,Monitor,Open,[],No IOC Match,Unknown,False
9595,EVT05600,22.11,Medium,Monitor,Open,[],No IOC Match,Unknown,False
9596,EVT09247,22.1,Medium,Monitor,Open,[],No IOC Match,Unknown,False
9597,EVT05017,22.08,Medium,Monitor,Open,[],No IOC Match,Unknown,False
9598,EVT05403,22.08,Medium,Monitor,Open,[],No IOC Match,Unknown,False
9599,EVT08878,22.07,Medium,Monitor,Open,[],No IOC Match,Unknown,False
9600,EVT09532,22.07,Medium,Monitor,Open,['Multiple failed login attempts'],No IOC Match,Unknown,False
9601,EVT05172,22.05,Medium,Monitor,Open,[],No IOC Match,Unknown,False
9602,EVT01771,22.03,Medium,Monitor,Open,[],No IOC Match,Unknown,False
9603,EVT04986,22.03,Medium,Monitor,Open,[],No IOC Match,Unknown,False
9604,EVT01648,22.02,Medium,Monitor,Open,[],No IOC Match,Unknown,False
9605,EVT08729,22.02,Medium,Monitor,Open,[],No IOC Match,Unknown,False
9606,EVT04247,22.0,Medium,Monitor,Open,[],No IOC Match,Unknown,False
9607,EVT01585,21.99,Medium,Monitor,Open,[],No IOC Match,Unknown,False
9608,EVT00848,21.96,Medium,Monitor,Open,[],No IOC Match,Unknown,False
9609,EVT01531,21.96,Medium,Monitor,Open,[],No IOC Match,Unknown,False
9610,EVT03063,21.96,Medium,Monitor,Open,[],No IOC Match,Unknown,False
9611,EVT05240,21.96,Medium,Monitor,Open,[],No IOC Match,Unknown,False
9612,EVT01074,21.95,Medium,Monitor,Open,[],No IOC Match,Unknown,False
9613,EVT05350,21.95,Medium,Monitor,Open,[],No IOC Match,Unknown,False
9614,EVT08556,21.95,Medium,Monitor,Open,[],No IOC Match,Unknown,False
9615,EVT09635,21.95,Medium,Monitor,Open,[],No IOC Match,Unknown,False
9616,EVT02693,21.93,Medium,Monitor,Open,[],No IOC Match,Low,True
9617,EVT01519,21.91,Medium,Monitor,Open,[],No IOC Match,Unknown,False
9618,EVT06312,21.88,Medium,Monitor,Open,[],No IOC Match,Unknown,False
9619,EVT04154,21.86,Medium,Monitor,Open,[],No IOC Match,Unknown,False
9620,EVT05708,21.85,Medium,Monitor,Open,[],No IOC Match,Unknown,False
9621,EVT02696,21.84,Medium,Monitor,Open,[],No IOC Match,Unknown,False
9622,EVT03551,21.83,Medium,Monitor,Open,[],No IOC Match,Unknown,False
9623,EVT00306,21.82,Medium,Monitor,Open,[],No IOC Match,Unknown,False
9624,EVT09214,21.81,Medium,Monitor,Open,[],No IOC Match,Unknown,False
9625,EVT05834,21.8,Medium,Monitor,Open,[],No IOC Match,Unknown,False
9626,EVT04861,21.79,Medium,Monitor,Open,[],No IOC Match,Unknown,False
9627,EVT09480,21.78,Medium,Monitor,Open,[],No IOC Match,Unknown,False
9628,EVT04308,21.76,Medium,Monitor,Open,[],No IOC Match,Unknown,False
9629,EVT08093,21.76,Medium,Monitor,Open,[],No IOC Match,Unknown,False
9630,EVT07515,21.71,Medium,Monitor,Open,[],No IOC Match,Unknown,False
9631,EVT09148,21.71,Medium,Monitor,Open,[],No IOC Match,Unknown,False
9632,EVT06714,21.7,Medium,Monitor,Open,[],No IOC Match,Unknown,False
9633,EVT07029,21.68,Medium,Monitor,Open,[],No IOC Match,Unknown,False
9634,EVT01592,21.66,Medium,Monitor,Open,[],No IOC Match,Unknown,False
9635,EVT01715,21.66,Medium,Monitor,Open,[],No IOC Match,Unknown,False
9636,EVT07944,21.66,Medium,Monitor,Open,[],No IOC Match,Unknown,False
9637,EVT03970,21.64,Medium,Monitor,Open,[],No IOC Match,Unknown,False
9638,EVT03814,21.63,Medium,Monitor,Open,[],No IOC Match,Unknown,False
9639,EVT08717,21.63,Medium,Monitor,Open,[],No IOC Match,Unknown,False
9640,EVT00330,21.62,Medium,Monitor,Open,[],No IOC Match,Unknown,False
9641,EVT06883,21.61,Medium,Monitor,Open,[],No IOC Match,Unknown,False
9642,EVT08996,21.6,Medium,Monitor,Open,[],No IOC Match,Unknown,False
9643,EVT02269,21.59,Medium,Monitor,Open,[],No IOC Match,Unknown,False
9644,EVT06833,21.59,Medium,Monitor,Open,[],No IOC Match,Unknown,False
9645,EVT02136,21.58,Medium,Monitor,Open,[],No IOC Match,Unknown,False
9646,EVT02822,21.56,Medium,Monitor,Open,[],No IOC Match,Unknown,False
9647,EVT09686,21.56,Medium,Monitor,Open,[],No IOC Match,Unknown,False
9648,EVT02284,21.53,Medium,Monitor,Open,[],No IOC Match,Unknown,False
9649,EVT04330,21.52,Medium,Monitor,Open,[],No IOC Match,Unknown,False
9650,EVT09146,21.52,Medium,Monitor,Open,[],No IOC Match,Unknown,False
9651,EVT07499,21.5,Medium,Monitor,Open,['Multiple failed login attempts'],No IOC Match,Unknown,False
9652,EVT04797,21.48,Medium,Monitor,Open,[],No IOC Match,Unknown,False
9653,EVT04216,21.47,Medium,Monitor,Open,[],No IOC Match,Unknown,False
9654,EVT04743,21.45,Medium,Monitor,Open,[],No IOC Match,Unknown,False
9655,EVT06586,21.43,Medium,Monitor,Open,[],No IOC Match,Unknown,False
9656,EVT07132,21.43,Medium,Monitor,Open,[],No IOC Match,Unknown,False
9657,EVT01213,21.42,Medium,Monitor,Open,[],No IOC Match,Unknown,False
9658,EVT08129,21.42,Medium,Monitor,Open,[],No IOC Match,Unknown,False
9659,EVT06366,21.4,Medium,Monitor,Open,[],No IOC Match,Unknown,False
9660,EVT08355,21.4,Medium,Monitor,Open,[],No IOC Match,Unknown,False
9661,EVT05129,21.37,Medium,Monitor,Open,[],No IOC Match,Unknown,False
9662,EVT08365,21.37,Medium,Monitor,Open,[],No IOC Match,Unknown,False
9663,EVT05014,21.36,Medium,Monitor,Open,[],No IOC Match,Unknown,False
9664,EVT05106,21.36,Medium,Monitor,Open,[],No IOC Match,Unknown,False
9665,EVT06758,21.33,Medium,Monitor,Open,[],No IOC Match,Unknown,False
9666,EVT08894,21.33,Medium,Monitor,Open,[],No IOC Match,Unknown,False
9667,EVT00801,21.32,Medium,Monitor,Open,[],No IOC Match,Unknown,False
9668,EVT07911,21.31,Medium,Monitor,Open,[],No IOC Match,Unknown,False
9669,EVT02328,21.29,Medium,Monitor,Open,[],No IOC Match,Unknown,False
9670,EVT03227,21.29,Medium,Monitor,Open,[],No IOC Match,Unknown,False
9671,EVT00190,21.27,Medium,Monitor,Open,[],No IOC Match,Unknown,False
9672,EVT05399,21.25,Medium,Monitor,Open,[],No IOC Match,Unknown,False
9673,EVT03350,21.24,Medium,Monitor,Open,[],No IOC Match,Unknown,False
9674,EVT03589,21.24,Medium,Monitor,Open,[],No IOC Match,Unknown,False
9675,EVT01960,21.22,Medium,Monitor,Open,[],No IOC Match,Unknown,False
9676,EVT06458,21.22,Medium,Monitor,Open,[],No IOC Match,Unknown,False
9677,EVT01196,21.21,Medium,Monitor,Open,[],No IOC Match,Unknown,False
9678,EVT09790,21.21,Medium,Monitor,Open,[],No IOC Match,Unknown,False
9679,EVT04748,21.19,Medium,Monitor,Open,[],No IOC Match,Unknown,False
9680,EVT04572,21.17,Medium,Monitor,Open,[],No IOC Match,Unknown,False
9681,EVT05943,21.17,Medium,Monitor,Open,[],No IOC Match,Unknown,False
9682,EVT06226,21.17,Medium,Monitor,Open,[],No IOC Match,Unknown,False
9683,EVT08908,21.17,Medium,Monitor,Open,[],No IOC Match,Unknown,False
9684,EVT09176,21.16,Medium,Monitor,Open,[],No IOC Match,Unknown,False
9685,EVT07015,21.15,Medium,Monitor,Open,[],No IOC Match,Unknown,False
9686,EVT00322,21.11,Medium,Monitor,Open,[],No IOC Match,Unknown,False
9687,EVT01828,21.11,Medium,Monitor,Open,[],No IOC Match,Unknown,False
9688,EVT04601,21.1,Medium,Monitor,Open,[],No IOC Match,Unknown,False
9689,EVT01908,21.09,Medium,Monitor,Open,[],No IOC Match,Unknown,False
9690,EVT07747,21.09,Medium,Monitor,Open,[],No IOC Match,Unknown,False
9691,EVT09271,21.08,Medium,Monitor,Open,[],No IOC Match,Unknown,False
9692,EVT05039,21.07,Medium,Monitor,Open,[],No IOC Match,Unknown,False
9693,EVT03754,21.05,Medium,Monitor,Open,[],No IOC Match,Unknown,False
9694,EVT08113,21.05,Medium,Monitor,Open,[],No IOC Match,Unknown,False
9695,EVT01135,21.04,Medium,Monitor,Open,[],No IOC Match,Unknown,False
9696,EVT03552,21.04,Medium,Monitor,Open,[],No IOC Match,Unknown,False
9697,EVT08163,21.03,Medium,Monitor,Open,[],No IOC Match,Unknown,False
9698,EVT09219,21.02,Medium,Monitor,Open,[],No IOC Match,Unknown,False
9699,EVT03059,21.01,Medium,Monitor,Open,[],No IOC Match,Unknown,False
9700,EVT03639,21.01,Medium,Monitor,Open,[],No IOC Match,Unknown,False
9701,EVT00662,21.0,Medium,Monitor,Open,[],No IOC Match,Unknown,False
9702,EVT01077,20.99,Low,No Action Needed,Open,[],No IOC Match,Unknown,False
9703,EVT02986,20.99,Low,No Action Needed,Open,['Multiple failed login attempts'],No IOC Match,Unknown,False
9704,EVT07622,20.99,Low,No Action Needed,Open,[],No IOC Match,Unknown,False
9705,EVT08414,20.99,Low,No Action Needed,Open,[],No IOC Match,Unknown,False
9706,EVT04978,20.98,Low,No Action Needed,Open,[],No IOC Match,Unknown,False
9707,EVT01930,20.97,Low,No Action Needed,Open,[],No IOC Match,Unknown,False
9708,EVT08735,20.97,Low,No Action Needed,Open,[],No IOC Match,Unknown,False
9709,EVT09704,20.96,Low,No Action Needed,Open,[],No IOC Match,Unknown,False
9710,EVT02009,20.95,Low,No Action Needed,Open,[],No IOC Match,Unknown,False
9711,EVT02019,20.95,Low,No Action Needed,Open,[],No IOC Match,Unknown,False
9712,EVT03861,20.95,Low,No Action Needed,Open,[],No IOC Match,Unknown,False
9713,EVT04120,20.95,Low,No Action Needed,Open,[],No IOC Match,Unknown,False
9714,EVT04898,20.94,Low,No Action Needed,Open,[],No IOC Match,Unknown,False
9715,EVT09287,20.94,Low,No Action Needed,Open,[],No IOC Match,Unknown,False
9716,EVT01655,20.93,Low,No Action Needed,Open,[],No IOC Match,Unknown,False
9717,EVT00849,20.9,Low,No Action Needed,Open,[],No IOC Match,Unknown,False
9718,EVT02773,20.9,Low,No Action Needed,Open,[],No IOC Match,Unknown,False
9719,EVT03895,20.9,Low,No Action Needed,Open,[],No IOC Match,Unknown,False
9720,EVT06040,20.9,Low,No Action Needed,Open,[],No IOC Match,Unknown,False
9721,EVT03942,20.89,Low,No Action Needed,Open,[],No IOC Match,Unknown,False
9722,EVT07887,20.89,Low,No Action Needed,Open,[],No IOC Match,Unknown,False
9723,EVT03998,20.88,Low,No Action Needed,Open,[],No IOC Match,Unknown,False
9724,EVT02142,20.87,Low,No Action Needed,Open,[],No IOC Match,Unknown,False
9725,EVT00983,20.85,Low,No Action Needed,Open,[],No IOC Match,Unknown,False
9726,EVT03486,20.85,Low,No Action Needed,Open,[],No IOC Match,Unknown,False
9727,EVT08516,20.85,Low,No Action Needed,Open,[],No IOC Match,Unknown,False
9728,EVT05844,20.84,Low,No Action Needed,Open,[],No IOC Match,Unknown,False
9729,EVT07605,20.82,Low,No Action Needed,Open,[],No IOC Match,Unknown,False
9730,EVT04617,20.75,Low,No Action Needed,Open,[],No IOC Match,Unknown,False
9731,EVT08808,20.73,Low,No Action Needed,Open,[],No IOC Match,Unknown,False
9732,EVT07781,20.68,Low,No Action Needed,Open,[],No IOC Match,Unknown,False
9733,EVT04519,20.67,Low,No Action Needed,Open,[],No IOC Match,Unknown,False
9734,EVT01278,20.65,Low,No Action Needed,Open,[],No IOC Match,Unknown,False
9735,EVT07446,20.63,Low,No Action Needed,Open,[],No IOC Match,Unknown,False
9736,EVT04320,20.62,Low,No Action Needed,Open,[],No IOC Match,Unknown,False
9737,EVT09158,20.52,Low,No Action Needed,Open,[],No IOC Match,Unknown,False
9738,EVT08774,20.51,Low,No Action Needed,Open,[],No IOC Match,Unknown,False
9739,EVT05705,20.5,Low,No Action Needed,Open,[],No IOC Match,Unknown,False
9740,EVT05630,20.48,Low,No Action Needed,Open,[],No IOC Match,Unknown,False
9741,EVT09342,20.48,Low,No Action Needed,Open,[],No IOC Match,Unknown,False
9742,EVT07495,20.47,Low,No Action Needed,Open,[],No IOC Match,Unknown,False
9743,EVT07901,20.46,Low,No Action Needed,Open,[],No IOC Match,Unknown,False
9744,EVT02192,20.43,Low,No Action Needed,Open,[],No IOC Match,Unknown,False
9745,EVT00359,20.4,Low,No Action Needed,Open,[],No IOC Match,Unknown,False
9746,EVT03708,20.4,Low,No Action Needed,Open,[],No IOC Match,Unknown,False
9747,EVT08396,20.4,Low,No Action Needed,Open,[],No IOC Match,Unknown,False
9748,EVT05701,20.39,Low,No Action Needed,Open,[],No IOC Match,Unknown,False
9749,EVT03062,20.36,Low,No Action Needed,Open,[],No IOC Match,Unknown,False
9750,EVT01420,20.34,Low,No Action Needed,Open,[],No IOC Match,Unknown,False
9751,EVT09290,20.34,Low,No Action Needed,Open,[],No IOC Match,Unknown,False
9752,EVT00316,20.33,Low,No Action Needed,Open,[],No IOC Match,Unknown,False
9753,EVT02470,20.33,Low,No Action Needed,Open,[],No IOC Match,Unknown,False
9754,EVT04988,20.32,Low,No Action Needed,Open,[],No IOC Match,Unknown,False
9755,EVT01395,20.31,Low,No Action Needed,Open,[],No IOC Match,Unknown,False
9756,EVT01744,20.3,Low,No Action Needed,Open,[],No IOC Match,Low,True
9757,EVT07103,20.29,Low,No Action Needed,Open,[],No IOC Match,Unknown,False
9758,EVT04550,20.26,Low,No Action Needed,Open,[],No IOC Match,Unknown,False
9759,EVT05646,20.25,Low,No Action Needed,Open,[],No IOC Match,Unknown,False
9760,EVT09946,20.25,Low,No Action Needed,Open,[],No IOC Match,Unknown,False
9761,EVT06072,20.24,Low,No Action Needed,Open,[],No IOC Match,Unknown,False
9762,EVT04365,20.23,Low,No Action Needed,Open,[],No IOC Match,Unknown,False
9763,EVT03426,20.22,Low,No Action Needed,Open,[],No IOC Match,Unknown,False
9764,EVT01644,20.2,Low,No Action Needed,Open,[],No IOC Match,Unknown,False
9765,EVT06568,20.15,Low,No Action Needed,Open,[],No IOC Match,Unknown,False
9766,EVT00931,20.11,Low,No Action Needed,Open,[],No IOC Match,Unknown,False
9767,EVT08328,20.11,Low,No Action Needed,Open,[],No IOC Match,Unknown,False
9768,EVT06717,20.09,Low,No Action Needed,Open,[],No IOC Match,Unknown,False
9769,EVT03148,20.08,Low,No Action Needed,Open,[],No IOC Match,Unknown,False
9770,EVT09168,20.08,Low,No Action Needed,Open,[],No IOC Match,Unknown,False
9771,EVT05723,20.07,Low,No Action Needed,Open,[],No IOC Match,Unknown,False
9772,EVT06604,20.07,Low,No Action Needed,Open,[],No IOC Match,Unknown,False
9773,EVT01468,20.02,Low,No Action Needed,Open,[],No IOC Match,Unknown,False
9774,EVT02814,20.02,Low,No Action Needed,Open,[],No IOC Match,Unknown,False
9775,EVT07033,20.02,Low,No Action Needed,Open,[],No IOC Match,Unknown,False
9776,EVT06957,20.01,Low,No Action Needed,Open,[],No IOC Match,Unknown,False
9777,EVT04816,20.0,Low,No Action Needed,Open,[],No IOC Match,Unknown,False
9778,EVT08983,19.98,Low,No Action Needed,Open,[],No IOC Match,Unknown,False
9779,EVT09618,19.98,Low,No Action Needed,Open,[],No IOC Match,Unknown,False
9780,EVT04589,19.94,Low,No Action Needed,Open,[],No IOC Match,Unknown,False
9781,EVT01424,19.93,Low,No Action Needed,Open,[],No IOC Match,Unknown,False
9782,EVT07168,19.92,Low,No Action Needed,Open,[],No IOC Match,Unknown,False
9783,EVT09022,19.91,Low,No Action Needed,Open,[],No IOC Match,Low,True
9784,EVT03094,19.9,Low,No Action Needed,Open,[],No IOC Match,Unknown,False
9785,EVT05547,19.89,Low,No Action Needed,Open,[],No IOC Match,Unknown,False
9786,EVT04639,19.87,Low,No Action Needed,Open,[],No IOC Match,Unknown,False
9787,EVT06548,19.83,Low,No Action Needed,Open,[],No IOC Match,Unknown,False
9788,EVT02347,19.82,Low,No Action Needed,Open,[],No IOC Match,Low,True
9789,EVT03867,19.74,Low,No Action Needed,Open,[],No IOC Match,Unknown,False
9790,EVT03547,19.72,Low,No Action Needed,Open,[],No IOC Match,Unknown,False
9791,EVT06504,19.72,Low,No Action Needed,Open,[],No IOC Match,Unknown,False
9792,EVT09221,19.67,Low,No Action Needed,Open,[],No IOC Match,Unknown,False
9793,EVT08873,19.65,Low,No Action Needed,Open,[],No IOC Match,Unknown,False
9794,EVT08764,19.6,Low,No Action Needed,Open,[],No IOC Match,Unknown,False
9795,EVT04027,19.59,Low,No Action Needed,Open,[],No IOC Match,Unknown,False
9796,EVT02382,19.58,Low,No Action Needed,Open,[],No IOC Match,Unknown,False
9797,EVT08182,19.56,Low,No Action Needed,Open,[],No IOC Match,Unknown,False
9798,EVT04756,19.51,Low,No Action Needed,Open,[],No IOC Match,Unknown,False
9799,EVT02717,19.48,Low,No Action Needed,Open,[],No IOC Match,Unknown,False
9800,EVT03428,19.47,Low,No Action Needed,Open,[],No IOC Match,Unknown,False
9801,EVT01954,19.45,Low,No Action Needed,Open,[],No IOC Match,Unknown,False
9802,EVT01085,19.44,Low,No Action Needed,Open,[],No IOC Match,Unknown,False
9803,EVT03739,19.44,Low,No Action Needed,Open,[],No IOC Match,Unknown,False
9804,EVT01922,19.42,Low,No Action Needed,Open,[],No IOC Match,Unknown,False
9805,EVT02235,19.4,Low,No Action Needed,Open,[],No IOC Match,Unknown,False
9806,EVT05727,19.39,Low,No Action Needed,Open,[],No IOC Match,Unknown,False
9807,EVT09098,19.38,Low,No Action Needed,Open,[],No IOC Match,Unknown,False
9808,EVT01882,19.34,Low,No Action Needed,Open,[],No IOC Match,Unknown,False
9809,EVT06765,19.33,Low,No Action Needed,Open,[],No IOC Match,Unknown,False
9810,EVT07741,19.33,Low,No Action Needed,Open,[],No IOC Match,Unknown,False
9811,EVT00778,19.3,Low,No Action Needed,Open,[],No IOC Match,Unknown,False
9812,EVT08583,19.3,Low,No Action Needed,Open,[],No IOC Match,Unknown,False
9813,EVT02560,19.28,Low,No Action Needed,Open,[],No IOC Match,Unknown,False
9814,EVT06371,19.28,Low,No Action Needed,Open,[],No IOC Match,Unknown,False
9815,EVT05316,19.27,Low,No Action Needed,Open,[],No IOC Match,Unknown,False
9816,EVT05771,19.27,Low,No Action Needed,Open,[],No IOC Match,Unknown,False
9817,EVT02329,19.26,Low,No Action Needed,Open,[],No IOC Match,Unknown,False
9818,EVT07972,19.26,Low,No Action Needed,Open,[],No IOC Match,Unknown,False
9819,EVT02508,19.25,Low,No Action Needed,Open,[],No IOC Match,Unknown,False
9820,EVT03203,19.24,Low,No Action Needed,Open,[],No IOC Match,Unknown,False
9821,EVT06097,19.24,Low,No Action Needed,Open,[],No IOC Match,Unknown,False
9822,EVT08634,19.21,Low,No Action Needed,Open,[],No IOC Match,Unknown,False
9823,EVT01410,19.19,Low,No Action Needed,Open,[],No IOC Match,Unknown,False
9824,EVT02821,19.18,Low,No Action Needed,Open,[],No IOC Match,Unknown,False
9825,EVT04864,19.18,Low,No Action Needed,Open,[],No IOC Match,Unknown,False
9826,EVT07840,19.18,Low,No Action Needed,Open,[],No IOC Match,Unknown,False
9827,EVT08907,19.18,Low,No Action Needed,Open,[],No IOC Match,Unknown,False
9828,EVT04763,19.17,Low,No Action Needed,Open,[],No IOC Match,Unknown,False
9829,EVT07545,19.16,Low,No Action Needed,Open,[],No IOC Match,Unknown,False
9830,EVT01427,19.14,Low,No Action Needed,Open,[],No IOC Match,Unknown,False
9831,EVT09810,19.12,Low,No Action Needed,Open,[],No IOC Match,Unknown,False
9832,EVT05569,19.09,Low,No Action Needed,Open,[],No IOC Match,Unknown,False
9833,EVT07970,19.08,Low,No Action Needed,Open,[],No IOC Match,Unknown,False
9834,EVT08464,19.08,Low,No Action Needed,Open,[],No IOC Match,Unknown,False
9835,EVT00194,19.05,Low,No Action Needed,Open,[],No IOC Match,Unknown,False
9836,EVT07950,19.03,Low,No Action Needed,Open,[],No IOC Match,Unknown,False
9837,EVT02661,19.0,Low,No Action Needed,Open,[],No IOC Match,Unknown,False
9838,EVT01508,18.96,Low,No Action Needed,Open,[],No IOC Match,Unknown,False
9839,EVT00556,18.89,Low,No Action Needed,Open,[],No IOC Match,Unknown,False
9840,EVT09166,18.87,Low,No Action Needed,Open,[],No IOC Match,Unknown,False
9841,EVT06842,18.85,Low,No Action Needed,Open,[],No IOC Match,Unknown,False
9842,EVT02236,18.81,Low,No Action Needed,Open,[],No IOC Match,Unknown,False
9843,EVT07916,18.78,Low,No Action Needed,Open,[],No IOC Match,Unknown,False
9844,EVT00384,18.76,Low,No Action Needed,Open,[],No IOC Match,Unknown,False
9845,EVT07821,18.76,Low,No Action Needed,Open,[],No IOC Match,Unknown,False
9846,EVT03395,18.72,Low,No Action Needed,Open,[],No IOC Match,Unknown,False
9847,EVT04885,18.72,Low,No Action Needed,Open,[],No IOC Match,Unknown,False
9848,EVT09009,18.72,Low,No Action Needed,Open,[],No IOC Match,Unknown,False
9849,EVT05343,18.68,Low,No Action Needed,Open,[],No IOC Match,Unknown,False
9850,EVT01264,18.67,Low,No Action Needed,Open,[],No IOC Match,Unknown,False
9851,EVT01825,18.62,Low,No Action Needed,Open,[],No IOC Match,Unknown,False
9852,EVT05196,18.6,Low,No Action Needed,Open,[],No IOC Match,Unknown,False
9853,EVT08536,18.58,Low,No Action Needed,Open,[],No IOC Match,Unknown,False
9854,EVT05471,18.57,Low,No Action Needed,Open,[],No IOC Match,Unknown,False
9855,EVT02048,18.56,Low,No Action Needed,Open,[],No IOC Match,Unknown,False
9856,EVT08571,18.55,Low,No Action Needed,Open,[],No IOC Match,Unknown,False
9857,EVT08745,18.54,Low,No Action Needed,Open,[],No IOC Match,Unknown,False
9858,EVT03070,18.53,Low,No Action Needed,Open,[],No IOC Match,Unknown,False
9859,EVT09351,18.53,Low,No Action Needed,Open,[],No IOC Match,Unknown,False
9860,EVT01209,18.52,Low,No Action Needed,Open,[],No IOC Match,Unknown,False
9861,EVT04703,18.52,Low,No Action Needed,Open,[],No IOC Match,Unknown,False
9862,EVT01873,18.5,Low,No Action Needed,Open,[],No IOC Match,Unknown,False
9863,EVT01496,18.49,Low,No Action Needed,Open,[],No IOC Match,Unknown,False
9864,EVT02024,18.48,Low,No Action Needed,Open,[],No IOC Match,Unknown,False
9865,EVT06577,18.47,Low,No Action Needed,Open,[],No IOC Match,Unknown,False
9866,EVT05417,18.46,Low,No Action Needed,Open,[],No IOC Match,Unknown,False
9867,EVT07736,18.46,Low,No Action Needed,Open,[],No IOC Match,Unknown,False
9868,EVT07138,18.44,Low,No Action Needed,Open,[],No IOC Match,Unknown,False
9869,EVT06797,18.36,Low,No Action Needed,Open,[],No IOC Match,Unknown,False
9870,EVT08501,18.34,Low,No Action Needed,Open,[],No IOC Match,Unknown,False
9871,EVT06011,18.33,Low,No Action Needed,Open,[],No IOC Match,Unknown,False
9872,EVT04132,18.31,Low,No Action Needed,Open,[],No IOC Match,Unknown,False
9873,EVT09936,18.27,Low,No Action Needed,Open,[],No IOC Match,Unknown,False
9874,EVT02902,18.26,Low,No Action Needed,Open,[],No IOC Match,Unknown,False
9875,EVT08836,18.26,Low,No Action Needed,Open,[],No IOC Match,Unknown,False
9876,EVT03207,18.24,Low,No Action Needed,Open,[],No IOC Match,Unknown,False
9877,EVT08392,18.21,Low,No Action Needed,Open,[],No IOC Match,Unknown,False
9878,EVT09589,18.16,Low,No Action Needed,Open,[],No IOC Match,Low,True
9879,EVT02076,18.14,Low,No Action Needed,Open,[],No IOC Match,Unknown,False
9880,EVT03342,18.1,Low,No Action Needed,Open,[],No IOC Match,Unknown,False
9881,EVT01923,18.06,Low,No Action Needed,Open,[],No IOC Match,Unknown,False
9882,EVT01982,18.06,Low,No Action Needed,Open,[],No IOC Match,Unknown,False
9883,EVT08111,18.06,Low,No Action Needed,Open,[],No IOC Match,Unknown,False
9884,EVT01402,18.03,Low,No Action Needed,Open,[],No IOC Match,Unknown,False
9885,EVT07259,18.03,Low,No Action Needed,Open,[],No IOC Match,Unknown,False
9886,EVT02229,18.02,Low,No Action Needed,Open,[],No IOC Match,Unknown,False
9887,EVT04490,18.02,Low,No Action Needed,Open,[],No IOC Match,Unknown,False
9888,EVT04754,18.02,Low,No Action Needed,Open,[],No IOC Match,Unknown,False
9889,EVT08576,18.0,Low,No Action Needed,Open,[],No IOC Match,Unknown,False
9890,EVT07192,17.99,Low,No Action Needed,Open,[],No IOC Match,Unknown,False
9891,EVT01858,17.93,Low,No Action Needed,Open,[],No IOC Match,Unknown,False
9892,EVT04002,17.91,Low,No Action Needed,Open,[],No IOC Match,Unknown,False
9893,EVT07680,17.86,Low,No Action Needed,Open,[],No IOC Match,Unknown,False
9894,EVT07714,17.86,Low,No Action Needed,Open,[],No IOC Match,Unknown,False
9895,EVT01723,17.82,Low,No Action Needed,Open,[],No IOC Match,Unknown,False
9896,EVT02542,17.82,Low,No Action Needed,Open,[],No IOC Match,Unknown,False
9897,EVT03011,17.8,Low,No Action Needed,Open,[],No IOC Match,Unknown,False
9898,EVT03755,17.8,Low,No Action Needed,Open,[],No IOC Match,Unknown,False
9899,EVT08580,17.8,Low,No Action Needed,Open,[],No IOC Match,Unknown,False
9900,EVT03777,17.79,Low,No Action Needed,Open,[],No IOC Match,Unknown,False
9901,EVT03677,17.74,Low,No Action Needed,Open,[],No IOC Match,Unknown,False
9902,EVT08005,17.7,Low,No Action Needed,Open,[],No IOC Match,Unknown,False
9903,EVT08454,17.7,Low,No Action Needed,Open,[],No IOC Match,Unknown,False
9904,EVT08162,17.67,Low,No Action Needed,Open,[],No IOC Match,Unknown,False
9905,EVT08528,17.67,Low,No Action Needed,Open,[],No IOC Match,Unknown,False
9906,EVT04182,17.63,Low,No Action Needed,Open,[],No IOC Match,Unknown,False
9907,EVT09072,17.63,Low,No Action Needed,Open,[],No IOC Match,Unknown,False
9908,EVT05639,17.6,Low,No Action Needed,Open,[],No IOC Match,Unknown,False
9909,EVT08641,17.57,Low,No Action Needed,Open,[],No IOC Match,Unknown,False
9910,EVT08797,17.57,Low,No Action Needed,Open,[],No IOC Match,Unknown,False
9911,EVT07176,17.53,Low,No Action Needed,Open,[],No IOC Match,Unknown,False
9912,EVT07726,17.53,Low,No Action Needed,Open,[],No IOC Match,Unknown,False
9913,EVT09399,17.52,Low,No Action Needed,Open,[],No IOC Match,Unknown,False
9914,EVT01523,17.5,Low,No Action Needed,Open,[],No IOC Match,Unknown,False
9915,EVT05878,17.41,Low,No Action Needed,Open,[],No IOC Match,Unknown,False
9916,EVT02036,17.38,Low,No Action Needed,Open,[],No IOC Match,Unknown,False
9917,EVT08262,17.38,Low,No Action Needed,Open,[],No IOC Match,Unknown,False
9918,EVT00878,17.37,Low,No Action Needed,Open,[],No IOC Match,Unknown,False
9919,EVT03562,17.32,Low,No Action Needed,Open,[],No IOC Match,Unknown,False
9920,EVT06423,17.32,Low,No Action Needed,Open,[],No IOC Match,Unknown,False
9921,EVT07575,17.32,Low,No Action Needed,Open,[],No IOC Match,Unknown,False
9922,EVT01057,17.3,Low,No Action Needed,Open,[],No IOC Match,Unknown,False
9923,EVT00794,17.26,Low,No Action Needed,Open,[],No IOC Match,Unknown,False
9924,EVT04189,17.26,Low,No Action Needed,Open,[],No IOC Match,Unknown,False
9925,EVT08428,17.19,Low,No Action Needed,Open,[],No IOC Match,Unknown,False
9926,EVT00661,17.18,Low,No Action Needed,Open,[],No IOC Match,Unknown,False
9927,EVT02671,17.18,Low,No Action Needed,Open,[],No IOC Match,Unknown,False
9928,EVT01470,17.12,Low,No Action Needed,Open,[],No IOC Match,Unknown,False
9929,EVT06321,17.01,Low,No Action Needed,Open,[],No IOC Match,Unknown,False
9930,EVT09819,17.0,Low,No Action Needed,Open,[],No IOC Match,Unknown,False
9931,EVT01522,16.99,Low,No Action Needed,Open,[],No IOC Match,Unknown,False
9932,EVT05776,16.99,Low,No Action Needed,Open,[],No IOC Match,Low,True
9933,EVT03697,16.98,Low,No Action Needed,Open,[],No IOC Match,Unknown,False
9934,EVT00241,16.96,Low,No Action Needed,Open,[],No IOC Match,Unknown,False
9935,EVT09772,16.92,Low,No Action Needed,Open,[],No IOC Match,Unknown,False
9936,EVT08993,16.88,Low,No Action Needed,Open,[],No IOC Match,Unknown,False
9937,EVT09088,16.83,Low,No Action Needed,Open,[],No IOC Match,Unknown,False
9938,EVT06426,16.81,Low,No Action Needed,Open,[],No IOC Match,Unknown,False
9939,EVT06396,16.76,Low,No Action Needed,Open,[],No IOC Match,Unknown,False
9940,EVT03736,16.73,Low,No Action Needed,Open,[],No IOC Match,Unknown,False
9941,EVT08192,16.69,Low,No Action Needed,Open,[],No IOC Match,Unknown,False
9942,EVT02187,16.67,Low,No Action Needed,Open,[],No IOC Match,Unknown,False
9943,EVT05663,16.67,Low,No Action Needed,Open,[],No IOC Match,Unknown,False
9944,EVT00416,16.66,Low,No Action Needed,Open,[],No IOC Match,Unknown,False
9945,EVT07745,16.66,Low,No Action Needed,Open,[],No IOC Match,Unknown,False
9946,EVT00363,16.55,Low,No Action Needed,Open,[],No IOC Match,Unknown,False
9947,EVT08387,16.53,Low,No Action Needed,Open,[],No IOC Match,Unknown,False
9948,EVT01078,16.43,Low,No Action Needed,Open,[],No IOC Match,Unknown,False
9949,EVT04556,16.42,Low,No Action Needed,Open,[],No IOC Match,Unknown,False
9950,EVT00374,16.35,Low,No Action Needed,Open,[],No IOC Match,Unknown,False
9951,EVT06062,16.33,Low,No Action Needed,Open,[],No IOC Match,Unknown,False
9952,EVT05085,16.25,Low,No Action Needed,Open,[],No IOC Match,Unknown,False
9953,EVT08595,16.22,Low,No Action Needed,Open,[],No IOC Match,Unknown,False
9954,EVT09730,16.16,Low,No Action Needed,Open,[],No IOC Match,Unknown,False
9955,EVT03702,16.1,Low,No Action Needed,Open,[],No IOC Match,Unknown,False
9956,EVT03410,16.02,Low,No Action Needed,Open,[],No IOC Match,Unknown,False
9957,EVT07839,16.01,Low,No Action Needed,Open,[],No IOC Match,Unknown,False
9958,EVT09002,15.98,Low,No Action Needed,Open,[],No IOC Match,Unknown,False
9959,EVT03791,15.97,Low,No Action Needed,Open,[],No IOC Match,Unknown,False
9960,EVT02685,15.89,Low,No Action Needed,Open,[],No IOC Match,Unknown,False
9961,EVT09600,15.88,Low,No Action Needed,Open,[],No IOC Match,Unknown,False
9962,EVT02176,15.83,Low,No Action Needed,Open,[],No IOC Match,Unknown,False
9963,EVT04113,15.82,Low,No Action Needed,Open,[],No IOC Match,Unknown,False
9964,EVT09549,15.77,Low,No Action Needed,Open,[],No IOC Match,Unknown,False
9965,EVT09834,15.77,Low,No Action Needed,Open,[],No IOC Match,Unknown,False
9966,EVT09120,15.66,Low,No Action Needed,Open,[],No IOC Match,Unknown,False
9967,EVT00161,15.65,Low,No Action Needed,Open,[],No IOC Match,Unknown,False
9968,EVT00945,15.64,Low,No Action Needed,Open,[],No IOC Match,Unknown,False
9969,EVT00993,15.6,Low,No Action Needed,Open,[],No IOC Match,Unknown,False
9970,EVT05480,15.53,Low,No Action Needed,Open,[],No IOC Match,Unknown,False
9971,EVT01355,15.47,Low,No Action Needed,Open,[],No IOC Match,Unknown,False
9972,EVT07328,15.47,Low,No Action Needed,Open,[],No IOC Match,Unknown,False
9973,EVT01200,15.46,Low,No Action Needed,Open,[],No IOC Match,Unknown,False
9974,EVT03298,15.41,Low,No Action Needed,Open,[],No IOC Match,Unknown,False
9975,EVT01177,15.39,Low,No Action Needed,Open,[],No IOC Match,Unknown,False
9976,EVT05365,15.31,Low,No Action Needed,Open,[],No IOC Match,Unknown,False
9977,EVT08906,15.21,Low,No Action Needed,Open,[],No IOC Match,Unknown,False
9978,EVT02228,15.18,Low,No Action Needed,Open,[],No IOC Match,Unknown,False
9979,EVT06771,15.15,Low,No Action Needed,Open,[],No IOC Match,Unknown,False
9980,EVT05220,15.14,Low,No Action Needed,Open,[],No IOC Match,Unknown,False
9981,EVT06671,15.13,Low,No Action Needed,Open,[],No IOC Match,Unknown,False
9982,EVT05622,15.11,Low,No Action Needed,Open,[],No IOC Match,Unknown,False
9983,EVT05897,15.09,Low,No Action Needed,Open,[],No IOC Match,Unknown,False
9984,EVT05024,15.07,Low,No Action Needed,Open,[],No IOC Match,Unknown,False
9985,EVT06641,15.04,Low,No Action Needed,Open,[],No IOC Match,Unknown,False
9986,EVT03250,15.01,Low,No Action Needed,Open,[],No IOC Match,Unknown,False
9987,EVT07072,14.97,Low,No Action Needed,Open,[],No IOC Match,Unknown,False
9988,EVT00548,14.86,Low,No Action Needed,Open,[],No IOC Match,Unknown,False
9989,EVT09862,14.83,Low,No Action Needed,Open,[],No IOC Match,Unknown,False
9990,EVT04882,14.79,Low,No Action Needed,Open,[],No IOC Match,Unknown,False
9991,EVT04513,14.69,Low,No Action Needed,Open,[],No IOC Match,Unknown,False
9992,EVT03900,14.5,Low,No Action Needed,Open,[],No IOC Match,Unknown,False
9993,EVT04250,14.49,Low,No Action Needed,Open,[],No IOC Match,Unknown,False
9994,EVT01948,14.46,Low,No Action Needed,Open,[],No IOC Match,Unknown,False
9995,EVT07050,14.31,Low,No Action Needed,Open,[],No IOC Match,Unknown,False
9996,EVT08649,14.21,Low,No Action Needed,Open,[],No IOC Match,Unknown,False
9997,EVT03200,14.2,Low,No Action Needed,Open,[],No IOC Match,Unknown,False
9998,EVT05676,14.14,Low,No Action Needed,Open,[],No IOC Match,Unknown,False
9999,EVT03932,13.9,Low,No Action Needed,Open,[],No IOC Match,Unknown,False
10000,EVT04134,13.67,Low,No Action Needed,Open,[],No IOC Match,Unknown,False
