vulnerability_id,cve_id,vulnerability_name,severity,cvss_score,affected_asset,patch_available,status
VUL00001,CVE-2015-40451,Buffer Overflow,Medium,4.3,MKT-SRV-0118,Yes,Patched
VUL00002,CVE-2023-12686,Privilege Escalation,Critical,9.6,ENG-PRT-0068,No,Open
VUL00003,CVE-2020-83829,Insecure Deserialization,High,7.5,SAL-RTR-0054,Yes,In Progress
VUL00004,CVE-2021-59462,Open Redirect,Low,3.4,IT-SRV-0007,Yes,Patched
VUL00005,CVE-2018-60741,Insecure Deserialization,High,7.9,OPS-RTR-0082,No,Open
VUL00006,CVE-2015-38149,Denial of Service,High,7.6,HR-PRT-0029,Yes,Patched
VUL00007,CVE-2021-21521,Missing Security Patch,High,8.3,IT-IOT-0059,Yes,Patched
VUL00008,CVE-2021-61731,Cross-Site Scripting (XSS),Medium,6.0,FIN-MOB-0034,No,Won't Fix
VUL00009,CVE-2019-8183,Privilege Escalation,High,7.8,LEG-RTR-0060,Yes,Patched
VUL00010,CVE-2026-33532,Sensitive Data Exposure,High,7.3,LEG-SRV-0054,Yes,In Progress
VUL00011,CVE-2024-43196,Sensitive Data Exposure,Critical,9.3,HR-MOB-0040,No,Open
VUL00012,CVE-2017-43621,Insecure Deserialization,High,8.5,FIN-LAP-0049,No,Won't Fix
VUL00013,CVE-2021-54981,Insecure Deserialization,Medium,4.7,ENG-MOB-0049,No,Won't Fix
VUL00014,CVE-2024-17296,Remote Code Execution,Critical,9.1,ENG-PC-0027,Yes,Patched
VUL00015,CVE-2019-37085,Buffer Overflow,Low,3.5,ENG-RTR-0027,No,Won't Fix
VUL00016,CVE-2017-57060,Denial of Service,High,7.4,HR-DB-0097,Yes,Closed
VUL00017,CVE-2015-66257,Insecure Deserialization,Low,3.2,MKT-IOT-0099,No,Won't Fix
VUL00018,CVE-2022-30104,Buffer Overflow,Low,1.7,OPS-RTR-0047,No,In Progress
VUL00019,CVE-2022-18916,Cross-Site Scripting (XSS),Critical,9.4,MKT-PC-0009,Yes,In Progress
VUL00020,CVE-2018-40905,Unpatched Software,High,8.1,LEG-FW-0106,No,Open
VUL00021,CVE-2018-50081,Unpatched Software,Low,0.4,MKT-DB-0042,No,Open
VUL00022,CVE-2024-19724,Security Misconfiguration,Medium,6.2,OPS-PRT-0031,Yes,Closed
VUL00023,CVE-2020-5281,Privilege Escalation,Medium,6.1,LEG-MOB-0002,Yes,In Progress
VUL00024,CVE-2021-86479,Broken Authentication,High,7.4,IT-FW-0090,No,In Progress
VUL00025,CVE-2016-12311,SQL Injection,High,8.6,MKT-DB-0024,No,In Progress
VUL00026,CVE-2016-61848,Open Redirect,Medium,5.3,SAL-LAP-0059,Yes,Closed
VUL00027,CVE-2025-31595,Sensitive Data Exposure,High,7.8,MKT-PRT-0003,Yes,Patched
VUL00028,CVE-2018-8221,Broken Authentication,Low,3.6,HR-DB-0072,No,Open
VUL00029,CVE-2015-78991,Privilege Escalation,Low,2.7,HR-PRT-0050,Yes,Patched
VUL00030,CVE-2021-12074,XML External Entity (XXE),Medium,6.6,MKT-FW-0055,No,Won't Fix
VUL00031,CVE-2021-29319,Insecure Deserialization,High,8.6,IT-DB-0042,No,Open
VUL00032,CVE-2023-66144,Path Traversal,Medium,5.3,SAL-LAP-0007,No,Open
VUL00033,CVE-2025-25699,Open Redirect,Low,1.7,SAL-FW-0090,Yes,Patched
VUL00034,CVE-2026-15042,Missing Security Patch,Medium,5.6,FIN-PRT-0042,Yes,Closed
VUL00035,CVE-2019-33042,Remote Code Execution,Critical,9.2,MKT-PC-0005,No,In Progress
VUL00036,CVE-2026-4785,Insecure Deserialization,Medium,6.5,FIN-FW-0077,Yes,In Progress
VUL00037,CVE-2019-18298,Server-Side Request Forgery (SSRF),Medium,5.0,LEG-PC-0021,No,Open
VUL00038,CVE-2015-32209,Weak Password Policy,Low,3.7,LEG-FW-0105,No,Open
VUL00039,CVE-2026-58039,Insecure Direct Object Reference,High,7.7,HR-FW-0132,No,Open
VUL00040,CVE-2023-50438,Server-Side Request Forgery (SSRF),Low,3.1,HR-RTR-0088,No,In Progress
VUL00041,CVE-2021-49018,Path Traversal,Low,1.9,ENG-SW-0021,Yes,In Progress
VUL00042,CVE-2017-16414,Command Injection,Medium,4.5,OPS-PC-0126,Yes,Patched
VUL00043,CVE-2022-11575,Weak Password Policy,Low,2.4,ENG-SW-0091,Yes,Closed
VUL00044,CVE-2020-35543,Remote Code Execution,Medium,6.1,HR-FW-0083,No,Won't Fix
VUL00045,CVE-2019-82075,Weak Password Policy,Medium,5.0,OPS-DB-0071,No,Won't Fix
VUL00046,CVE-2023-21178,Command Injection,High,7.9,FIN-SW-0103,No,Open
VUL00047,CVE-2020-9358,Missing Security Patch,High,8.1,LEG-DB-0052,Yes,Patched
VUL00048,CVE-2021-31373,SQL Injection,Low,3.3,IT-IOT-0005,No,Won't Fix
VUL00049,CVE-2015-22291,Insecure Deserialization,High,8.1,ENG-SW-0024,Yes,In Progress
VUL00050,CVE-2019-1709,Insecure Direct Object Reference,Medium,5.6,OPS-PC-0139,Yes,In Progress
VUL00051,CVE-2016-3120,SQL Injection,High,7.9,IT-FW-0037,Yes,Closed
VUL00052,CVE-2023-34727,Broken Authentication,Medium,5.3,ENG-SRV-0076,No,Won't Fix
VUL00053,CVE-2015-59050,Open Redirect,Critical,9.4,FIN-FW-0001,Yes,In Progress
VUL00054,CVE-2018-1679,Insecure Deserialization,Medium,6.5,MKT-DB-0110,Yes,Closed
VUL00055,CVE-2025-41489,Server-Side Request Forgery (SSRF),Medium,5.7,MKT-PRT-0104,No,Won't Fix
VUL00056,CVE-2019-22984,Missing Security Patch,Low,0.9,MKT-SW-0018,Yes,Patched
VUL00057,CVE-2015-45501,Buffer Overflow,High,8.2,IT-MOB-0070,No,Won't Fix
VUL00058,CVE-2019-15996,Open Redirect,Low,1.9,SAL-IOT-0010,No,Won't Fix
VUL00059,CVE-2018-8312,Unpatched Software,Medium,6.8,FIN-SW-0040,Yes,In Progress
VUL00060,CVE-2016-66937,Path Traversal,Low,1.5,IT-SRV-0024,Yes,Patched
VUL00061,CVE-2026-17358,Insecure Direct Object Reference,Low,2.0,IT-PRT-0001,Yes,Patched
VUL00062,CVE-2024-14794,Weak Password Policy,Medium,6.7,MKT-RTR-0001,Yes,Closed
VUL00063,CVE-2016-54735,Remote Code Execution,Medium,4.8,LEG-IOT-0107,Yes,Patched
VUL00064,CVE-2015-40261,Missing Security Patch,Medium,6.7,HR-SW-0062,Yes,Closed
VUL00065,CVE-2022-24506,Remote Code Execution,High,7.1,MKT-PRT-0113,Yes,Patched
VUL00066,CVE-2020-46126,Security Misconfiguration,Critical,9.9,IT-FW-0078,Yes,Patched
VUL00067,CVE-2020-5683,Privilege Escalation,High,8.8,MKT-RTR-0108,Yes,Patched
VUL00068,CVE-2021-62261,Outdated SSL/TLS Configuration,Critical,9.5,MKT-SRV-0062,Yes,In Progress
VUL00069,CVE-2022-8716,Insecure Direct Object Reference,Medium,5.5,HR-FW-0033,No,Open
VUL00070,CVE-2024-40274,Cross-Site Scripting (XSS),Low,2.3,SAL-FW-0008,No,In Progress
VUL00071,CVE-2019-26327,Security Misconfiguration,Low,1.1,ENG-DB-0057,Yes,Closed
VUL00072,CVE-2024-8774,XML External Entity (XXE),Medium,6.1,HR-PC-0025,Yes,Patched
VUL00073,CVE-2016-39694,Security Misconfiguration,High,8.4,ENG-DB-0068,Yes,In Progress
VUL00074,CVE-2023-26426,Cross-Site Scripting (XSS),High,7.8,OPS-SW-0010,Yes,In Progress
VUL00075,CVE-2016-58591,Buffer Overflow,Medium,6.6,FIN-DB-0067,Yes,Patched
VUL00076,CVE-2018-5719,Buffer Overflow,Critical,9.8,ENG-SRV-0098,No,Open
VUL00077,CVE-2025-17850,Command Injection,High,7.7,FIN-MOB-0022,Yes,Closed
VUL00078,CVE-2023-61927,Unpatched Software,Medium,4.8,FIN-PRT-0078,No,Won't Fix
VUL00079,CVE-2026-95496,Weak Password Policy,High,8.2,OPS-PRT-0003,No,Won't Fix
VUL00080,CVE-2026-32568,Server-Side Request Forgery (SSRF),High,8.8,IT-SRV-0066,Yes,Patched
VUL00081,CVE-2025-95770,Weak Password Policy,Low,2.0,OPS-MOB-0117,No,In Progress
VUL00082,CVE-2020-77406,Command Injection,Low,3.0,IT-IOT-0004,No,Won't Fix
VUL00083,CVE-2024-38931,Unpatched Software,Low,0.8,MKT-DB-0039,Yes,Patched
VUL00084,CVE-2021-37738,Sensitive Data Exposure,Medium,5.4,SAL-PC-0031,Yes,Closed
VUL00085,CVE-2021-60399,Privilege Escalation,Low,3.6,ENG-IOT-0093,Yes,In Progress
VUL00086,CVE-2022-69900,Path Traversal,High,7.4,HR-DB-0015,Yes,Patched
VUL00087,CVE-2018-82199,Remote Code Execution,Low,0.2,MKT-SRV-0007,Yes,In Progress
VUL00088,CVE-2019-36757,Path Traversal,Low,1.3,FIN-MOB-0018,Yes,Patched
VUL00089,CVE-2020-94852,Command Injection,Medium,6.6,OPS-RTR-0050,Yes,Closed
VUL00090,CVE-2025-20785,Server-Side Request Forgery (SSRF),Low,3.2,FIN-DB-0097,Yes,Closed
VUL00091,CVE-2019-69679,Remote Code Execution,Medium,4.6,SAL-DB-0075,Yes,Closed
VUL00092,CVE-2017-66652,Server-Side Request Forgery (SSRF),High,7.3,MKT-RTR-0019,No,Open
VUL00093,CVE-2023-29496,Server-Side Request Forgery (SSRF),High,8.7,OPS-PC-0142,Yes,Closed
VUL00094,CVE-2025-38590,Unpatched Software,High,8.6,SAL-SRV-0111,No,Won't Fix
VUL00095,CVE-2019-70688,Privilege Escalation,Critical,9.6,LEG-RTR-0044,Yes,Closed
VUL00096,CVE-2026-43182,Open Redirect,Low,3.3,HR-FW-0063,Yes,Closed
VUL00097,CVE-2017-57811,Insecure Deserialization,High,8.8,OPS-FW-0072,Yes,In Progress
VUL00098,CVE-2024-21571,Outdated SSL/TLS Configuration,Medium,4.9,MKT-FW-0061,Yes,Patched
VUL00099,CVE-2019-41451,XML External Entity (XXE),High,8.7,SAL-LAP-0018,Yes,Patched
VUL00100,CVE-2018-64842,Path Traversal,Low,0.7,ENG-DB-0019,Yes,Closed
VUL00101,CVE-2022-60637,Buffer Overflow,Medium,5.8,HR-SRV-0068,Yes,In Progress
VUL00102,CVE-2020-23017,Sensitive Data Exposure,High,7.2,FIN-PC-0042,No,In Progress
VUL00103,CVE-2018-68553,Missing Security Patch,High,7.6,MKT-LAP-0098,No,Open
VUL00104,CVE-2018-14319,Command Injection,High,8.0,SAL-LAP-0092,Yes,Closed
VUL00105,CVE-2019-38871,Insecure Deserialization,Medium,5.3,MKT-RTR-0120,No,Open
VUL00106,CVE-2025-5090,Sensitive Data Exposure,Medium,6.8,MKT-FW-0096,Yes,Closed
VUL00107,CVE-2019-8793,Cross-Site Scripting (XSS),Medium,4.5,IT-LAP-0136,Yes,In Progress
VUL00108,CVE-2021-43494,Cross-Site Scripting (XSS),Low,1.3,LEG-PC-0104,Yes,Patched
VUL00109,CVE-2021-7504,Buffer Overflow,Medium,4.1,HR-PC-0079,No,Open
VUL00110,CVE-2024-62901,Open Redirect,Medium,6.8,LEG-DB-0091,Yes,Patched
VUL00111,CVE-2022-85207,Weak Password Policy,Medium,4.3,HR-MOB-0099,No,Open
VUL00112,CVE-2017-43233,Privilege Escalation,Medium,6.3,ENG-RTR-0092,No,Won't Fix
VUL00113,CVE-2019-89801,Unpatched Software,High,7.8,LEG-SW-0124,No,In Progress
VUL00114,CVE-2018-46532,Cross-Site Scripting (XSS),Low,0.9,FIN-PC-0103,Yes,Closed
VUL00115,CVE-2016-64100,XML External Entity (XXE),High,7.6,MKT-PC-0050,No,Won't Fix
VUL00116,CVE-2022-61174,Cross-Site Scripting (XSS),Low,3.2,MKT-RTR-0028,Yes,In Progress
VUL00117,CVE-2021-65891,Path Traversal,Medium,4.5,FIN-DB-0033,Yes,Closed
VUL00118,CVE-2021-68910,Insecure Direct Object Reference,Medium,4.4,FIN-IOT-0080,Yes,In Progress
VUL00119,CVE-2020-16107,Insecure Direct Object Reference,High,8.0,SAL-LAP-0054,Yes,In Progress
VUL00120,CVE-2018-56064,Open Redirect,Medium,5.6,MKT-LAP-0049,Yes,In Progress
VUL00121,CVE-2021-6009,SQL Injection,Low,1.3,SAL-RTR-0029,Yes,In Progress
VUL00122,CVE-2026-22095,Outdated SSL/TLS Configuration,Medium,5.8,MKT-LAP-0031,Yes,Closed
VUL00123,CVE-2022-99157,Server-Side Request Forgery (SSRF),Medium,5.1,FIN-SW-0047,No,In Progress
VUL00124,CVE-2020-91857,Unpatched Software,Low,0.2,IT-MOB-0055,Yes,In Progress
VUL00125,CVE-2015-83475,Broken Authentication,Medium,5.7,OPS-IOT-0006,Yes,Patched
VUL00126,CVE-2019-29221,Security Misconfiguration,High,7.8,LEG-LAP-0035,No,Open
VUL00127,CVE-2025-2059,XML External Entity (XXE),High,7.5,MKT-DB-0123,Yes,Closed
VUL00128,CVE-2016-10259,Broken Authentication,Low,3.1,LEG-PC-0044,Yes,Closed
VUL00129,CVE-2015-85287,Sensitive Data Exposure,High,7.2,SAL-PRT-0111,Yes,Patched
VUL00130,CVE-2020-10920,Command Injection,Medium,5.9,OPS-SRV-0101,Yes,In Progress
VUL00131,CVE-2016-31103,Buffer Overflow,Low,3.8,FIN-PRT-0095,No,Won't Fix
VUL00132,CVE-2017-24449,Command Injection,Medium,4.6,LEG-PRT-0066,No,Won't Fix
VUL00133,CVE-2024-54969,Remote Code Execution,Medium,6.4,LEG-LAP-0062,Yes,In Progress
VUL00134,CVE-2022-30406,Sensitive Data Exposure,Low,1.3,HR-FW-0024,Yes,In Progress
VUL00135,CVE-2022-10509,Buffer Overflow,Low,2.3,ENG-PRT-0114,No,Won't Fix
VUL00136,CVE-2024-17780,Insecure Deserialization,Medium,4.3,ENG-PC-0051,No,Open
VUL00137,CVE-2021-90591,Server-Side Request Forgery (SSRF),High,7.4,LEG-LAP-0047,Yes,In Progress
VUL00138,CVE-2024-53769,Security Misconfiguration,Low,1.2,ENG-MOB-0086,No,In Progress
VUL00139,CVE-2023-98136,Insecure Deserialization,Low,3.7,HR-PRT-0087,Yes,Closed
VUL00140,CVE-2021-82839,Buffer Overflow,Low,2.9,HR-DB-0062,Yes,Patched
VUL00141,CVE-2020-23707,Broken Authentication,Low,0.4,FIN-PRT-0108,Yes,Patched
VUL00142,CVE-2024-54295,Outdated SSL/TLS Configuration,High,7.4,OPS-FW-0066,No,Won't Fix
VUL00143,CVE-2025-87408,Denial of Service,High,7.8,OPS-PC-0016,Yes,Closed
VUL00144,CVE-2016-56967,Remote Code Execution,Critical,9.2,IT-IOT-0078,No,Won't Fix
VUL00145,CVE-2023-34042,Missing Security Patch,High,7.7,HR-SRV-0094,Yes,Patched
VUL00146,CVE-2016-4649,Insecure Direct Object Reference,Low,2.1,LEG-SW-0097,Yes,In Progress
VUL00147,CVE-2018-33904,Open Redirect,Low,3.2,FIN-MOB-0046,No,Won't Fix
VUL00148,CVE-2023-89622,Outdated SSL/TLS Configuration,Medium,4.0,FIN-LAP-0039,Yes,Closed
VUL00149,CVE-2026-66074,Cross-Site Scripting (XSS),Medium,5.2,IT-DB-0007,Yes,Closed
VUL00150,CVE-2018-59998,Buffer Overflow,Medium,4.1,LEG-SW-0068,Yes,Closed
VUL00151,CVE-2017-89490,Broken Authentication,High,7.3,FIN-SW-0106,No,Won't Fix
VUL00152,CVE-2018-30685,Insecure Deserialization,Medium,4.4,SAL-MOB-0077,No,Won't Fix
VUL00153,CVE-2026-46077,Sensitive Data Exposure,Medium,6.5,LEG-MOB-0071,Yes,Closed
VUL00154,CVE-2018-1864,Remote Code Execution,High,7.1,ENG-SRV-0104,No,In Progress
VUL00155,CVE-2016-43014,Outdated SSL/TLS Configuration,Medium,4.0,OPS-RTR-0038,No,Open
VUL00156,CVE-2022-39466,Path Traversal,Medium,6.6,ENG-MOB-0109,No,Open
VUL00157,CVE-2024-36799,Insecure Deserialization,Medium,6.4,SAL-DB-0039,Yes,Patched
VUL00158,CVE-2018-73666,Privilege Escalation,Medium,4.4,OPS-MOB-0067,Yes,Closed
VUL00159,CVE-2025-19531,Insecure Deserialization,Medium,6.3,HR-SW-0084,Yes,Patched
VUL00160,CVE-2018-6549,SQL Injection,Low,1.8,MKT-RTR-0030,Yes,Patched
VUL00161,CVE-2024-4952,XML External Entity (XXE),Critical,9.6,FIN-PRT-0058,Yes,Patched
VUL00162,CVE-2018-82738,Missing Security Patch,High,8.0,FIN-PC-0120,Yes,Closed
VUL00163,CVE-2019-26051,SQL Injection,Medium,4.6,SAL-MOB-0022,No,Open
VUL00164,CVE-2024-8403,Outdated SSL/TLS Configuration,Medium,4.7,OPS-LAP-0027,No,Open
VUL00165,CVE-2025-84739,Missing Security Patch,Low,1.7,SAL-SRV-0082,No,Open
VUL00166,CVE-2026-76810,Insecure Direct Object Reference,High,8.0,ENG-LAP-0037,Yes,In Progress
VUL00167,CVE-2016-88029,Denial of Service,Medium,6.3,OPS-PRT-0099,No,In Progress
VUL00168,CVE-2024-56622,Command Injection,Medium,6.7,MKT-DB-0005,No,In Progress
VUL00169,CVE-2017-91084,Insecure Direct Object Reference,High,8.4,IT-LAP-0020,Yes,In Progress
VUL00170,CVE-2017-14126,Server-Side Request Forgery (SSRF),Low,0.8,OPS-DB-0047,Yes,In Progress
VUL00171,CVE-2015-42995,Sensitive Data Exposure,Critical,9.9,MKT-IOT-0062,Yes,In Progress
VUL00172,CVE-2023-64530,Cross-Site Scripting (XSS),Medium,6.6,SAL-DB-0006,Yes,Patched
VUL00173,CVE-2026-30855,Path Traversal,High,7.4,ENG-IOT-0013,Yes,In Progress
VUL00174,CVE-2017-80324,Remote Code Execution,High,8.6,SAL-PRT-0007,Yes,Closed
VUL00175,CVE-2017-22373,Sensitive Data Exposure,Medium,5.0,FIN-SW-0127,No,Open
VUL00176,CVE-2018-48427,Command Injection,Critical,9.9,MKT-DB-0019,Yes,Patched
VUL00177,CVE-2026-40791,Remote Code Execution,Low,1.0,SAL-FW-0105,No,In Progress
VUL00178,CVE-2020-20911,XML External Entity (XXE),High,8.6,IT-MOB-0123,Yes,In Progress
VUL00179,CVE-2017-35691,Security Misconfiguration,High,8.5,MKT-MOB-0074,Yes,In Progress
VUL00180,CVE-2025-96022,Weak Password Policy,Medium,6.7,HR-FW-0045,Yes,Patched
VUL00181,CVE-2017-58684,Unpatched Software,Critical,9.3,LEG-MOB-0039,Yes,Patched
VUL00182,CVE-2021-84711,Sensitive Data Exposure,Medium,6.2,ENG-SW-0122,Yes,In Progress
VUL00183,CVE-2020-28425,Broken Authentication,Medium,6.8,OPS-MOB-0004,Yes,In Progress
VUL00184,CVE-2021-46726,Weak Password Policy,Medium,5.5,SAL-MOB-0023,Yes,Closed
VUL00185,CVE-2017-49397,Cross-Site Scripting (XSS),Low,1.1,OPS-DB-0093,Yes,Patched
VUL00186,CVE-2022-86418,Insecure Direct Object Reference,Critical,9.9,OPS-DB-0076,No,Won't Fix
VUL00187,CVE-2018-78202,Sensitive Data Exposure,Critical,10.0,OPS-FW-0049,Yes,In Progress
VUL00188,CVE-2026-46565,Remote Code Execution,High,8.7,MKT-IOT-0102,No,In Progress
VUL00189,CVE-2022-30449,Missing Security Patch,Medium,5.1,MKT-DB-0072,No,Won't Fix
VUL00190,CVE-2018-55035,Buffer Overflow,Critical,9.3,MKT-SRV-0068,Yes,In Progress
VUL00191,CVE-2016-6253,Security Misconfiguration,Medium,5.8,LEG-PRT-0074,Yes,Closed
VUL00192,CVE-2023-48668,Weak Password Policy,Medium,6.0,OPS-SRV-0083,Yes,In Progress
VUL00193,CVE-2015-97953,Sensitive Data Exposure,Medium,6.0,IT-FW-0074,Yes,In Progress
VUL00194,CVE-2022-39328,XML External Entity (XXE),Low,2.6,MKT-IOT-0057,No,In Progress
VUL00195,CVE-2021-42107,Unpatched Software,Medium,4.3,SAL-PRT-0048,No,Won't Fix
VUL00196,CVE-2019-77383,Missing Security Patch,Medium,5.4,LEG-SRV-0038,Yes,In Progress
VUL00197,CVE-2023-35221,Path Traversal,Medium,6.9,FIN-PRT-0057,No,Open
VUL00198,CVE-2016-75950,Sensitive Data Exposure,Low,1.7,LEG-LAP-0051,Yes,Patched
VUL00199,CVE-2016-42359,Insecure Deserialization,Critical,9.7,SAL-RTR-0118,Yes,Patched
VUL00200,CVE-2020-65362,Remote Code Execution,Low,1.9,SAL-DB-0022,No,Won't Fix
VUL00201,CVE-2024-90495,Unpatched Software,High,7.7,LEG-SRV-0025,No,Won't Fix
VUL00202,CVE-2023-86032,Privilege Escalation,High,8.8,IT-RTR-0016,No,In Progress
VUL00203,CVE-2015-89831,Insecure Deserialization,High,7.4,OPS-DB-0003,No,In Progress
VUL00204,CVE-2026-74483,Privilege Escalation,Low,2.1,ENG-PC-0061,Yes,Closed
VUL00205,CVE-2019-30117,SQL Injection,High,7.7,LEG-SW-0041,Yes,Patched
VUL00206,CVE-2018-73063,Unpatched Software,Medium,5.7,HR-LAP-0081,No,Open
VUL00207,CVE-2019-81035,Insecure Direct Object Reference,High,8.1,SAL-MOB-0062,Yes,Patched
VUL00208,CVE-2020-95526,Cross-Site Scripting (XSS),Critical,9.3,OPS-IOT-0066,No,Won't Fix
VUL00209,CVE-2017-81838,Path Traversal,High,8.7,SAL-MOB-0018,Yes,Patched
VUL00210,CVE-2023-35006,Privilege Escalation,Low,1.0,OPS-LAP-0108,No,Open
VUL00211,CVE-2020-99624,Unpatched Software,Medium,5.0,OPS-MOB-0091,Yes,Closed
VUL00212,CVE-2020-21854,Buffer Overflow,Medium,6.6,ENG-PC-0061,Yes,Patched
VUL00213,CVE-2023-56921,Outdated SSL/TLS Configuration,Low,2.2,LEG-DB-0011,Yes,Closed
VUL00214,CVE-2015-87923,Sensitive Data Exposure,High,7.0,IT-LAP-0056,Yes,In Progress
VUL00215,CVE-2017-82823,Outdated SSL/TLS Configuration,Medium,6.1,LEG-IOT-0065,Yes,In Progress
VUL00216,CVE-2020-12209,Buffer Overflow,Low,1.7,LEG-FW-0080,Yes,Closed
VUL00217,CVE-2015-7677,Denial of Service,Critical,9.9,FIN-PRT-0086,No,In Progress
VUL00218,CVE-2018-85223,Broken Authentication,High,8.6,OPS-PC-0138,Yes,Patched
VUL00219,CVE-2023-84168,Broken Authentication,Low,0.3,IT-LAP-0002,No,In Progress
VUL00220,CVE-2015-90008,Open Redirect,Low,3.7,FIN-PC-0115,No,Won't Fix
VUL00221,CVE-2022-60818,Insecure Deserialization,Low,1.4,IT-FW-0092,No,Won't Fix
VUL00222,CVE-2023-54443,Path Traversal,Medium,4.9,HR-MOB-0014,Yes,In Progress
VUL00223,CVE-2019-38420,Cross-Site Scripting (XSS),Low,0.1,SAL-LAP-0062,Yes,Closed
VUL00224,CVE-2018-38934,Security Misconfiguration,Medium,5.2,OPS-FW-0131,Yes,Patched
VUL00225,CVE-2021-56362,Missing Security Patch,High,8.4,ENG-LAP-0107,Yes,Patched
VUL00226,CVE-2026-9681,Insecure Deserialization,Medium,4.6,SAL-RTR-0020,Yes,Patched
VUL00227,CVE-2023-80982,Cross-Site Scripting (XSS),High,8.4,ENG-RTR-0089,Yes,Closed
VUL00228,CVE-2018-24082,Remote Code Execution,Medium,4.6,HR-PC-0008,Yes,Patched
VUL00229,CVE-2015-13565,Privilege Escalation,Low,2.0,ENG-IOT-0035,No,Won't Fix
VUL00230,CVE-2020-95540,Outdated SSL/TLS Configuration,Medium,5.9,SAL-SRV-0103,No,Won't Fix
VUL00231,CVE-2016-92689,Path Traversal,Low,2.8,ENG-MOB-0134,Yes,Patched
VUL00232,CVE-2026-94673,SQL Injection,High,8.8,HR-RTR-0093,No,In Progress
VUL00233,CVE-2023-78592,Denial of Service,Low,2.5,ENG-MOB-0059,No,Open
VUL00234,CVE-2017-66215,Unpatched Software,High,7.0,ENG-FW-0051,No,Open
VUL00235,CVE-2015-60207,SQL Injection,Critical,9.1,LEG-IOT-0063,Yes,Patched
VUL00236,CVE-2019-15567,Weak Password Policy,Medium,4.5,SAL-RTR-0089,Yes,Closed
VUL00237,CVE-2015-43681,Missing Security Patch,Medium,6.8,HR-SW-0092,Yes,Patched
VUL00238,CVE-2015-61792,SQL Injection,Medium,4.8,LEG-PRT-0121,Yes,In Progress
VUL00239,CVE-2018-1660,Privilege Escalation,Medium,4.0,LEG-PC-0106,No,Open
VUL00240,CVE-2021-40396,Unpatched Software,High,7.8,MKT-DB-0121,Yes,Closed
VUL00241,CVE-2020-97475,XML External Entity (XXE),High,7.5,OPS-IOT-0073,No,Won't Fix
VUL00242,CVE-2020-72768,Cross-Site Scripting (XSS),Medium,5.2,HR-RTR-0084,Yes,In Progress
VUL00243,CVE-2023-70078,Buffer Overflow,Critical,9.5,IT-PRT-0024,No,Won't Fix
VUL00244,CVE-2018-86134,Cross-Site Scripting (XSS),Critical,9.6,ENG-MOB-0112,Yes,Patched
VUL00245,CVE-2020-4279,Security Misconfiguration,Medium,6.1,IT-PRT-0037,Yes,In Progress
VUL00246,CVE-2022-75357,Sensitive Data Exposure,Critical,9.1,ENG-PC-0112,Yes,Closed
VUL00247,CVE-2026-61708,XML External Entity (XXE),Medium,5.0,LEG-SW-0065,No,Open
VUL00248,CVE-2015-80335,Missing Security Patch,Medium,6.3,HR-PC-0048,Yes,Patched
VUL00249,CVE-2017-8930,Cross-Site Scripting (XSS),Medium,6.1,MKT-MOB-0105,Yes,In Progress
VUL00250,CVE-2025-1936,Privilege Escalation,High,8.4,ENG-RTR-0081,Yes,Closed
VUL00251,CVE-2017-18854,Denial of Service,Medium,5.7,ENG-PRT-0121,Yes,Patched
VUL00252,CVE-2023-41871,Insecure Direct Object Reference,Low,0.7,IT-SRV-0119,No,Open
VUL00253,CVE-2017-23545,Path Traversal,Medium,5.8,HR-SRV-0026,No,In Progress
VUL00254,CVE-2015-79086,Buffer Overflow,Critical,9.7,FIN-LAP-0114,Yes,Closed
VUL00255,CVE-2015-67641,Broken Authentication,High,7.2,ENG-DB-0007,Yes,In Progress
VUL00256,CVE-2017-95628,Privilege Escalation,Low,3.2,ENG-DB-0076,Yes,Closed
VUL00257,CVE-2026-36815,Buffer Overflow,Critical,9.6,ENG-LAP-0039,Yes,Closed
VUL00258,CVE-2022-15173,Weak Password Policy,Medium,4.8,ENG-SRV-0125,No,In Progress
VUL00259,CVE-2023-53088,Path Traversal,Low,2.8,MKT-IOT-0084,Yes,Patched
VUL00260,CVE-2016-17267,Path Traversal,High,8.0,MKT-DB-0018,No,Won't Fix
VUL00261,CVE-2018-33759,Server-Side Request Forgery (SSRF),High,8.5,SAL-LAP-0031,No,In Progress
VUL00262,CVE-2018-36482,Outdated SSL/TLS Configuration,Medium,6.3,IT-SW-0078,Yes,In Progress
VUL00263,CVE-2015-33495,SQL Injection,Medium,4.1,OPS-LAP-0073,Yes,Patched
VUL00264,CVE-2021-34630,XML External Entity (XXE),Critical,9.7,MKT-LAP-0051,No,In Progress
VUL00265,CVE-2025-35272,Cross-Site Scripting (XSS),Medium,5.8,LEG-DB-0039,Yes,In Progress
VUL00266,CVE-2017-90882,Path Traversal,Medium,4.9,OPS-LAP-0070,Yes,Patched
VUL00267,CVE-2025-55083,SQL Injection,Medium,4.1,LEG-FW-0049,No,In Progress
VUL00268,CVE-2020-12420,Weak Password Policy,Medium,4.5,LEG-RTR-0084,No,Open
VUL00269,CVE-2016-72511,Remote Code Execution,Medium,4.3,ENG-LAP-0079,No,Won't Fix
VUL00270,CVE-2016-3645,Missing Security Patch,Low,0.6,IT-LAP-0120,No,Won't Fix
VUL00271,CVE-2017-39918,Denial of Service,Medium,5.8,FIN-IOT-0093,Yes,In Progress
VUL00272,CVE-2025-97277,Buffer Overflow,Critical,9.1,FIN-SW-0074,Yes,Patched
VUL00273,CVE-2019-83665,Server-Side Request Forgery (SSRF),Low,0.5,LEG-DB-0102,Yes,Closed
VUL00274,CVE-2015-62081,Buffer Overflow,Medium,5.2,ENG-RTR-0040,No,Won't Fix
VUL00275,CVE-2015-82981,Remote Code Execution,High,8.1,IT-IOT-0030,Yes,Closed
VUL00276,CVE-2022-76181,Privilege Escalation,Low,1.3,LEG-FW-0090,Yes,Closed
VUL00277,CVE-2015-36791,XML External Entity (XXE),Medium,5.1,MKT-SRV-0064,Yes,Closed
VUL00278,CVE-2024-38906,Denial of Service,Critical,9.1,FIN-LAP-0077,Yes,In Progress
VUL00279,CVE-2018-98745,Remote Code Execution,Medium,5.7,OPS-PC-0135,Yes,Patched
VUL00280,CVE-2024-66632,Cross-Site Scripting (XSS),Medium,4.3,HR-PRT-0022,No,In Progress
VUL00281,CVE-2023-89597,Cross-Site Scripting (XSS),Medium,5.7,IT-MOB-0021,No,Open
VUL00282,CVE-2025-15174,Weak Password Policy,High,8.2,LEG-SW-0020,Yes,In Progress
VUL00283,CVE-2019-91091,SQL Injection,Medium,5.8,SAL-FW-0040,No,Open
VUL00284,CVE-2023-81024,Privilege Escalation,Medium,5.7,MKT-SRV-0076,No,Open
VUL00285,CVE-2024-18204,SQL Injection,Medium,4.9,OPS-DB-0067,Yes,Patched
VUL00286,CVE-2026-12939,Buffer Overflow,Low,2.2,IT-PC-0013,Yes,Closed
VUL00287,CVE-2023-14037,Remote Code Execution,Medium,5.2,SAL-SW-0037,Yes,In Progress
VUL00288,CVE-2016-2776,Insecure Direct Object Reference,Medium,4.8,SAL-MOB-0041,Yes,Patched
VUL00289,CVE-2018-55069,Buffer Overflow,Medium,4.4,SAL-SRV-0129,Yes,Closed
VUL00290,CVE-2023-46283,Command Injection,Low,3.2,FIN-FW-0028,No,In Progress
VUL00291,CVE-2026-26756,Server-Side Request Forgery (SSRF),Low,1.7,FIN-PC-0014,No,Open
VUL00292,CVE-2017-89952,Cross-Site Scripting (XSS),Medium,6.7,OPS-DB-0086,No,Open
VUL00293,CVE-2022-68149,Broken Authentication,Medium,4.0,IT-SW-0098,Yes,Patched
VUL00294,CVE-2026-75938,Command Injection,Medium,6.7,LEG-IOT-0002,Yes,Closed
VUL00295,CVE-2023-37862,Unpatched Software,Low,0.9,HR-MOB-0060,Yes,In Progress
VUL00296,CVE-2025-35556,Insecure Deserialization,High,7.8,LEG-DB-0058,No,Won't Fix
VUL00297,CVE-2026-98841,Security Misconfiguration,Low,0.3,HR-SW-0060,Yes,Closed
VUL00298,CVE-2020-78645,Privilege Escalation,Critical,9.8,OPS-LAP-0044,Yes,Closed
VUL00299,CVE-2015-65706,Server-Side Request Forgery (SSRF),Medium,4.1,OPS-LAP-0036,Yes,Closed
VUL00300,CVE-2016-34764,Buffer Overflow,Low,3.8,FIN-SRV-0123,No,Open
VUL00301,CVE-2023-45456,Insecure Direct Object Reference,High,8.6,IT-LAP-0079,Yes,Closed
VUL00302,CVE-2020-77561,Cross-Site Scripting (XSS),Low,1.6,FIN-PC-0112,Yes,Patched
VUL00303,CVE-2015-68497,XML External Entity (XXE),High,7.9,SAL-IOT-0075,Yes,In Progress
VUL00304,CVE-2019-94250,Outdated SSL/TLS Configuration,Medium,5.4,HR-MOB-0081,Yes,In Progress
VUL00305,CVE-2016-92706,SQL Injection,Critical,9.0,ENG-RTR-0008,No,Won't Fix
VUL00306,CVE-2023-43326,XML External Entity (XXE),Medium,5.1,OPS-DB-0075,Yes,Patched
VUL00307,CVE-2016-68273,Command Injection,Medium,5.6,ENG-SRV-0110,No,Open
VUL00308,CVE-2020-60274,Server-Side Request Forgery (SSRF),High,7.5,OPS-RTR-0123,No,In Progress
VUL00309,CVE-2025-63094,Outdated SSL/TLS Configuration,Critical,9.5,FIN-RTR-0078,No,Won't Fix
VUL00310,CVE-2017-58909,Privilege Escalation,Medium,4.3,SAL-RTR-0042,Yes,In Progress
VUL00311,CVE-2021-1140,Denial of Service,Medium,5.7,MKT-SRV-0084,Yes,Closed
VUL00312,CVE-2024-36119,Outdated SSL/TLS Configuration,High,8.9,IT-MOB-0058,Yes,Patched
VUL00313,CVE-2018-70081,Command Injection,Low,1.3,HR-FW-0053,No,Won't Fix
VUL00314,CVE-2024-19150,Security Misconfiguration,High,8.1,ENG-PRT-0119,Yes,Closed
VUL00315,CVE-2026-23418,Outdated SSL/TLS Configuration,High,8.4,MKT-FW-0068,Yes,Closed
VUL00316,CVE-2025-18803,Buffer Overflow,Low,0.8,SAL-DB-0039,No,Won't Fix
VUL00317,CVE-2019-91187,XML External Entity (XXE),High,7.9,ENG-FW-0071,Yes,Patched
VUL00318,CVE-2022-93066,Privilege Escalation,High,8.7,ENG-PRT-0033,No,Won't Fix
VUL00319,CVE-2018-25206,Denial of Service,Medium,6.4,OPS-FW-0023,Yes,Patched
VUL00320,CVE-2015-85027,Denial of Service,Medium,4.6,LEG-SW-0102,No,Open
VUL00321,CVE-2024-83732,Outdated SSL/TLS Configuration,High,7.4,ENG-MOB-0028,Yes,Patched
VUL00322,CVE-2018-58449,Privilege Escalation,Low,0.8,SAL-SRV-0019,Yes,In Progress
VUL00323,CVE-2025-16309,SQL Injection,Medium,5.7,ENG-FW-0098,No,In Progress
VUL00324,CVE-2022-5453,Buffer Overflow,High,8.3,ENG-SW-0046,Yes,In Progress
VUL00325,CVE-2018-87711,Insecure Direct Object Reference,Low,3.3,MKT-RTR-0037,Yes,Patched
VUL00326,CVE-2022-38614,Missing Security Patch,High,7.0,SAL-IOT-0112,No,Won't Fix
VUL00327,CVE-2016-62846,Path Traversal,Medium,5.0,LEG-LAP-0033,Yes,In Progress
VUL00328,CVE-2026-87714,Outdated SSL/TLS Configuration,Low,2.9,MKT-RTR-0004,Yes,Patched
VUL00329,CVE-2019-2165,Path Traversal,Medium,4.7,ENG-IOT-0083,Yes,Patched
VUL00330,CVE-2022-9123,Open Redirect,Medium,5.4,FIN-LAP-0117,Yes,Closed
VUL00331,CVE-2019-60352,Weak Password Policy,Medium,6.8,LEG-PRT-0101,Yes,Closed
VUL00332,CVE-2017-82292,Open Redirect,Critical,9.6,HR-MOB-0003,Yes,In Progress
VUL00333,CVE-2022-26909,SQL Injection,Medium,4.3,SAL-MOB-0153,Yes,Closed
VUL00334,CVE-2021-97206,Privilege Escalation,Medium,5.5,SAL-RTR-0123,Yes,Closed
VUL00335,CVE-2015-85125,Insecure Direct Object Reference,Low,3.3,FIN-LAP-0089,Yes,Closed
VUL00336,CVE-2021-2016,Denial of Service,Low,1.3,ENG-SW-0044,Yes,Patched
VUL00337,CVE-2019-40694,Sensitive Data Exposure,Critical,9.9,MKT-IOT-0061,Yes,Closed
VUL00338,CVE-2018-42779,Server-Side Request Forgery (SSRF),Low,3.4,HR-DB-0085,Yes,In Progress
VUL00339,CVE-2025-64697,Outdated SSL/TLS Configuration,High,8.2,FIN-SRV-0057,Yes,In Progress
VUL00340,CVE-2017-81548,Insecure Direct Object Reference,High,8.0,LEG-IOT-0054,No,In Progress
VUL00341,CVE-2024-22379,SQL Injection,High,7.5,MKT-SRV-0045,Yes,Patched
VUL00342,CVE-2017-29451,Outdated SSL/TLS Configuration,Medium,6.5,FIN-PC-0023,No,In Progress
VUL00343,CVE-2023-67912,Path Traversal,High,7.6,IT-PRT-0008,No,Open
VUL00344,CVE-2026-95683,Sensitive Data Exposure,Medium,6.4,FIN-FW-0053,No,Open
VUL00345,CVE-2021-22182,Outdated SSL/TLS Configuration,Low,3.0,FIN-PC-0024,Yes,Closed
VUL00346,CVE-2016-37341,Insecure Direct Object Reference,Medium,6.5,IT-SW-0131,Yes,In Progress
VUL00347,CVE-2021-14051,SQL Injection,Critical,9.3,MKT-SRV-0050,Yes,In Progress
VUL00348,CVE-2019-27330,Broken Authentication,High,7.9,LEG-DB-0065,No,In Progress
VUL00349,CVE-2024-66646,Security Misconfiguration,High,8.7,OPS-PRT-0024,Yes,In Progress
VUL00350,CVE-2022-53603,Unpatched Software,High,8.1,HR-MOB-0094,No,Open
VUL00351,CVE-2024-90609,Insecure Direct Object Reference,High,8.4,OPS-LAP-0092,Yes,In Progress
VUL00352,CVE-2019-31341,Cross-Site Scripting (XSS),Medium,5.8,OPS-FW-0051,Yes,Patched
VUL00353,CVE-2021-9644,Server-Side Request Forgery (SSRF),High,8.4,IT-SRV-0032,Yes,In Progress
VUL00354,CVE-2019-11686,Weak Password Policy,Low,0.6,HR-PRT-0058,Yes,Closed
VUL00355,CVE-2019-27305,Remote Code Execution,Medium,6.9,OPS-LAP-0048,No,In Progress
VUL00356,CVE-2020-41780,Privilege Escalation,Medium,6.6,OPS-SW-0028,Yes,In Progress
VUL00357,CVE-2025-21313,Weak Password Policy,Medium,5.4,MKT-RTR-0008,No,In Progress
VUL00358,CVE-2020-84173,Buffer Overflow,Medium,6.1,OPS-PC-0130,Yes,In Progress
VUL00359,CVE-2020-91599,Outdated SSL/TLS Configuration,Low,3.1,IT-SRV-0097,Yes,Patched
VUL00360,CVE-2015-68648,Buffer Overflow,Low,2.6,OPS-IOT-0057,No,Won't Fix
VUL00361,CVE-2024-96288,Remote Code Execution,Low,3.6,OPS-SRV-0104,No,Won't Fix
VUL00362,CVE-2016-78500,Denial of Service,Medium,4.3,OPS-RTR-0012,Yes,Closed
VUL00363,CVE-2021-54646,Path Traversal,Low,3.0,OPS-PC-0029,Yes,Patched
VUL00364,CVE-2020-95840,Open Redirect,High,8.4,OPS-PC-0065,No,Open
VUL00365,CVE-2016-84740,Unpatched Software,High,8.3,FIN-MOB-0093,No,Won't Fix
VUL00366,CVE-2025-4357,Insecure Direct Object Reference,Low,3.7,LEG-IOT-0077,No,Open
VUL00367,CVE-2018-25472,Weak Password Policy,Medium,4.8,ENG-SRV-0056,No,Open
VUL00368,CVE-2025-14709,SQL Injection,Low,3.4,MKT-PRT-0087,Yes,In Progress
VUL00369,CVE-2016-64457,Insecure Direct Object Reference,High,8.1,IT-PC-0007,No,In Progress
VUL00370,CVE-2021-92288,Insecure Deserialization,Critical,9.0,OPS-SW-0031,Yes,Closed
VUL00371,CVE-2022-49544,Unpatched Software,Medium,4.1,IT-LAP-0031,Yes,Closed
VUL00372,CVE-2022-74029,Sensitive Data Exposure,Medium,6.0,FIN-MOB-0081,No,In Progress
VUL00373,CVE-2022-17196,Command Injection,Low,3.0,IT-MOB-0014,Yes,In Progress
VUL00374,CVE-2017-74215,Cross-Site Scripting (XSS),High,8.1,IT-FW-0127,Yes,In Progress
VUL00375,CVE-2023-54543,Weak Password Policy,Critical,9.5,LEG-SW-0108,No,In Progress
VUL00376,CVE-2026-30620,Server-Side Request Forgery (SSRF),Critical,9.1,FIN-IOT-0118,Yes,Patched
VUL00377,CVE-2018-50528,Unpatched Software,Medium,5.2,HR-RTR-0013,Yes,Patched
VUL00378,CVE-2025-51468,Missing Security Patch,Medium,6.4,FIN-FW-0060,No,Open
VUL00379,CVE-2021-71046,Missing Security Patch,Low,3.2,OPS-FW-0048,Yes,Closed
VUL00380,CVE-2019-56603,Broken Authentication,High,8.7,OPS-IOT-0001,No,Open
VUL00381,CVE-2016-3111,Open Redirect,Low,1.1,LEG-LAP-0045,No,Won't Fix
VUL00382,CVE-2020-79266,Missing Security Patch,Low,3.5,SAL-PC-0056,No,In Progress
VUL00383,CVE-2016-56533,Insecure Deserialization,Low,3.6,LEG-DB-0043,Yes,In Progress
VUL00384,CVE-2026-63044,Missing Security Patch,High,8.8,IT-DB-0093,Yes,Closed
VUL00385,CVE-2025-99981,Unpatched Software,Medium,6.8,LEG-SW-0121,No,Open
VUL00386,CVE-2019-93068,Weak Password Policy,High,8.8,OPS-RTR-0076,Yes,Patched
VUL00387,CVE-2016-10194,Unpatched Software,Low,1.9,SAL-FW-0073,No,In Progress
VUL00388,CVE-2022-36788,Buffer Overflow,Medium,6.0,ENG-FW-0077,Yes,In Progress
VUL00389,CVE-2026-29608,Server-Side Request Forgery (SSRF),High,8.7,HR-FW-0010,Yes,Patched
VUL00390,CVE-2022-12857,Command Injection,Low,1.1,MKT-IOT-0076,Yes,In Progress
VUL00391,CVE-2019-29662,Missing Security Patch,Medium,5.3,OPS-FW-0001,Yes,Patched
VUL00392,CVE-2017-63599,Missing Security Patch,Low,2.4,LEG-PC-0107,Yes,In Progress
VUL00393,CVE-2017-54514,Security Misconfiguration,Medium,5.9,MKT-SW-0083,Yes,In Progress
VUL00394,CVE-2018-92872,Path Traversal,High,7.5,HR-RTR-0089,No,Open
VUL00395,CVE-2023-16291,Server-Side Request Forgery (SSRF),Low,2.4,IT-IOT-0092,Yes,Closed
VUL00396,CVE-2016-31308,Missing Security Patch,High,8.1,OPS-SW-0083,Yes,Closed
VUL00397,CVE-2021-86525,Security Misconfiguration,Medium,4.2,FIN-IOT-0076,Yes,In Progress
VUL00398,CVE-2025-96539,Sensitive Data Exposure,Medium,6.1,IT-PC-0004,Yes,In Progress
VUL00399,CVE-2023-15826,Command Injection,High,8.7,OPS-SW-0103,Yes,In Progress
VUL00400,CVE-2024-12770,Outdated SSL/TLS Configuration,Medium,5.1,IT-FW-0073,No,Open
VUL00401,CVE-2021-89503,Missing Security Patch,High,8.0,IT-SRV-0036,No,In Progress
VUL00402,CVE-2015-58483,Remote Code Execution,High,7.4,FIN-RTR-0081,Yes,Patched
VUL00403,CVE-2016-19298,Privilege Escalation,High,8.5,SAL-IOT-0112,No,In Progress
VUL00404,CVE-2015-59122,Cross-Site Scripting (XSS),High,7.5,HR-SW-0014,Yes,Patched
VUL00405,CVE-2019-1462,Remote Code Execution,Critical,9.5,OPS-LAP-0020,Yes,Closed
VUL00406,CVE-2026-85051,Denial of Service,Medium,4.2,HR-FW-0053,Yes,In Progress
VUL00407,CVE-2026-15975,Missing Security Patch,High,8.9,IT-DB-0109,No,In Progress
VUL00408,CVE-2019-65456,Missing Security Patch,Low,3.3,SAL-SW-0010,Yes,Patched
VUL00409,CVE-2018-47523,XML External Entity (XXE),Low,0.6,MKT-FW-0037,Yes,In Progress
VUL00410,CVE-2020-53406,Insecure Direct Object Reference,Low,1.1,ENG-FW-0051,No,In Progress
VUL00411,CVE-2024-2717,Open Redirect,Critical,9.1,HR-IOT-0038,Yes,Closed
VUL00412,CVE-2026-75943,Denial of Service,Medium,4.2,IT-SW-0012,Yes,Patched
VUL00413,CVE-2018-57443,Remote Code Execution,Medium,5.8,SAL-LAP-0002,Yes,Patched
VUL00414,CVE-2019-67098,Open Redirect,Low,2.6,FIN-SW-0003,Yes,Patched
VUL00415,CVE-2022-65799,Broken Authentication,Low,1.1,LEG-MOB-0006,No,In Progress
VUL00416,CVE-2019-5698,Missing Security Patch,Medium,6.1,LEG-FW-0042,Yes,Closed
VUL00417,CVE-2023-16827,Unpatched Software,High,7.2,ENG-RTR-0058,Yes,In Progress
VUL00418,CVE-2019-85477,Missing Security Patch,Medium,4.6,MKT-IOT-0005,Yes,Patched
VUL00419,CVE-2017-63513,Privilege Escalation,High,7.2,IT-SRV-0125,No,In Progress
VUL00420,CVE-2026-27571,Path Traversal,Medium,5.6,SAL-DB-0029,Yes,Patched
VUL00421,CVE-2016-21445,Missing Security Patch,Medium,5.2,ENG-PC-0043,Yes,Patched
VUL00422,CVE-2016-86631,Command Injection,Critical,9.0,ENG-SRV-0006,No,Won't Fix
VUL00423,CVE-2023-52282,Insecure Deserialization,Medium,6.1,ENG-MOB-0089,Yes,Closed
VUL00424,CVE-2015-31943,Unpatched Software,Medium,4.5,HR-DB-0050,No,In Progress
VUL00425,CVE-2024-77436,Privilege Escalation,Medium,5.4,SAL-MOB-0121,Yes,In Progress
VUL00426,CVE-2019-90634,SQL Injection,High,7.3,LEG-PRT-0106,Yes,Patched
VUL00427,CVE-2024-16104,Sensitive Data Exposure,High,7.2,FIN-PC-0078,Yes,Patched
VUL00428,CVE-2017-18622,Unpatched Software,Critical,9.1,SAL-SW-0047,Yes,Closed
VUL00429,CVE-2018-48277,Server-Side Request Forgery (SSRF),High,7.6,LEG-RTR-0048,Yes,Closed
VUL00430,CVE-2019-12564,Command Injection,Low,3.9,FIN-SW-0002,Yes,Closed
VUL00431,CVE-2017-40438,Path Traversal,High,7.8,OPS-PRT-0019,Yes,Patched
VUL00432,CVE-2018-88469,Command Injection,Critical,10.0,FIN-RTR-0103,Yes,Closed
VUL00433,CVE-2015-15502,Command Injection,Low,2.8,FIN-SRV-0099,Yes,In Progress
VUL00434,CVE-2015-34710,Buffer Overflow,Low,1.4,FIN-SRV-0090,Yes,Closed
VUL00435,CVE-2024-84941,Outdated SSL/TLS Configuration,Critical,9.3,MKT-LAP-0026,No,In Progress
VUL00436,CVE-2015-60856,Weak Password Policy,High,7.8,HR-PC-0075,Yes,Closed
VUL00437,CVE-2021-64226,Weak Password Policy,High,8.1,FIN-MOB-0084,No,In Progress
VUL00438,CVE-2020-77304,Insecure Direct Object Reference,Medium,6.7,OPS-PC-0128,No,Open
VUL00439,CVE-2022-51721,Path Traversal,High,8.8,MKT-MOB-0049,Yes,Closed
VUL00440,CVE-2017-21470,Open Redirect,Medium,5.9,HR-LAP-0110,Yes,Patched
VUL00441,CVE-2023-38883,Privilege Escalation,Critical,9.5,FIN-MOB-0123,Yes,Patched
VUL00442,CVE-2019-87813,Missing Security Patch,Low,3.3,IT-LAP-0092,No,In Progress
VUL00443,CVE-2023-32565,Command Injection,Critical,9.5,MKT-MOB-0108,Yes,Patched
VUL00444,CVE-2024-61938,Unpatched Software,Low,1.0,HR-IOT-0048,Yes,In Progress
VUL00445,CVE-2017-94347,Security Misconfiguration,Medium,6.8,HR-SRV-0008,Yes,In Progress
VUL00446,CVE-2024-84846,Open Redirect,Medium,4.6,LEG-RTR-0088,Yes,Closed
VUL00447,CVE-2016-13717,XML External Entity (XXE),Medium,4.5,MKT-LAP-0078,No,Open
VUL00448,CVE-2021-9745,Remote Code Execution,Medium,4.8,OPS-PC-0138,No,Won't Fix
VUL00449,CVE-2022-79888,Broken Authentication,High,8.2,HR-IOT-0105,Yes,In Progress
VUL00450,CVE-2020-29547,Buffer Overflow,Medium,6.6,MKT-FW-0070,No,Open
VUL00451,CVE-2020-24968,Cross-Site Scripting (XSS),Medium,4.8,MKT-DB-0013,Yes,Patched
VUL00452,CVE-2026-66064,XML External Entity (XXE),Low,0.9,LEG-FW-0069,No,In Progress
VUL00453,CVE-2016-19935,Cross-Site Scripting (XSS),High,7.6,IT-RTR-0102,No,Won't Fix
VUL00454,CVE-2021-85484,Privilege Escalation,Medium,6.8,OPS-PC-0099,Yes,Closed
VUL00455,CVE-2026-82464,Outdated SSL/TLS Configuration,Medium,6.1,FIN-FW-0044,Yes,Patched
VUL00456,CVE-2022-94315,Outdated SSL/TLS Configuration,Medium,5.1,IT-DB-0033,No,In Progress
VUL00457,CVE-2017-28256,Security Misconfiguration,Medium,6.0,IT-DB-0113,No,Open
VUL00458,CVE-2022-81453,Cross-Site Scripting (XSS),Low,2.9,OPS-PC-0080,Yes,Closed
VUL00459,CVE-2026-42044,Server-Side Request Forgery (SSRF),Medium,6.9,OPS-RTR-0023,No,Won't Fix
VUL00460,CVE-2026-59096,Insecure Deserialization,Medium,5.5,HR-LAP-0017,Yes,Patched
VUL00461,CVE-2016-58643,Server-Side Request Forgery (SSRF),Medium,4.4,SAL-MOB-0082,No,Open
VUL00462,CVE-2015-79858,Sensitive Data Exposure,High,8.7,HR-DB-0046,No,In Progress
VUL00463,CVE-2021-73072,Privilege Escalation,Medium,6.2,ENG-SRV-0053,Yes,Closed
VUL00464,CVE-2018-53314,Sensitive Data Exposure,Medium,4.9,LEG-PRT-0043,No,In Progress
VUL00465,CVE-2015-81353,Sensitive Data Exposure,Low,2.3,MKT-PC-0036,Yes,In Progress
VUL00466,CVE-2019-54154,Buffer Overflow,Low,0.4,OPS-SW-0121,Yes,In Progress
VUL00467,CVE-2021-52033,XML External Entity (XXE),High,8.4,IT-FW-0014,No,In Progress
VUL00468,CVE-2017-57163,Privilege Escalation,Medium,5.0,FIN-SW-0014,Yes,Closed
VUL00469,CVE-2017-8137,Missing Security Patch,High,7.5,SAL-SW-0022,Yes,Closed
VUL00470,CVE-2023-40529,Buffer Overflow,Medium,6.8,HR-PC-0069,No,In Progress
VUL00471,CVE-2021-54191,Insecure Deserialization,Low,1.1,SAL-DB-0003,No,Won't Fix
VUL00472,CVE-2022-99693,Insecure Deserialization,Medium,6.7,FIN-LAP-0113,Yes,Closed
VUL00473,CVE-2024-8964,Privilege Escalation,Medium,5.1,MKT-MOB-0045,Yes,In Progress
VUL00474,CVE-2024-10695,Security Misconfiguration,Low,2.2,FIN-RTR-0002,Yes,Patched
VUL00475,CVE-2016-33816,Sensitive Data Exposure,High,8.6,SAL-PRT-0039,Yes,Patched
VUL00476,CVE-2019-84219,Security Misconfiguration,Low,1.0,LEG-LAP-0051,Yes,In Progress
VUL00477,CVE-2017-37483,SQL Injection,Low,3.2,MKT-PC-0047,No,Won't Fix
VUL00478,CVE-2018-78419,Denial of Service,Critical,9.8,MKT-LAP-0054,Yes,In Progress
VUL00479,CVE-2023-29893,Insecure Direct Object Reference,High,7.0,FIN-SRV-0055,Yes,Patched
VUL00480,CVE-2017-16749,Weak Password Policy,High,7.1,LEG-LAP-0084,Yes,In Progress
VUL00481,CVE-2025-92598,Server-Side Request Forgery (SSRF),Medium,5.0,ENG-SW-0086,Yes,In Progress
VUL00482,CVE-2015-21232,Buffer Overflow,Low,2.6,LEG-IOT-0049,Yes,Patched
VUL00483,CVE-2017-69177,Path Traversal,Medium,6.0,SAL-IOT-0079,Yes,Patched
VUL00484,CVE-2018-42635,Missing Security Patch,High,7.8,IT-RTR-0065,Yes,Patched
VUL00485,CVE-2017-25897,Sensitive Data Exposure,Low,2.6,OPS-SRV-0013,Yes,Patched
VUL00486,CVE-2017-92685,Server-Side Request Forgery (SSRF),High,7.6,SAL-SRV-0132,No,Open
VUL00487,CVE-2016-1966,Open Redirect,High,8.0,LEG-MOB-0097,Yes,Patched
VUL00488,CVE-2016-20241,Server-Side Request Forgery (SSRF),Low,0.8,LEG-LAP-0014,Yes,Closed
VUL00489,CVE-2021-43074,Command Injection,High,8.6,MKT-MOB-0113,Yes,In Progress
VUL00490,CVE-2016-31447,Sensitive Data Exposure,High,8.1,SAL-DB-0124,Yes,Closed
VUL00491,CVE-2021-79455,Cross-Site Scripting (XSS),Medium,5.2,FIN-RTR-0105,No,Won't Fix
VUL00492,CVE-2026-92718,Outdated SSL/TLS Configuration,High,8.0,LEG-FW-0002,No,Open
VUL00493,CVE-2020-87167,Command Injection,Critical,9.1,MKT-DB-0023,Yes,Closed
VUL00494,CVE-2018-93006,Server-Side Request Forgery (SSRF),High,8.8,FIN-SW-0093,Yes,Closed
VUL00495,CVE-2026-18565,SQL Injection,Low,1.6,SAL-LAP-0062,No,In Progress
VUL00496,CVE-2019-37038,Server-Side Request Forgery (SSRF),Low,2.0,OPS-LAP-0020,Yes,Closed
VUL00497,CVE-2026-47326,Unpatched Software,High,8.4,ENG-IOT-0029,No,Open
VUL00498,CVE-2018-81486,Buffer Overflow,Low,0.8,HR-SRV-0016,No,In Progress
VUL00499,CVE-2025-65813,Open Redirect,Critical,9.3,MKT-IOT-0044,Yes,Closed
VUL00500,CVE-2015-31195,Sensitive Data Exposure,High,7.9,HR-LAP-0125,Yes,In Progress
VUL00501,CVE-2015-14675,Open Redirect,High,7.1,MKT-PRT-0024,No,Won't Fix
VUL00502,CVE-2024-99055,Open Redirect,Critical,9.5,FIN-LAP-0075,No,Won't Fix
VUL00503,CVE-2026-26427,Insecure Deserialization,High,7.1,MKT-PRT-0099,Yes,Patched
VUL00504,CVE-2018-37841,Broken Authentication,Low,3.4,LEG-PC-0084,Yes,In Progress
VUL00505,CVE-2015-67439,Remote Code Execution,Critical,9.8,FIN-RTR-0073,Yes,Closed
VUL00506,CVE-2016-58260,Remote Code Execution,Critical,9.2,SAL-LAP-0064,Yes,In Progress
VUL00507,CVE-2026-57877,Privilege Escalation,Low,1.3,ENG-DB-0041,Yes,Closed
VUL00508,CVE-2020-78803,Privilege Escalation,Low,1.9,LEG-IOT-0101,No,In Progress
VUL00509,CVE-2021-20947,Insecure Direct Object Reference,Medium,4.4,ENG-SRV-0119,No,In Progress
VUL00510,CVE-2020-27223,Insecure Deserialization,High,7.2,HR-IOT-0022,Yes,Patched
VUL00511,CVE-2022-47768,Outdated SSL/TLS Configuration,Critical,9.4,FIN-FW-0025,No,Won't Fix
VUL00512,CVE-2026-7823,Cross-Site Scripting (XSS),Medium,4.5,IT-PC-0021,Yes,In Progress
VUL00513,CVE-2021-16750,Command Injection,Low,3.8,OPS-SW-0030,Yes,Patched
VUL00514,CVE-2023-79979,Open Redirect,High,7.1,ENG-DB-0114,Yes,Patched
VUL00515,CVE-2020-25164,Weak Password Policy,Low,2.8,ENG-FW-0117,Yes,Patched
VUL00516,CVE-2022-1415,Unpatched Software,Critical,10.0,HR-SW-0096,Yes,Closed
VUL00517,CVE-2019-88098,Security Misconfiguration,Medium,6.9,LEG-FW-0016,No,Won't Fix
VUL00518,CVE-2018-65284,Insecure Direct Object Reference,High,7.7,SAL-SRV-0081,Yes,In Progress
VUL00519,CVE-2026-2687,Command Injection,High,7.8,IT-SRV-0040,Yes,In Progress
VUL00520,CVE-2016-81267,Denial of Service,Medium,4.9,OPS-RTR-0023,Yes,In Progress
VUL00521,CVE-2018-42536,Remote Code Execution,High,8.2,ENG-MOB-0103,Yes,Patched
VUL00522,CVE-2015-51828,Missing Security Patch,Medium,6.9,MKT-IOT-0020,Yes,Patched
VUL00523,CVE-2017-96798,Sensitive Data Exposure,Critical,9.6,LEG-SRV-0106,Yes,Closed
VUL00524,CVE-2025-48287,Path Traversal,Critical,9.8,HR-PC-0017,Yes,Closed
VUL00525,CVE-2019-81113,Insecure Deserialization,Medium,5.2,LEG-SRV-0080,No,In Progress
VUL00526,CVE-2019-39617,Insecure Deserialization,Medium,4.1,LEG-IOT-0015,Yes,In Progress
VUL00527,CVE-2021-94909,Server-Side Request Forgery (SSRF),Low,0.6,OPS-SW-0038,No,Won't Fix
VUL00528,CVE-2024-79410,Denial of Service,High,7.5,FIN-PRT-0005,Yes,Patched
VUL00529,CVE-2017-78598,Server-Side Request Forgery (SSRF),High,8.8,FIN-RTR-0048,Yes,Closed
VUL00530,CVE-2026-6499,Weak Password Policy,High,8.2,ENG-PRT-0016,Yes,Closed
VUL00531,CVE-2018-57686,Security Misconfiguration,Medium,6.1,SAL-LAP-0009,Yes,Closed
VUL00532,CVE-2015-41243,Privilege Escalation,Medium,5.6,FIN-PRT-0077,No,Open
VUL00533,CVE-2015-83981,Privilege Escalation,High,7.7,LEG-IOT-0073,Yes,In Progress
VUL00534,CVE-2018-49299,Weak Password Policy,Medium,5.0,ENG-SRV-0037,No,Open
VUL00535,CVE-2025-37572,Unpatched Software,High,8.5,HR-PRT-0004,No,In Progress
VUL00536,CVE-2021-16483,Weak Password Policy,High,7.7,SAL-DB-0071,Yes,Closed
VUL00537,CVE-2022-15774,Insecure Direct Object Reference,Medium,4.7,FIN-PRT-0014,Yes,Closed
VUL00538,CVE-2017-28407,Server-Side Request Forgery (SSRF),High,8.2,HR-IOT-0027,No,In Progress
VUL00539,CVE-2018-10276,Path Traversal,Low,3.0,LEG-PC-0024,Yes,In Progress
VUL00540,CVE-2017-17504,Denial of Service,High,8.3,FIN-SRV-0100,Yes,Closed
VUL00541,CVE-2016-33155,Open Redirect,Medium,6.7,FIN-FW-0042,No,Open
VUL00542,CVE-2015-65833,Open Redirect,High,7.3,SAL-LAP-0076,Yes,In Progress
VUL00543,CVE-2016-20927,Cross-Site Scripting (XSS),High,7.8,ENG-IOT-0045,Yes,Closed
VUL00544,CVE-2019-14334,XML External Entity (XXE),Low,0.8,LEG-IOT-0041,No,Open
VUL00545,CVE-2021-33489,Server-Side Request Forgery (SSRF),High,8.4,ENG-MOB-0127,Yes,Closed
VUL00546,CVE-2018-75039,Open Redirect,Medium,5.3,OPS-MOB-0099,No,Open
VUL00547,CVE-2024-46070,XML External Entity (XXE),High,7.3,SAL-LAP-0116,Yes,Closed
VUL00548,CVE-2020-25954,Missing Security Patch,Medium,5.0,HR-RTR-0102,Yes,Patched
VUL00549,CVE-2020-14063,Denial of Service,Low,1.2,ENG-FW-0095,Yes,Closed
VUL00550,CVE-2019-30148,Command Injection,Medium,5.6,ENG-MOB-0095,Yes,In Progress
VUL00551,CVE-2019-55447,Denial of Service,High,8.8,LEG-PRT-0043,Yes,Closed
VUL00552,CVE-2021-21756,Weak Password Policy,Low,2.0,SAL-IOT-0014,Yes,Closed
VUL00553,CVE-2016-59212,Cross-Site Scripting (XSS),Low,2.0,HR-RTR-0090,Yes,Patched
VUL00554,CVE-2022-35222,Broken Authentication,Medium,6.2,MKT-FW-0082,Yes,Patched
VUL00555,CVE-2018-99513,Outdated SSL/TLS Configuration,Critical,9.8,HR-PC-0019,Yes,In Progress
VUL00556,CVE-2022-25857,Insecure Direct Object Reference,Medium,4.5,LEG-DB-0127,No,In Progress
VUL00557,CVE-2025-61677,SQL Injection,Medium,4.3,SAL-MOB-0069,Yes,Closed
VUL00558,CVE-2020-80978,Privilege Escalation,Low,1.6,SAL-IOT-0021,Yes,Closed
VUL00559,CVE-2016-34359,Missing Security Patch,Medium,5.6,SAL-SW-0004,No,In Progress
VUL00560,CVE-2020-39048,SQL Injection,Low,3.4,ENG-SRV-0028,No,Won't Fix
VUL00561,CVE-2015-32803,XML External Entity (XXE),High,8.1,LEG-PC-0068,No,In Progress
VUL00562,CVE-2017-45061,Weak Password Policy,Medium,4.3,FIN-PRT-0113,Yes,In Progress
VUL00563,CVE-2025-31073,XML External Entity (XXE),Medium,6.1,SAL-MOB-0033,Yes,In Progress
VUL00564,CVE-2022-93488,Broken Authentication,Medium,4.5,LEG-SRV-0075,Yes,In Progress
VUL00565,CVE-2021-68537,XML External Entity (XXE),Medium,5.4,LEG-PC-0002,Yes,Closed
VUL00566,CVE-2026-77969,Remote Code Execution,Low,1.8,SAL-IOT-0077,Yes,Closed
VUL00567,CVE-2024-56001,Command Injection,High,7.3,FIN-MOB-0064,No,Won't Fix
VUL00568,CVE-2026-52881,Server-Side Request Forgery (SSRF),High,8.5,SAL-FW-0109,Yes,Closed
VUL00569,CVE-2019-41057,Denial of Service,Medium,5.9,MKT-RTR-0040,No,Won't Fix
VUL00570,CVE-2025-63152,XML External Entity (XXE),Medium,6.4,OPS-LAP-0111,No,In Progress
VUL00571,CVE-2020-44277,Server-Side Request Forgery (SSRF),Medium,4.2,ENG-MOB-0069,No,Won't Fix
VUL00572,CVE-2025-39227,Insecure Deserialization,Medium,4.6,OPS-FW-0050,No,Open
VUL00573,CVE-2015-25673,Command Injection,Medium,6.6,ENG-SRV-0002,Yes,In Progress
VUL00574,CVE-2025-32245,Unpatched Software,High,8.2,LEG-LAP-0063,Yes,Patched
VUL00575,CVE-2025-10790,Open Redirect,Medium,6.5,OPS-IOT-0045,No,Won't Fix
VUL00576,CVE-2021-29824,Cross-Site Scripting (XSS),High,8.5,MKT-DB-0061,No,Open
VUL00577,CVE-2023-26653,Remote Code Execution,Low,1.4,HR-PC-0001,No,Won't Fix
VUL00578,CVE-2016-42745,Outdated SSL/TLS Configuration,Low,0.6,FIN-MOB-0104,No,In Progress
VUL00579,CVE-2016-88622,Insecure Deserialization,Low,3.3,HR-FW-0136,No,Won't Fix
VUL00580,CVE-2020-51506,Weak Password Policy,Medium,4.7,SAL-IOT-0047,Yes,Closed
VUL00581,CVE-2019-26470,Missing Security Patch,High,7.5,ENG-SRV-0045,Yes,In Progress
VUL00582,CVE-2021-70105,Missing Security Patch,Medium,5.2,ENG-SRV-0116,No,Won't Fix
VUL00583,CVE-2019-47035,Privilege Escalation,Medium,4.3,IT-SRV-0071,Yes,Patched
VUL00584,CVE-2023-4681,Insecure Deserialization,Low,1.3,LEG-LAP-0034,No,Open
VUL00585,CVE-2022-85034,Cross-Site Scripting (XSS),Medium,6.8,OPS-LAP-0119,No,Won't Fix
VUL00586,CVE-2020-33945,Denial of Service,Low,2.5,LEG-SW-0114,Yes,Patched
VUL00587,CVE-2020-65961,Open Redirect,Medium,6.4,ENG-MOB-0021,No,In Progress
VUL00588,CVE-2019-51398,Broken Authentication,High,7.3,IT-PRT-0026,No,Won't Fix
VUL00589,CVE-2026-62446,Server-Side Request Forgery (SSRF),Medium,6.3,IT-LAP-0136,Yes,In Progress
VUL00590,CVE-2015-34700,Missing Security Patch,Low,2.3,OPS-PC-0124,No,Open
VUL00591,CVE-2023-69618,Broken Authentication,Medium,4.5,OPS-MOB-0119,Yes,Patched
VUL00592,CVE-2017-43971,Open Redirect,Low,2.1,ENG-DB-0116,Yes,Closed
VUL00593,CVE-2021-60205,Cross-Site Scripting (XSS),Critical,9.9,ENG-FW-0083,Yes,Patched
VUL00594,CVE-2019-10596,Weak Password Policy,Critical,9.9,FIN-SRV-0055,No,Open
VUL00595,CVE-2017-61486,Remote Code Execution,Medium,6.1,LEG-IOT-0038,No,Open
VUL00596,CVE-2026-99753,XML External Entity (XXE),Medium,5.0,OPS-PC-0134,No,In Progress
VUL00597,CVE-2020-30073,Command Injection,High,7.8,SAL-IOT-0031,Yes,In Progress
VUL00598,CVE-2021-34143,Path Traversal,High,8.4,ENG-RTR-0045,No,Won't Fix
VUL00599,CVE-2019-7334,Denial of Service,Low,0.4,OPS-SW-0011,No,Open
VUL00600,CVE-2026-9522,Unpatched Software,High,8.3,IT-PC-0056,No,In Progress
VUL00601,CVE-2016-18075,XML External Entity (XXE),Medium,5.6,OPS-SW-0056,No,Open
VUL00602,CVE-2025-95163,Insecure Direct Object Reference,Medium,6.2,OPS-LAP-0006,Yes,Closed
VUL00603,CVE-2017-77475,Security Misconfiguration,High,8.2,ENG-PRT-0030,Yes,Closed
VUL00604,CVE-2023-88737,Insecure Direct Object Reference,High,8.6,LEG-LAP-0082,Yes,Patched
VUL00605,CVE-2024-70208,Open Redirect,High,8.2,IT-IOT-0102,No,Won't Fix
VUL00606,CVE-2020-63956,Open Redirect,High,8.3,ENG-SW-0023,No,Open
VUL00607,CVE-2017-97404,Remote Code Execution,Medium,5.6,IT-IOT-0102,Yes,In Progress
VUL00608,CVE-2019-11016,Security Misconfiguration,High,8.3,HR-PC-0080,No,Open
VUL00609,CVE-2023-7417,Command Injection,Low,3.2,MKT-PC-0057,Yes,Patched
VUL00610,CVE-2024-50829,Missing Security Patch,High,7.4,OPS-SRV-0022,Yes,Closed
VUL00611,CVE-2020-33992,Denial of Service,High,7.6,OPS-IOT-0042,Yes,Patched
VUL00612,CVE-2019-39676,Server-Side Request Forgery (SSRF),High,8.7,SAL-DB-0119,No,In Progress
VUL00613,CVE-2022-56893,Cross-Site Scripting (XSS),High,7.6,HR-RTR-0101,No,Open
VUL00614,CVE-2019-82897,SQL Injection,Medium,4.8,ENG-PRT-0069,No,Open
VUL00615,CVE-2025-92506,Buffer Overflow,Medium,5.4,LEG-FW-0042,Yes,In Progress
VUL00616,CVE-2017-94936,Remote Code Execution,Low,1.8,SAL-SRV-0014,Yes,In Progress
VUL00617,CVE-2022-83476,Path Traversal,Medium,5.6,SAL-IOT-0044,Yes,In Progress
VUL00618,CVE-2026-94970,Sensitive Data Exposure,Medium,5.9,FIN-SRV-0082,Yes,Patched
VUL00619,CVE-2026-82842,SQL Injection,Critical,9.6,OPS-SRV-0008,No,In Progress
VUL00620,CVE-2021-59108,Path Traversal,Medium,6.3,MKT-PC-0128,Yes,In Progress
VUL00621,CVE-2025-39658,Privilege Escalation,Critical,9.8,LEG-PC-0040,No,Won't Fix
VUL00622,CVE-2016-43798,Broken Authentication,Medium,6.4,MKT-RTR-0052,No,Open
VUL00623,CVE-2024-63960,SQL Injection,Medium,5.5,IT-FW-0115,No,Open
VUL00624,CVE-2021-37343,Security Misconfiguration,Critical,10.0,MKT-SW-0083,No,Won't Fix
VUL00625,CVE-2023-83008,Server-Side Request Forgery (SSRF),High,7.7,IT-SRV-0005,No,In Progress
VUL00626,CVE-2023-38218,Unpatched Software,Critical,9.5,LEG-LAP-0053,Yes,In Progress
VUL00627,CVE-2019-1383,Command Injection,High,8.3,ENG-PC-0075,Yes,In Progress
VUL00628,CVE-2024-14543,SQL Injection,High,8.4,HR-PC-0022,No,Won't Fix
VUL00629,CVE-2025-37272,Remote Code Execution,Low,3.1,ENG-RTR-0054,Yes,In Progress
VUL00630,CVE-2023-88009,Privilege Escalation,Medium,4.8,LEG-PRT-0010,No,Open
VUL00631,CVE-2019-63866,Insecure Deserialization,Medium,5.5,OPS-SW-0083,Yes,Closed
VUL00632,CVE-2017-27285,Missing Security Patch,Medium,6.3,ENG-RTR-0120,No,In Progress
VUL00633,CVE-2024-19708,Security Misconfiguration,Low,3.7,SAL-RTR-0015,No,In Progress
VUL00634,CVE-2022-15211,Weak Password Policy,High,8.4,LEG-PC-0102,Yes,Closed
VUL00635,CVE-2025-33025,Remote Code Execution,Critical,9.2,HR-SRV-0024,Yes,Patched
VUL00636,CVE-2018-71434,Weak Password Policy,Critical,9.2,FIN-IOT-0116,No,Open
VUL00637,CVE-2017-75616,Denial of Service,High,7.1,MKT-LAP-0065,Yes,Patched
VUL00638,CVE-2021-63412,Unpatched Software,Medium,6.7,ENG-SRV-0016,Yes,Patched
VUL00639,CVE-2025-31690,Cross-Site Scripting (XSS),High,8.0,ENG-LAP-0079,Yes,In Progress
VUL00640,CVE-2024-35362,Privilege Escalation,Medium,4.8,ENG-DB-0090,No,In Progress
VUL00641,CVE-2015-7093,Server-Side Request Forgery (SSRF),Medium,6.5,FIN-DB-0036,Yes,Patched
VUL00642,CVE-2023-55906,XML External Entity (XXE),Low,3.1,IT-LAP-0083,Yes,Closed
VUL00643,CVE-2026-71106,Remote Code Execution,Low,2.3,HR-PC-0066,Yes,Patched
VUL00644,CVE-2022-82334,SQL Injection,Medium,4.7,ENG-FW-0095,No,Open
VUL00645,CVE-2016-81001,Buffer Overflow,Medium,5.7,ENG-SW-0023,Yes,Patched
VUL00646,CVE-2025-34087,Unpatched Software,Critical,9.6,ENG-PRT-0120,Yes,In Progress
VUL00647,CVE-2017-54600,XML External Entity (XXE),Medium,6.4,FIN-FW-0074,No,In Progress
VUL00648,CVE-2016-37423,Server-Side Request Forgery (SSRF),High,8.9,FIN-PC-0040,Yes,Patched
VUL00649,CVE-2016-44495,Security Misconfiguration,High,8.1,IT-LAP-0066,Yes,Closed
VUL00650,CVE-2023-90036,Cross-Site Scripting (XSS),Critical,9.6,LEG-DB-0111,Yes,Patched
VUL00651,CVE-2016-83695,Security Misconfiguration,Critical,9.0,OPS-LAP-0040,Yes,Closed
VUL00652,CVE-2020-9218,Sensitive Data Exposure,High,7.4,ENG-PC-0081,Yes,Patched
VUL00653,CVE-2017-39921,Server-Side Request Forgery (SSRF),High,7.7,FIN-PC-0024,Yes,Patched
VUL00654,CVE-2016-70299,SQL Injection,Low,2.0,SAL-SW-0075,No,Won't Fix
VUL00655,CVE-2017-18318,Broken Authentication,Medium,6.1,OPS-PC-0008,No,Open
VUL00656,CVE-2015-93006,Insecure Deserialization,Medium,5.8,OPS-SW-0008,Yes,In Progress
VUL00657,CVE-2026-32088,Security Misconfiguration,Low,2.6,OPS-RTR-0091,No,Open
VUL00658,CVE-2023-86072,Outdated SSL/TLS Configuration,Medium,5.1,OPS-RTR-0023,Yes,Closed
VUL00659,CVE-2022-70476,Insecure Deserialization,Medium,4.3,OPS-SW-0069,No,Won't Fix
VUL00660,CVE-2016-7217,Missing Security Patch,Critical,9.2,FIN-DB-0002,No,Open
VUL00661,CVE-2026-35534,Insecure Deserialization,High,8.2,SAL-PRT-0047,Yes,Closed
VUL00662,CVE-2020-98221,Server-Side Request Forgery (SSRF),Medium,4.5,OPS-RTR-0021,Yes,Patched
VUL00663,CVE-2017-13939,Insecure Deserialization,Medium,6.5,FIN-IOT-0119,No,Open
VUL00664,CVE-2020-34967,Open Redirect,Medium,5.3,LEG-SRV-0048,Yes,In Progress
VUL00665,CVE-2022-93480,Path Traversal,High,7.4,HR-RTR-0085,No,In Progress
VUL00666,CVE-2018-73995,Server-Side Request Forgery (SSRF),Critical,9.7,ENG-SRV-0063,No,In Progress
VUL00667,CVE-2024-99145,Server-Side Request Forgery (SSRF),High,7.0,OPS-FW-0125,Yes,Patched
VUL00668,CVE-2019-40830,Missing Security Patch,Low,2.3,SAL-SW-0067,Yes,In Progress
VUL00669,CVE-2018-74652,Cross-Site Scripting (XSS),High,8.5,LEG-SW-0048,No,Won't Fix
VUL00670,CVE-2018-72692,Buffer Overflow,Medium,6.0,MKT-PC-0087,Yes,Closed
VUL00671,CVE-2025-23870,Server-Side Request Forgery (SSRF),High,7.3,OPS-PRT-0078,Yes,In Progress
VUL00672,CVE-2019-45943,Privilege Escalation,Medium,6.6,ENG-RTR-0046,No,In Progress
VUL00673,CVE-2017-92265,Open Redirect,High,7.5,SAL-SRV-0122,No,Won't Fix
VUL00674,CVE-2016-25344,Broken Authentication,High,8.2,OPS-SRV-0078,No,In Progress
VUL00675,CVE-2016-33310,Open Redirect,Critical,9.1,IT-DB-0050,Yes,Patched
VUL00676,CVE-2015-82859,Denial of Service,Medium,4.4,FIN-IOT-0107,Yes,Closed
VUL00677,CVE-2018-49783,Server-Side Request Forgery (SSRF),High,7.2,ENG-IOT-0109,No,Open
VUL00678,CVE-2017-50299,Outdated SSL/TLS Configuration,Low,1.2,HR-RTR-0057,Yes,In Progress
VUL00679,CVE-2020-97976,Open Redirect,Medium,5.4,FIN-PC-0100,No,In Progress
VUL00680,CVE-2020-82129,Path Traversal,High,7.8,HR-RTR-0095,No,Open
VUL00681,CVE-2018-88501,Server-Side Request Forgery (SSRF),Medium,6.6,FIN-IOT-0055,Yes,Closed
VUL00682,CVE-2018-64431,Buffer Overflow,High,8.3,FIN-PRT-0019,Yes,Patched
VUL00683,CVE-2022-79578,Broken Authentication,Medium,4.6,LEG-FW-0078,No,In Progress
VUL00684,CVE-2024-84551,Privilege Escalation,Medium,6.8,OPS-MOB-0071,No,Open
VUL00685,CVE-2023-36005,Buffer Overflow,Critical,9.7,HR-PRT-0025,No,Won't Fix
VUL00686,CVE-2023-93047,Insecure Deserialization,High,8.8,ENG-MOB-0005,No,In Progress
VUL00687,CVE-2022-50139,XML External Entity (XXE),Low,1.6,FIN-PRT-0036,Yes,In Progress
VUL00688,CVE-2016-59418,Remote Code Execution,Medium,4.7,IT-RTR-0111,Yes,Patched
VUL00689,CVE-2015-78376,Command Injection,High,8.9,ENG-RTR-0038,Yes,In Progress
VUL00690,CVE-2017-20691,Denial of Service,Medium,4.0,SAL-PC-0049,No,Won't Fix
VUL00691,CVE-2020-14606,Command Injection,High,8.0,SAL-PRT-0126,No,Won't Fix
VUL00692,CVE-2025-23569,Buffer Overflow,High,7.7,ENG-SRV-0047,Yes,In Progress
VUL00693,CVE-2021-99190,Buffer Overflow,High,7.9,OPS-PC-0124,Yes,In Progress
VUL00694,CVE-2024-28529,Missing Security Patch,Medium,4.7,HR-MOB-0025,No,In Progress
VUL00695,CVE-2024-96563,Outdated SSL/TLS Configuration,High,8.0,ENG-MOB-0067,Yes,Closed
VUL00696,CVE-2023-39367,Missing Security Patch,High,8.1,IT-SW-0101,No,Won't Fix
VUL00697,CVE-2019-76951,Unpatched Software,Medium,6.4,HR-MOB-0008,Yes,In Progress
VUL00698,CVE-2019-30651,XML External Entity (XXE),Medium,6.0,ENG-IOT-0078,Yes,In Progress
VUL00699,CVE-2016-4321,Denial of Service,High,8.1,IT-DB-0103,Yes,Closed
VUL00700,CVE-2019-91585,Insecure Direct Object Reference,Critical,9.3,OPS-SW-0066,No,Won't Fix
VUL00701,CVE-2026-23548,Remote Code Execution,Medium,5.4,ENG-LAP-0014,Yes,In Progress
VUL00702,CVE-2026-58012,XML External Entity (XXE),High,7.7,OPS-MOB-0117,No,Won't Fix
VUL00703,CVE-2018-51626,Insecure Deserialization,High,8.7,IT-FW-0056,Yes,In Progress
VUL00704,CVE-2025-4321,SQL Injection,Low,0.9,HR-SRV-0046,No,Open
VUL00705,CVE-2025-54803,Missing Security Patch,Medium,6.9,OPS-FW-0057,Yes,Patched
VUL00706,CVE-2023-1034,Command Injection,High,7.2,SAL-IOT-0032,No,In Progress
VUL00707,CVE-2023-32850,Server-Side Request Forgery (SSRF),Medium,4.5,LEG-LAP-0004,Yes,Patched
VUL00708,CVE-2025-34308,Privilege Escalation,High,7.5,IT-PRT-0038,Yes,In Progress
VUL00709,CVE-2024-47137,Sensitive Data Exposure,Critical,9.5,HR-LAP-0112,Yes,In Progress
VUL00710,CVE-2019-13428,Outdated SSL/TLS Configuration,Low,3.5,MKT-RTR-0042,No,Won't Fix
VUL00711,CVE-2016-90927,Security Misconfiguration,High,7.4,IT-PRT-0107,Yes,Patched
VUL00712,CVE-2016-14860,Insecure Deserialization,Low,3.6,HR-FW-0148,Yes,Patched
VUL00713,CVE-2018-80230,Server-Side Request Forgery (SSRF),Low,1.9,SAL-FW-0112,No,In Progress
VUL00714,CVE-2024-98741,SQL Injection,Medium,5.4,MKT-RTR-0048,Yes,Closed
VUL00715,CVE-2022-36941,Security Misconfiguration,High,8.0,MKT-SRV-0115,Yes,In Progress
VUL00716,CVE-2016-69619,Path Traversal,Medium,4.8,MKT-PRT-0077,No,Won't Fix
VUL00717,CVE-2015-89072,Path Traversal,Medium,6.0,OPS-IOT-0023,No,Open
VUL00718,CVE-2026-8219,Broken Authentication,Critical,9.1,HR-FW-0050,Yes,In Progress
VUL00719,CVE-2025-25592,Sensitive Data Exposure,Low,3.9,FIN-FW-0126,No,Won't Fix
VUL00720,CVE-2019-70736,Sensitive Data Exposure,Critical,9.6,SAL-SRV-0056,No,Open
VUL00721,CVE-2022-6382,Security Misconfiguration,Low,0.2,HR-LAP-0077,Yes,Closed
VUL00722,CVE-2024-80233,Open Redirect,Medium,6.0,HR-SRV-0019,No,Won't Fix
VUL00723,CVE-2015-75627,Broken Authentication,Medium,4.2,OPS-RTR-0127,No,Won't Fix
VUL00724,CVE-2025-71866,Outdated SSL/TLS Configuration,Medium,5.5,FIN-FW-0062,No,In Progress
VUL00725,CVE-2021-37979,Path Traversal,High,8.8,IT-SW-0060,Yes,Closed
VUL00726,CVE-2020-57363,Open Redirect,Low,2.6,LEG-RTR-0030,No,Open
VUL00727,CVE-2016-38044,Path Traversal,High,8.4,FIN-IOT-0111,Yes,Patched
VUL00728,CVE-2018-92162,Denial of Service,Low,1.6,HR-IOT-0121,No,Open
VUL00729,CVE-2021-59843,Privilege Escalation,Low,2.7,FIN-IOT-0050,Yes,In Progress
VUL00730,CVE-2021-61761,Command Injection,Critical,9.2,LEG-PC-0082,Yes,Patched
VUL00731,CVE-2023-72236,Command Injection,High,7.6,LEG-PC-0026,Yes,In Progress
VUL00732,CVE-2022-86210,Privilege Escalation,Medium,6.2,LEG-RTR-0003,Yes,Closed
VUL00733,CVE-2026-85334,Insecure Deserialization,High,7.1,ENG-SW-0055,Yes,Patched
VUL00734,CVE-2015-36056,Denial of Service,High,8.9,FIN-SW-0012,Yes,In Progress
VUL00735,CVE-2015-83370,Denial of Service,Low,0.4,LEG-LAP-0041,Yes,Closed
VUL00736,CVE-2017-16393,Path Traversal,Medium,6.8,LEG-DB-0018,Yes,Patched
VUL00737,CVE-2019-54936,Missing Security Patch,High,7.9,MKT-SW-0023,Yes,In Progress
VUL00738,CVE-2022-33955,Broken Authentication,Critical,9.1,MKT-LAP-0010,Yes,In Progress
VUL00739,CVE-2026-84708,SQL Injection,Medium,6.5,MKT-SW-0017,Yes,Patched
VUL00740,CVE-2025-20602,Sensitive Data Exposure,Medium,5.5,SAL-SRV-0135,No,Open
VUL00741,CVE-2017-91770,Server-Side Request Forgery (SSRF),Medium,5.9,FIN-SW-0002,Yes,In Progress
VUL00742,CVE-2016-70307,Security Misconfiguration,High,8.8,ENG-PRT-0029,Yes,Patched
VUL00743,CVE-2022-35558,Open Redirect,Medium,4.7,OPS-SRV-0096,Yes,Patched
VUL00744,CVE-2017-93246,Sensitive Data Exposure,Medium,5.7,HR-FW-0094,No,Open
VUL00745,CVE-2023-42775,Sensitive Data Exposure,Medium,5.1,HR-IOT-0009,Yes,In Progress
VUL00746,CVE-2019-90735,Insecure Deserialization,Low,0.7,MKT-LAP-0048,No,Open
VUL00747,CVE-2016-97185,Security Misconfiguration,Medium,6.1,IT-PC-0069,No,Open
VUL00748,CVE-2017-58980,Outdated SSL/TLS Configuration,High,7.6,HR-LAP-0049,Yes,Closed
VUL00749,CVE-2026-60465,Server-Side Request Forgery (SSRF),Low,1.0,MKT-RTR-0014,No,Won't Fix
VUL00750,CVE-2015-13625,Security Misconfiguration,High,7.9,MKT-IOT-0072,Yes,Patched
VUL00751,CVE-2017-54371,Unpatched Software,Low,1.2,LEG-SRV-0045,Yes,In Progress
VUL00752,CVE-2019-95388,Denial of Service,Low,3.8,OPS-RTR-0075,No,In Progress
VUL00753,CVE-2017-91383,Remote Code Execution,Low,0.1,OPS-FW-0098,Yes,Closed
VUL00754,CVE-2015-4472,Path Traversal,Low,1.1,SAL-PRT-0071,Yes,Closed
VUL00755,CVE-2021-78586,Server-Side Request Forgery (SSRF),Medium,4.9,ENG-MOB-0057,Yes,Closed
VUL00756,CVE-2020-6755,Sensitive Data Exposure,High,7.2,HR-SW-0103,No,Open
VUL00757,CVE-2026-67142,Open Redirect,High,7.8,FIN-MOB-0092,No,Open
VUL00758,CVE-2020-91066,Denial of Service,Critical,9.3,LEG-MOB-0087,Yes,Closed
VUL00759,CVE-2015-41659,Outdated SSL/TLS Configuration,Medium,4.2,ENG-LAP-0038,Yes,Patched
VUL00760,CVE-2024-98918,Denial of Service,High,8.8,SAL-DB-0110,Yes,Patched
VUL00761,CVE-2016-62364,Unpatched Software,Medium,5.5,HR-IOT-0007,Yes,Patched
VUL00762,CVE-2019-5210,XML External Entity (XXE),Medium,4.9,LEG-LAP-0081,No,Open
VUL00763,CVE-2017-31461,Buffer Overflow,Medium,5.8,ENG-SRV-0051,Yes,Closed
VUL00764,CVE-2026-67196,Command Injection,High,7.8,IT-SRV-0082,Yes,Closed
VUL00765,CVE-2018-51351,Outdated SSL/TLS Configuration,Medium,4.5,OPS-LAP-0051,Yes,In Progress
VUL00766,CVE-2015-2197,Insecure Direct Object Reference,Critical,9.2,MKT-RTR-0006,No,Open
VUL00767,CVE-2023-7480,Remote Code Execution,High,8.2,IT-DB-0016,No,Open
VUL00768,CVE-2019-15181,Denial of Service,High,8.6,OPS-FW-0123,No,Open
VUL00769,CVE-2026-37606,Weak Password Policy,Critical,9.5,FIN-LAP-0098,Yes,In Progress
VUL00770,CVE-2018-17291,Broken Authentication,Medium,6.3,LEG-MOB-0028,No,Open
VUL00771,CVE-2017-65964,Denial of Service,Medium,5.6,FIN-DB-0081,No,Won't Fix
VUL00772,CVE-2019-96115,Server-Side Request Forgery (SSRF),Low,1.5,OPS-LAP-0115,Yes,Closed
VUL00773,CVE-2018-34655,Privilege Escalation,Medium,4.8,HR-DB-0029,Yes,Closed
VUL00774,CVE-2026-34901,Open Redirect,Medium,4.6,LEG-SW-0087,Yes,Closed
VUL00775,CVE-2026-85579,Missing Security Patch,Low,2.7,OPS-SRV-0024,No,Won't Fix
VUL00776,CVE-2024-17956,Weak Password Policy,Critical,9.5,SAL-MOB-0143,Yes,Patched
VUL00777,CVE-2020-9183,SQL Injection,Medium,4.1,IT-PRT-0042,No,Won't Fix
VUL00778,CVE-2015-60830,Security Misconfiguration,Critical,9.5,IT-IOT-0044,No,In Progress
VUL00779,CVE-2018-19592,Broken Authentication,Medium,4.5,HR-LAP-0006,Yes,Patched
VUL00780,CVE-2025-52160,Denial of Service,Medium,6.8,OPS-LAP-0045,Yes,Patched
VUL00781,CVE-2020-37301,Outdated SSL/TLS Configuration,Critical,9.4,ENG-SW-0010,Yes,Closed
VUL00782,CVE-2023-57846,Insecure Deserialization,Low,1.2,LEG-LAP-0110,Yes,Patched
VUL00783,CVE-2015-55872,Server-Side Request Forgery (SSRF),High,7.9,FIN-FW-0086,No,In Progress
VUL00784,CVE-2015-56998,Buffer Overflow,Medium,6.2,ENG-RTR-0063,Yes,Patched
VUL00785,CVE-2026-4921,Sensitive Data Exposure,Medium,4.9,ENG-DB-0002,Yes,Patched
VUL00786,CVE-2016-58829,Security Misconfiguration,Critical,9.1,ENG-RTR-0075,No,Won't Fix
VUL00787,CVE-2026-93100,Server-Side Request Forgery (SSRF),Low,3.3,SAL-DB-0117,Yes,Patched
VUL00788,CVE-2024-18522,Denial of Service,Low,1.2,MKT-PRT-0043,Yes,In Progress
VUL00789,CVE-2020-5132,Unpatched Software,Critical,9.8,HR-RTR-0101,Yes,In Progress
VUL00790,CVE-2018-60490,XML External Entity (XXE),High,8.8,SAL-PRT-0009,No,In Progress
VUL00791,CVE-2025-96055,Remote Code Execution,Low,2.2,OPS-MOB-0050,Yes,Closed
VUL00792,CVE-2020-54283,Server-Side Request Forgery (SSRF),Medium,6.8,HR-PC-0007,Yes,Closed
VUL00793,CVE-2021-56699,Outdated SSL/TLS Configuration,Medium,5.1,SAL-SW-0056,No,Open
VUL00794,CVE-2023-71822,Missing Security Patch,Medium,4.6,HR-PC-0002,No,Won't Fix
VUL00795,CVE-2026-14053,Privilege Escalation,Medium,5.3,OPS-SRV-0017,No,Open
VUL00796,CVE-2017-27487,Remote Code Execution,High,8.5,MKT-RTR-0004,No,In Progress
VUL00797,CVE-2015-37526,Command Injection,High,7.0,MKT-PC-0053,No,In Progress
VUL00798,CVE-2015-54457,Sensitive Data Exposure,High,7.2,ENG-SRV-0083,No,In Progress
VUL00799,CVE-2023-97212,Cross-Site Scripting (XSS),Critical,9.7,IT-LAP-0022,No,Open
VUL00800,CVE-2026-95544,Missing Security Patch,High,8.7,MKT-PC-0018,No,Won't Fix
VUL00801,CVE-2022-14998,Outdated SSL/TLS Configuration,Low,0.4,MKT-PC-0054,No,Open
VUL00802,CVE-2021-58214,Buffer Overflow,Critical,9.5,ENG-FW-0055,Yes,Closed
VUL00803,CVE-2015-77409,Command Injection,Medium,5.5,HR-SW-0124,No,In Progress
VUL00804,CVE-2022-64141,Missing Security Patch,Medium,4.6,OPS-SW-0027,Yes,Patched
VUL00805,CVE-2020-88712,Insecure Direct Object Reference,Low,0.1,OPS-LAP-0031,Yes,Closed
VUL00806,CVE-2017-27958,Command Injection,Low,2.8,LEG-IOT-0011,Yes,Closed
VUL00807,CVE-2020-75992,Insecure Deserialization,High,8.1,FIN-PRT-0098,Yes,Patched
VUL00808,CVE-2023-87459,Missing Security Patch,High,7.8,FIN-FW-0090,Yes,Patched
VUL00809,CVE-2015-54271,Cross-Site Scripting (XSS),High,8.3,HR-SW-0119,Yes,Patched
VUL00810,CVE-2021-42753,Remote Code Execution,Low,2.2,FIN-SRV-0115,Yes,Patched
VUL00811,CVE-2024-25572,Insecure Direct Object Reference,Medium,5.3,ENG-IOT-0059,Yes,Closed
VUL00812,CVE-2021-48695,Server-Side Request Forgery (SSRF),Critical,9.3,ENG-SRV-0037,No,In Progress
VUL00813,CVE-2024-62909,Insecure Deserialization,Medium,4.4,OPS-DB-0067,Yes,Closed
VUL00814,CVE-2025-87310,Remote Code Execution,Medium,5.9,ENG-MOB-0130,Yes,Patched
VUL00815,CVE-2022-9625,Insecure Direct Object Reference,Low,2.2,LEG-IOT-0106,Yes,Closed
VUL00816,CVE-2018-25708,Open Redirect,Medium,6.4,MKT-RTR-0006,No,In Progress
VUL00817,CVE-2020-77925,Insecure Direct Object Reference,Low,3.4,SAL-RTR-0125,Yes,Patched
VUL00818,CVE-2023-42197,Cross-Site Scripting (XSS),Medium,5.1,OPS-RTR-0073,No,In Progress
VUL00819,CVE-2024-6212,Path Traversal,Low,0.3,OPS-MOB-0144,Yes,Patched
VUL00820,CVE-2022-4664,Weak Password Policy,High,8.6,FIN-SW-0081,Yes,Patched
VUL00821,CVE-2017-83072,XML External Entity (XXE),Medium,4.2,LEG-FW-0010,Yes,Closed
VUL00822,CVE-2019-68232,XML External Entity (XXE),High,8.6,LEG-MOB-0050,Yes,Patched
VUL00823,CVE-2017-27430,Open Redirect,Low,0.8,OPS-IOT-0013,Yes,In Progress
VUL00824,CVE-2018-6015,Unpatched Software,Low,0.6,SAL-RTR-0010,Yes,In Progress
VUL00825,CVE-2025-75058,XML External Entity (XXE),Low,3.8,ENG-SW-0077,Yes,Patched
VUL00826,CVE-2023-2558,Cross-Site Scripting (XSS),High,8.9,HR-PC-0119,No,Won't Fix
VUL00827,CVE-2017-86212,Missing Security Patch,High,8.5,SAL-FW-0116,No,Open
VUL00828,CVE-2021-48563,Unpatched Software,Medium,5.8,MKT-PC-0023,No,Open
VUL00829,CVE-2020-43220,XML External Entity (XXE),Critical,9.9,MKT-PC-0047,No,In Progress
VUL00830,CVE-2025-57597,Buffer Overflow,Medium,4.6,MKT-SW-0063,No,In Progress
VUL00831,CVE-2015-86910,Cross-Site Scripting (XSS),High,7.3,SAL-MOB-0140,Yes,In Progress
VUL00832,CVE-2024-93659,Command Injection,Medium,5.4,SAL-FW-0032,Yes,Patched
VUL00833,CVE-2015-68145,Outdated SSL/TLS Configuration,Low,0.6,SAL-IOT-0106,Yes,Closed
VUL00834,CVE-2019-35085,XML External Entity (XXE),Low,1.9,HR-SRV-0027,No,Won't Fix
VUL00835,CVE-2019-51687,Denial of Service,High,8.0,SAL-PRT-0014,No,Open
VUL00836,CVE-2016-39032,Insecure Deserialization,High,8.4,MKT-FW-0112,Yes,Closed
VUL00837,CVE-2025-21342,Unpatched Software,Medium,5.3,ENG-PRT-0009,Yes,Patched
VUL00838,CVE-2022-68897,Missing Security Patch,Low,3.3,FIN-PC-0012,Yes,Closed
VUL00839,CVE-2025-91451,Denial of Service,Critical,9.0,OPS-LAP-0118,Yes,Closed
VUL00840,CVE-2017-38982,Insecure Deserialization,Critical,9.2,HR-PRT-0056,No,Open
VUL00841,CVE-2017-5698,Buffer Overflow,Critical,9.2,IT-IOT-0090,Yes,In Progress
VUL00842,CVE-2018-48701,Broken Authentication,Medium,6.0,ENG-SW-0098,No,In Progress
VUL00843,CVE-2019-29056,Denial of Service,Medium,5.6,MKT-PC-0047,Yes,In Progress
VUL00844,CVE-2021-69078,Unpatched Software,Medium,4.2,MKT-SRV-0036,Yes,In Progress
VUL00845,CVE-2026-62030,Open Redirect,High,8.4,LEG-LAP-0063,No,Open
VUL00846,CVE-2025-63509,Remote Code Execution,Medium,5.8,FIN-RTR-0060,Yes,Closed
VUL00847,CVE-2019-69665,Path Traversal,Medium,5.3,IT-SRV-0071,No,Open
VUL00848,CVE-2022-20089,XML External Entity (XXE),Medium,5.7,MKT-SW-0020,Yes,Closed
VUL00849,CVE-2023-5373,Unpatched Software,Medium,5.9,FIN-LAP-0060,No,Won't Fix
VUL00850,CVE-2026-2155,Path Traversal,Medium,5.6,FIN-RTR-0096,No,Open
VUL00851,CVE-2019-23603,Broken Authentication,Critical,9.2,IT-RTR-0073,Yes,In Progress
VUL00852,CVE-2026-15721,Open Redirect,Medium,4.6,LEG-LAP-0054,No,Won't Fix
VUL00853,CVE-2018-15251,Open Redirect,High,7.5,HR-LAP-0040,Yes,Closed
VUL00854,CVE-2026-5275,Buffer Overflow,Medium,5.7,SAL-IOT-0077,No,Open
VUL00855,CVE-2019-97816,Insecure Deserialization,Medium,5.4,MKT-SRV-0068,No,In Progress
VUL00856,CVE-2018-69108,Outdated SSL/TLS Configuration,Medium,4.8,ENG-PRT-0030,No,In Progress
VUL00857,CVE-2020-75840,XML External Entity (XXE),High,7.8,IT-PC-0073,Yes,Patched
VUL00858,CVE-2024-46327,Weak Password Policy,Medium,6.5,LEG-IOT-0050,Yes,Patched
VUL00859,CVE-2017-32175,Remote Code Execution,High,8.0,LEG-DB-0103,No,In Progress
VUL00860,CVE-2024-98673,Command Injection,Medium,5.3,ENG-SRV-0033,Yes,Patched
VUL00861,CVE-2024-63596,Command Injection,Critical,9.3,FIN-DB-0082,No,Won't Fix
VUL00862,CVE-2024-26990,Open Redirect,High,7.1,FIN-IOT-0009,Yes,Patched
VUL00863,CVE-2018-85224,Open Redirect,Critical,9.8,FIN-RTR-0011,Yes,Patched
VUL00864,CVE-2019-10105,XML External Entity (XXE),Medium,5.6,HR-PC-0027,Yes,Closed
VUL00865,CVE-2018-67702,Path Traversal,Low,3.4,OPS-IOT-0065,No,Open
VUL00866,CVE-2015-56023,Buffer Overflow,Medium,5.3,LEG-SW-0087,No,Open
VUL00867,CVE-2026-21961,Unpatched Software,Medium,6.5,IT-RTR-0110,No,Open
VUL00868,CVE-2026-52071,Sensitive Data Exposure,Medium,6.5,LEG-PC-0054,Yes,Patched
VUL00869,CVE-2019-9635,Privilege Escalation,Medium,5.0,SAL-SW-0026,No,In Progress
VUL00870,CVE-2018-41568,Sensitive Data Exposure,Medium,6.1,HR-FW-0140,Yes,Closed
VUL00871,CVE-2026-62019,SQL Injection,High,7.2,MKT-PC-0111,Yes,Closed
VUL00872,CVE-2021-38608,SQL Injection,Critical,9.8,MKT-PC-0036,No,Won't Fix
VUL00873,CVE-2018-62967,Unpatched Software,Medium,5.6,OPS-MOB-0088,Yes,In Progress
VUL00874,CVE-2016-95432,Unpatched Software,Medium,4.5,LEG-LAP-0091,No,Open
VUL00875,CVE-2020-79847,Path Traversal,Medium,4.3,MKT-MOB-0005,No,In Progress
VUL00876,CVE-2022-87595,Denial of Service,Low,2.7,SAL-PC-0101,Yes,Closed
VUL00877,CVE-2018-69130,XML External Entity (XXE),Critical,9.4,MKT-LAP-0105,Yes,In Progress
VUL00878,CVE-2024-34860,SQL Injection,High,7.6,IT-SRV-0019,Yes,Patched
VUL00879,CVE-2020-74823,Broken Authentication,Medium,6.4,OPS-SW-0092,Yes,Patched
VUL00880,CVE-2026-47438,Server-Side Request Forgery (SSRF),Medium,6.2,MKT-PC-0101,Yes,In Progress
VUL00881,CVE-2025-90679,Security Misconfiguration,High,7.2,FIN-IOT-0020,No,In Progress
VUL00882,CVE-2019-76178,Remote Code Execution,High,8.9,MKT-SRV-0056,Yes,Closed
VUL00883,CVE-2020-39266,Broken Authentication,Low,0.4,ENG-PRT-0054,Yes,In Progress
VUL00884,CVE-2022-29407,Insecure Deserialization,Critical,9.1,FIN-PRT-0130,Yes,Closed
VUL00885,CVE-2017-65382,Open Redirect,Low,1.2,ENG-PC-0068,No,Open
VUL00886,CVE-2026-43346,Insecure Direct Object Reference,High,8.1,HR-SRV-0023,No,In Progress
VUL00887,CVE-2024-87746,Command Injection,Medium,6.6,FIN-IOT-0021,Yes,Patched
VUL00888,CVE-2019-95879,Unpatched Software,Low,2.0,IT-SRV-0120,Yes,Closed
VUL00889,CVE-2017-99288,Privilege Escalation,High,8.8,ENG-DB-0030,Yes,In Progress
VUL00890,CVE-2021-19661,Open Redirect,Medium,4.5,MKT-DB-0122,No,In Progress
VUL00891,CVE-2020-14828,Broken Authentication,High,7.5,SAL-LAP-0063,No,Won't Fix
VUL00892,CVE-2015-74180,Open Redirect,High,7.3,ENG-LAP-0087,Yes,Patched
VUL00893,CVE-2022-55315,Denial of Service,Critical,9.7,MKT-DB-0012,Yes,Patched
VUL00894,CVE-2015-98198,Sensitive Data Exposure,Critical,9.6,IT-IOT-0083,Yes,Patched
VUL00895,CVE-2017-78429,Cross-Site Scripting (XSS),Medium,5.7,SAL-FW-0091,Yes,Closed
VUL00896,CVE-2022-74086,XML External Entity (XXE),High,7.9,ENG-SW-0014,Yes,Patched
VUL00897,CVE-2018-70515,Denial of Service,Critical,9.4,FIN-FW-0070,No,In Progress
VUL00898,CVE-2022-50870,Insecure Direct Object Reference,Low,3.7,FIN-PRT-0117,Yes,Closed
VUL00899,CVE-2015-62462,Remote Code Execution,Medium,4.5,LEG-FW-0024,No,In Progress
VUL00900,CVE-2018-36937,Command Injection,Medium,6.3,FIN-PRT-0040,Yes,Closed
VUL00901,CVE-2024-36624,Insecure Direct Object Reference,Medium,6.1,OPS-SW-0054,Yes,Closed
VUL00902,CVE-2016-53639,Open Redirect,Medium,5.3,OPS-DB-0091,Yes,In Progress
VUL00903,CVE-2018-21061,XML External Entity (XXE),Medium,4.0,LEG-IOT-0095,No,In Progress
VUL00904,CVE-2026-1164,Path Traversal,Low,2.1,LEG-SW-0006,Yes,In Progress
VUL00905,CVE-2015-10129,Unpatched Software,Low,3.2,LEG-SW-0106,Yes,Patched
VUL00906,CVE-2016-35692,Privilege Escalation,Critical,9.5,FIN-IOT-0060,No,In Progress
VUL00907,CVE-2017-52344,SQL Injection,Medium,4.9,MKT-DB-0117,No,In Progress
VUL00908,CVE-2024-17894,Buffer Overflow,Medium,6.0,ENG-DB-0075,No,In Progress
VUL00909,CVE-2020-22916,Sensitive Data Exposure,Low,3.8,SAL-MOB-0089,No,Open
VUL00910,CVE-2025-36680,Remote Code Execution,Medium,5.4,IT-LAP-0016,Yes,Closed
VUL00911,CVE-2020-93351,Insecure Direct Object Reference,Low,1.7,LEG-PRT-0056,No,In Progress
VUL00912,CVE-2024-45772,Server-Side Request Forgery (SSRF),High,8.3,FIN-SW-0040,No,In Progress
VUL00913,CVE-2018-86109,Path Traversal,High,8.0,HR-FW-0049,No,Open
VUL00914,CVE-2018-19551,Path Traversal,High,7.6,IT-RTR-0029,No,In Progress
VUL00915,CVE-2017-69149,Missing Security Patch,Critical,9.8,OPS-FW-0019,No,Won't Fix
VUL00916,CVE-2020-82368,Denial of Service,Medium,6.4,MKT-SW-0015,Yes,Closed
VUL00917,CVE-2019-50333,SQL Injection,Critical,9.4,LEG-PRT-0069,Yes,In Progress
VUL00918,CVE-2022-63751,Insecure Direct Object Reference,Low,3.5,LEG-PRT-0008,No,In Progress
VUL00919,CVE-2020-9793,Security Misconfiguration,Medium,6.1,SAL-IOT-0087,No,In Progress
VUL00920,CVE-2022-12607,Security Misconfiguration,Low,3.1,HR-FW-0091,Yes,Closed
VUL00921,CVE-2024-1461,Remote Code Execution,High,7.8,HR-LAP-0020,No,In Progress
VUL00922,CVE-2016-53118,Security Misconfiguration,High,8.3,FIN-FW-0072,Yes,Patched
VUL00923,CVE-2024-72481,Insecure Deserialization,High,7.8,SAL-PRT-0069,Yes,In Progress
VUL00924,CVE-2020-80451,XML External Entity (XXE),High,8.0,MKT-DB-0083,Yes,In Progress
VUL00925,CVE-2024-31178,Command Injection,High,8.1,MKT-DB-0048,Yes,In Progress
VUL00926,CVE-2015-76253,Insecure Direct Object Reference,Medium,5.1,SAL-RTR-0112,No,Open
VUL00927,CVE-2019-52634,Outdated SSL/TLS Configuration,Low,2.3,MKT-DB-0106,Yes,Closed
VUL00928,CVE-2015-25922,Weak Password Policy,Medium,6.0,MKT-FW-0095,Yes,In Progress
VUL00929,CVE-2023-18842,Sensitive Data Exposure,Medium,6.5,ENG-DB-0096,No,Won't Fix
VUL00930,CVE-2024-1107,Denial of Service,Medium,5.0,MKT-DB-0019,Yes,Closed
VUL00931,CVE-2019-6679,Security Misconfiguration,High,8.2,FIN-PRT-0128,Yes,In Progress
VUL00932,CVE-2023-5771,Outdated SSL/TLS Configuration,Low,2.8,HR-SRV-0071,No,Won't Fix
VUL00933,CVE-2026-72134,Unpatched Software,High,7.3,MKT-IOT-0025,Yes,In Progress
VUL00934,CVE-2026-97724,Server-Side Request Forgery (SSRF),Medium,6.4,IT-SRV-0076,Yes,Closed
VUL00935,CVE-2017-90679,Insecure Deserialization,Medium,6.6,LEG-IOT-0098,No,In Progress
VUL00936,CVE-2024-91877,Path Traversal,Medium,5.5,HR-IOT-0059,Yes,In Progress
VUL00937,CVE-2026-6900,SQL Injection,High,7.0,LEG-DB-0005,No,In Progress
VUL00938,CVE-2015-79375,Outdated SSL/TLS Configuration,Medium,5.6,ENG-LAP-0106,Yes,Patched
VUL00939,CVE-2015-99785,Insecure Direct Object Reference,Medium,4.9,LEG-SRV-0058,No,Won't Fix
VUL00940,CVE-2021-85743,Missing Security Patch,Medium,5.5,OPS-PRT-0030,No,In Progress
VUL00941,CVE-2020-50814,Sensitive Data Exposure,Medium,6.7,ENG-SRV-0061,Yes,Closed
VUL00942,CVE-2018-35028,SQL Injection,High,8.4,LEG-SRV-0029,Yes,Closed
VUL00943,CVE-2025-74328,Missing Security Patch,Medium,6.1,LEG-SRV-0087,Yes,Patched
VUL00944,CVE-2017-65945,Unpatched Software,Medium,5.9,SAL-PC-0012,No,In Progress
VUL00945,CVE-2024-74132,Open Redirect,Medium,5.4,LEG-PC-0088,No,Won't Fix
VUL00946,CVE-2017-16057,Buffer Overflow,Medium,4.6,LEG-LAP-0033,No,Open
VUL00947,CVE-2023-87659,Broken Authentication,Medium,6.4,HR-SRV-0048,Yes,In Progress
VUL00948,CVE-2016-48306,XML External Entity (XXE),Medium,6.5,FIN-MOB-0001,Yes,In Progress
VUL00949,CVE-2021-16195,Security Misconfiguration,High,7.9,HR-RTR-0090,Yes,Patched
VUL00950,CVE-2015-22962,Denial of Service,Medium,5.5,HR-SRV-0089,Yes,Closed
VUL00951,CVE-2015-61410,Unpatched Software,Medium,4.5,IT-FW-0035,Yes,Patched
VUL00952,CVE-2016-18370,Buffer Overflow,Medium,6.1,IT-SW-0026,Yes,Patched
VUL00953,CVE-2021-7745,Open Redirect,Critical,9.6,FIN-SRV-0080,Yes,In Progress
VUL00954,CVE-2016-64435,Path Traversal,High,8.7,MKT-IOT-0101,Yes,Patched
VUL00955,CVE-2015-18060,Privilege Escalation,Low,3.8,IT-DB-0033,No,In Progress
VUL00956,CVE-2016-93700,Outdated SSL/TLS Configuration,Critical,9.3,IT-FW-0056,Yes,In Progress
VUL00957,CVE-2023-93613,Server-Side Request Forgery (SSRF),Low,2.5,OPS-PC-0034,Yes,Patched
VUL00958,CVE-2024-7085,SQL Injection,Low,0.8,LEG-LAP-0085,Yes,Patched
VUL00959,CVE-2024-62950,Missing Security Patch,Medium,4.5,IT-LAP-0104,Yes,In Progress
VUL00960,CVE-2023-69452,Sensitive Data Exposure,Critical,9.1,ENG-MOB-0031,No,Won't Fix
VUL00961,CVE-2018-7263,Unpatched Software,Medium,5.2,HR-SW-0017,No,In Progress
VUL00962,CVE-2019-8393,Buffer Overflow,Medium,5.5,IT-IOT-0083,No,Won't Fix
VUL00963,CVE-2016-31053,Cross-Site Scripting (XSS),Medium,5.8,FIN-PC-0029,Yes,Patched
VUL00964,CVE-2015-32598,Unpatched Software,Medium,4.2,IT-DB-0002,Yes,Patched
VUL00965,CVE-2016-19438,Outdated SSL/TLS Configuration,Low,3.1,HR-LAP-0037,Yes,Patched
VUL00966,CVE-2025-68609,Broken Authentication,Medium,4.0,MKT-RTR-0073,No,Open
VUL00967,CVE-2018-88308,Sensitive Data Exposure,Low,2.9,SAL-SRV-0073,Yes,Closed
VUL00968,CVE-2026-5659,Security Misconfiguration,Medium,4.3,LEG-RTR-0067,Yes,Closed
VUL00969,CVE-2017-49560,Unpatched Software,Critical,9.2,HR-SW-0053,Yes,In Progress
VUL00970,CVE-2019-27530,SQL Injection,Medium,4.5,HR-SRV-0058,No,In Progress
VUL00971,CVE-2022-34413,Buffer Overflow,Medium,6.2,LEG-SRV-0017,Yes,Patched
VUL00972,CVE-2016-79905,Path Traversal,Low,0.1,IT-FW-0064,Yes,Closed
VUL00973,CVE-2016-15655,Outdated SSL/TLS Configuration,High,7.8,OPS-SW-0025,Yes,Patched
VUL00974,CVE-2015-74607,Weak Password Policy,Medium,6.5,OPS-LAP-0048,Yes,Patched
VUL00975,CVE-2021-13472,Command Injection,High,7.8,IT-SRV-0093,Yes,In Progress
VUL00976,CVE-2015-24681,Buffer Overflow,Medium,4.8,ENG-FW-0133,No,Open
VUL00977,CVE-2021-3633,Insecure Deserialization,Low,0.4,MKT-SW-0084,No,Won't Fix
VUL00978,CVE-2020-47496,Remote Code Execution,Medium,5.4,SAL-RTR-0003,No,Won't Fix
VUL00979,CVE-2023-89566,Insecure Deserialization,High,8.4,HR-PC-0027,Yes,Patched
VUL00980,CVE-2024-18206,Missing Security Patch,Medium,4.1,MKT-FW-0053,Yes,Closed
VUL00981,CVE-2018-60534,Path Traversal,High,7.8,SAL-SW-0079,Yes,In Progress
VUL00982,CVE-2016-84170,Command Injection,Low,1.8,MKT-SW-0115,Yes,Closed
VUL00983,CVE-2017-77511,Broken Authentication,Low,2.3,SAL-MOB-0118,Yes,In Progress
VUL00984,CVE-2019-82366,Denial of Service,Low,2.4,SAL-LAP-0081,Yes,In Progress
VUL00985,CVE-2018-73748,Path Traversal,High,8.5,OPS-FW-0049,Yes,In Progress
VUL00986,CVE-2023-76041,Path Traversal,Medium,5.9,IT-SW-0002,Yes,Closed
VUL00987,CVE-2024-66296,Outdated SSL/TLS Configuration,Low,3.4,LEG-SRV-0036,Yes,Closed
VUL00988,CVE-2016-40711,Cross-Site Scripting (XSS),High,8.2,SAL-LAP-0101,Yes,Patched
VUL00989,CVE-2025-23275,Denial of Service,High,7.9,HR-SW-0087,No,Open
VUL00990,CVE-2016-16609,Insecure Direct Object Reference,Low,1.6,MKT-LAP-0104,Yes,Patched
VUL00991,CVE-2016-1490,Missing Security Patch,Low,0.4,FIN-SW-0076,No,Won't Fix
VUL00992,CVE-2024-77194,Outdated SSL/TLS Configuration,Low,0.5,OPS-LAP-0122,No,Won't Fix
VUL00993,CVE-2016-43217,Privilege Escalation,High,8.7,OPS-SW-0068,No,Open
VUL00994,CVE-2019-42887,Buffer Overflow,Medium,4.5,MKT-SW-0102,Yes,Patched
VUL00995,CVE-2021-75741,Server-Side Request Forgery (SSRF),Critical,9.2,SAL-RTR-0092,Yes,In Progress
VUL00996,CVE-2023-88786,Unpatched Software,High,7.0,ENG-SRV-0032,No,In Progress
VUL00997,CVE-2015-4320,Security Misconfiguration,High,8.8,ENG-RTR-0106,Yes,In Progress
VUL00998,CVE-2022-30401,Privilege Escalation,Critical,9.1,SAL-FW-0078,No,Open
VUL00999,CVE-2021-63978,Cross-Site Scripting (XSS),Medium,6.1,FIN-LAP-0098,Yes,In Progress
VUL01000,CVE-2015-76333,Cross-Site Scripting (XSS),Low,2.9,IT-RTR-0084,No,Open
VUL01001,CVE-2017-22508,XML External Entity (XXE),Medium,6.7,LEG-PRT-0007,Yes,Patched
VUL01002,CVE-2019-27779,Security Misconfiguration,Medium,5.5,LEG-SRV-0047,Yes,In Progress
VUL01003,CVE-2022-57600,Path Traversal,Critical,9.7,ENG-RTR-0097,No,Won't Fix
VUL01004,CVE-2026-82067,Privilege Escalation,Medium,5.0,MKT-SW-0123,Yes,In Progress
VUL01005,CVE-2018-90103,Open Redirect,Medium,5.3,MKT-PRT-0036,Yes,In Progress
VUL01006,CVE-2016-96609,Open Redirect,Low,3.2,OPS-FW-0119,No,In Progress
VUL01007,CVE-2024-44531,Privilege Escalation,Medium,4.9,LEG-LAP-0092,Yes,Closed
VUL01008,CVE-2017-84496,Privilege Escalation,High,7.2,SAL-FW-0071,No,Open
VUL01009,CVE-2021-99468,Cross-Site Scripting (XSS),Medium,5.7,LEG-SRV-0087,Yes,Closed
VUL01010,CVE-2024-37249,Command Injection,Medium,5.3,SAL-PC-0077,No,Open
VUL01011,CVE-2015-41770,Insecure Deserialization,Medium,4.9,HR-IOT-0038,No,Open
VUL01012,CVE-2026-70854,Server-Side Request Forgery (SSRF),Medium,5.7,FIN-MOB-0076,Yes,Closed
VUL01013,CVE-2025-14485,Buffer Overflow,Low,3.3,ENG-PRT-0083,Yes,Closed
VUL01014,CVE-2025-38447,XML External Entity (XXE),High,7.7,OPS-PC-0038,Yes,In Progress
VUL01015,CVE-2023-57211,Weak Password Policy,Medium,6.3,FIN-DB-0051,No,Open
VUL01016,CVE-2021-23704,Security Misconfiguration,High,7.6,SAL-PRT-0015,Yes,Closed
VUL01017,CVE-2022-33797,Privilege Escalation,High,8.1,LEG-FW-0097,Yes,In Progress
VUL01018,CVE-2025-46034,Insecure Deserialization,Medium,5.1,FIN-PRT-0060,Yes,In Progress
VUL01019,CVE-2021-31358,Path Traversal,Medium,6.7,FIN-PC-0063,No,In Progress
VUL01020,CVE-2015-1468,SQL Injection,Low,2.7,FIN-SW-0025,No,Won't Fix
VUL01021,CVE-2018-48489,Insecure Direct Object Reference,Medium,4.3,SAL-MOB-0148,Yes,Patched
VUL01022,CVE-2022-91295,Outdated SSL/TLS Configuration,High,8.7,ENG-MOB-0125,No,Open
VUL01023,CVE-2020-54974,Privilege Escalation,Low,2.5,HR-RTR-0071,No,Open
VUL01024,CVE-2026-79279,Remote Code Execution,High,8.2,MKT-FW-0095,Yes,Closed
VUL01025,CVE-2025-67501,Security Misconfiguration,High,8.8,ENG-DB-0063,Yes,Closed
VUL01026,CVE-2019-20964,Broken Authentication,Medium,4.4,HR-DB-0070,No,Won't Fix
VUL01027,CVE-2018-78115,Command Injection,High,8.6,IT-LAP-0007,Yes,Patched
VUL01028,CVE-2025-52139,Open Redirect,Medium,5.5,OPS-SRV-0089,No,In Progress
VUL01029,CVE-2016-33714,Security Misconfiguration,Medium,6.4,OPS-LAP-0045,No,Open
VUL01030,CVE-2023-49080,Insecure Deserialization,Medium,5.2,ENG-SRV-0049,Yes,Patched
VUL01031,CVE-2018-69102,Security Misconfiguration,Medium,4.7,HR-MOB-0043,No,Won't Fix
VUL01032,CVE-2015-80480,Insecure Direct Object Reference,High,8.3,ENG-DB-0047,No,Open
VUL01033,CVE-2022-89435,Insecure Deserialization,High,7.9,MKT-RTR-0086,Yes,Patched
VUL01034,CVE-2015-58398,Security Misconfiguration,Low,0.2,FIN-PC-0102,Yes,Closed
VUL01035,CVE-2017-33218,Security Misconfiguration,Critical,9.2,HR-IOT-0074,No,Open
VUL01036,CVE-2022-59623,XML External Entity (XXE),Medium,5.8,LEG-FW-0108,Yes,Patched
VUL01037,CVE-2019-16484,Insecure Direct Object Reference,High,8.6,SAL-RTR-0081,No,Open
VUL01038,CVE-2024-92540,Unpatched Software,High,8.1,FIN-IOT-0125,Yes,In Progress
VUL01039,CVE-2022-28884,Sensitive Data Exposure,Medium,6.0,IT-PRT-0010,No,In Progress
VUL01040,CVE-2023-82869,Server-Side Request Forgery (SSRF),Low,2.4,IT-PRT-0053,No,Open
VUL01041,CVE-2015-3870,Sensitive Data Exposure,Medium,5.6,FIN-PRT-0120,Yes,Patched
VUL01042,CVE-2020-86081,Path Traversal,Medium,6.8,FIN-IOT-0055,No,In Progress
VUL01043,CVE-2025-43607,XML External Entity (XXE),Medium,4.7,SAL-PC-0027,Yes,In Progress
VUL01044,CVE-2018-93887,Outdated SSL/TLS Configuration,High,7.8,MKT-FW-0020,Yes,Patched
VUL01045,CVE-2022-93127,Missing Security Patch,High,7.8,SAL-MOB-0142,Yes,In Progress
VUL01046,CVE-2024-16730,Open Redirect,Medium,6.4,OPS-IOT-0036,No,In Progress
VUL01047,CVE-2017-24046,Open Redirect,Low,2.2,FIN-SRV-0084,Yes,Patched
VUL01048,CVE-2025-5710,Open Redirect,High,7.4,FIN-IOT-0089,Yes,Patched
VUL01049,CVE-2021-90839,Path Traversal,Low,3.8,ENG-FW-0069,No,Open
VUL01050,CVE-2015-37835,Open Redirect,High,8.0,SAL-RTR-0055,Yes,Patched
VUL01051,CVE-2025-91596,Denial of Service,Critical,9.6,ENG-MOB-0129,No,In Progress
VUL01052,CVE-2025-35365,Denial of Service,Medium,4.2,OPS-DB-0033,Yes,Patched
VUL01053,CVE-2022-49186,Cross-Site Scripting (XSS),High,8.0,MKT-FW-0040,No,Won't Fix
VUL01054,CVE-2018-8495,Server-Side Request Forgery (SSRF),Critical,9.9,HR-DB-0051,Yes,Patched
VUL01055,CVE-2016-29392,Unpatched Software,Low,1.7,HR-PC-0050,Yes,In Progress
VUL01056,CVE-2020-16542,Remote Code Execution,Critical,9.7,LEG-FW-0010,Yes,Patched
VUL01057,CVE-2018-56764,Cross-Site Scripting (XSS),High,8.3,SAL-SRV-0107,No,Won't Fix
VUL01058,CVE-2015-31052,Missing Security Patch,Low,1.6,LEG-SW-0105,No,In Progress
VUL01059,CVE-2023-34229,Buffer Overflow,Low,0.7,OPS-MOB-0062,Yes,Closed
VUL01060,CVE-2023-63481,SQL Injection,High,8.4,SAL-PC-0068,No,In Progress
VUL01061,CVE-2015-24459,Unpatched Software,High,7.4,ENG-DB-0053,No,Won't Fix
VUL01062,CVE-2023-53237,Missing Security Patch,Medium,5.9,MKT-DB-0065,Yes,Closed
VUL01063,CVE-2023-66524,Sensitive Data Exposure,High,8.0,OPS-IOT-0055,Yes,Patched
VUL01064,CVE-2019-60943,Open Redirect,Medium,4.9,FIN-SRV-0070,Yes,In Progress
VUL01065,CVE-2022-38249,Outdated SSL/TLS Configuration,Medium,6.2,LEG-FW-0085,No,Won't Fix
VUL01066,CVE-2026-20574,Buffer Overflow,Medium,4.4,FIN-LAP-0051,No,Open
VUL01067,CVE-2026-12609,Security Misconfiguration,High,8.1,FIN-DB-0015,Yes,Patched
VUL01068,CVE-2026-47184,Missing Security Patch,High,7.7,HR-MOB-0098,No,Open
VUL01069,CVE-2016-72719,Security Misconfiguration,Medium,5.8,MKT-SW-0022,Yes,In Progress
VUL01070,CVE-2019-61595,Denial of Service,High,7.9,OPS-PRT-0077,Yes,In Progress
VUL01071,CVE-2015-30105,Broken Authentication,Low,3.8,FIN-SW-0022,No,In Progress
VUL01072,CVE-2026-62101,Weak Password Policy,Medium,4.7,SAL-SW-0075,Yes,In Progress
VUL01073,CVE-2022-85585,Weak Password Policy,Medium,4.3,HR-PRT-0102,No,Open
VUL01074,CVE-2017-97752,Insecure Deserialization,Low,2.0,LEG-DB-0082,Yes,In Progress
VUL01075,CVE-2019-8495,Remote Code Execution,Low,1.0,SAL-SW-0107,No,Won't Fix
VUL01076,CVE-2021-68465,Outdated SSL/TLS Configuration,Medium,4.1,MKT-IOT-0008,Yes,Closed
VUL01077,CVE-2024-78084,SQL Injection,Medium,4.8,SAL-PRT-0051,No,Won't Fix
VUL01078,CVE-2022-63876,Path Traversal,Critical,9.1,OPS-PRT-0027,Yes,In Progress
VUL01079,CVE-2016-81636,Missing Security Patch,High,8.6,MKT-PC-0048,Yes,In Progress
VUL01080,CVE-2021-3718,Privilege Escalation,Medium,4.3,ENG-IOT-0001,No,Won't Fix
VUL01081,CVE-2020-76368,Insecure Direct Object Reference,Critical,9.9,ENG-LAP-0062,Yes,Patched
VUL01082,CVE-2017-55210,Open Redirect,Low,3.4,SAL-PRT-0017,Yes,In Progress
VUL01083,CVE-2015-85415,Broken Authentication,High,7.5,SAL-PC-0106,Yes,In Progress
VUL01084,CVE-2025-56210,Security Misconfiguration,High,8.3,IT-LAP-0020,No,Won't Fix
VUL01085,CVE-2015-18773,Remote Code Execution,Low,0.3,ENG-RTR-0124,No,Won't Fix
VUL01086,CVE-2026-49276,Server-Side Request Forgery (SSRF),High,7.1,LEG-SW-0053,No,Won't Fix
VUL01087,CVE-2026-26053,Privilege Escalation,Medium,4.5,MKT-IOT-0023,Yes,Patched
VUL01088,CVE-2015-47990,Sensitive Data Exposure,Low,0.7,HR-DB-0099,Yes,Patched
VUL01089,CVE-2023-97492,Server-Side Request Forgery (SSRF),Medium,4.2,FIN-IOT-0019,Yes,In Progress
VUL01090,CVE-2021-88559,Privilege Escalation,High,7.1,ENG-FW-0004,Yes,Closed
VUL01091,CVE-2019-55703,Buffer Overflow,Medium,4.9,HR-SRV-0002,No,Open
VUL01092,CVE-2024-47584,Remote Code Execution,Medium,6.2,IT-IOT-0034,Yes,In Progress
VUL01093,CVE-2015-55980,Server-Side Request Forgery (SSRF),Low,2.2,FIN-IOT-0012,Yes,Closed
VUL01094,CVE-2017-45682,Sensitive Data Exposure,Medium,4.4,MKT-FW-0002,Yes,In Progress
VUL01095,CVE-2020-9217,Denial of Service,Medium,5.8,IT-SRV-0011,Yes,In Progress
VUL01096,CVE-2017-37397,Server-Side Request Forgery (SSRF),Medium,5.7,OPS-SRV-0023,Yes,In Progress
VUL01097,CVE-2022-5865,Weak Password Policy,High,8.0,LEG-RTR-0024,Yes,Patched
VUL01098,CVE-2015-37876,Broken Authentication,Low,0.9,IT-PC-0110,No,Open
VUL01099,CVE-2017-32785,Denial of Service,Medium,5.9,ENG-PRT-0021,Yes,Patched
VUL01100,CVE-2025-69958,Missing Security Patch,High,7.7,HR-PC-0097,Yes,Closed
VUL01101,CVE-2020-63047,Sensitive Data Exposure,High,8.4,LEG-DB-0044,No,Open
VUL01102,CVE-2019-93548,Outdated SSL/TLS Configuration,Medium,6.8,HR-IOT-0006,Yes,Closed
VUL01103,CVE-2026-62305,Remote Code Execution,Medium,6.8,IT-IOT-0107,Yes,In Progress
VUL01104,CVE-2026-24875,Broken Authentication,Critical,9.6,ENG-IOT-0063,No,Open
VUL01105,CVE-2016-67474,Weak Password Policy,Low,0.2,SAL-RTR-0123,Yes,Closed
VUL01106,CVE-2015-82941,Cross-Site Scripting (XSS),Medium,5.7,ENG-PRT-0042,Yes,Closed
VUL01107,CVE-2026-72313,Privilege Escalation,High,7.0,HR-DB-0100,No,Won't Fix
VUL01108,CVE-2021-38821,Privilege Escalation,Medium,4.4,ENG-MOB-0134,Yes,Closed
VUL01109,CVE-2022-80530,Privilege Escalation,Low,2.2,LEG-FW-0061,Yes,In Progress
VUL01110,CVE-2018-26396,Insecure Deserialization,Medium,5.6,FIN-SW-0090,Yes,In Progress
VUL01111,CVE-2024-28813,Insecure Deserialization,Medium,5.3,SAL-SW-0051,No,Open
VUL01112,CVE-2016-40356,Open Redirect,Medium,4.8,IT-SW-0013,Yes,Closed
VUL01113,CVE-2018-43917,Server-Side Request Forgery (SSRF),Medium,4.9,LEG-LAP-0004,Yes,In Progress
VUL01114,CVE-2024-57787,Missing Security Patch,Low,3.7,SAL-SRV-0044,Yes,In Progress
VUL01115,CVE-2017-22281,Missing Security Patch,High,8.0,HR-SRV-0016,Yes,Patched
VUL01116,CVE-2016-94796,Weak Password Policy,High,7.4,OPS-DB-0018,No,Won't Fix
VUL01117,CVE-2022-18839,Security Misconfiguration,High,8.7,MKT-PRT-0032,No,Open
VUL01118,CVE-2019-69752,XML External Entity (XXE),Low,2.7,MKT-MOB-0005,Yes,Closed
VUL01119,CVE-2024-82115,Outdated SSL/TLS Configuration,Low,1.8,HR-SW-0051,Yes,Patched
VUL01120,CVE-2017-21624,Path Traversal,Medium,4.4,LEG-DB-0058,Yes,In Progress
VUL01121,CVE-2020-11051,XML External Entity (XXE),Low,2.6,OPS-PRT-0081,Yes,Closed
VUL01122,CVE-2024-8967,Security Misconfiguration,High,7.7,MKT-PRT-0073,No,Open
VUL01123,CVE-2018-81996,Weak Password Policy,Medium,4.7,ENG-SW-0109,Yes,Closed
VUL01124,CVE-2018-17242,SQL Injection,Low,2.3,ENG-PC-0116,No,Open
VUL01125,CVE-2016-62255,Missing Security Patch,Medium,6.6,HR-MOB-0052,No,Won't Fix
VUL01126,CVE-2026-53754,SQL Injection,High,8.2,FIN-IOT-0043,No,In Progress
VUL01127,CVE-2015-18767,Insecure Direct Object Reference,Medium,5.6,IT-PC-0054,Yes,In Progress
VUL01128,CVE-2016-26326,Insecure Direct Object Reference,Low,1.6,HR-IOT-0116,Yes,Closed
VUL01129,CVE-2018-66127,Cross-Site Scripting (XSS),High,8.3,MKT-SRV-0100,Yes,In Progress
VUL01130,CVE-2019-17983,Server-Side Request Forgery (SSRF),Low,2.0,MKT-MOB-0111,Yes,Closed
VUL01131,CVE-2019-51085,XML External Entity (XXE),Medium,5.6,OPS-RTR-0124,Yes,Patched
VUL01132,CVE-2023-80487,SQL Injection,High,7.6,MKT-LAP-0045,Yes,Patched
VUL01133,CVE-2016-5615,Sensitive Data Exposure,High,8.4,IT-RTR-0125,Yes,In Progress
VUL01134,CVE-2020-35980,Privilege Escalation,Low,2.7,FIN-IOT-0062,No,In Progress
VUL01135,CVE-2023-27437,Sensitive Data Exposure,Medium,6.5,ENG-PRT-0097,No,Won't Fix
VUL01136,CVE-2021-2905,Path Traversal,Low,1.0,MKT-MOB-0080,Yes,Patched
VUL01137,CVE-2016-53700,Weak Password Policy,High,7.8,OPS-SW-0088,Yes,Patched
VUL01138,CVE-2017-29741,Sensitive Data Exposure,Medium,4.4,ENG-PRT-0086,Yes,Patched
VUL01139,CVE-2024-73852,Server-Side Request Forgery (SSRF),High,8.8,FIN-PC-0015,Yes,Patched
VUL01140,CVE-2020-54550,Missing Security Patch,Low,0.8,OPS-RTR-0113,Yes,In Progress
VUL01141,CVE-2026-34621,Remote Code Execution,High,8.1,SAL-PRT-0094,No,Open
VUL01142,CVE-2026-98336,Buffer Overflow,Low,0.4,FIN-IOT-0122,Yes,Closed
VUL01143,CVE-2015-42573,Insecure Direct Object Reference,Medium,5.4,MKT-MOB-0014,No,Open
VUL01144,CVE-2024-77678,Sensitive Data Exposure,Medium,5.2,LEG-LAP-0021,Yes,Patched
VUL01145,CVE-2023-22652,Broken Authentication,Medium,4.5,HR-PC-0053,Yes,Closed
VUL01146,CVE-2022-68612,Open Redirect,Critical,9.9,LEG-SW-0100,No,Open
VUL01147,CVE-2022-39713,Server-Side Request Forgery (SSRF),High,7.6,SAL-IOT-0107,Yes,In Progress
VUL01148,CVE-2025-97807,Security Misconfiguration,Medium,4.3,FIN-SW-0033,Yes,Patched
VUL01149,CVE-2017-89902,Sensitive Data Exposure,Low,1.4,MKT-MOB-0052,No,Open
VUL01150,CVE-2024-82003,Open Redirect,Medium,6.0,SAL-PRT-0061,Yes,Patched
VUL01151,CVE-2016-19766,Remote Code Execution,High,7.1,OPS-RTR-0093,No,Open
VUL01152,CVE-2026-29815,Buffer Overflow,Critical,10.0,MKT-DB-0092,No,Won't Fix
VUL01153,CVE-2020-35060,Cross-Site Scripting (XSS),Low,2.6,HR-IOT-0025,No,In Progress
VUL01154,CVE-2020-9946,Sensitive Data Exposure,Medium,6.8,SAL-SRV-0123,Yes,Patched
VUL01155,CVE-2022-29870,Security Misconfiguration,Critical,9.2,SAL-DB-0027,No,Won't Fix
VUL01156,CVE-2022-30733,Missing Security Patch,Low,0.8,ENG-LAP-0088,No,In Progress
VUL01157,CVE-2021-60341,Insecure Direct Object Reference,High,8.0,HR-LAP-0064,No,In Progress
VUL01158,CVE-2017-32359,Missing Security Patch,Low,2.6,MKT-FW-0056,Yes,Closed
VUL01159,CVE-2026-27715,Denial of Service,High,7.1,FIN-IOT-0066,Yes,In Progress
VUL01160,CVE-2024-11122,Insecure Direct Object Reference,High,7.8,HR-SRV-0084,Yes,Patched
VUL01161,CVE-2023-56484,SQL Injection,Medium,4.9,HR-DB-0100,No,Open
VUL01162,CVE-2025-21597,Buffer Overflow,Low,2.9,HR-SRV-0047,Yes,In Progress
VUL01163,CVE-2022-15433,Denial of Service,Medium,5.1,ENG-IOT-0027,No,Won't Fix
VUL01164,CVE-2022-4438,Unpatched Software,Medium,6.6,ENG-SRV-0075,No,In Progress
VUL01165,CVE-2016-37673,Denial of Service,Low,3.6,SAL-RTR-0070,Yes,Closed
VUL01166,CVE-2020-3027,Weak Password Policy,High,7.8,SAL-DB-0119,Yes,Patched
VUL01167,CVE-2019-2337,Outdated SSL/TLS Configuration,Low,1.9,ENG-LAP-0049,Yes,In Progress
VUL01168,CVE-2022-23920,Command Injection,Low,2.3,LEG-MOB-0061,Yes,Closed
VUL01169,CVE-2026-91389,Insecure Deserialization,Critical,9.1,MKT-PC-0092,No,Open
VUL01170,CVE-2022-67005,SQL Injection,Critical,9.8,SAL-LAP-0083,Yes,Closed
VUL01171,CVE-2024-81640,Path Traversal,High,8.4,MKT-IOT-0062,Yes,In Progress
VUL01172,CVE-2015-48720,Sensitive Data Exposure,Low,1.1,LEG-IOT-0096,Yes,In Progress
VUL01173,CVE-2022-59335,Remote Code Execution,Low,1.1,FIN-DB-0044,Yes,In Progress
VUL01174,CVE-2017-24848,SQL Injection,Medium,4.6,HR-DB-0062,Yes,Patched
VUL01175,CVE-2025-2404,Outdated SSL/TLS Configuration,High,8.4,IT-DB-0079,No,Open
VUL01176,CVE-2022-71744,Denial of Service,Low,0.5,HR-SRV-0087,No,In Progress
VUL01177,CVE-2016-68543,Path Traversal,Medium,5.6,FIN-FW-0043,Yes,In Progress
VUL01178,CVE-2022-7974,Insecure Direct Object Reference,High,7.3,MKT-IOT-0024,No,Open
VUL01179,CVE-2019-34124,Unpatched Software,Medium,5.6,IT-LAP-0129,Yes,Patched
VUL01180,CVE-2020-41522,Remote Code Execution,High,7.3,FIN-LAP-0038,Yes,In Progress
VUL01181,CVE-2015-90410,Missing Security Patch,Medium,5.7,HR-LAP-0027,Yes,Closed
VUL01182,CVE-2025-76828,Sensitive Data Exposure,Low,0.9,HR-SW-0112,Yes,Patched
VUL01183,CVE-2020-92003,Command Injection,High,7.3,HR-FW-0077,No,In Progress
VUL01184,CVE-2018-29034,Remote Code Execution,Medium,5.9,OPS-PRT-0065,No,Won't Fix
VUL01185,CVE-2015-47792,Buffer Overflow,Medium,5.5,IT-FW-0046,No,Won't Fix
VUL01186,CVE-2019-31087,XML External Entity (XXE),Medium,5.5,ENG-SRV-0066,No,In Progress
VUL01187,CVE-2022-95854,Weak Password Policy,High,7.9,IT-DB-0020,Yes,In Progress
VUL01188,CVE-2022-36254,Missing Security Patch,Medium,4.7,MKT-PRT-0001,No,In Progress
VUL01189,CVE-2022-94971,Broken Authentication,High,7.3,ENG-SRV-0018,Yes,Closed
VUL01190,CVE-2026-89154,Missing Security Patch,Medium,4.7,IT-LAP-0135,Yes,In Progress
VUL01191,CVE-2023-60417,Buffer Overflow,Medium,6.2,MKT-DB-0001,Yes,Closed
VUL01192,CVE-2020-57455,Path Traversal,Low,1.6,FIN-PRT-0013,Yes,Closed
VUL01193,CVE-2019-19518,Cross-Site Scripting (XSS),High,8.2,HR-LAP-0023,No,Open
VUL01194,CVE-2015-36956,Server-Side Request Forgery (SSRF),Medium,4.3,LEG-LAP-0061,No,Open
VUL01195,CVE-2017-86560,Server-Side Request Forgery (SSRF),Low,0.4,FIN-DB-0023,No,Won't Fix
VUL01196,CVE-2017-68350,Server-Side Request Forgery (SSRF),Low,0.9,MKT-SW-0077,Yes,Patched
VUL01197,CVE-2026-97429,Security Misconfiguration,Medium,5.4,FIN-IOT-0059,No,In Progress
VUL01198,CVE-2018-80762,Insecure Deserialization,Low,0.4,MKT-DB-0047,No,Open
VUL01199,CVE-2017-20887,SQL Injection,Critical,9.9,MKT-SRV-0024,Yes,Patched
VUL01200,CVE-2023-28420,Command Injection,Medium,6.3,SAL-FW-0127,No,Open
VUL01201,CVE-2017-25260,Cross-Site Scripting (XSS),Low,0.2,ENG-MOB-0065,Yes,In Progress
VUL01202,CVE-2020-37209,Security Misconfiguration,Low,1.1,OPS-SW-0024,Yes,Closed
VUL01203,CVE-2018-38298,Remote Code Execution,High,8.0,IT-MOB-0104,Yes,In Progress
VUL01204,CVE-2015-75187,Server-Side Request Forgery (SSRF),Critical,9.1,MKT-FW-0076,Yes,Closed
VUL01205,CVE-2020-44787,Insecure Deserialization,Medium,4.8,LEG-SW-0075,Yes,Closed
VUL01206,CVE-2024-53045,Open Redirect,High,8.8,SAL-MOB-0056,No,Open
VUL01207,CVE-2024-74712,Security Misconfiguration,Critical,9.6,IT-MOB-0027,Yes,Closed
VUL01208,CVE-2026-77096,Command Injection,Medium,5.5,SAL-SRV-0018,Yes,In Progress
VUL01209,CVE-2024-35549,Open Redirect,Low,3.0,IT-IOT-0015,Yes,Patched
VUL01210,CVE-2025-94484,Buffer Overflow,High,7.4,SAL-RTR-0050,No,In Progress
VUL01211,CVE-2023-79483,SQL Injection,High,7.1,IT-MOB-0033,Yes,In Progress
VUL01212,CVE-2025-40432,Path Traversal,High,7.8,LEG-RTR-0046,Yes,In Progress
VUL01213,CVE-2026-14210,Outdated SSL/TLS Configuration,High,8.5,IT-SRV-0079,No,Won't Fix
VUL01214,CVE-2021-11997,SQL Injection,Low,1.3,LEG-IOT-0014,No,In Progress
VUL01215,CVE-2020-2851,Insecure Deserialization,Low,2.3,MKT-DB-0119,No,Won't Fix
VUL01216,CVE-2016-81655,Open Redirect,Critical,9.3,FIN-PRT-0054,No,Won't Fix
VUL01217,CVE-2024-64748,Privilege Escalation,High,8.2,MKT-IOT-0036,Yes,Closed
VUL01218,CVE-2021-99892,Missing Security Patch,High,8.3,IT-SRV-0063,Yes,Closed
VUL01219,CVE-2015-86061,Broken Authentication,Low,2.7,LEG-MOB-0100,Yes,In Progress
VUL01220,CVE-2016-39919,SQL Injection,Medium,5.2,OPS-FW-0064,No,In Progress
VUL01221,CVE-2018-33652,Open Redirect,Low,0.9,ENG-FW-0058,No,Open
VUL01222,CVE-2019-14975,Insecure Direct Object Reference,Medium,6.2,SAL-LAP-0067,No,Open
VUL01223,CVE-2021-98147,Privilege Escalation,Critical,9.3,FIN-LAP-0050,Yes,In Progress
VUL01224,CVE-2024-89991,Outdated SSL/TLS Configuration,Low,0.3,ENG-LAP-0047,No,Won't Fix
VUL01225,CVE-2026-22474,Weak Password Policy,Low,2.1,ENG-SW-0044,Yes,In Progress
VUL01226,CVE-2016-41058,Outdated SSL/TLS Configuration,Medium,6.4,OPS-IOT-0013,No,Won't Fix
VUL01227,CVE-2015-85636,Weak Password Policy,Critical,9.6,FIN-FW-0023,Yes,Closed
VUL01228,CVE-2025-38385,Remote Code Execution,Critical,9.4,IT-SW-0141,Yes,Closed
VUL01229,CVE-2023-49935,Insecure Direct Object Reference,Low,1.3,OPS-PC-0111,No,In Progress
VUL01230,CVE-2019-50096,Security Misconfiguration,High,8.0,OPS-PRT-0019,No,Open
VUL01231,CVE-2026-21992,Unpatched Software,Medium,5.6,FIN-MOB-0023,Yes,Patched
VUL01232,CVE-2015-78027,Server-Side Request Forgery (SSRF),Medium,6.4,LEG-PC-0116,Yes,Closed
VUL01233,CVE-2021-92487,Broken Authentication,Medium,4.2,FIN-RTR-0061,No,Won't Fix
VUL01234,CVE-2021-16613,SQL Injection,Medium,4.1,LEG-PRT-0127,Yes,Closed
VUL01235,CVE-2025-53362,Sensitive Data Exposure,Medium,6.3,MKT-FW-0007,Yes,Patched
VUL01236,CVE-2022-29651,Unpatched Software,High,7.3,OPS-DB-0012,No,Open
VUL01237,CVE-2019-95957,Cross-Site Scripting (XSS),Low,1.1,FIN-PC-0029,Yes,Patched
VUL01238,CVE-2026-21289,Broken Authentication,High,8.1,FIN-MOB-0124,Yes,Patched
VUL01239,CVE-2020-54759,Outdated SSL/TLS Configuration,High,7.5,IT-DB-0034,Yes,Patched
VUL01240,CVE-2026-23486,Open Redirect,Medium,5.8,OPS-SW-0112,No,In Progress
VUL01241,CVE-2016-14773,Denial of Service,Low,2.4,SAL-LAP-0015,Yes,Closed
VUL01242,CVE-2016-64019,Privilege Escalation,High,7.6,LEG-SRV-0069,No,Won't Fix
VUL01243,CVE-2025-82936,Open Redirect,Medium,6.4,MKT-FW-0074,No,Open
VUL01244,CVE-2023-15117,Sensitive Data Exposure,Medium,6.5,OPS-PRT-0071,No,Open
VUL01245,CVE-2016-64412,Open Redirect,Medium,6.9,MKT-FW-0098,No,In Progress
VUL01246,CVE-2023-58542,Missing Security Patch,Medium,5.3,MKT-PC-0012,No,In Progress
VUL01247,CVE-2015-85322,SQL Injection,Low,2.5,ENG-RTR-0049,Yes,Closed
VUL01248,CVE-2019-29587,XML External Entity (XXE),Medium,6.5,OPS-MOB-0062,Yes,In Progress
VUL01249,CVE-2021-6808,Missing Security Patch,Low,1.8,LEG-LAP-0087,Yes,In Progress
VUL01250,CVE-2020-37612,Cross-Site Scripting (XSS),High,7.5,OPS-FW-0007,No,Open
VUL01251,CVE-2018-39953,Broken Authentication,Medium,6.0,FIN-FW-0107,Yes,Patched
VUL01252,CVE-2020-97888,Unpatched Software,High,7.7,IT-SRV-0033,Yes,Closed
VUL01253,CVE-2020-56080,Missing Security Patch,High,8.7,ENG-SRV-0061,Yes,In Progress
VUL01254,CVE-2025-60219,XML External Entity (XXE),High,8.2,FIN-IOT-0086,Yes,In Progress
VUL01255,CVE-2024-36293,Path Traversal,Medium,5.4,ENG-MOB-0102,No,In Progress
VUL01256,CVE-2020-34109,Security Misconfiguration,High,8.3,OPS-PC-0066,No,Open
VUL01257,CVE-2018-64156,Privilege Escalation,Low,1.0,LEG-MOB-0064,No,In Progress
VUL01258,CVE-2022-6133,Buffer Overflow,Low,3.8,FIN-SW-0068,Yes,Closed
VUL01259,CVE-2024-50774,Path Traversal,High,7.3,OPS-RTR-0035,Yes,Closed
VUL01260,CVE-2024-74995,Remote Code Execution,Medium,5.0,LEG-MOB-0044,No,Won't Fix
VUL01261,CVE-2026-14825,Outdated SSL/TLS Configuration,Medium,6.4,SAL-FW-0043,Yes,Patched
VUL01262,CVE-2026-16493,Buffer Overflow,Medium,6.5,SAL-SW-0002,Yes,Closed
VUL01263,CVE-2017-83889,Security Misconfiguration,Medium,6.1,FIN-IOT-0027,No,Open
VUL01264,CVE-2018-75693,Outdated SSL/TLS Configuration,Medium,6.1,ENG-DB-0030,Yes,Patched
VUL01265,CVE-2026-44323,Broken Authentication,High,8.7,MKT-IOT-0095,Yes,Patched
VUL01266,CVE-2018-9417,Command Injection,Critical,9.2,OPS-PRT-0093,No,In Progress
VUL01267,CVE-2019-72867,Unpatched Software,Medium,5.1,ENG-DB-0051,No,Open
VUL01268,CVE-2021-62710,Missing Security Patch,Medium,6.0,FIN-RTR-0085,No,Won't Fix
VUL01269,CVE-2023-53095,Insecure Deserialization,High,7.0,HR-PC-0102,Yes,Closed
VUL01270,CVE-2024-61228,Broken Authentication,High,8.7,MKT-DB-0098,Yes,Closed
VUL01271,CVE-2022-39648,SQL Injection,Medium,4.2,ENG-DB-0029,Yes,Patched
VUL01272,CVE-2021-77387,Open Redirect,Low,3.0,MKT-PC-0054,Yes,Closed
VUL01273,CVE-2018-45388,Broken Authentication,Low,3.4,ENG-LAP-0054,Yes,In Progress
VUL01274,CVE-2021-58423,Command Injection,Medium,5.6,MKT-SW-0006,Yes,In Progress
VUL01275,CVE-2026-39848,Privilege Escalation,Medium,6.8,FIN-MOB-0031,No,Open
VUL01276,CVE-2021-94382,Weak Password Policy,Low,2.6,IT-LAP-0093,Yes,Patched
VUL01277,CVE-2016-43332,Security Misconfiguration,High,8.3,HR-RTR-0004,Yes,Patched
VUL01278,CVE-2020-61195,Open Redirect,High,8.7,HR-RTR-0087,Yes,Closed
VUL01279,CVE-2021-5103,Outdated SSL/TLS Configuration,Low,2.8,IT-SW-0034,No,Won't Fix
VUL01280,CVE-2024-36502,Outdated SSL/TLS Configuration,High,7.1,LEG-PC-0074,Yes,Closed
VUL01281,CVE-2022-24805,Cross-Site Scripting (XSS),Low,1.4,ENG-RTR-0021,No,In Progress
VUL01282,CVE-2026-52702,Unpatched Software,Medium,4.7,LEG-SRV-0016,Yes,Closed
VUL01283,CVE-2022-19027,Missing Security Patch,Medium,4.0,IT-SW-0032,Yes,Patched
VUL01284,CVE-2017-40535,Unpatched Software,Critical,9.9,LEG-PC-0070,Yes,Patched
VUL01285,CVE-2016-31630,Security Misconfiguration,Medium,4.8,OPS-RTR-0031,No,In Progress
VUL01286,CVE-2024-47031,SQL Injection,Medium,6.0,MKT-PC-0088,Yes,Closed
VUL01287,CVE-2020-70341,Privilege Escalation,High,7.2,LEG-PC-0108,No,In Progress
VUL01288,CVE-2016-90492,Open Redirect,High,8.6,SAL-DB-0115,Yes,In Progress
VUL01289,CVE-2025-68420,Buffer Overflow,Medium,4.7,SAL-PC-0049,No,In Progress
VUL01290,CVE-2016-53300,Denial of Service,High,7.9,ENG-LAP-0099,Yes,In Progress
VUL01291,CVE-2025-96847,Sensitive Data Exposure,Medium,6.3,HR-DB-0103,No,Won't Fix
VUL01292,CVE-2024-68464,Insecure Deserialization,Medium,6.5,SAL-LAP-0030,Yes,Closed
VUL01293,CVE-2025-15241,Missing Security Patch,High,7.4,MKT-IOT-0096,No,Open
VUL01294,CVE-2019-93937,Missing Security Patch,High,8.0,SAL-PRT-0006,No,Won't Fix
VUL01295,CVE-2016-61056,Privilege Escalation,High,7.6,IT-IOT-0018,No,Open
VUL01296,CVE-2026-46030,Sensitive Data Exposure,Critical,9.7,FIN-PRT-0051,Yes,Patched
VUL01297,CVE-2025-31790,XML External Entity (XXE),Medium,4.1,OPS-PC-0054,Yes,Closed
VUL01298,CVE-2026-97233,Remote Code Execution,High,8.1,OPS-LAP-0032,No,In Progress
VUL01299,CVE-2020-4884,Denial of Service,High,7.4,OPS-FW-0113,Yes,Closed
VUL01300,CVE-2018-4947,Insecure Direct Object Reference,High,8.7,FIN-PRT-0086,Yes,Patched
VUL01301,CVE-2015-23663,Insecure Direct Object Reference,Low,2.2,ENG-FW-0055,No,Open
VUL01302,CVE-2023-31211,Buffer Overflow,Low,0.2,ENG-PC-0080,No,Won't Fix
VUL01303,CVE-2018-44557,Insecure Deserialization,Medium,4.2,FIN-PC-0128,Yes,Patched
VUL01304,CVE-2019-66825,Insecure Deserialization,Critical,10.0,OPS-LAP-0007,No,In Progress
VUL01305,CVE-2019-18564,XML External Entity (XXE),High,8.8,ENG-SW-0097,Yes,Patched
VUL01306,CVE-2019-35207,Command Injection,High,7.4,MKT-RTR-0043,Yes,In Progress
VUL01307,CVE-2017-30386,Privilege Escalation,High,7.9,LEG-MOB-0081,Yes,In Progress
VUL01308,CVE-2019-17617,Insecure Direct Object Reference,Low,0.5,LEG-PRT-0034,Yes,In Progress
VUL01309,CVE-2016-38946,Server-Side Request Forgery (SSRF),Low,2.9,LEG-SW-0033,Yes,Patched
VUL01310,CVE-2017-14592,Missing Security Patch,Medium,6.2,OPS-FW-0010,Yes,In Progress
VUL01311,CVE-2019-33434,Broken Authentication,Critical,9.3,FIN-PRT-0084,Yes,Patched
VUL01312,CVE-2015-6155,Server-Side Request Forgery (SSRF),Medium,4.5,OPS-DB-0116,Yes,Closed
VUL01313,CVE-2025-60032,Cross-Site Scripting (XSS),High,8.1,SAL-LAP-0061,Yes,In Progress
VUL01314,CVE-2015-74860,Sensitive Data Exposure,Low,2.7,FIN-PRT-0033,No,In Progress
VUL01315,CVE-2015-49113,Open Redirect,Medium,6.6,FIN-MOB-0069,Yes,In Progress
VUL01316,CVE-2020-74859,Insecure Deserialization,Low,1.4,SAL-DB-0091,Yes,In Progress
VUL01317,CVE-2022-22387,Sensitive Data Exposure,High,7.0,LEG-RTR-0009,No,In Progress
VUL01318,CVE-2018-92425,Insecure Direct Object Reference,Low,2.3,LEG-IOT-0064,Yes,In Progress
VUL01319,CVE-2022-97081,Outdated SSL/TLS Configuration,Low,1.2,ENG-PC-0020,Yes,In Progress
VUL01320,CVE-2019-82108,Missing Security Patch,High,8.9,IT-FW-0118,Yes,Patched
VUL01321,CVE-2026-82640,Server-Side Request Forgery (SSRF),Medium,6.7,MKT-MOB-0090,No,Won't Fix
VUL01322,CVE-2015-86924,XML External Entity (XXE),Low,0.4,MKT-IOT-0041,Yes,Patched
VUL01323,CVE-2026-52313,Open Redirect,Low,2.7,ENG-RTR-0055,Yes,Closed
VUL01324,CVE-2019-61250,Unpatched Software,Low,2.1,LEG-MOB-0116,No,In Progress
VUL01325,CVE-2020-80230,Path Traversal,Critical,9.7,FIN-LAP-0074,No,Won't Fix
VUL01326,CVE-2026-17988,Remote Code Execution,Critical,9.7,MKT-PRT-0058,No,In Progress
VUL01327,CVE-2018-54643,Sensitive Data Exposure,High,7.2,SAL-FW-0084,Yes,In Progress
VUL01328,CVE-2025-30208,Open Redirect,High,8.6,IT-DB-0090,Yes,Patched
VUL01329,CVE-2016-9742,Security Misconfiguration,High,8.1,FIN-DB-0075,No,Open
VUL01330,CVE-2020-32003,Insecure Deserialization,Medium,4.8,SAL-SRV-0018,Yes,Patched
VUL01331,CVE-2023-63013,Insecure Deserialization,Medium,4.1,HR-SRV-0101,Yes,Closed
VUL01332,CVE-2015-92417,Cross-Site Scripting (XSS),Medium,5.2,HR-SW-0087,Yes,Closed
VUL01333,CVE-2021-62136,Insecure Direct Object Reference,High,7.3,ENG-RTR-0109,No,Won't Fix
VUL01334,CVE-2017-71327,Missing Security Patch,High,8.7,SAL-RTR-0021,Yes,In Progress
VUL01335,CVE-2023-92996,Broken Authentication,Medium,4.8,IT-DB-0030,No,Won't Fix
VUL01336,CVE-2016-21210,Open Redirect,High,8.7,SAL-FW-0087,No,In Progress
VUL01337,CVE-2017-2066,Security Misconfiguration,High,7.4,IT-LAP-0032,No,In Progress
VUL01338,CVE-2026-72452,Insecure Direct Object Reference,Medium,6.5,IT-IOT-0030,Yes,In Progress
VUL01339,CVE-2021-58792,Remote Code Execution,High,8.1,HR-SRV-0045,No,In Progress
VUL01340,CVE-2024-45637,Sensitive Data Exposure,Medium,4.1,OPS-MOB-0144,Yes,Patched
VUL01341,CVE-2024-64104,Remote Code Execution,Low,1.7,MKT-RTR-0039,Yes,Patched
VUL01342,CVE-2025-16745,SQL Injection,High,7.8,OPS-PRT-0107,No,In Progress
VUL01343,CVE-2016-62264,Buffer Overflow,Low,0.8,FIN-FW-0099,No,Won't Fix
VUL01344,CVE-2016-41080,Remote Code Execution,Medium,4.5,OPS-RTR-0013,Yes,In Progress
VUL01345,CVE-2016-68308,XML External Entity (XXE),Medium,5.5,HR-SRV-0056,No,Open
VUL01346,CVE-2022-38419,Security Misconfiguration,Critical,9.8,LEG-LAP-0090,Yes,Closed
VUL01347,CVE-2016-56703,Denial of Service,Critical,9.8,FIN-PC-0009,Yes,In Progress
VUL01348,CVE-2026-89545,Security Misconfiguration,Medium,4.4,ENG-PC-0037,Yes,Patched
VUL01349,CVE-2015-66267,Path Traversal,Medium,4.3,SAL-FW-0072,Yes,Closed
VUL01350,CVE-2020-42443,Outdated SSL/TLS Configuration,High,7.5,FIN-IOT-0031,Yes,Closed
VUL01351,CVE-2022-4802,Weak Password Policy,Low,0.9,IT-PC-0062,Yes,Patched
VUL01352,CVE-2017-49432,Unpatched Software,High,8.4,ENG-RTR-0118,No,In Progress
VUL01353,CVE-2020-49377,Command Injection,Low,1.0,HR-LAP-0129,Yes,Patched
VUL01354,CVE-2021-55094,Security Misconfiguration,High,8.5,LEG-FW-0025,Yes,Closed
VUL01355,CVE-2025-43600,Insecure Deserialization,Medium,5.8,LEG-SW-0118,Yes,Patched
VUL01356,CVE-2015-42199,Denial of Service,Low,0.9,SAL-MOB-0138,Yes,In Progress
VUL01357,CVE-2023-41624,XML External Entity (XXE),Critical,9.2,LEG-DB-0109,Yes,In Progress
VUL01358,CVE-2025-55413,Insecure Deserialization,High,7.3,HR-FW-0063,Yes,Closed
VUL01359,CVE-2025-61363,Broken Authentication,High,8.6,MKT-DB-0059,Yes,Patched
VUL01360,CVE-2018-1601,Open Redirect,Critical,9.4,ENG-DB-0078,Yes,Patched
VUL01361,CVE-2023-67094,Denial of Service,Low,0.9,HR-PRT-0030,Yes,Closed
VUL01362,CVE-2020-38943,Broken Authentication,High,8.0,SAL-PC-0054,Yes,Closed
VUL01363,CVE-2020-20085,Remote Code Execution,Medium,4.7,ENG-RTR-0016,Yes,In Progress
VUL01364,CVE-2020-30128,Security Misconfiguration,Medium,4.8,MKT-SRV-0029,No,In Progress
VUL01365,CVE-2020-40290,Buffer Overflow,High,7.2,MKT-IOT-0065,Yes,Closed
VUL01366,CVE-2024-13025,Denial of Service,Medium,6.2,IT-PC-0071,Yes,Closed
VUL01367,CVE-2022-87122,Missing Security Patch,Medium,4.4,MKT-PRT-0024,Yes,Closed
VUL01368,CVE-2017-8925,Broken Authentication,High,7.1,SAL-FW-0074,No,Open
VUL01369,CVE-2018-7440,Cross-Site Scripting (XSS),Medium,6.5,FIN-SW-0127,No,Open
VUL01370,CVE-2020-97863,Missing Security Patch,Medium,4.1,HR-RTR-0069,Yes,Patched
VUL01371,CVE-2021-36689,Open Redirect,High,7.5,HR-PC-0066,No,Open
VUL01372,CVE-2026-83270,XML External Entity (XXE),Critical,9.6,IT-IOT-0114,Yes,Patched
VUL01373,CVE-2020-13984,SQL Injection,Low,2.8,HR-LAP-0061,Yes,In Progress
VUL01374,CVE-2025-28450,Unpatched Software,Low,0.7,FIN-MOB-0098,Yes,In Progress
VUL01375,CVE-2022-3982,Remote Code Execution,High,8.8,OPS-RTR-0129,No,In Progress
VUL01376,CVE-2023-35385,Server-Side Request Forgery (SSRF),High,7.8,ENG-MOB-0020,Yes,Patched
VUL01377,CVE-2023-62219,Outdated SSL/TLS Configuration,High,8.6,ENG-MOB-0120,No,In Progress
VUL01378,CVE-2015-32200,Privilege Escalation,Low,3.6,FIN-FW-0080,Yes,Closed
VUL01379,CVE-2017-87413,Command Injection,High,7.7,ENG-FW-0088,Yes,In Progress
VUL01380,CVE-2017-61853,Outdated SSL/TLS Configuration,High,8.6,MKT-DB-0096,No,In Progress
VUL01381,CVE-2022-65773,Insecure Deserialization,High,8.0,IT-SW-0083,Yes,In Progress
VUL01382,CVE-2024-42817,Buffer Overflow,Medium,4.6,HR-FW-0014,Yes,Closed
VUL01383,CVE-2020-51279,SQL Injection,Medium,5.5,MKT-PC-0071,Yes,In Progress
VUL01384,CVE-2023-16296,SQL Injection,Medium,4.3,FIN-SRV-0036,No,In Progress
VUL01385,CVE-2017-14300,Command Injection,Low,2.5,SAL-LAP-0085,Yes,Closed
VUL01386,CVE-2024-28224,XML External Entity (XXE),High,7.6,SAL-MOB-0089,Yes,In Progress
VUL01387,CVE-2025-82316,Server-Side Request Forgery (SSRF),Medium,4.3,ENG-MOB-0044,No,Open
VUL01388,CVE-2021-80948,Open Redirect,High,7.7,HR-SRV-0101,Yes,In Progress
VUL01389,CVE-2021-93325,Missing Security Patch,Medium,5.5,LEG-MOB-0063,Yes,In Progress
VUL01390,CVE-2018-9403,Buffer Overflow,High,7.4,SAL-DB-0046,No,In Progress
VUL01391,CVE-2026-45562,Weak Password Policy,Critical,9.7,IT-PC-0001,Yes,Closed
VUL01392,CVE-2016-89028,Missing Security Patch,Medium,5.2,ENG-FW-0079,No,Won't Fix
VUL01393,CVE-2017-57754,Outdated SSL/TLS Configuration,Medium,4.5,LEG-LAP-0018,Yes,In Progress
VUL01394,CVE-2021-20922,Denial of Service,High,7.5,SAL-DB-0011,Yes,In Progress
VUL01395,CVE-2023-13030,Remote Code Execution,Low,3.6,ENG-FW-0080,Yes,Patched
VUL01396,CVE-2020-33106,Remote Code Execution,High,8.1,MKT-DB-0053,Yes,In Progress
VUL01397,CVE-2023-94279,Weak Password Policy,High,8.3,OPS-PRT-0073,No,Open
VUL01398,CVE-2024-82987,Cross-Site Scripting (XSS),Medium,6.1,IT-LAP-0076,Yes,Patched
VUL01399,CVE-2017-16129,Sensitive Data Exposure,Medium,5.9,MKT-PRT-0029,Yes,Closed
VUL01400,CVE-2016-86751,Broken Authentication,Low,0.7,MKT-IOT-0050,Yes,In Progress
VUL01401,CVE-2016-18207,Sensitive Data Exposure,High,8.9,HR-SRV-0087,Yes,Patched
VUL01402,CVE-2021-31841,Insecure Direct Object Reference,Medium,5.1,SAL-PRT-0126,Yes,In Progress
VUL01403,CVE-2018-5370,Remote Code Execution,High,8.7,LEG-SW-0044,Yes,Closed
VUL01404,CVE-2021-82480,Sensitive Data Exposure,Medium,5.7,HR-RTR-0011,No,Open
VUL01405,CVE-2018-25382,Missing Security Patch,Low,3.4,LEG-LAP-0005,No,In Progress
VUL01406,CVE-2018-34545,Server-Side Request Forgery (SSRF),High,8.5,SAL-PC-0040,Yes,Patched
VUL01407,CVE-2016-28817,Cross-Site Scripting (XSS),High,8.5,ENG-SW-0077,No,Open
VUL01408,CVE-2023-67140,Denial of Service,Low,1.0,OPS-SW-0059,Yes,Patched
VUL01409,CVE-2016-95270,Broken Authentication,Medium,4.1,SAL-FW-0102,No,In Progress
VUL01410,CVE-2024-3485,XML External Entity (XXE),High,7.7,SAL-PRT-0121,Yes,Patched
VUL01411,CVE-2017-17455,Outdated SSL/TLS Configuration,Medium,5.4,FIN-SW-0053,Yes,In Progress
VUL01412,CVE-2015-17417,SQL Injection,High,7.7,OPS-FW-0036,Yes,In Progress
VUL01413,CVE-2015-85146,Open Redirect,Low,3.3,LEG-PRT-0083,No,Won't Fix
VUL01414,CVE-2019-17214,Sensitive Data Exposure,Medium,6.0,LEG-PRT-0056,Yes,In Progress
VUL01415,CVE-2016-87165,Broken Authentication,Medium,6.6,IT-FW-0048,Yes,In Progress
VUL01416,CVE-2026-96387,Remote Code Execution,Critical,9.6,SAL-MOB-0059,No,Won't Fix
VUL01417,CVE-2026-79012,Outdated SSL/TLS Configuration,Medium,6.1,ENG-SRV-0038,Yes,Patched
VUL01418,CVE-2022-34240,Server-Side Request Forgery (SSRF),Low,1.8,ENG-SW-0025,No,Won't Fix
VUL01419,CVE-2015-41121,Remote Code Execution,High,8.8,HR-PRT-0093,Yes,Patched
VUL01420,CVE-2017-35982,Unpatched Software,Low,0.4,LEG-DB-0032,Yes,Closed
VUL01421,CVE-2023-68672,Buffer Overflow,Medium,6.7,SAL-IOT-0019,No,In Progress
VUL01422,CVE-2015-73262,Privilege Escalation,Critical,9.1,ENG-LAP-0045,Yes,In Progress
VUL01423,CVE-2025-25917,Open Redirect,Medium,4.5,IT-MOB-0058,Yes,Closed
VUL01424,CVE-2025-44979,Outdated SSL/TLS Configuration,High,8.7,MKT-LAP-0008,No,Open
VUL01425,CVE-2023-41302,Server-Side Request Forgery (SSRF),High,7.5,LEG-FW-0029,No,Won't Fix
VUL01426,CVE-2023-12567,Remote Code Execution,Low,0.4,MKT-PRT-0072,Yes,Closed
VUL01427,CVE-2015-26656,Server-Side Request Forgery (SSRF),Low,0.6,MKT-LAP-0071,No,Open
VUL01428,CVE-2016-5046,Weak Password Policy,Low,1.9,OPS-MOB-0091,Yes,Closed
VUL01429,CVE-2021-90317,Privilege Escalation,Medium,5.6,MKT-LAP-0116,Yes,Patched
VUL01430,CVE-2026-92835,Sensitive Data Exposure,Low,1.9,SAL-PC-0054,No,In Progress
VUL01431,CVE-2026-41962,Insecure Deserialization,Low,0.9,OPS-RTR-0121,Yes,Closed
VUL01432,CVE-2020-32010,Cross-Site Scripting (XSS),Medium,5.1,OPS-RTR-0124,Yes,Closed
VUL01433,CVE-2024-4007,Insecure Deserialization,Critical,9.8,OPS-DB-0022,Yes,Closed
VUL01434,CVE-2021-22572,Server-Side Request Forgery (SSRF),Medium,4.0,MKT-LAP-0039,No,Won't Fix
VUL01435,CVE-2024-8182,Server-Side Request Forgery (SSRF),Low,2.7,ENG-LAP-0061,Yes,Patched
VUL01436,CVE-2017-42199,Security Misconfiguration,Low,1.3,OPS-MOB-0142,No,In Progress
VUL01437,CVE-2024-96334,Sensitive Data Exposure,Medium,6.2,LEG-RTR-0055,Yes,Patched
VUL01438,CVE-2020-39763,Insecure Deserialization,Low,1.7,ENG-DB-0103,Yes,Patched
VUL01439,CVE-2015-42821,Broken Authentication,Medium,4.5,ENG-SRV-0108,No,Open
VUL01440,CVE-2021-87828,Missing Security Patch,Medium,6.0,IT-DB-0016,No,In Progress
VUL01441,CVE-2016-59347,Insecure Deserialization,Medium,5.7,OPS-LAP-0068,No,Won't Fix
VUL01442,CVE-2016-45774,SQL Injection,Low,0.5,ENG-FW-0009,No,Won't Fix
VUL01443,CVE-2024-71619,SQL Injection,High,8.2,LEG-FW-0042,No,In Progress
VUL01444,CVE-2021-95606,Security Misconfiguration,Critical,9.8,FIN-LAP-0060,No,Won't Fix
VUL01445,CVE-2019-11354,Missing Security Patch,Medium,5.3,OPS-FW-0074,No,Won't Fix
VUL01446,CVE-2019-39429,Missing Security Patch,Critical,9.5,FIN-IOT-0029,Yes,In Progress
VUL01447,CVE-2018-19509,Open Redirect,Medium,5.4,SAL-FW-0005,Yes,Closed
VUL01448,CVE-2017-51436,Path Traversal,Medium,4.7,IT-LAP-0125,Yes,Closed
VUL01449,CVE-2021-72769,Privilege Escalation,Low,3.1,ENG-SRV-0056,Yes,Closed
VUL01450,CVE-2022-21960,Path Traversal,Medium,5.1,OPS-IOT-0031,Yes,In Progress
VUL01451,CVE-2026-22081,Unpatched Software,High,8.0,LEG-PRT-0037,Yes,In Progress
VUL01452,CVE-2021-88273,Outdated SSL/TLS Configuration,Medium,5.6,IT-SW-0144,No,Won't Fix
VUL01453,CVE-2024-31607,Server-Side Request Forgery (SSRF),Medium,4.4,FIN-MOB-0035,No,Open
VUL01454,CVE-2026-76981,Unpatched Software,Low,1.2,LEG-SW-0071,Yes,In Progress
VUL01455,CVE-2023-63939,Unpatched Software,Low,1.8,ENG-PC-0117,No,Won't Fix
VUL01456,CVE-2024-76216,Broken Authentication,Medium,6.3,ENG-PC-0040,Yes,Patched
VUL01457,CVE-2015-62197,Sensitive Data Exposure,Medium,6.2,LEG-PC-0048,No,Won't Fix
VUL01458,CVE-2026-42321,Weak Password Policy,Critical,9.1,SAL-FW-0044,No,In Progress
VUL01459,CVE-2016-30807,Broken Authentication,Low,1.8,LEG-MOB-0064,Yes,Patched
VUL01460,CVE-2023-45301,Remote Code Execution,Low,1.9,SAL-SRV-0103,Yes,In Progress
VUL01461,CVE-2022-59052,Open Redirect,High,8.9,ENG-IOT-0105,Yes,In Progress
VUL01462,CVE-2023-66582,SQL Injection,High,7.3,LEG-SRV-0069,Yes,Closed
VUL01463,CVE-2015-80484,Insecure Direct Object Reference,High,7.8,OPS-SRV-0005,Yes,In Progress
VUL01464,CVE-2022-2356,Command Injection,High,7.4,MKT-DB-0085,Yes,In Progress
VUL01465,CVE-2019-18385,Path Traversal,Low,3.9,MKT-SRV-0076,No,Open
VUL01466,CVE-2025-25846,Insecure Deserialization,Medium,6.5,IT-SRV-0080,Yes,Patched
VUL01467,CVE-2026-37857,Cross-Site Scripting (XSS),High,7.1,ENG-IOT-0093,Yes,Closed
VUL01468,CVE-2016-36238,SQL Injection,Medium,5.5,OPS-FW-0023,Yes,Closed
VUL01469,CVE-2019-16375,Sensitive Data Exposure,High,8.1,FIN-PC-0084,Yes,In Progress
VUL01470,CVE-2026-18658,Missing Security Patch,Medium,4.1,MKT-RTR-0117,No,Open
VUL01471,CVE-2019-23617,Server-Side Request Forgery (SSRF),High,8.0,OPS-MOB-0004,Yes,In Progress
VUL01472,CVE-2022-31806,Command Injection,Medium,5.8,LEG-SW-0066,No,In Progress
VUL01473,CVE-2020-98177,XML External Entity (XXE),High,8.5,HR-SRV-0082,No,Won't Fix
VUL01474,CVE-2021-78564,Broken Authentication,High,8.6,FIN-RTR-0087,Yes,Closed
VUL01475,CVE-2026-81942,Command Injection,High,8.0,OPS-MOB-0103,No,Won't Fix
VUL01476,CVE-2016-2803,Weak Password Policy,Medium,6.0,HR-IOT-0056,Yes,Patched
VUL01477,CVE-2016-52134,XML External Entity (XXE),High,8.8,IT-LAP-0091,Yes,Patched
VUL01478,CVE-2022-13216,Insecure Deserialization,High,8.2,FIN-SRV-0122,Yes,Patched
VUL01479,CVE-2025-67933,Open Redirect,High,8.7,ENG-IOT-0081,No,Won't Fix
VUL01480,CVE-2021-58223,Insecure Deserialization,High,7.4,ENG-PC-0010,Yes,In Progress
VUL01481,CVE-2024-51905,SQL Injection,High,8.6,LEG-RTR-0098,Yes,In Progress
VUL01482,CVE-2019-84552,Buffer Overflow,Medium,5.8,IT-DB-0017,Yes,Patched
VUL01483,CVE-2020-58181,Unpatched Software,Medium,4.2,SAL-PRT-0131,Yes,Closed
VUL01484,CVE-2020-97903,Insecure Deserialization,Critical,10.0,FIN-PRT-0024,Yes,Patched
VUL01485,CVE-2016-92138,Security Misconfiguration,Medium,6.3,ENG-FW-0029,Yes,Patched
VUL01486,CVE-2015-80613,Security Misconfiguration,High,8.4,SAL-RTR-0045,No,In Progress
VUL01487,CVE-2026-3280,Sensitive Data Exposure,High,8.7,IT-IOT-0020,Yes,In Progress
VUL01488,CVE-2017-29617,XML External Entity (XXE),Medium,6.1,IT-RTR-0016,Yes,Closed
VUL01489,CVE-2016-55336,Open Redirect,High,8.2,MKT-IOT-0027,Yes,Closed
VUL01490,CVE-2018-40009,Broken Authentication,High,8.1,MKT-MOB-0088,Yes,In Progress
VUL01491,CVE-2018-48259,XML External Entity (XXE),Medium,4.6,MKT-PC-0097,No,Won't Fix
VUL01492,CVE-2019-96795,Command Injection,High,7.9,ENG-RTR-0052,No,Open
VUL01493,CVE-2015-69889,Insecure Deserialization,Medium,4.5,LEG-PC-0018,Yes,In Progress
VUL01494,CVE-2026-56942,Insecure Deserialization,Medium,6.2,ENG-FW-0094,Yes,In Progress
VUL01495,CVE-2015-30234,Insecure Direct Object Reference,Low,2.9,LEG-FW-0115,No,In Progress
VUL01496,CVE-2026-11109,Unpatched Software,High,7.6,SAL-MOB-0060,Yes,Patched
VUL01497,CVE-2015-23465,Weak Password Policy,Low,2.5,HR-RTR-0020,No,Won't Fix
VUL01498,CVE-2022-80886,Unpatched Software,Low,3.5,OPS-FW-0104,Yes,Patched
VUL01499,CVE-2022-51313,Cross-Site Scripting (XSS),Critical,9.9,HR-MOB-0002,No,Won't Fix
VUL01500,CVE-2022-27279,Weak Password Policy,Low,3.0,ENG-PRT-0100,Yes,In Progress
VUL01501,CVE-2022-35243,Missing Security Patch,High,7.0,OPS-RTR-0039,Yes,Closed
VUL01502,CVE-2021-92317,Broken Authentication,Medium,5.7,OPS-IOT-0006,Yes,Closed
VUL01503,CVE-2026-83968,Command Injection,Medium,5.9,LEG-RTR-0080,No,In Progress
VUL01504,CVE-2021-84831,Server-Side Request Forgery (SSRF),Medium,5.8,SAL-PC-0069,No,Open
VUL01505,CVE-2026-49460,Security Misconfiguration,Medium,5.9,MKT-DB-0022,No,In Progress
VUL01506,CVE-2026-64164,Cross-Site Scripting (XSS),Medium,5.6,IT-FW-0016,Yes,Patched
VUL01507,CVE-2018-93445,Command Injection,High,7.4,IT-SRV-0024,No,Open
VUL01508,CVE-2025-1742,Insecure Deserialization,Medium,4.3,LEG-SW-0069,No,Open
VUL01509,CVE-2022-42853,Buffer Overflow,High,7.5,IT-DB-0070,No,Won't Fix
VUL01510,CVE-2015-32087,SQL Injection,Low,1.3,HR-FW-0016,Yes,Closed
VUL01511,CVE-2015-54962,Unpatched Software,Medium,6.6,IT-PRT-0024,Yes,Closed
VUL01512,CVE-2026-48923,Remote Code Execution,Low,0.8,OPS-PRT-0055,Yes,Closed
VUL01513,CVE-2024-39430,Privilege Escalation,Low,2.5,OPS-SW-0125,Yes,In Progress
VUL01514,CVE-2018-92056,Sensitive Data Exposure,Low,3.3,ENG-MOB-0121,Yes,Patched
VUL01515,CVE-2018-2186,Sensitive Data Exposure,Medium,6.8,LEG-PC-0027,Yes,Patched
VUL01516,CVE-2025-90337,Denial of Service,High,8.3,MKT-MOB-0086,No,Open
VUL01517,CVE-2024-84074,Outdated SSL/TLS Configuration,Medium,5.8,ENG-SRV-0002,Yes,In Progress
VUL01518,CVE-2016-62467,Sensitive Data Exposure,High,7.6,MKT-RTR-0094,Yes,Closed
VUL01519,CVE-2021-81485,Broken Authentication,Medium,6.2,LEG-LAP-0071,Yes,In Progress
VUL01520,CVE-2019-95734,Privilege Escalation,Critical,9.1,ENG-PC-0027,No,Open
VUL01521,CVE-2022-52639,Server-Side Request Forgery (SSRF),Medium,5.8,OPS-RTR-0089,Yes,In Progress
VUL01522,CVE-2025-37286,Server-Side Request Forgery (SSRF),Critical,9.0,SAL-SW-0082,Yes,Patched
VUL01523,CVE-2019-31124,Path Traversal,Medium,6.6,HR-SW-0006,No,In Progress
VUL01524,CVE-2017-86116,Buffer Overflow,High,8.1,SAL-IOT-0003,No,In Progress
VUL01525,CVE-2022-92777,Security Misconfiguration,Medium,6.7,HR-FW-0146,No,Open
VUL01526,CVE-2026-55383,Denial of Service,Medium,6.9,SAL-MOB-0102,Yes,Patched
VUL01527,CVE-2024-2137,Sensitive Data Exposure,Low,0.8,SAL-LAP-0025,Yes,Closed
VUL01528,CVE-2020-12260,Command Injection,High,7.8,IT-SW-0123,Yes,Patched
VUL01529,CVE-2016-46820,Command Injection,Medium,4.6,HR-IOT-0077,Yes,Patched
VUL01530,CVE-2026-95334,Cross-Site Scripting (XSS),High,7.5,MKT-MOB-0022,Yes,Patched
VUL01531,CVE-2015-41621,Sensitive Data Exposure,Low,2.6,SAL-PC-0080,No,Won't Fix
VUL01532,CVE-2022-9330,Weak Password Policy,Medium,5.5,ENG-FW-0033,No,Open
VUL01533,CVE-2016-90988,Command Injection,Critical,9.6,HR-FW-0080,No,Won't Fix
VUL01534,CVE-2022-85496,Open Redirect,Medium,6.2,OPS-MOB-0060,Yes,In Progress
VUL01535,CVE-2026-55574,Open Redirect,Low,3.4,MKT-MOB-0027,No,Open
VUL01536,CVE-2023-1679,Denial of Service,Medium,6.3,FIN-FW-0069,Yes,Patched
VUL01537,CVE-2018-59161,Open Redirect,Critical,9.4,IT-IOT-0036,No,Open
VUL01538,CVE-2025-15186,Denial of Service,Medium,6.7,ENG-PC-0048,No,Open
VUL01539,CVE-2018-16344,XML External Entity (XXE),Medium,4.4,OPS-RTR-0119,No,Won't Fix
VUL01540,CVE-2024-57656,Remote Code Execution,High,8.6,LEG-RTR-0104,Yes,Closed
VUL01541,CVE-2015-87220,SQL Injection,Critical,9.1,ENG-RTR-0065,Yes,Patched
VUL01542,CVE-2022-4516,Sensitive Data Exposure,Medium,6.1,IT-FW-0111,Yes,In Progress
VUL01543,CVE-2025-58141,XML External Entity (XXE),Medium,4.1,MKT-RTR-0107,No,Open
VUL01544,CVE-2021-53824,Command Injection,Medium,4.3,IT-PC-0078,No,Won't Fix
VUL01545,CVE-2021-4047,Buffer Overflow,Critical,9.1,SAL-DB-0125,Yes,Closed
VUL01546,CVE-2019-12654,Denial of Service,Medium,4.3,ENG-MOB-0048,Yes,In Progress
VUL01547,CVE-2016-97432,Insecure Deserialization,Low,3.4,LEG-SRV-0054,No,Won't Fix
VUL01548,CVE-2025-75742,Insecure Direct Object Reference,Low,1.0,SAL-PRT-0051,Yes,Closed
VUL01549,CVE-2017-12554,Buffer Overflow,Low,3.1,FIN-SRV-0045,No,In Progress
VUL01550,CVE-2026-91054,SQL Injection,High,8.2,LEG-PC-0090,Yes,In Progress
VUL01551,CVE-2019-90547,Open Redirect,Medium,4.4,IT-DB-0106,No,Open
VUL01552,CVE-2024-60820,Cross-Site Scripting (XSS),Critical,9.6,HR-LAP-0018,Yes,In Progress
VUL01553,CVE-2019-11555,Missing Security Patch,Medium,6.0,LEG-DB-0104,No,Open
VUL01554,CVE-2015-74317,Path Traversal,Medium,4.9,MKT-PRT-0064,No,Open
VUL01555,CVE-2022-69895,Weak Password Policy,High,7.2,HR-IOT-0088,No,Won't Fix
VUL01556,CVE-2021-44437,Unpatched Software,High,8.2,FIN-LAP-0003,No,In Progress
VUL01557,CVE-2024-87700,Outdated SSL/TLS Configuration,Critical,9.1,FIN-PRT-0035,Yes,Closed
VUL01558,CVE-2020-71642,Cross-Site Scripting (XSS),High,7.1,IT-LAP-0121,Yes,In Progress
VUL01559,CVE-2021-94513,XML External Entity (XXE),Critical,9.2,IT-SRV-0060,No,Won't Fix
VUL01560,CVE-2023-29077,Security Misconfiguration,Medium,5.6,FIN-IOT-0010,Yes,In Progress
VUL01561,CVE-2018-32993,Unpatched Software,Critical,9.6,ENG-IOT-0093,Yes,In Progress
VUL01562,CVE-2024-10416,Missing Security Patch,Medium,4.8,HR-SW-0033,Yes,In Progress
VUL01563,CVE-2015-74476,Path Traversal,High,7.8,HR-PRT-0065,No,In Progress
VUL01564,CVE-2025-7933,Path Traversal,Critical,9.4,ENG-RTR-0041,No,Open
VUL01565,CVE-2016-29019,Server-Side Request Forgery (SSRF),High,8.7,SAL-SRV-0141,No,In Progress
VUL01566,CVE-2019-57592,Security Misconfiguration,High,8.3,OPS-IOT-0018,No,Won't Fix
VUL01567,CVE-2015-63861,Command Injection,Medium,5.5,HR-PC-0076,Yes,In Progress
VUL01568,CVE-2024-68734,Broken Authentication,High,7.6,HR-SRV-0028,No,Open
VUL01569,CVE-2020-46597,Remote Code Execution,Medium,4.9,IT-DB-0058,No,Open
VUL01570,CVE-2026-29045,Buffer Overflow,Medium,4.7,MKT-SW-0010,No,In Progress
VUL01571,CVE-2016-37397,Cross-Site Scripting (XSS),Medium,4.1,SAL-PRT-0131,Yes,In Progress
VUL01572,CVE-2023-90554,Path Traversal,Critical,9.8,OPS-FW-0104,No,Won't Fix
VUL01573,CVE-2022-13395,Broken Authentication,Low,0.4,ENG-FW-0133,Yes,Patched
VUL01574,CVE-2015-90367,Server-Side Request Forgery (SSRF),High,7.4,IT-DB-0011,Yes,In Progress
VUL01575,CVE-2026-68373,Path Traversal,Medium,4.9,HR-PRT-0053,Yes,Closed
VUL01576,CVE-2024-12339,Denial of Service,High,7.8,LEG-LAP-0076,Yes,Patched
VUL01577,CVE-2026-9672,Insecure Direct Object Reference,High,7.9,OPS-FW-0087,No,Open
VUL01578,CVE-2023-77228,Privilege Escalation,High,8.2,LEG-MOB-0078,No,In Progress
VUL01579,CVE-2024-2070,Sensitive Data Exposure,Low,3.8,OPS-IOT-0042,No,Open
VUL01580,CVE-2021-1972,Privilege Escalation,Medium,4.8,FIN-DB-0092,Yes,In Progress
VUL01581,CVE-2016-30332,Cross-Site Scripting (XSS),Low,0.6,OPS-FW-0015,Yes,Patched
VUL01582,CVE-2016-87655,Buffer Overflow,Medium,5.5,IT-IOT-0028,Yes,In Progress
VUL01583,CVE-2026-86921,Sensitive Data Exposure,Medium,6.0,FIN-LAP-0122,Yes,Closed
VUL01584,CVE-2018-54113,Security Misconfiguration,Critical,9.6,ENG-MOB-0003,No,Won't Fix
VUL01585,CVE-2022-65120,Path Traversal,High,8.5,MKT-PRT-0103,Yes,In Progress
VUL01586,CVE-2019-78330,Remote Code Execution,Low,3.7,LEG-MOB-0002,Yes,Closed
VUL01587,CVE-2025-51693,Server-Side Request Forgery (SSRF),High,7.6,HR-LAP-0095,Yes,Closed
VUL01588,CVE-2023-2147,Broken Authentication,High,7.3,ENG-RTR-0037,Yes,In Progress
VUL01589,CVE-2019-14318,Insecure Deserialization,High,7.7,ENG-DB-0057,No,In Progress
VUL01590,CVE-2023-88248,Server-Side Request Forgery (SSRF),High,7.7,MKT-RTR-0030,No,In Progress
VUL01591,CVE-2022-99771,SQL Injection,High,7.0,HR-FW-0094,Yes,In Progress
VUL01592,CVE-2024-47886,Unpatched Software,High,7.4,OPS-PRT-0006,Yes,Patched
VUL01593,CVE-2021-74698,Sensitive Data Exposure,Low,1.4,ENG-RTR-0018,No,Open
VUL01594,CVE-2022-10884,Command Injection,Critical,9.7,MKT-RTR-0031,Yes,Patched
VUL01595,CVE-2015-57428,Weak Password Policy,Medium,6.2,IT-LAP-0040,Yes,Patched
VUL01596,CVE-2016-29644,Remote Code Execution,Medium,5.5,MKT-RTR-0066,Yes,In Progress
VUL01597,CVE-2024-66395,Privilege Escalation,High,8.1,SAL-MOB-0061,Yes,Closed
VUL01598,CVE-2018-62150,XML External Entity (XXE),Low,2.0,FIN-PC-0127,No,Won't Fix
VUL01599,CVE-2022-2122,Outdated SSL/TLS Configuration,Low,1.3,ENG-SRV-0131,Yes,Closed
VUL01600,CVE-2023-57650,Insecure Deserialization,High,7.1,LEG-FW-0078,No,Won't Fix
VUL01601,CVE-2019-36644,Cross-Site Scripting (XSS),High,8.4,HR-MOB-0088,No,Open
VUL01602,CVE-2021-47557,Privilege Escalation,High,7.9,ENG-SRV-0117,Yes,Patched
VUL01603,CVE-2024-56875,Path Traversal,Critical,9.9,ENG-SRV-0122,Yes,Patched
VUL01604,CVE-2023-32906,Outdated SSL/TLS Configuration,Critical,9.3,SAL-DB-0060,Yes,Patched
VUL01605,CVE-2023-31810,Insecure Direct Object Reference,Critical,9.8,FIN-SRV-0087,Yes,In Progress
VUL01606,CVE-2017-25277,Privilege Escalation,Medium,4.6,FIN-IOT-0108,Yes,In Progress
VUL01607,CVE-2015-24906,Command Injection,Medium,5.6,MKT-LAP-0112,Yes,In Progress
VUL01608,CVE-2016-78603,Unpatched Software,Medium,4.3,SAL-DB-0026,Yes,Closed
VUL01609,CVE-2026-34312,Open Redirect,Low,2.6,MKT-FW-0055,Yes,Patched
VUL01610,CVE-2019-47666,Buffer Overflow,High,8.9,LEG-SW-0103,Yes,In Progress
VUL01611,CVE-2022-36520,Server-Side Request Forgery (SSRF),Critical,9.2,ENG-IOT-0088,Yes,Patched
VUL01612,CVE-2018-43452,Insecure Deserialization,Critical,9.5,IT-PC-0004,Yes,Patched
VUL01613,CVE-2022-14822,Buffer Overflow,Low,2.2,MKT-PC-0087,No,Won't Fix
VUL01614,CVE-2017-80973,Command Injection,Low,1.1,MKT-DB-0118,Yes,Patched
VUL01615,CVE-2018-31423,Insecure Direct Object Reference,Medium,6.8,FIN-PC-0068,Yes,Patched
VUL01616,CVE-2023-40814,Insecure Deserialization,High,7.7,MKT-PRT-0013,Yes,In Progress
VUL01617,CVE-2026-13681,XML External Entity (XXE),Low,2.0,IT-RTR-0094,Yes,In Progress
VUL01618,CVE-2018-9112,Outdated SSL/TLS Configuration,Low,2.6,OPS-DB-0036,Yes,Patched
VUL01619,CVE-2024-4493,Sensitive Data Exposure,Low,0.3,HR-PRT-0052,No,Open
VUL01620,CVE-2016-54495,Privilege Escalation,Low,2.6,FIN-RTR-0082,Yes,Patched
VUL01621,CVE-2022-96297,Weak Password Policy,Medium,5.3,OPS-PRT-0122,Yes,Patched
VUL01622,CVE-2015-93579,Cross-Site Scripting (XSS),High,7.9,LEG-MOB-0012,Yes,Patched
VUL01623,CVE-2016-61213,Command Injection,Medium,5.8,FIN-SW-0076,No,Won't Fix
VUL01624,CVE-2017-2168,Buffer Overflow,Critical,10.0,IT-LAP-0019,Yes,In Progress
VUL01625,CVE-2021-62646,Insecure Deserialization,High,7.4,LEG-MOB-0085,Yes,In Progress
VUL01626,CVE-2022-50120,Path Traversal,Low,0.4,MKT-IOT-0091,No,In Progress
VUL01627,CVE-2026-96992,Open Redirect,Medium,4.6,OPS-LAP-0088,No,In Progress
VUL01628,CVE-2021-56946,Buffer Overflow,Low,1.4,SAL-PC-0055,No,In Progress
VUL01629,CVE-2019-93854,Path Traversal,Critical,9.4,LEG-RTR-0064,Yes,Patched
VUL01630,CVE-2023-70856,Denial of Service,Low,2.1,ENG-RTR-0096,Yes,Closed
VUL01631,CVE-2024-55873,Outdated SSL/TLS Configuration,Medium,6.6,OPS-PRT-0037,Yes,Patched
VUL01632,CVE-2020-97933,Server-Side Request Forgery (SSRF),Low,1.1,FIN-FW-0036,No,In Progress
VUL01633,CVE-2016-56586,Broken Authentication,Low,2.6,FIN-DB-0025,No,Won't Fix
VUL01634,CVE-2021-59724,Unpatched Software,Medium,6.6,LEG-LAP-0071,No,Won't Fix
VUL01635,CVE-2015-25360,Weak Password Policy,High,7.9,SAL-PC-0023,Yes,Closed
VUL01636,CVE-2022-24667,Outdated SSL/TLS Configuration,Low,0.4,FIN-PRT-0106,Yes,In Progress
VUL01637,CVE-2015-59707,Server-Side Request Forgery (SSRF),High,8.1,MKT-SRV-0021,Yes,Closed
VUL01638,CVE-2015-49270,Cross-Site Scripting (XSS),High,7.4,MKT-FW-0032,No,Won't Fix
VUL01639,CVE-2018-26406,Sensitive Data Exposure,Low,2.5,LEG-PC-0054,Yes,In Progress
VUL01640,CVE-2024-82935,Cross-Site Scripting (XSS),Low,2.3,ENG-SRV-0043,Yes,Closed
VUL01641,CVE-2024-9647,XML External Entity (XXE),Medium,5.0,MKT-DB-0089,No,Won't Fix
VUL01642,CVE-2016-36279,Server-Side Request Forgery (SSRF),Low,1.1,MKT-DB-0048,Yes,Closed
VUL01643,CVE-2021-13346,Unpatched Software,High,8.3,ENG-LAP-0111,Yes,Closed
VUL01644,CVE-2025-60422,XML External Entity (XXE),Medium,5.5,OPS-DB-0107,Yes,In Progress
VUL01645,CVE-2019-21056,Insecure Direct Object Reference,Medium,4.1,OPS-PC-0010,No,In Progress
VUL01646,CVE-2026-9193,Broken Authentication,High,7.9,OPS-PC-0106,Yes,Patched
VUL01647,CVE-2022-48813,Insecure Deserialization,Low,1.3,ENG-PRT-0060,Yes,Patched
VUL01648,CVE-2022-26601,Command Injection,Critical,9.1,HR-FW-0149,No,Open
VUL01649,CVE-2024-77028,Denial of Service,Medium,4.5,IT-PRT-0025,No,Open
VUL01650,CVE-2020-41282,Denial of Service,High,8.3,ENG-IOT-0073,Yes,In Progress
VUL01651,CVE-2025-16941,Command Injection,Low,3.8,IT-PC-0077,Yes,In Progress
VUL01652,CVE-2022-82125,Weak Password Policy,Medium,4.3,SAL-SRV-0116,No,Won't Fix
VUL01653,CVE-2020-35389,Weak Password Policy,High,7.1,HR-DB-0085,No,Open
VUL01654,CVE-2024-62775,Outdated SSL/TLS Configuration,High,8.9,IT-RTR-0036,Yes,Closed
VUL01655,CVE-2018-27969,Cross-Site Scripting (XSS),Medium,4.8,FIN-SRV-0110,No,In Progress
VUL01656,CVE-2018-29342,Command Injection,Medium,6.3,LEG-IOT-0015,Yes,Patched
VUL01657,CVE-2022-37811,Sensitive Data Exposure,Critical,9.7,LEG-SRV-0063,Yes,Patched
VUL01658,CVE-2019-96972,Missing Security Patch,Low,0.6,FIN-SRV-0035,Yes,In Progress
VUL01659,CVE-2021-75054,Insecure Deserialization,High,8.6,OPS-RTR-0074,No,Open
VUL01660,CVE-2017-38053,SQL Injection,Critical,9.7,LEG-RTR-0035,No,Open
VUL01661,CVE-2026-59677,Security Misconfiguration,Low,1.1,MKT-FW-0054,No,Won't Fix
VUL01662,CVE-2018-55285,Cross-Site Scripting (XSS),Low,1.2,FIN-LAP-0018,Yes,In Progress
VUL01663,CVE-2015-11339,Broken Authentication,High,7.8,IT-FW-0005,Yes,Patched
VUL01664,CVE-2023-56160,Remote Code Execution,Medium,4.4,SAL-SRV-0132,No,In Progress
VUL01665,CVE-2018-50716,XML External Entity (XXE),Medium,4.2,FIN-FW-0097,Yes,In Progress
VUL01666,CVE-2026-29706,Buffer Overflow,High,7.5,HR-SW-0028,Yes,Patched
VUL01667,CVE-2020-7856,Unpatched Software,Medium,4.2,LEG-RTR-0011,Yes,Patched
VUL01668,CVE-2018-26565,Server-Side Request Forgery (SSRF),Critical,9.0,ENG-RTR-0112,Yes,Closed
VUL01669,CVE-2025-80086,Remote Code Execution,Low,1.2,IT-LAP-0071,Yes,In Progress
VUL01670,CVE-2018-50964,Path Traversal,High,8.6,ENG-LAP-0104,Yes,Patched
VUL01671,CVE-2020-78656,XML External Entity (XXE),Medium,4.0,LEG-SW-0114,No,In Progress
VUL01672,CVE-2015-63074,SQL Injection,Critical,9.3,ENG-SW-0083,Yes,In Progress
VUL01673,CVE-2015-36451,Privilege Escalation,Medium,4.1,FIN-SW-0090,Yes,In Progress
VUL01674,CVE-2020-73206,Weak Password Policy,Low,0.1,FIN-PRT-0032,Yes,In Progress
VUL01675,CVE-2023-19561,Cross-Site Scripting (XSS),Medium,6.5,LEG-FW-0099,No,Won't Fix
VUL01676,CVE-2026-79169,Denial of Service,High,7.5,OPS-PRT-0017,Yes,Patched
VUL01677,CVE-2020-30611,Missing Security Patch,Medium,4.8,MKT-SW-0040,Yes,Patched
VUL01678,CVE-2020-35953,Privilege Escalation,Medium,5.1,IT-SRV-0022,Yes,In Progress
VUL01679,CVE-2015-16030,Privilege Escalation,Medium,4.7,OPS-SRV-0103,Yes,Patched
VUL01680,CVE-2022-41472,Privilege Escalation,Medium,4.3,ENG-LAP-0092,No,Open
VUL01681,CVE-2017-29424,Privilege Escalation,Low,1.7,SAL-MOB-0155,Yes,Patched
VUL01682,CVE-2019-56480,Privilege Escalation,Medium,4.4,IT-SW-0123,Yes,In Progress
VUL01683,CVE-2025-38547,Security Misconfiguration,Medium,4.1,HR-IOT-0014,Yes,Patched
VUL01684,CVE-2026-24239,Denial of Service,Critical,9.1,HR-PRT-0048,Yes,Closed
VUL01685,CVE-2018-77590,Missing Security Patch,High,8.2,SAL-FW-0123,Yes,Closed
VUL01686,CVE-2025-34887,Insecure Deserialization,Critical,9.6,IT-PC-0014,Yes,Closed
VUL01687,CVE-2021-69408,Missing Security Patch,High,7.5,IT-IOT-0011,No,In Progress
VUL01688,CVE-2022-79306,Remote Code Execution,Critical,9.1,LEG-FW-0046,No,Open
VUL01689,CVE-2016-94764,Missing Security Patch,High,8.7,IT-LAP-0069,No,In Progress
VUL01690,CVE-2026-64844,Security Misconfiguration,High,7.9,ENG-SW-0028,No,Open
VUL01691,CVE-2015-30171,Denial of Service,Low,2.8,IT-PC-0002,No,Open
VUL01692,CVE-2023-76165,Missing Security Patch,Medium,6.8,HR-LAP-0100,Yes,Patched
VUL01693,CVE-2025-33183,Buffer Overflow,Medium,5.5,IT-DB-0052,Yes,In Progress
VUL01694,CVE-2019-71532,Unpatched Software,Medium,5.6,OPS-SW-0081,Yes,Patched
VUL01695,CVE-2016-36304,Denial of Service,High,7.6,MKT-FW-0045,Yes,In Progress
VUL01696,CVE-2023-56409,Sensitive Data Exposure,Low,2.9,SAL-PC-0086,Yes,In Progress
VUL01697,CVE-2018-34306,Weak Password Policy,Critical,9.2,OPS-RTR-0020,No,Won't Fix
VUL01698,CVE-2022-56351,XML External Entity (XXE),Medium,6.7,FIN-RTR-0018,Yes,Patched
VUL01699,CVE-2022-70086,Missing Security Patch,Medium,4.3,FIN-MOB-0092,No,Won't Fix
VUL01700,CVE-2015-27866,Outdated SSL/TLS Configuration,High,8.8,FIN-PC-0114,Yes,Closed
VUL01701,CVE-2022-41419,Unpatched Software,Medium,5.9,OPS-LAP-0088,No,Open
VUL01702,CVE-2025-92613,Missing Security Patch,High,7.0,IT-LAP-0033,No,Won't Fix
VUL01703,CVE-2016-88484,Remote Code Execution,Medium,5.1,SAL-PC-0067,Yes,Closed
VUL01704,CVE-2018-52372,Outdated SSL/TLS Configuration,High,7.1,HR-SW-0023,Yes,Closed
VUL01705,CVE-2015-50853,Insecure Direct Object Reference,Low,0.9,HR-IOT-0030,Yes,In Progress
VUL01706,CVE-2016-26108,Server-Side Request Forgery (SSRF),High,8.6,LEG-SW-0123,Yes,Patched
VUL01707,CVE-2022-75209,Path Traversal,Medium,5.8,FIN-FW-0056,Yes,Closed
VUL01708,CVE-2020-93342,Broken Authentication,High,8.3,SAL-PRT-0008,Yes,In Progress
VUL01709,CVE-2019-70699,Insecure Direct Object Reference,Low,0.7,FIN-PC-0016,No,Open
VUL01710,CVE-2016-45182,Weak Password Policy,Medium,6.8,ENG-SRV-0059,Yes,Closed
VUL01711,CVE-2021-20063,Cross-Site Scripting (XSS),Critical,9.5,ENG-PRT-0095,Yes,In Progress
VUL01712,CVE-2016-30511,Security Misconfiguration,High,8.9,FIN-MOB-0125,Yes,Closed
VUL01713,CVE-2016-74975,Missing Security Patch,Medium,5.6,SAL-PRT-0075,Yes,Closed
VUL01714,CVE-2025-54928,Outdated SSL/TLS Configuration,High,7.1,MKT-RTR-0081,Yes,Closed
VUL01715,CVE-2022-74913,Security Misconfiguration,Medium,4.1,HR-MOB-0052,No,Won't Fix
VUL01716,CVE-2026-74565,Security Misconfiguration,Critical,9.7,ENG-SW-0125,Yes,Patched
VUL01717,CVE-2023-62443,Denial of Service,High,7.7,HR-SRV-0026,Yes,Closed
VUL01718,CVE-2018-49166,Denial of Service,Critical,9.2,ENG-MOB-0111,No,In Progress
VUL01719,CVE-2018-6286,Security Misconfiguration,Medium,5.2,IT-SRV-0016,Yes,Patched
VUL01720,CVE-2021-66861,Privilege Escalation,Low,2.5,OPS-MOB-0116,No,Won't Fix
VUL01721,CVE-2017-84460,Insecure Deserialization,Critical,9.8,ENG-MOB-0030,No,Won't Fix
VUL01722,CVE-2016-40376,Cross-Site Scripting (XSS),Critical,9.7,FIN-PRT-0128,No,Won't Fix
VUL01723,CVE-2015-10527,XML External Entity (XXE),Low,0.6,SAL-DB-0086,Yes,Closed
VUL01724,CVE-2024-41566,Path Traversal,High,8.7,IT-PC-0100,Yes,In Progress
VUL01725,CVE-2018-70008,Insecure Direct Object Reference,Medium,6.0,FIN-PC-0078,No,Open
VUL01726,CVE-2021-47620,Sensitive Data Exposure,Low,3.3,IT-SRV-0074,No,Won't Fix
VUL01727,CVE-2015-99980,Unpatched Software,Medium,6.2,IT-SRV-0013,No,In Progress
VUL01728,CVE-2026-93709,Unpatched Software,High,7.8,IT-SRV-0011,Yes,Closed
VUL01729,CVE-2019-17619,Open Redirect,Critical,9.2,MKT-SW-0107,No,Won't Fix
VUL01730,CVE-2019-93612,Open Redirect,Low,1.2,IT-LAP-0129,Yes,In Progress
VUL01731,CVE-2017-63649,Remote Code Execution,Low,2.8,IT-SW-0062,Yes,In Progress
VUL01732,CVE-2016-61687,SQL Injection,Low,2.3,ENG-DB-0086,Yes,Patched
VUL01733,CVE-2016-32673,Open Redirect,Low,2.9,IT-DB-0090,Yes,In Progress
VUL01734,CVE-2017-13670,Denial of Service,Low,3.1,MKT-SW-0075,No,Open
VUL01735,CVE-2020-87318,Insecure Deserialization,Low,2.5,OPS-IOT-0119,No,Open
VUL01736,CVE-2015-64870,Insecure Direct Object Reference,Medium,6.4,OPS-PC-0027,No,In Progress
VUL01737,CVE-2020-59108,Insecure Deserialization,Low,2.2,SAL-SRV-0122,No,Won't Fix
VUL01738,CVE-2017-58173,Server-Side Request Forgery (SSRF),Low,2.3,IT-SRV-0003,Yes,Closed
VUL01739,CVE-2015-79191,Server-Side Request Forgery (SSRF),Low,0.9,LEG-FW-0076,No,In Progress
VUL01740,CVE-2018-37274,XML External Entity (XXE),Medium,4.6,OPS-IOT-0002,No,Open
VUL01741,CVE-2024-71387,Cross-Site Scripting (XSS),High,8.9,IT-SRV-0101,Yes,Closed
VUL01742,CVE-2019-63201,Open Redirect,Medium,5.6,OPS-PRT-0083,No,In Progress
VUL01743,CVE-2025-93313,Denial of Service,Medium,5.3,OPS-MOB-0001,Yes,Patched
VUL01744,CVE-2023-19886,XML External Entity (XXE),Low,3.6,OPS-IOT-0035,Yes,Closed
VUL01745,CVE-2024-84169,Remote Code Execution,High,8.4,OPS-FW-0016,Yes,Closed
VUL01746,CVE-2019-27826,Insecure Deserialization,Low,1.5,HR-FW-0109,Yes,Closed
VUL01747,CVE-2020-21104,Outdated SSL/TLS Configuration,Medium,6.2,IT-LAP-0092,Yes,Patched
VUL01748,CVE-2020-59499,Buffer Overflow,Medium,5.0,HR-DB-0067,Yes,Closed
VUL01749,CVE-2026-22861,Cross-Site Scripting (XSS),Medium,5.9,IT-SW-0117,Yes,Patched
VUL01750,CVE-2020-39764,Weak Password Policy,High,7.1,OPS-SW-0096,No,Open
VUL01751,CVE-2019-19382,Missing Security Patch,Medium,5.7,ENG-PRT-0016,Yes,In Progress
VUL01752,CVE-2021-34829,Outdated SSL/TLS Configuration,Low,2.8,MKT-SRV-0117,Yes,Closed
VUL01753,CVE-2019-80597,Path Traversal,High,7.4,LEG-PRT-0017,No,In Progress
VUL01754,CVE-2024-81699,Sensitive Data Exposure,Medium,6.1,OPS-MOB-0055,No,Won't Fix
VUL01755,CVE-2015-20177,Missing Security Patch,High,8.4,FIN-MOB-0071,Yes,Patched
VUL01756,CVE-2025-84158,Insecure Direct Object Reference,Low,1.3,ENG-PRT-0100,No,In Progress
VUL01757,CVE-2018-6772,SQL Injection,Critical,9.7,FIN-SRV-0097,No,Open
VUL01758,CVE-2015-75782,Security Misconfiguration,High,8.3,ENG-PRT-0103,No,In Progress
VUL01759,CVE-2016-89575,SQL Injection,High,8.7,IT-IOT-0098,Yes,Patched
VUL01760,CVE-2016-86664,Open Redirect,Medium,6.2,HR-MOB-0040,Yes,In Progress
VUL01761,CVE-2022-80304,Denial of Service,Low,3.2,ENG-SRV-0141,Yes,Closed
VUL01762,CVE-2019-75574,Insecure Direct Object Reference,Low,3.3,LEG-IOT-0031,Yes,Patched
VUL01763,CVE-2017-61969,Server-Side Request Forgery (SSRF),High,7.0,HR-PRT-0043,Yes,Closed
VUL01764,CVE-2017-55263,Security Misconfiguration,High,8.3,MKT-RTR-0028,Yes,Closed
VUL01765,CVE-2026-80979,Buffer Overflow,Low,0.4,IT-SW-0137,No,Open
VUL01766,CVE-2016-58921,Path Traversal,Low,1.5,SAL-IOT-0018,Yes,In Progress
VUL01767,CVE-2020-58908,Sensitive Data Exposure,Medium,6.1,IT-LAP-0135,Yes,In Progress
VUL01768,CVE-2022-30791,Unpatched Software,Medium,5.3,LEG-LAP-0107,Yes,Closed
VUL01769,CVE-2015-35226,Missing Security Patch,Critical,9.7,ENG-LAP-0043,Yes,In Progress
VUL01770,CVE-2016-22307,Broken Authentication,Low,3.3,IT-PRT-0071,Yes,Patched
VUL01771,CVE-2019-4309,Sensitive Data Exposure,High,8.3,ENG-FW-0125,Yes,Closed
VUL01772,CVE-2020-98301,Cross-Site Scripting (XSS),Medium,6.3,IT-LAP-0079,No,Open
VUL01773,CVE-2017-78211,Missing Security Patch,Medium,6.3,FIN-MOB-0026,Yes,Patched
VUL01774,CVE-2020-15165,Denial of Service,High,8.2,SAL-IOT-0026,Yes,Closed
VUL01775,CVE-2020-88069,Remote Code Execution,High,8.0,ENG-RTR-0002,Yes,Closed
VUL01776,CVE-2025-7137,Cross-Site Scripting (XSS),Medium,4.1,IT-SRV-0035,Yes,In Progress
VUL01777,CVE-2019-18462,Sensitive Data Exposure,High,8.3,SAL-MOB-0076,Yes,In Progress
VUL01778,CVE-2020-35289,Open Redirect,Low,3.9,HR-IOT-0038,Yes,Patched
VUL01779,CVE-2018-47728,Weak Password Policy,Medium,4.9,OPS-PRT-0079,Yes,Closed
VUL01780,CVE-2024-82727,Path Traversal,Critical,9.4,LEG-PC-0011,Yes,Closed
VUL01781,CVE-2020-21805,Path Traversal,High,7.1,IT-PRT-0016,No,Open
VUL01782,CVE-2024-63876,Command Injection,Low,0.8,LEG-RTR-0013,No,Open
VUL01783,CVE-2022-7607,XML External Entity (XXE),High,7.8,MKT-PC-0059,Yes,Closed
VUL01784,CVE-2022-1167,Cross-Site Scripting (XSS),Low,0.2,SAL-IOT-0039,Yes,Patched
VUL01785,CVE-2021-96486,Path Traversal,High,8.4,IT-PC-0016,Yes,Closed
VUL01786,CVE-2021-10982,Cross-Site Scripting (XSS),Low,2.0,FIN-DB-0058,Yes,In Progress
VUL01787,CVE-2016-41176,Path Traversal,Low,1.3,OPS-PC-0135,Yes,In Progress
VUL01788,CVE-2026-99927,Missing Security Patch,Critical,9.6,OPS-IOT-0099,Yes,In Progress
VUL01789,CVE-2019-49571,Broken Authentication,Critical,9.5,MKT-FW-0118,No,In Progress
VUL01790,CVE-2018-60702,Insecure Direct Object Reference,Low,0.8,HR-LAP-0080,Yes,In Progress
VUL01791,CVE-2022-31563,Missing Security Patch,High,7.2,HR-IOT-0023,Yes,Closed
VUL01792,CVE-2023-93954,Server-Side Request Forgery (SSRF),Low,1.2,SAL-FW-0064,Yes,In Progress
VUL01793,CVE-2017-55371,Insecure Deserialization,High,7.6,FIN-MOB-0009,No,Open
VUL01794,CVE-2020-91329,SQL Injection,High,8.1,HR-DB-0112,No,Open
VUL01795,CVE-2016-79353,Privilege Escalation,Low,0.5,ENG-SRV-0149,No,Open
VUL01796,CVE-2025-22771,Privilege Escalation,High,8.6,SAL-DB-0061,No,In Progress
VUL01797,CVE-2016-30282,Security Misconfiguration,Critical,9.6,IT-IOT-0045,Yes,Patched
VUL01798,CVE-2025-60496,Broken Authentication,Medium,5.9,SAL-PC-0108,Yes,Patched
VUL01799,CVE-2022-57643,Unpatched Software,Low,0.6,HR-LAP-0010,Yes,In Progress
VUL01800,CVE-2026-79333,Path Traversal,Critical,9.5,ENG-MOB-0024,No,Open
VUL01801,CVE-2015-59431,XML External Entity (XXE),Medium,6.7,ENG-IOT-0015,Yes,In Progress
VUL01802,CVE-2016-35124,Insecure Deserialization,High,7.5,SAL-SW-0071,No,In Progress
VUL01803,CVE-2024-84698,Remote Code Execution,Critical,9.0,IT-PRT-0016,Yes,Closed
VUL01804,CVE-2024-50046,Sensitive Data Exposure,Medium,6.8,ENG-FW-0047,Yes,Patched
VUL01805,CVE-2025-16443,Weak Password Policy,Low,3.3,FIN-DB-0015,Yes,Patched
VUL01806,CVE-2017-8126,Broken Authentication,High,8.4,SAL-DB-0047,No,Won't Fix
VUL01807,CVE-2023-66599,XML External Entity (XXE),Critical,9.8,MKT-RTR-0034,Yes,Closed
VUL01808,CVE-2016-57335,Privilege Escalation,Low,3.6,IT-MOB-0049,No,Won't Fix
VUL01809,CVE-2018-89730,Insecure Direct Object Reference,Medium,4.4,SAL-SRV-0066,No,Open
VUL01810,CVE-2024-21885,SQL Injection,Medium,5.2,MKT-SRV-0049,Yes,Closed
VUL01811,CVE-2015-3908,Cross-Site Scripting (XSS),Medium,4.6,HR-FW-0087,No,Won't Fix
VUL01812,CVE-2023-26878,Outdated SSL/TLS Configuration,Medium,5.2,IT-SW-0006,Yes,In Progress
VUL01813,CVE-2017-49541,Buffer Overflow,High,8.2,MKT-SRV-0096,Yes,In Progress
VUL01814,CVE-2018-83717,Insecure Direct Object Reference,Low,2.9,IT-PRT-0048,Yes,Patched
VUL01815,CVE-2020-70771,Cross-Site Scripting (XSS),Medium,6.3,OPS-MOB-0034,Yes,Closed
VUL01816,CVE-2026-79327,Unpatched Software,High,8.6,LEG-SRV-0078,Yes,In Progress
VUL01817,CVE-2016-20376,XML External Entity (XXE),Medium,5.2,ENG-SW-0011,No,Won't Fix
VUL01818,CVE-2018-81026,Missing Security Patch,High,7.2,IT-PRT-0032,No,Open
VUL01819,CVE-2018-64344,Outdated SSL/TLS Configuration,Medium,5.7,LEG-MOB-0059,Yes,Closed
VUL01820,CVE-2017-54422,XML External Entity (XXE),High,8.5,LEG-IOT-0036,No,Won't Fix
VUL01821,CVE-2015-25269,SQL Injection,High,7.0,MKT-IOT-0031,Yes,Closed
VUL01822,CVE-2022-48905,Buffer Overflow,Medium,4.9,MKT-DB-0049,No,In Progress
VUL01823,CVE-2015-27049,Buffer Overflow,High,7.6,HR-FW-0002,No,In Progress
VUL01824,CVE-2019-56279,Path Traversal,Medium,4.5,FIN-PC-0064,Yes,Patched
VUL01825,CVE-2018-30133,Security Misconfiguration,Medium,4.6,ENG-DB-0018,Yes,Closed
VUL01826,CVE-2023-15849,Remote Code Execution,Critical,9.5,OPS-LAP-0106,Yes,Patched
VUL01827,CVE-2021-34163,Missing Security Patch,High,7.8,LEG-IOT-0031,No,Won't Fix
VUL01828,CVE-2018-70025,Insecure Direct Object Reference,High,7.0,MKT-PRT-0098,Yes,Closed
VUL01829,CVE-2026-93312,Outdated SSL/TLS Configuration,High,8.0,SAL-SW-0052,Yes,In Progress
VUL01830,CVE-2022-12201,Sensitive Data Exposure,Low,2.3,HR-DB-0072,Yes,In Progress
VUL01831,CVE-2021-68106,Unpatched Software,Low,3.4,ENG-DB-0030,Yes,Closed
VUL01832,CVE-2017-42268,Missing Security Patch,Medium,4.5,LEG-IOT-0014,Yes,Closed
VUL01833,CVE-2016-20150,Outdated SSL/TLS Configuration,Low,1.3,LEG-RTR-0036,Yes,Closed
VUL01834,CVE-2021-4231,Buffer Overflow,High,7.2,FIN-PC-0084,No,Won't Fix
VUL01835,CVE-2018-43782,Insecure Direct Object Reference,Low,1.4,ENG-FW-0047,Yes,Closed
VUL01836,CVE-2016-69482,Buffer Overflow,Medium,4.3,ENG-RTR-0024,Yes,Patched
VUL01837,CVE-2022-61820,Cross-Site Scripting (XSS),High,8.2,MKT-LAP-0064,Yes,Patched
VUL01838,CVE-2019-10471,SQL Injection,High,8.2,OPS-FW-0059,Yes,In Progress
VUL01839,CVE-2020-53292,Insecure Direct Object Reference,Medium,6.8,ENG-MOB-0081,No,Won't Fix
VUL01840,CVE-2022-78623,Command Injection,Medium,4.3,ENG-MOB-0002,Yes,In Progress
VUL01841,CVE-2019-53915,Remote Code Execution,Low,1.8,ENG-RTR-0080,No,Won't Fix
VUL01842,CVE-2016-96555,Cross-Site Scripting (XSS),Critical,9.3,OPS-MOB-0103,Yes,In Progress
VUL01843,CVE-2019-17240,Path Traversal,Critical,9.1,IT-SW-0054,Yes,Closed
VUL01844,CVE-2021-88756,Outdated SSL/TLS Configuration,Low,3.7,FIN-FW-0124,No,In Progress
VUL01845,CVE-2021-25961,SQL Injection,Medium,4.3,FIN-SW-0130,No,In Progress
VUL01846,CVE-2017-50688,Server-Side Request Forgery (SSRF),High,8.1,IT-MOB-0040,Yes,Closed
VUL01847,CVE-2023-7662,Cross-Site Scripting (XSS),Medium,5.4,FIN-RTR-0099,No,Open
VUL01848,CVE-2019-36073,Buffer Overflow,Low,2.8,FIN-FW-0107,No,In Progress
VUL01849,CVE-2022-4011,Buffer Overflow,Low,3.2,SAL-DB-0066,Yes,Patched
VUL01850,CVE-2019-57711,Denial of Service,Medium,5.0,IT-FW-0100,Yes,In Progress
VUL01851,CVE-2024-97717,Privilege Escalation,High,7.8,FIN-SW-0005,No,Open
VUL01852,CVE-2017-41492,Broken Authentication,Low,3.0,OPS-SRV-0082,No,In Progress
VUL01853,CVE-2019-39294,Path Traversal,High,8.2,HR-IOT-0116,No,Won't Fix
VUL01854,CVE-2016-43444,Missing Security Patch,Medium,6.8,FIN-SW-0109,Yes,Closed
VUL01855,CVE-2023-86642,Cross-Site Scripting (XSS),Medium,5.7,LEG-PRT-0099,No,Open
VUL01856,CVE-2022-73057,SQL Injection,High,7.0,FIN-FW-0047,Yes,Closed
VUL01857,CVE-2023-61467,Outdated SSL/TLS Configuration,Low,1.3,HR-MOB-0108,Yes,Closed
VUL01858,CVE-2026-91620,Cross-Site Scripting (XSS),Critical,9.9,MKT-SRV-0115,No,In Progress
VUL01859,CVE-2015-47220,Insecure Direct Object Reference,High,8.9,ENG-DB-0033,Yes,Patched
VUL01860,CVE-2020-85552,Security Misconfiguration,High,8.8,MKT-PRT-0009,Yes,Patched
VUL01861,CVE-2023-59136,Broken Authentication,High,7.6,FIN-SRV-0086,Yes,Patched
VUL01862,CVE-2024-6246,Broken Authentication,Medium,5.3,IT-FW-0045,No,In Progress
VUL01863,CVE-2019-89243,Denial of Service,Medium,6.4,LEG-FW-0091,Yes,In Progress
VUL01864,CVE-2015-45113,Denial of Service,High,7.8,SAL-MOB-0020,Yes,Closed
VUL01865,CVE-2022-44387,Command Injection,Low,3.0,LEG-PC-0053,Yes,Closed
VUL01866,CVE-2025-83713,Privilege Escalation,Critical,9.5,IT-MOB-0024,Yes,Patched
VUL01867,CVE-2024-70176,Sensitive Data Exposure,Medium,4.0,OPS-IOT-0061,No,In Progress
VUL01868,CVE-2019-80293,Unpatched Software,High,8.0,SAL-LAP-0034,Yes,In Progress
VUL01869,CVE-2025-59745,Command Injection,High,7.2,MKT-RTR-0011,No,Won't Fix
VUL01870,CVE-2021-50447,Weak Password Policy,Low,2.7,OPS-MOB-0020,No,Won't Fix
VUL01871,CVE-2024-60549,Missing Security Patch,Medium,5.4,ENG-SRV-0017,Yes,Patched
VUL01872,CVE-2021-3858,Unpatched Software,Critical,9.5,FIN-DB-0049,No,In Progress
VUL01873,CVE-2019-84324,Security Misconfiguration,High,7.9,ENG-SRV-0047,Yes,Closed
VUL01874,CVE-2021-42917,SQL Injection,Critical,9.8,HR-IOT-0117,Yes,Patched
VUL01875,CVE-2021-39885,Remote Code Execution,High,8.4,SAL-IOT-0112,Yes,Patched
VUL01876,CVE-2021-99224,Open Redirect,Low,3.4,ENG-SRV-0008,Yes,Closed
VUL01877,CVE-2017-21969,Unpatched Software,Medium,6.4,LEG-IOT-0002,No,Won't Fix
VUL01878,CVE-2018-96233,Weak Password Policy,Medium,4.6,SAL-IOT-0029,Yes,Patched
VUL01879,CVE-2021-97479,Buffer Overflow,Medium,4.5,HR-SRV-0006,Yes,Patched
VUL01880,CVE-2025-74843,Weak Password Policy,Low,2.5,MKT-PRT-0100,Yes,Closed
VUL01881,CVE-2022-96265,Security Misconfiguration,Low,2.9,FIN-PRT-0029,Yes,Patched
VUL01882,CVE-2017-89517,Remote Code Execution,Medium,4.4,LEG-RTR-0001,Yes,Patched
VUL01883,CVE-2025-93400,Path Traversal,Medium,4.8,FIN-RTR-0053,Yes,In Progress
VUL01884,CVE-2024-63841,Broken Authentication,Critical,9.8,HR-IOT-0075,No,Open
VUL01885,CVE-2022-77267,Server-Side Request Forgery (SSRF),Medium,6.8,HR-PC-0031,Yes,Patched
VUL01886,CVE-2018-33356,XML External Entity (XXE),Critical,9.1,HR-FW-0123,No,Won't Fix
VUL01887,CVE-2024-61095,SQL Injection,Medium,4.4,ENG-LAP-0082,Yes,Closed
VUL01888,CVE-2026-88410,Buffer Overflow,Low,1.2,FIN-LAP-0084,Yes,In Progress
VUL01889,CVE-2018-35065,XML External Entity (XXE),Low,2.4,MKT-PC-0107,Yes,In Progress
VUL01890,CVE-2017-13097,Command Injection,Low,1.4,FIN-SRV-0032,No,Open
VUL01891,CVE-2022-95813,Insecure Direct Object Reference,Critical,9.9,FIN-DB-0018,Yes,Patched
VUL01892,CVE-2016-30759,Privilege Escalation,High,7.1,HR-RTR-0054,Yes,Patched
VUL01893,CVE-2016-54711,XML External Entity (XXE),Medium,5.5,HR-LAP-0110,Yes,Closed
VUL01894,CVE-2020-22389,Buffer Overflow,Medium,6.3,ENG-SRV-0048,Yes,Patched
VUL01895,CVE-2018-44293,Command Injection,Medium,4.4,LEG-SW-0112,Yes,Closed
VUL01896,CVE-2016-79665,Denial of Service,Low,2.1,OPS-SRV-0029,Yes,Closed
VUL01897,CVE-2020-82793,Security Misconfiguration,Low,2.1,IT-SRV-0023,No,Won't Fix
VUL01898,CVE-2017-3085,Outdated SSL/TLS Configuration,Critical,9.3,OPS-IOT-0039,No,Open
VUL01899,CVE-2025-3516,Insecure Deserialization,Medium,5.8,LEG-IOT-0012,No,Won't Fix
VUL01900,CVE-2026-39005,Unpatched Software,Medium,6.2,MKT-RTR-0094,Yes,Closed
VUL01901,CVE-2026-6797,XML External Entity (XXE),Low,2.3,OPS-IOT-0092,Yes,Patched
VUL01902,CVE-2025-58950,Sensitive Data Exposure,High,7.6,SAL-PC-0001,Yes,Patched
VUL01903,CVE-2023-99718,Cross-Site Scripting (XSS),High,7.6,IT-FW-0017,No,In Progress
VUL01904,CVE-2022-38074,Buffer Overflow,Low,2.0,OPS-SW-0019,No,Open
VUL01905,CVE-2016-59261,Outdated SSL/TLS Configuration,Medium,4.9,OPS-LAP-0026,Yes,In Progress
VUL01906,CVE-2019-16664,Remote Code Execution,Critical,9.7,IT-SRV-0108,No,In Progress
VUL01907,CVE-2015-7833,Server-Side Request Forgery (SSRF),Critical,9.7,SAL-MOB-0150,Yes,Closed
VUL01908,CVE-2016-80951,Broken Authentication,Medium,6.5,SAL-DB-0058,Yes,Closed
VUL01909,CVE-2019-85186,Unpatched Software,High,8.2,HR-PC-0011,No,Won't Fix
VUL01910,CVE-2026-6572,Path Traversal,High,7.7,LEG-PC-0095,Yes,In Progress
VUL01911,CVE-2020-90710,Buffer Overflow,Medium,4.9,SAL-PRT-0119,No,Won't Fix
VUL01912,CVE-2016-71069,Open Redirect,Medium,6.5,LEG-IOT-0098,No,Open
VUL01913,CVE-2017-6936,Buffer Overflow,High,8.1,MKT-RTR-0100,Yes,Closed
VUL01914,CVE-2023-68880,XML External Entity (XXE),Critical,9.3,IT-FW-0010,Yes,In Progress
VUL01915,CVE-2022-3772,Path Traversal,Medium,6.3,IT-LAP-0041,Yes,Patched
VUL01916,CVE-2016-10318,Security Misconfiguration,Low,0.6,FIN-PRT-0043,No,Won't Fix
VUL01917,CVE-2021-5233,Sensitive Data Exposure,Medium,6.8,HR-MOB-0028,No,In Progress
VUL01918,CVE-2023-96490,Path Traversal,High,7.4,FIN-RTR-0002,Yes,Patched
VUL01919,CVE-2016-49455,Denial of Service,Low,3.3,MKT-DB-0054,Yes,Closed
VUL01920,CVE-2019-17806,Path Traversal,Medium,4.1,IT-SRV-0095,No,Open
VUL01921,CVE-2020-64257,XML External Entity (XXE),Critical,10.0,FIN-RTR-0041,No,Open
VUL01922,CVE-2026-14919,Remote Code Execution,Low,1.2,LEG-FW-0012,Yes,Closed
VUL01923,CVE-2021-92477,Missing Security Patch,High,7.1,LEG-PRT-0080,Yes,Closed
VUL01924,CVE-2020-21399,Buffer Overflow,Medium,4.5,HR-IOT-0117,Yes,In Progress
VUL01925,CVE-2020-69977,Insecure Deserialization,Low,0.2,OPS-PC-0017,No,In Progress
VUL01926,CVE-2017-14928,Buffer Overflow,Low,3.6,IT-FW-0006,Yes,Closed
VUL01927,CVE-2017-33623,Weak Password Policy,Medium,6.1,LEG-FW-0074,No,Open
VUL01928,CVE-2016-76045,Unpatched Software,Medium,4.4,HR-RTR-0063,No,In Progress
VUL01929,CVE-2021-18704,Weak Password Policy,High,7.4,ENG-LAP-0037,Yes,Patched
VUL01930,CVE-2024-47401,Insecure Direct Object Reference,High,7.8,SAL-DB-0038,No,Won't Fix
VUL01931,CVE-2022-43356,Security Misconfiguration,Low,3.1,LEG-DB-0012,Yes,Closed
VUL01932,CVE-2019-23939,Open Redirect,Critical,9.1,FIN-IOT-0062,Yes,Closed
VUL01933,CVE-2026-33002,Broken Authentication,Low,0.3,FIN-DB-0061,No,Won't Fix
VUL01934,CVE-2026-32809,Open Redirect,High,7.2,SAL-PC-0015,No,Open
VUL01935,CVE-2026-58311,Weak Password Policy,Critical,9.3,MKT-SRV-0012,No,Won't Fix
VUL01936,CVE-2017-33505,Cross-Site Scripting (XSS),High,7.7,OPS-PRT-0030,No,In Progress
VUL01937,CVE-2022-47307,Unpatched Software,Medium,4.4,SAL-LAP-0065,Yes,In Progress
VUL01938,CVE-2026-89162,Cross-Site Scripting (XSS),High,7.1,HR-SRV-0063,No,In Progress
VUL01939,CVE-2023-56917,Cross-Site Scripting (XSS),Medium,5.5,MKT-MOB-0099,Yes,In Progress
VUL01940,CVE-2015-71257,Security Misconfiguration,Medium,4.2,LEG-FW-0057,Yes,In Progress
VUL01941,CVE-2017-75677,Privilege Escalation,Low,1.8,OPS-MOB-0051,No,Won't Fix
VUL01942,CVE-2015-88076,Unpatched Software,Medium,5.9,HR-FW-0130,No,Won't Fix
VUL01943,CVE-2019-87200,Sensitive Data Exposure,High,7.9,LEG-PC-0115,No,Won't Fix
VUL01944,CVE-2022-23436,Privilege Escalation,Medium,4.7,SAL-MOB-0058,Yes,Closed
VUL01945,CVE-2021-29250,Missing Security Patch,Low,0.2,SAL-PC-0088,Yes,Closed
VUL01946,CVE-2024-91795,Unpatched Software,High,8.0,IT-FW-0045,No,In Progress
VUL01947,CVE-2023-5230,Unpatched Software,Medium,5.2,FIN-MOB-0058,Yes,In Progress
VUL01948,CVE-2023-1246,Privilege Escalation,High,8.0,SAL-SRV-0039,Yes,Patched
VUL01949,CVE-2024-27540,XML External Entity (XXE),Low,1.5,FIN-DB-0045,No,In Progress
VUL01950,CVE-2025-26344,Open Redirect,Medium,4.7,SAL-SRV-0129,No,In Progress
VUL01951,CVE-2018-87400,Insecure Deserialization,Critical,9.6,ENG-RTR-0033,Yes,Patched
VUL01952,CVE-2015-64750,Unpatched Software,Medium,4.2,SAL-SRV-0067,Yes,In Progress
VUL01953,CVE-2016-86217,Weak Password Policy,High,8.5,SAL-SW-0010,Yes,Closed
VUL01954,CVE-2016-70404,Command Injection,High,7.0,IT-RTR-0110,Yes,Closed
VUL01955,CVE-2016-11885,Unpatched Software,Medium,4.1,HR-PRT-0013,No,In Progress
VUL01956,CVE-2018-76038,Missing Security Patch,Medium,5.9,FIN-PRT-0114,No,In Progress
VUL01957,CVE-2026-33138,Cross-Site Scripting (XSS),Medium,4.8,HR-FW-0052,Yes,Closed
VUL01958,CVE-2021-9993,Insecure Direct Object Reference,High,8.5,FIN-PC-0036,Yes,Closed
VUL01959,CVE-2020-38717,Security Misconfiguration,Medium,6.0,IT-PC-0106,Yes,Patched
VUL01960,CVE-2025-85186,Cross-Site Scripting (XSS),Medium,6.9,MKT-SRV-0011,Yes,In Progress
VUL01961,CVE-2021-99893,SQL Injection,Low,3.5,ENG-RTR-0059,No,Won't Fix
VUL01962,CVE-2015-18460,Insecure Deserialization,Low,0.4,MKT-LAP-0072,No,Open
VUL01963,CVE-2015-22440,Command Injection,High,7.4,SAL-FW-0037,No,Open
VUL01964,CVE-2026-26434,SQL Injection,Low,1.1,LEG-LAP-0086,Yes,Patched
VUL01965,CVE-2025-82674,Missing Security Patch,Medium,5.7,LEG-SRV-0014,No,Won't Fix
VUL01966,CVE-2015-70826,Missing Security Patch,Medium,5.9,ENG-PRT-0103,Yes,In Progress
VUL01967,CVE-2021-54341,Command Injection,Medium,5.5,FIN-SW-0120,Yes,In Progress
VUL01968,CVE-2017-30884,Remote Code Execution,Critical,9.5,ENG-DB-0029,Yes,Patched
VUL01969,CVE-2020-41027,Server-Side Request Forgery (SSRF),High,8.2,IT-PRT-0104,Yes,In Progress
VUL01970,CVE-2024-92030,Sensitive Data Exposure,High,7.0,IT-MOB-0079,Yes,In Progress
VUL01971,CVE-2018-92077,Open Redirect,High,8.5,FIN-SRV-0002,No,In Progress
VUL01972,CVE-2026-68894,Command Injection,Medium,6.3,IT-RTR-0076,Yes,Patched
VUL01973,CVE-2020-40687,Insecure Deserialization,Medium,6.3,SAL-IOT-0040,No,Won't Fix
VUL01974,CVE-2018-76191,Missing Security Patch,Critical,9.2,ENG-LAP-0081,No,Won't Fix
VUL01975,CVE-2025-1299,Insecure Deserialization,Medium,6.0,LEG-FW-0028,No,Open
VUL01976,CVE-2023-23424,Command Injection,Critical,9.1,MKT-DB-0034,No,In Progress
VUL01977,CVE-2024-66046,Unpatched Software,High,8.8,ENG-PC-0042,Yes,In Progress
VUL01978,CVE-2015-22684,Denial of Service,High,7.3,OPS-PRT-0025,No,Open
VUL01979,CVE-2019-48840,Outdated SSL/TLS Configuration,Critical,9.5,ENG-PRT-0086,No,Won't Fix
VUL01980,CVE-2024-64935,Path Traversal,Low,1.9,LEG-RTR-0023,No,Won't Fix
VUL01981,CVE-2018-9141,Weak Password Policy,Medium,4.2,SAL-SRV-0083,Yes,In Progress
VUL01982,CVE-2018-59690,Missing Security Patch,Medium,4.5,MKT-FW-0021,No,Open
VUL01983,CVE-2026-91255,Privilege Escalation,High,7.5,SAL-DB-0026,No,Open
VUL01984,CVE-2017-14326,Security Misconfiguration,Low,0.3,IT-DB-0044,No,In Progress
VUL01985,CVE-2024-38851,Server-Side Request Forgery (SSRF),Medium,5.6,ENG-SRV-0018,No,Open
VUL01986,CVE-2022-29574,Unpatched Software,High,8.1,LEG-DB-0006,No,Won't Fix
VUL01987,CVE-2015-45002,Path Traversal,Low,1.1,OPS-LAP-0036,Yes,In Progress
VUL01988,CVE-2019-84039,Server-Side Request Forgery (SSRF),Medium,6.4,FIN-DB-0107,No,Open
VUL01989,CVE-2015-56419,Buffer Overflow,Critical,9.3,LEG-SW-0059,Yes,Patched
VUL01990,CVE-2018-45731,Command Injection,Medium,4.6,OPS-PC-0089,No,Open
VUL01991,CVE-2019-39811,Privilege Escalation,Medium,6.2,ENG-LAP-0061,No,Open
VUL01992,CVE-2019-33841,Server-Side Request Forgery (SSRF),Medium,4.9,OPS-PRT-0065,No,Won't Fix
VUL01993,CVE-2016-46563,XML External Entity (XXE),High,8.3,LEG-PRT-0016,Yes,In Progress
VUL01994,CVE-2016-8025,Outdated SSL/TLS Configuration,High,8.5,MKT-SW-0047,No,In Progress
VUL01995,CVE-2016-7152,SQL Injection,Medium,5.2,OPS-IOT-0118,Yes,In Progress
VUL01996,CVE-2019-28771,Path Traversal,High,7.6,MKT-SRV-0086,No,Open
VUL01997,CVE-2023-11667,Path Traversal,High,8.6,SAL-MOB-0013,Yes,In Progress
VUL01998,CVE-2015-13653,Server-Side Request Forgery (SSRF),Medium,5.1,MKT-SW-0035,Yes,In Progress
VUL01999,CVE-2015-68123,Weak Password Policy,High,7.8,OPS-SRV-0057,Yes,In Progress
VUL02000,CVE-2022-21399,Outdated SSL/TLS Configuration,Medium,4.5,ENG-MOB-0115,Yes,Closed
VUL02001,CVE-2024-41758,Insecure Direct Object Reference,Low,2.3,ENG-DB-0029,No,Open
VUL02002,CVE-2020-22168,Missing Security Patch,Low,1.1,FIN-LAP-0107,No,Open
VUL02003,CVE-2018-44206,Weak Password Policy,High,8.5,FIN-PC-0112,No,Open
VUL02004,CVE-2018-22192,Outdated SSL/TLS Configuration,Low,3.4,FIN-SW-0094,Yes,Closed
VUL02005,CVE-2018-79408,Path Traversal,High,7.2,IT-LAP-0017,No,Won't Fix
VUL02006,CVE-2025-72273,Broken Authentication,Critical,9.5,LEG-PC-0082,No,Open
VUL02007,CVE-2023-29434,Command Injection,Low,0.9,IT-MOB-0044,No,In Progress
VUL02008,CVE-2023-77129,Weak Password Policy,Medium,6.8,LEG-LAP-0063,Yes,Patched
VUL02009,CVE-2026-14259,Outdated SSL/TLS Configuration,High,8.7,HR-MOB-0105,Yes,Patched
VUL02010,CVE-2025-30724,Unpatched Software,Low,2.6,OPS-SRV-0091,Yes,Patched
VUL02011,CVE-2023-9044,Insecure Direct Object Reference,High,8.7,OPS-SW-0073,Yes,In Progress
VUL02012,CVE-2023-14664,Insecure Deserialization,High,8.2,FIN-IOT-0062,No,Open
VUL02013,CVE-2021-64671,Outdated SSL/TLS Configuration,High,8.7,FIN-MOB-0081,Yes,In Progress
VUL02014,CVE-2015-48430,Unpatched Software,Medium,6.1,LEG-SW-0064,Yes,Closed
VUL02015,CVE-2019-83772,Insecure Direct Object Reference,Medium,4.9,ENG-FW-0122,Yes,Patched
VUL02016,CVE-2024-10383,Buffer Overflow,Critical,9.8,IT-MOB-0023,Yes,Patched
VUL02017,CVE-2025-11579,Buffer Overflow,Medium,4.3,SAL-SRV-0049,No,Won't Fix
VUL02018,CVE-2020-70691,Remote Code Execution,Medium,6.4,ENG-SRV-0114,No,Open
VUL02019,CVE-2022-81539,Security Misconfiguration,High,7.2,MKT-PC-0125,Yes,In Progress
VUL02020,CVE-2018-93576,Denial of Service,Low,0.4,MKT-FW-0037,No,Won't Fix
VUL02021,CVE-2018-40778,Weak Password Policy,Critical,9.1,ENG-IOT-0090,No,Open
VUL02022,CVE-2016-35624,Remote Code Execution,Medium,6.1,MKT-RTR-0086,No,In Progress
VUL02023,CVE-2015-84622,Command Injection,Low,3.0,HR-LAP-0043,No,Won't Fix
VUL02024,CVE-2020-48513,Outdated SSL/TLS Configuration,Critical,9.7,FIN-LAP-0102,Yes,Closed
VUL02025,CVE-2016-25828,Insecure Deserialization,Medium,5.7,IT-SW-0025,Yes,Patched
VUL02026,CVE-2021-24691,Path Traversal,High,8.5,ENG-LAP-0044,No,Won't Fix
VUL02027,CVE-2017-50674,Privilege Escalation,High,8.8,LEG-SW-0053,No,In Progress
VUL02028,CVE-2018-92902,Remote Code Execution,Critical,9.9,OPS-FW-0114,Yes,Closed
VUL02029,CVE-2019-53738,Command Injection,High,8.0,SAL-MOB-0073,Yes,Closed
VUL02030,CVE-2026-53649,Server-Side Request Forgery (SSRF),High,7.3,MKT-PC-0128,Yes,In Progress
VUL02031,CVE-2024-52536,Broken Authentication,Critical,9.5,LEG-SW-0108,No,Open
VUL02032,CVE-2016-83134,Open Redirect,Critical,9.5,LEG-SW-0045,Yes,In Progress
VUL02033,CVE-2018-70900,Unpatched Software,Critical,9.5,OPS-PC-0085,Yes,Patched
VUL02034,CVE-2022-90057,Server-Side Request Forgery (SSRF),Low,2.8,LEG-MOB-0120,Yes,In Progress
VUL02035,CVE-2020-86600,Sensitive Data Exposure,High,7.4,LEG-RTR-0018,Yes,In Progress
VUL02036,CVE-2022-43530,Path Traversal,Medium,6.3,MKT-SRV-0082,Yes,Patched
VUL02037,CVE-2016-44605,Path Traversal,High,8.8,MKT-RTR-0008,Yes,In Progress
VUL02038,CVE-2024-72042,Server-Side Request Forgery (SSRF),Low,2.0,OPS-SRV-0085,Yes,Patched
VUL02039,CVE-2025-69805,XML External Entity (XXE),Critical,9.9,ENG-RTR-0034,No,Won't Fix
VUL02040,CVE-2017-10758,Server-Side Request Forgery (SSRF),Medium,4.5,FIN-PRT-0130,Yes,Patched
VUL02041,CVE-2020-51133,Path Traversal,Low,2.6,LEG-IOT-0028,No,Open
VUL02042,CVE-2020-39895,Weak Password Policy,High,7.2,HR-MOB-0102,Yes,Closed
VUL02043,CVE-2022-60038,Insecure Direct Object Reference,Medium,6.3,HR-PC-0079,Yes,Closed
VUL02044,CVE-2021-91421,Denial of Service,Low,0.5,OPS-LAP-0071,Yes,In Progress
VUL02045,CVE-2021-55717,Command Injection,Medium,6.7,ENG-SW-0073,No,Won't Fix
VUL02046,CVE-2015-93072,Command Injection,High,7.7,IT-PRT-0115,No,Won't Fix
VUL02047,CVE-2017-59159,Broken Authentication,Medium,6.8,SAL-RTR-0086,No,Won't Fix
VUL02048,CVE-2015-6241,XML External Entity (XXE),Low,1.7,IT-SRV-0070,Yes,Patched
VUL02049,CVE-2017-52444,SQL Injection,High,8.6,IT-MOB-0035,Yes,Patched
VUL02050,CVE-2024-19854,Outdated SSL/TLS Configuration,High,8.0,LEG-RTR-0061,No,Open
VUL02051,CVE-2023-80321,Unpatched Software,Low,0.8,HR-SW-0050,No,In Progress
VUL02052,CVE-2016-22813,Outdated SSL/TLS Configuration,Medium,5.4,OPS-SRV-0011,Yes,In Progress
VUL02053,CVE-2026-39323,Open Redirect,Medium,4.8,FIN-SW-0085,No,Open
VUL02054,CVE-2025-43804,Insecure Direct Object Reference,High,7.9,FIN-LAP-0119,No,In Progress
VUL02055,CVE-2021-57251,Unpatched Software,Medium,5.4,SAL-SRV-0040,Yes,Patched
VUL02056,CVE-2019-60738,Unpatched Software,Low,1.6,OPS-PC-0129,No,Open
VUL02057,CVE-2021-41270,Remote Code Execution,Low,1.9,SAL-DB-0017,Yes,Patched
VUL02058,CVE-2024-28712,Buffer Overflow,Medium,4.9,HR-DB-0039,No,In Progress
VUL02059,CVE-2015-65450,XML External Entity (XXE),Medium,6.4,FIN-SW-0129,Yes,In Progress
VUL02060,CVE-2023-71977,Insecure Direct Object Reference,High,8.9,OPS-FW-0115,No,Won't Fix
VUL02061,CVE-2023-23728,Cross-Site Scripting (XSS),Medium,4.4,HR-SRV-0095,Yes,In Progress
VUL02062,CVE-2025-85243,Sensitive Data Exposure,High,8.6,FIN-DB-0029,Yes,Patched
VUL02063,CVE-2023-50384,Outdated SSL/TLS Configuration,Low,3.9,LEG-MOB-0057,No,In Progress
VUL02064,CVE-2022-17572,Cross-Site Scripting (XSS),Low,2.7,HR-SW-0010,Yes,In Progress
VUL02065,CVE-2022-33607,Security Misconfiguration,Low,2.8,IT-LAP-0057,No,Open
VUL02066,CVE-2018-53617,Broken Authentication,Medium,5.1,OPS-LAP-0071,Yes,Patched
VUL02067,CVE-2024-90319,Command Injection,High,7.4,IT-PRT-0032,Yes,In Progress
VUL02068,CVE-2024-74870,Privilege Escalation,High,7.6,FIN-IOT-0112,Yes,Patched
VUL02069,CVE-2016-97211,Security Misconfiguration,High,7.9,ENG-DB-0059,No,In Progress
VUL02070,CVE-2021-41973,SQL Injection,Low,1.5,LEG-PC-0115,No,In Progress
VUL02071,CVE-2015-67679,Outdated SSL/TLS Configuration,High,8.0,FIN-MOB-0039,Yes,Patched
VUL02072,CVE-2026-31015,Missing Security Patch,High,8.0,MKT-LAP-0021,No,Won't Fix
VUL02073,CVE-2021-61823,XML External Entity (XXE),Low,2.3,IT-PC-0099,Yes,In Progress
VUL02074,CVE-2015-50664,Missing Security Patch,High,8.3,ENG-LAP-0014,Yes,Patched
VUL02075,CVE-2018-95968,Security Misconfiguration,High,8.7,LEG-FW-0094,Yes,Closed
VUL02076,CVE-2026-1593,Privilege Escalation,Medium,5.4,IT-DB-0129,Yes,Patched
VUL02077,CVE-2025-58539,Command Injection,Low,2.3,ENG-SRV-0149,Yes,Closed
VUL02078,CVE-2021-17422,Denial of Service,Medium,4.7,FIN-SRV-0097,No,In Progress
VUL02079,CVE-2024-45665,Weak Password Policy,High,7.7,SAL-DB-0025,No,In Progress
VUL02080,CVE-2022-99878,Buffer Overflow,Low,3.9,LEG-PRT-0063,No,Open
VUL02081,CVE-2022-60058,Broken Authentication,Medium,5.5,LEG-SRV-0035,No,Open
VUL02082,CVE-2019-83191,Security Misconfiguration,High,8.6,SAL-PC-0069,Yes,Closed
VUL02083,CVE-2023-13152,Sensitive Data Exposure,Low,2.1,LEG-SW-0103,No,In Progress
VUL02084,CVE-2018-71835,Buffer Overflow,Low,2.0,HR-PC-0124,Yes,In Progress
VUL02085,CVE-2024-50200,Security Misconfiguration,High,8.5,HR-LAP-0079,Yes,Patched
VUL02086,CVE-2023-82772,Insecure Direct Object Reference,High,8.0,LEG-LAP-0059,Yes,Patched
VUL02087,CVE-2018-37856,Missing Security Patch,Critical,9.1,MKT-PRT-0019,Yes,Patched
VUL02088,CVE-2016-43963,Open Redirect,Low,0.5,MKT-MOB-0041,Yes,In Progress
VUL02089,CVE-2018-60218,Path Traversal,Critical,9.6,SAL-MOB-0005,Yes,Closed
VUL02090,CVE-2018-85427,Unpatched Software,Medium,5.2,ENG-LAP-0106,Yes,In Progress
VUL02091,CVE-2023-72266,Cross-Site Scripting (XSS),Medium,5.3,IT-DB-0014,Yes,Closed
VUL02092,CVE-2018-5376,Server-Side Request Forgery (SSRF),Critical,9.3,SAL-SW-0085,No,Won't Fix
VUL02093,CVE-2021-68694,Broken Authentication,Medium,5.4,OPS-FW-0005,Yes,In Progress
VUL02094,CVE-2019-46533,XML External Entity (XXE),Critical,9.9,OPS-SW-0126,Yes,Patched
VUL02095,CVE-2025-58165,Unpatched Software,High,7.1,HR-SW-0010,No,Won't Fix
VUL02096,CVE-2017-45687,Denial of Service,High,8.1,SAL-IOT-0118,No,In Progress
VUL02097,CVE-2020-97567,Weak Password Policy,Medium,6.7,LEG-IOT-0099,Yes,In Progress
VUL02098,CVE-2023-55427,Cross-Site Scripting (XSS),High,7.9,LEG-SW-0071,Yes,Patched
VUL02099,CVE-2024-30853,Insecure Deserialization,High,7.9,FIN-SRV-0015,Yes,In Progress
VUL02100,CVE-2026-47278,Weak Password Policy,Medium,5.4,ENG-FW-0012,Yes,Closed
VUL02101,CVE-2023-98153,Outdated SSL/TLS Configuration,Critical,10.0,MKT-SW-0063,No,In Progress
VUL02102,CVE-2020-52438,Denial of Service,High,7.0,ENG-FW-0021,Yes,Patched
VUL02103,CVE-2016-37112,Insecure Direct Object Reference,High,7.5,SAL-PC-0072,No,Open
VUL02104,CVE-2019-18877,Server-Side Request Forgery (SSRF),High,8.8,SAL-SRV-0015,Yes,In Progress
VUL02105,CVE-2015-10528,XML External Entity (XXE),Low,0.2,FIN-SW-0091,Yes,Patched
VUL02106,CVE-2015-68149,Unpatched Software,High,7.1,FIN-MOB-0006,Yes,In Progress
VUL02107,CVE-2024-26788,Insecure Deserialization,High,8.9,ENG-DB-0021,No,Won't Fix
VUL02108,CVE-2022-43032,Buffer Overflow,High,8.1,LEG-SW-0019,Yes,Patched
VUL02109,CVE-2023-18853,Sensitive Data Exposure,High,8.0,FIN-SRV-0003,No,Open
VUL02110,CVE-2018-59265,Server-Side Request Forgery (SSRF),High,7.3,SAL-LAP-0055,No,Won't Fix
VUL02111,CVE-2020-29992,Outdated SSL/TLS Configuration,Critical,10.0,OPS-FW-0128,No,In Progress
VUL02112,CVE-2021-67888,SQL Injection,High,8.2,LEG-FW-0046,Yes,Closed
VUL02113,CVE-2022-73450,SQL Injection,Critical,9.3,FIN-LAP-0018,No,Won't Fix
VUL02114,CVE-2022-96505,Cross-Site Scripting (XSS),High,8.3,IT-FW-0085,No,Won't Fix
VUL02115,CVE-2015-36932,Open Redirect,Low,3.9,HR-DB-0102,Yes,Closed
VUL02116,CVE-2023-87871,Unpatched Software,High,8.5,ENG-PC-0106,No,Won't Fix
VUL02117,CVE-2017-13334,XML External Entity (XXE),Medium,5.9,SAL-DB-0020,No,In Progress
VUL02118,CVE-2025-88434,Denial of Service,Critical,9.3,FIN-SRV-0031,Yes,In Progress
VUL02119,CVE-2024-1454,Unpatched Software,High,7.9,HR-FW-0086,Yes,In Progress
VUL02120,CVE-2021-76498,Remote Code Execution,Medium,4.5,FIN-PRT-0105,No,Open
VUL02121,CVE-2024-4202,Unpatched Software,Low,2.9,FIN-FW-0070,Yes,In Progress
VUL02122,CVE-2018-68364,Cross-Site Scripting (XSS),Low,0.6,ENG-IOT-0084,Yes,In Progress
VUL02123,CVE-2024-6251,XML External Entity (XXE),High,7.2,OPS-RTR-0076,Yes,In Progress
VUL02124,CVE-2021-13091,Path Traversal,Low,1.4,MKT-SRV-0005,No,Open
VUL02125,CVE-2016-91372,Unpatched Software,Critical,9.2,MKT-SW-0015,Yes,Patched
VUL02126,CVE-2020-14510,Missing Security Patch,High,8.5,IT-SW-0056,Yes,In Progress
VUL02127,CVE-2021-11617,Command Injection,Low,2.3,ENG-LAP-0043,Yes,Patched
VUL02128,CVE-2019-12987,Path Traversal,Critical,9.7,SAL-FW-0102,Yes,Closed
VUL02129,CVE-2022-12264,Buffer Overflow,High,8.2,FIN-SW-0077,No,In Progress
VUL02130,CVE-2021-20379,Security Misconfiguration,Medium,4.0,OPS-PC-0020,Yes,In Progress
VUL02131,CVE-2015-52303,Insecure Deserialization,Medium,4.4,IT-MOB-0059,No,In Progress
VUL02132,CVE-2026-10091,Sensitive Data Exposure,Medium,4.4,SAL-MOB-0140,Yes,In Progress
VUL02133,CVE-2018-43948,Denial of Service,Low,2.5,SAL-MOB-0041,No,Won't Fix
VUL02134,CVE-2017-48528,Buffer Overflow,High,8.1,SAL-SRV-0049,No,In Progress
VUL02135,CVE-2025-29648,Insecure Direct Object Reference,Low,0.8,LEG-PC-0100,No,Won't Fix
VUL02136,CVE-2015-95291,SQL Injection,Medium,5.3,HR-LAP-0008,Yes,In Progress
VUL02137,CVE-2022-53700,Missing Security Patch,Critical,10.0,FIN-LAP-0109,Yes,Patched
VUL02138,CVE-2020-20001,Open Redirect,Medium,4.3,FIN-FW-0110,No,Won't Fix
VUL02139,CVE-2020-9058,Unpatched Software,Low,1.8,MKT-RTR-0011,No,Open
VUL02140,CVE-2020-15004,Command Injection,High,7.2,LEG-IOT-0104,No,Open
VUL02141,CVE-2025-89010,Denial of Service,Medium,5.6,MKT-LAP-0002,Yes,Closed
VUL02142,CVE-2025-76966,Unpatched Software,Low,1.7,LEG-RTR-0091,Yes,In Progress
VUL02143,CVE-2023-40600,Command Injection,Low,0.6,HR-SW-0013,Yes,Closed
VUL02144,CVE-2018-46590,Open Redirect,Medium,6.0,SAL-PRT-0004,Yes,Patched
VUL02145,CVE-2025-49606,Privilege Escalation,Low,2.2,OPS-PC-0108,Yes,Closed
VUL02146,CVE-2023-53590,Insecure Direct Object Reference,High,8.5,MKT-SW-0081,No,Open
VUL02147,CVE-2019-1189,Privilege Escalation,Critical,9.3,HR-IOT-0011,Yes,In Progress
VUL02148,CVE-2018-8824,Command Injection,Low,3.0,IT-IOT-0072,No,Won't Fix
VUL02149,CVE-2025-68363,Unpatched Software,High,7.4,ENG-IOT-0082,No,Won't Fix
VUL02150,CVE-2017-77772,Missing Security Patch,Low,0.6,ENG-MOB-0142,No,In Progress
VUL02151,CVE-2023-58574,Path Traversal,Medium,6.9,FIN-PRT-0079,No,Won't Fix
VUL02152,CVE-2025-49693,Broken Authentication,Medium,5.8,LEG-SW-0117,Yes,In Progress
VUL02153,CVE-2025-25702,Cross-Site Scripting (XSS),Low,3.4,IT-DB-0007,No,Open
VUL02154,CVE-2022-44063,SQL Injection,Low,0.3,SAL-FW-0081,No,Open
VUL02155,CVE-2017-12581,Open Redirect,Low,3.1,LEG-PRT-0133,No,Open
VUL02156,CVE-2018-71870,Privilege Escalation,High,7.9,LEG-PC-0014,Yes,Patched
VUL02157,CVE-2022-91817,Open Redirect,Medium,5.9,MKT-IOT-0089,No,Won't Fix
VUL02158,CVE-2015-69986,Outdated SSL/TLS Configuration,High,7.8,ENG-FW-0056,Yes,In Progress
VUL02159,CVE-2025-56516,Insecure Direct Object Reference,Low,0.2,OPS-LAP-0008,No,Open
VUL02160,CVE-2024-2756,Broken Authentication,Medium,4.4,ENG-IOT-0033,No,Won't Fix
VUL02161,CVE-2025-19495,Server-Side Request Forgery (SSRF),Low,0.7,LEG-MOB-0050,No,Open
VUL02162,CVE-2019-81712,Unpatched Software,High,7.9,IT-PC-0021,Yes,Patched
VUL02163,CVE-2018-76087,Insecure Direct Object Reference,High,8.8,SAL-PRT-0017,Yes,Patched
VUL02164,CVE-2017-14806,Command Injection,Critical,9.3,OPS-LAP-0020,Yes,Patched
VUL02165,CVE-2022-71833,Remote Code Execution,Medium,6.3,IT-LAP-0054,Yes,Patched
VUL02166,CVE-2021-21262,Sensitive Data Exposure,Low,3.2,FIN-SW-0015,No,In Progress
VUL02167,CVE-2018-27911,Denial of Service,Critical,9.1,MKT-SW-0050,No,In Progress
VUL02168,CVE-2020-49813,XML External Entity (XXE),High,7.2,HR-PRT-0077,No,In Progress
VUL02169,CVE-2019-8776,Missing Security Patch,Medium,4.6,SAL-MOB-0136,Yes,In Progress
VUL02170,CVE-2026-70789,XML External Entity (XXE),Critical,10.0,FIN-FW-0120,No,In Progress
VUL02171,CVE-2023-33274,Denial of Service,Medium,5.7,LEG-DB-0046,No,Won't Fix
VUL02172,CVE-2017-3790,Unpatched Software,Medium,6.9,OPS-PC-0107,Yes,Patched
VUL02173,CVE-2016-14795,Path Traversal,High,8.7,LEG-PC-0005,No,Open
VUL02174,CVE-2017-75634,Server-Side Request Forgery (SSRF),Low,3.9,IT-SW-0050,Yes,Patched
VUL02175,CVE-2024-24665,Buffer Overflow,Medium,5.5,ENG-IOT-0091,Yes,Patched
VUL02176,CVE-2025-80421,Server-Side Request Forgery (SSRF),High,7.5,FIN-PRT-0129,Yes,Closed
VUL02177,CVE-2020-20287,Command Injection,High,8.3,MKT-PRT-0101,Yes,Closed
VUL02178,CVE-2022-7993,Command Injection,Low,0.9,HR-DB-0091,No,Open
VUL02179,CVE-2023-63537,Weak Password Policy,Medium,5.4,MKT-SRV-0065,Yes,Closed
VUL02180,CVE-2024-66098,Missing Security Patch,Medium,6.5,ENG-PC-0020,No,Open
VUL02181,CVE-2024-27395,Security Misconfiguration,Medium,4.7,SAL-LAP-0004,Yes,Closed
VUL02182,CVE-2023-52576,Outdated SSL/TLS Configuration,Low,2.7,SAL-DB-0054,No,Open
VUL02183,CVE-2023-18031,Insecure Deserialization,Critical,9.1,ENG-FW-0039,No,In Progress
VUL02184,CVE-2018-91363,Path Traversal,High,8.3,HR-SRV-0110,No,Won't Fix
VUL02185,CVE-2016-51179,Command Injection,High,8.0,MKT-DB-0052,Yes,Patched
VUL02186,CVE-2015-93678,Privilege Escalation,Critical,9.5,SAL-MOB-0004,Yes,Patched
VUL02187,CVE-2020-23812,Security Misconfiguration,Low,3.6,IT-FW-0013,No,Won't Fix
VUL02188,CVE-2023-86326,Privilege Escalation,High,8.2,ENG-RTR-0048,No,In Progress
VUL02189,CVE-2020-64730,XML External Entity (XXE),High,8.5,FIN-PC-0027,Yes,Closed
VUL02190,CVE-2026-48291,Command Injection,Low,3.5,HR-SW-0033,No,Won't Fix
VUL02191,CVE-2018-71420,Broken Authentication,Medium,5.7,ENG-SRV-0079,Yes,In Progress
VUL02192,CVE-2016-31663,Sensitive Data Exposure,Low,1.8,SAL-SW-0094,No,Won't Fix
VUL02193,CVE-2015-88647,Privilege Escalation,High,7.1,IT-FW-0129,Yes,Closed
VUL02194,CVE-2016-56760,Privilege Escalation,Low,2.5,MKT-RTR-0023,Yes,Patched
VUL02195,CVE-2025-51386,Server-Side Request Forgery (SSRF),High,7.3,FIN-LAP-0008,No,Won't Fix
VUL02196,CVE-2025-61011,Remote Code Execution,Medium,5.9,ENG-FW-0033,Yes,Closed
VUL02197,CVE-2022-86816,Insecure Deserialization,Low,2.6,MKT-MOB-0053,No,In Progress
VUL02198,CVE-2015-91235,Missing Security Patch,High,8.8,OPS-LAP-0046,Yes,Patched
VUL02199,CVE-2024-16198,Outdated SSL/TLS Configuration,Medium,5.9,OPS-PC-0030,Yes,Patched
VUL02200,CVE-2025-6167,Weak Password Policy,Low,2.5,FIN-IOT-0096,Yes,Closed
VUL02201,CVE-2025-60200,Insecure Direct Object Reference,Medium,4.9,MKT-FW-0040,No,In Progress
VUL02202,CVE-2023-36377,Missing Security Patch,Low,3.0,MKT-MOB-0039,Yes,Closed
VUL02203,CVE-2018-35889,XML External Entity (XXE),Critical,9.5,FIN-SW-0049,Yes,Patched
VUL02204,CVE-2023-48337,Privilege Escalation,High,8.8,IT-SRV-0052,Yes,Closed
VUL02205,CVE-2017-64124,Command Injection,Low,0.8,IT-SW-0048,Yes,Closed
VUL02206,CVE-2020-67972,Broken Authentication,Medium,6.1,MKT-DB-0025,No,Open
VUL02207,CVE-2015-73664,XML External Entity (XXE),Medium,4.1,ENG-MOB-0061,No,Won't Fix
VUL02208,CVE-2022-74474,Open Redirect,Medium,4.5,FIN-MOB-0127,Yes,Closed
VUL02209,CVE-2019-45814,Remote Code Execution,High,8.5,LEG-DB-0015,No,Won't Fix
VUL02210,CVE-2020-68712,XML External Entity (XXE),Low,2.1,OPS-DB-0117,No,Won't Fix
VUL02211,CVE-2021-83668,Weak Password Policy,Medium,6.0,MKT-RTR-0075,Yes,In Progress
VUL02212,CVE-2020-52674,Missing Security Patch,Medium,6.6,SAL-SRV-0030,Yes,Closed
VUL02213,CVE-2015-6894,Unpatched Software,Medium,6.6,SAL-RTR-0050,No,Won't Fix
VUL02214,CVE-2024-37887,Weak Password Policy,Low,2.0,OPS-RTR-0121,Yes,Closed
VUL02215,CVE-2023-76884,Security Misconfiguration,Low,2.9,OPS-FW-0026,No,Open
VUL02216,CVE-2026-60255,Broken Authentication,High,8.0,LEG-IOT-0067,Yes,In Progress
VUL02217,CVE-2016-33304,Command Injection,High,8.7,HR-IOT-0033,No,In Progress
VUL02218,CVE-2015-77230,Sensitive Data Exposure,Low,3.0,SAL-LAP-0100,Yes,Closed
VUL02219,CVE-2024-51817,Missing Security Patch,Medium,5.5,FIN-SW-0015,Yes,Patched
VUL02220,CVE-2026-5062,Missing Security Patch,High,8.7,HR-SRV-0037,No,In Progress
VUL02221,CVE-2026-78196,Insecure Deserialization,Critical,9.8,LEG-IOT-0057,Yes,Patched
VUL02222,CVE-2025-30077,Command Injection,High,8.8,IT-MOB-0039,Yes,Patched
VUL02223,CVE-2026-78071,Cross-Site Scripting (XSS),High,8.4,SAL-MOB-0020,No,Open
VUL02224,CVE-2017-34910,Buffer Overflow,High,7.4,LEG-PRT-0037,Yes,In Progress
VUL02225,CVE-2015-24597,Privilege Escalation,High,8.1,LEG-PC-0115,Yes,Closed
VUL02226,CVE-2020-74361,Security Misconfiguration,High,8.8,MKT-PC-0075,No,Won't Fix
VUL02227,CVE-2020-71289,Security Misconfiguration,High,7.3,MKT-DB-0113,No,In Progress
VUL02228,CVE-2023-52458,Path Traversal,Medium,4.1,SAL-FW-0034,No,Open
VUL02229,CVE-2015-63584,Open Redirect,High,7.9,HR-PC-0064,No,Won't Fix
VUL02230,CVE-2025-79262,Weak Password Policy,High,8.0,FIN-DB-0039,Yes,In Progress
VUL02231,CVE-2024-4365,Unpatched Software,Critical,9.9,HR-RTR-0079,No,In Progress
VUL02232,CVE-2016-81928,Path Traversal,Medium,6.1,FIN-IOT-0013,No,In Progress
VUL02233,CVE-2016-53837,Privilege Escalation,Medium,5.6,LEG-IOT-0071,No,Won't Fix
VUL02234,CVE-2015-33101,Unpatched Software,Critical,9.9,LEG-SW-0093,Yes,Closed
VUL02235,CVE-2025-75409,Server-Side Request Forgery (SSRF),Low,1.1,HR-LAP-0086,Yes,In Progress
VUL02236,CVE-2017-98685,Privilege Escalation,High,7.7,LEG-LAP-0083,No,In Progress
VUL02237,CVE-2026-27813,Insecure Deserialization,Low,3.8,ENG-SW-0005,Yes,Closed
VUL02238,CVE-2017-94066,Denial of Service,Medium,6.9,SAL-FW-0095,No,Won't Fix
VUL02239,CVE-2016-69931,Missing Security Patch,Medium,4.8,HR-FW-0007,No,Won't Fix
VUL02240,CVE-2026-37651,Path Traversal,High,8.0,FIN-PC-0033,Yes,Patched
VUL02241,CVE-2016-10342,Open Redirect,Low,2.6,SAL-SRV-0077,Yes,Patched
VUL02242,CVE-2015-31427,XML External Entity (XXE),Low,1.5,HR-DB-0081,Yes,In Progress
VUL02243,CVE-2023-63351,Insecure Direct Object Reference,High,7.1,MKT-SRV-0050,No,In Progress
VUL02244,CVE-2018-38498,Buffer Overflow,Low,1.5,HR-DB-0003,Yes,Patched
VUL02245,CVE-2023-20649,Open Redirect,Medium,4.7,HR-RTR-0082,No,Open
VUL02246,CVE-2015-40442,Cross-Site Scripting (XSS),Medium,6.9,LEG-FW-0072,No,In Progress
VUL02247,CVE-2023-27278,XML External Entity (XXE),Low,2.1,OPS-LAP-0055,No,Won't Fix
VUL02248,CVE-2020-96353,Command Injection,Medium,5.5,OPS-SRV-0016,Yes,Patched
VUL02249,CVE-2025-56103,Denial of Service,Critical,9.0,OPS-PC-0122,Yes,Patched
VUL02250,CVE-2023-12680,XML External Entity (XXE),Medium,5.8,OPS-IOT-0078,No,In Progress
VUL02251,CVE-2019-22264,Sensitive Data Exposure,Medium,4.8,LEG-PRT-0009,Yes,Closed
VUL02252,CVE-2016-80268,Insecure Deserialization,Medium,6.3,FIN-SW-0033,Yes,Patched
VUL02253,CVE-2021-76019,Cross-Site Scripting (XSS),Critical,9.7,LEG-SW-0057,No,Open
VUL02254,CVE-2016-57504,Path Traversal,Low,1.2,LEG-IOT-0111,Yes,Closed
VUL02255,CVE-2021-15040,Remote Code Execution,Critical,9.1,ENG-DB-0096,Yes,Closed
VUL02256,CVE-2026-80690,Broken Authentication,Medium,6.2,MKT-RTR-0056,No,Won't Fix
VUL02257,CVE-2016-23704,Insecure Deserialization,Medium,6.3,OPS-LAP-0020,No,In Progress
VUL02258,CVE-2018-8493,Buffer Overflow,Medium,6.4,HR-LAP-0126,Yes,Patched
VUL02259,CVE-2017-2103,SQL Injection,Medium,6.1,SAL-FW-0080,Yes,In Progress
VUL02260,CVE-2020-58042,Sensitive Data Exposure,Low,2.6,MKT-RTR-0055,No,Won't Fix
VUL02261,CVE-2022-1403,Denial of Service,Medium,4.5,SAL-IOT-0002,Yes,Closed
VUL02262,CVE-2017-45216,SQL Injection,Low,0.8,OPS-RTR-0113,Yes,Closed
VUL02263,CVE-2023-21967,Open Redirect,Medium,4.7,SAL-DB-0078,Yes,Patched
VUL02264,CVE-2015-91182,Path Traversal,Critical,9.5,HR-IOT-0052,Yes,Closed
VUL02265,CVE-2026-27587,Insecure Direct Object Reference,Medium,6.1,IT-PRT-0010,Yes,In Progress
VUL02266,CVE-2015-14101,Denial of Service,Low,1.5,MKT-PRT-0011,No,Open
VUL02267,CVE-2019-95629,Weak Password Policy,Critical,9.1,OPS-PC-0068,Yes,In Progress
VUL02268,CVE-2017-11922,Server-Side Request Forgery (SSRF),Low,3.8,MKT-FW-0070,No,Open
VUL02269,CVE-2015-93805,Path Traversal,Low,0.2,SAL-FW-0105,Yes,In Progress
VUL02270,CVE-2015-45415,Insecure Direct Object Reference,High,7.3,ENG-DB-0074,Yes,In Progress
VUL02271,CVE-2019-75041,Remote Code Execution,Critical,9.5,FIN-SW-0035,Yes,In Progress
VUL02272,CVE-2022-6117,XML External Entity (XXE),Low,0.5,HR-FW-0127,Yes,Patched
VUL02273,CVE-2016-51495,Open Redirect,Low,2.4,SAL-FW-0073,Yes,Patched
VUL02274,CVE-2021-44232,Open Redirect,Low,3.5,LEG-SRV-0073,No,In Progress
VUL02275,CVE-2020-59589,Remote Code Execution,High,8.1,ENG-FW-0097,Yes,Closed
VUL02276,CVE-2016-37813,Missing Security Patch,Medium,4.8,MKT-SW-0068,Yes,Closed
VUL02277,CVE-2017-77229,Denial of Service,Critical,9.2,IT-DB-0099,No,Won't Fix
VUL02278,CVE-2016-33223,Missing Security Patch,High,8.5,IT-PRT-0094,Yes,In Progress
VUL02279,CVE-2022-73460,Remote Code Execution,Medium,4.6,SAL-PRT-0020,Yes,In Progress
VUL02280,CVE-2017-67050,Open Redirect,Medium,6.2,ENG-LAP-0064,Yes,Closed
VUL02281,CVE-2018-38847,XML External Entity (XXE),Critical,9.8,ENG-IOT-0011,No,Won't Fix
VUL02282,CVE-2019-93716,SQL Injection,Critical,9.3,MKT-SW-0122,Yes,Closed
VUL02283,CVE-2021-75284,Privilege Escalation,Medium,6.5,IT-FW-0004,Yes,Closed
VUL02284,CVE-2019-14500,Sensitive Data Exposure,Medium,6.7,SAL-RTR-0106,Yes,Closed
VUL02285,CVE-2017-97024,Security Misconfiguration,Low,3.0,HR-SW-0116,Yes,Closed
VUL02286,CVE-2020-67144,Weak Password Policy,Medium,5.8,MKT-FW-0094,Yes,Patched
VUL02287,CVE-2026-24364,Broken Authentication,Critical,9.3,HR-PC-0087,Yes,Closed
VUL02288,CVE-2024-73812,Insecure Deserialization,Critical,9.8,SAL-IOT-0003,Yes,In Progress
VUL02289,CVE-2021-71258,Weak Password Policy,Low,0.4,HR-FW-0130,Yes,In Progress
VUL02290,CVE-2018-31072,Unpatched Software,Medium,5.0,FIN-PRT-0034,Yes,Patched
VUL02291,CVE-2020-47561,Insecure Deserialization,Low,3.7,FIN-RTR-0026,Yes,Closed
VUL02292,CVE-2019-82205,XML External Entity (XXE),High,8.7,HR-SRV-0051,Yes,Closed
VUL02293,CVE-2019-82092,Cross-Site Scripting (XSS),Medium,5.6,LEG-LAP-0004,Yes,Closed
VUL02294,CVE-2025-67006,Weak Password Policy,High,8.4,FIN-IOT-0037,Yes,Patched
VUL02295,CVE-2019-40210,Security Misconfiguration,Medium,4.2,ENG-RTR-0097,No,Open
VUL02296,CVE-2022-15886,Missing Security Patch,Low,3.4,OPS-DB-0101,No,Won't Fix
VUL02297,CVE-2025-9362,SQL Injection,Critical,9.8,MKT-DB-0027,No,Won't Fix
VUL02298,CVE-2020-16767,Unpatched Software,Medium,6.9,FIN-MOB-0061,Yes,Closed
VUL02299,CVE-2015-61830,Outdated SSL/TLS Configuration,Critical,9.6,FIN-SW-0087,Yes,In Progress
VUL02300,CVE-2017-86027,Command Injection,Medium,4.6,OPS-RTR-0048,Yes,Closed
VUL02301,CVE-2022-1212,Outdated SSL/TLS Configuration,High,7.5,ENG-LAP-0041,Yes,Closed
VUL02302,CVE-2015-97379,Cross-Site Scripting (XSS),Medium,4.7,FIN-MOB-0016,Yes,Closed
VUL02303,CVE-2022-98070,Remote Code Execution,High,8.7,OPS-SRV-0017,Yes,Patched
VUL02304,CVE-2016-62143,Denial of Service,High,8.6,LEG-MOB-0067,Yes,In Progress
VUL02305,CVE-2025-65304,Missing Security Patch,Medium,4.9,FIN-SW-0018,Yes,Closed
VUL02306,CVE-2026-59306,XML External Entity (XXE),High,7.9,MKT-FW-0110,Yes,Patched
VUL02307,CVE-2019-34759,Remote Code Execution,Medium,6.3,OPS-DB-0101,No,Won't Fix
VUL02308,CVE-2026-56930,Insecure Deserialization,Medium,5.8,SAL-DB-0002,Yes,Patched
VUL02309,CVE-2021-58786,Security Misconfiguration,Medium,4.3,IT-FW-0059,Yes,Patched
VUL02310,CVE-2023-70982,SQL Injection,Critical,9.9,ENG-DB-0081,Yes,Patched
VUL02311,CVE-2015-61647,Insecure Direct Object Reference,Medium,5.2,HR-SW-0042,Yes,Closed
VUL02312,CVE-2019-52791,Broken Authentication,Low,3.5,HR-SRV-0035,Yes,In Progress
VUL02313,CVE-2025-73505,Remote Code Execution,High,8.6,LEG-PRT-0080,Yes,Patched
VUL02314,CVE-2019-43197,Broken Authentication,Low,0.9,HR-RTR-0069,No,Open
VUL02315,CVE-2024-56315,Open Redirect,Low,2.0,OPS-PC-0122,Yes,Closed
VUL02316,CVE-2024-22372,SQL Injection,Medium,6.6,IT-PC-0024,No,Open
VUL02317,CVE-2017-10394,Remote Code Execution,Medium,5.3,IT-LAP-0076,No,Open
VUL02318,CVE-2016-1500,Security Misconfiguration,Medium,5.9,OPS-PRT-0088,Yes,Closed
VUL02319,CVE-2017-53557,SQL Injection,Medium,4.5,OPS-PRT-0104,Yes,In Progress
VUL02320,CVE-2023-84310,Security Misconfiguration,Medium,5.8,FIN-FW-0120,No,In Progress
VUL02321,CVE-2025-35060,Cross-Site Scripting (XSS),High,7.2,LEG-LAP-0107,Yes,Closed
VUL02322,CVE-2019-62028,Missing Security Patch,Low,2.2,FIN-SW-0087,Yes,In Progress
VUL02323,CVE-2019-35087,Weak Password Policy,High,8.0,LEG-LAP-0039,Yes,In Progress
VUL02324,CVE-2024-34190,Privilege Escalation,Medium,6.1,ENG-RTR-0050,Yes,In Progress
VUL02325,CVE-2025-2017,SQL Injection,Medium,5.3,SAL-PC-0019,Yes,Closed
VUL02326,CVE-2026-82737,Privilege Escalation,Medium,6.6,OPS-PRT-0073,Yes,In Progress
VUL02327,CVE-2015-54215,SQL Injection,Medium,6.3,IT-SW-0065,Yes,In Progress
VUL02328,CVE-2023-32106,Server-Side Request Forgery (SSRF),Critical,9.3,OPS-SW-0019,Yes,In Progress
VUL02329,CVE-2023-54436,Cross-Site Scripting (XSS),Low,1.7,IT-LAP-0001,Yes,Closed
VUL02330,CVE-2023-64009,Insecure Deserialization,Medium,4.6,HR-RTR-0061,Yes,In Progress
VUL02331,CVE-2016-11673,SQL Injection,Medium,5.7,SAL-FW-0042,Yes,Patched
VUL02332,CVE-2020-14516,Remote Code Execution,High,7.1,IT-LAP-0034,No,Won't Fix
VUL02333,CVE-2020-84789,Missing Security Patch,Medium,4.3,HR-MOB-0082,Yes,Patched
VUL02334,CVE-2019-47476,Outdated SSL/TLS Configuration,Low,0.9,FIN-IOT-0045,Yes,In Progress
VUL02335,CVE-2018-22553,Open Redirect,High,7.3,SAL-IOT-0091,Yes,Patched
VUL02336,CVE-2023-80772,SQL Injection,Medium,5.6,LEG-IOT-0048,Yes,Patched
VUL02337,CVE-2019-66557,Weak Password Policy,Low,0.7,FIN-MOB-0048,Yes,Patched
VUL02338,CVE-2023-13717,Missing Security Patch,Low,1.2,LEG-LAP-0092,Yes,Closed
VUL02339,CVE-2018-13143,Command Injection,High,8.0,ENG-SW-0102,Yes,Patched
VUL02340,CVE-2026-39861,Privilege Escalation,Medium,4.3,FIN-RTR-0004,No,Won't Fix
VUL02341,CVE-2022-52784,SQL Injection,Medium,6.9,LEG-LAP-0045,Yes,In Progress
VUL02342,CVE-2022-8134,Missing Security Patch,Low,1.6,ENG-SW-0103,Yes,Patched
VUL02343,CVE-2019-57413,Denial of Service,Medium,5.2,MKT-RTR-0039,No,Won't Fix
VUL02344,CVE-2015-5510,Remote Code Execution,Low,2.4,LEG-SW-0048,No,Open
VUL02345,CVE-2021-73025,Weak Password Policy,Medium,5.9,ENG-LAP-0062,No,Won't Fix
VUL02346,CVE-2016-89806,Denial of Service,High,8.2,MKT-RTR-0101,No,In Progress
VUL02347,CVE-2023-34996,Insecure Direct Object Reference,High,8.9,OPS-LAP-0084,Yes,In Progress
VUL02348,CVE-2018-71983,Open Redirect,Critical,9.7,SAL-LAP-0070,Yes,In Progress
VUL02349,CVE-2020-83200,SQL Injection,Medium,4.9,FIN-SW-0074,Yes,Closed
VUL02350,CVE-2023-22663,Denial of Service,Medium,4.7,ENG-DB-0032,Yes,Patched
VUL02351,CVE-2023-9038,Cross-Site Scripting (XSS),Critical,9.9,LEG-MOB-0084,Yes,In Progress
VUL02352,CVE-2019-29104,Remote Code Execution,Critical,9.5,LEG-RTR-0106,Yes,In Progress
VUL02353,CVE-2019-92640,Outdated SSL/TLS Configuration,Medium,4.9,MKT-LAP-0075,No,Won't Fix
VUL02354,CVE-2016-57274,Sensitive Data Exposure,Critical,10.0,IT-SRV-0101,No,Open
VUL02355,CVE-2025-59995,Denial of Service,Medium,6.5,OPS-SRV-0018,Yes,Closed
VUL02356,CVE-2022-37457,SQL Injection,Low,3.2,MKT-PC-0049,Yes,Closed
VUL02357,CVE-2019-45532,Command Injection,Critical,9.8,IT-SRV-0092,Yes,Patched
VUL02358,CVE-2023-45776,Path Traversal,Low,3.7,IT-SRV-0093,Yes,In Progress
VUL02359,CVE-2016-20415,Open Redirect,High,8.9,IT-SW-0030,No,In Progress
VUL02360,CVE-2022-31476,Remote Code Execution,Medium,5.3,LEG-RTR-0090,No,Won't Fix
VUL02361,CVE-2016-28646,Insecure Direct Object Reference,Medium,4.2,SAL-MOB-0140,Yes,Patched
VUL02362,CVE-2023-2374,Command Injection,Low,0.3,MKT-SRV-0041,Yes,Closed
VUL02363,CVE-2018-43568,Weak Password Policy,High,8.4,MKT-DB-0104,Yes,Closed
VUL02364,CVE-2026-98794,Insecure Deserialization,Medium,6.6,ENG-PRT-0126,Yes,Patched
VUL02365,CVE-2016-26520,XML External Entity (XXE),Medium,4.8,MKT-LAP-0019,Yes,Patched
VUL02366,CVE-2021-63994,Insecure Deserialization,High,7.5,OPS-RTR-0103,Yes,Closed
VUL02367,CVE-2021-9371,Insecure Deserialization,High,8.8,SAL-IOT-0067,Yes,Closed
VUL02368,CVE-2024-31029,Broken Authentication,Medium,6.4,MKT-PRT-0024,No,Open
VUL02369,CVE-2022-70321,Path Traversal,Medium,4.7,OPS-DB-0094,Yes,Closed
VUL02370,CVE-2025-15683,Weak Password Policy,Low,2.5,ENG-DB-0004,No,Won't Fix
VUL02371,CVE-2023-60727,Path Traversal,Critical,9.5,FIN-LAP-0101,No,In Progress
VUL02372,CVE-2018-99713,Outdated SSL/TLS Configuration,Medium,5.8,OPS-SW-0083,Yes,Patched
VUL02373,CVE-2018-39870,XML External Entity (XXE),Low,0.1,OPS-RTR-0032,Yes,In Progress
VUL02374,CVE-2025-30180,Denial of Service,High,7.9,HR-IOT-0005,Yes,Closed
VUL02375,CVE-2023-81697,Insecure Deserialization,Low,3.1,FIN-SRV-0084,Yes,In Progress
VUL02376,CVE-2023-4366,Insecure Direct Object Reference,High,8.5,FIN-SRV-0021,No,In Progress
VUL02377,CVE-2016-26638,Broken Authentication,High,8.1,HR-SW-0093,No,In Progress
VUL02378,CVE-2022-23726,Unpatched Software,Low,2.6,FIN-PC-0074,Yes,In Progress
VUL02379,CVE-2023-10456,Security Misconfiguration,High,7.5,MKT-IOT-0024,Yes,Patched
VUL02380,CVE-2025-90780,Insecure Direct Object Reference,Medium,6.5,SAL-MOB-0019,No,Open
VUL02381,CVE-2017-31201,Denial of Service,High,7.6,OPS-MOB-0104,Yes,In Progress
VUL02382,CVE-2021-26565,Outdated SSL/TLS Configuration,Medium,6.6,IT-PRT-0016,Yes,Patched
VUL02383,CVE-2020-33217,Buffer Overflow,Medium,5.0,FIN-DB-0065,Yes,In Progress
VUL02384,CVE-2015-85584,Outdated SSL/TLS Configuration,Critical,10.0,FIN-FW-0053,Yes,Patched
VUL02385,CVE-2026-46259,Path Traversal,Low,2.8,IT-FW-0123,Yes,In Progress
VUL02386,CVE-2023-59003,Broken Authentication,Medium,5.2,IT-PRT-0073,Yes,Closed
VUL02387,CVE-2022-34358,Outdated SSL/TLS Configuration,Medium,5.2,ENG-IOT-0098,No,Open
VUL02388,CVE-2024-96461,Privilege Escalation,High,8.1,ENG-SW-0078,Yes,Patched
VUL02389,CVE-2023-75904,Security Misconfiguration,Medium,5.5,OPS-MOB-0094,No,Open
VUL02390,CVE-2023-3622,Insecure Deserialization,Critical,9.0,OPS-SRV-0039,Yes,Patched
VUL02391,CVE-2018-66136,Broken Authentication,Low,0.8,OPS-SRV-0018,No,Won't Fix
VUL02392,CVE-2021-79319,Privilege Escalation,Medium,6.6,HR-DB-0048,No,Won't Fix
VUL02393,CVE-2024-45722,Cross-Site Scripting (XSS),Critical,10.0,LEG-PRT-0014,Yes,In Progress
VUL02394,CVE-2018-2200,Outdated SSL/TLS Configuration,Medium,5.9,OPS-MOB-0075,No,Open
VUL02395,CVE-2015-36517,Denial of Service,High,8.4,HR-MOB-0049,Yes,In Progress
VUL02396,CVE-2026-55203,Command Injection,Critical,9.9,IT-FW-0072,Yes,Closed
VUL02397,CVE-2020-31387,Command Injection,Critical,9.5,ENG-LAP-0096,No,Open
VUL02398,CVE-2022-12200,Remote Code Execution,Low,1.6,ENG-SW-0077,Yes,In Progress
VUL02399,CVE-2015-48968,Weak Password Policy,Critical,9.5,IT-SRV-0087,No,Open
VUL02400,CVE-2025-98822,Privilege Escalation,Medium,4.5,HR-SW-0106,No,In Progress
VUL02401,CVE-2024-99274,Broken Authentication,Medium,4.8,IT-SRV-0123,Yes,Closed
VUL02402,CVE-2015-36329,Denial of Service,High,7.7,HR-LAP-0040,Yes,Patched
VUL02403,CVE-2017-72051,XML External Entity (XXE),Low,2.2,SAL-DB-0027,No,Open
VUL02404,CVE-2016-22030,Denial of Service,High,7.8,MKT-SW-0090,Yes,Patched
VUL02405,CVE-2024-16867,Cross-Site Scripting (XSS),High,7.9,SAL-PRT-0081,Yes,Closed
VUL02406,CVE-2016-65835,Path Traversal,Medium,5.4,IT-FW-0094,Yes,In Progress
VUL02407,CVE-2016-92834,XML External Entity (XXE),Medium,5.4,OPS-DB-0066,Yes,Patched
VUL02408,CVE-2017-61078,Cross-Site Scripting (XSS),Medium,4.3,OPS-IOT-0067,Yes,Closed
VUL02409,CVE-2015-1428,Path Traversal,Critical,10.0,IT-PC-0039,Yes,In Progress
VUL02410,CVE-2020-97155,Buffer Overflow,Medium,4.5,OPS-FW-0054,No,Open
VUL02411,CVE-2017-97396,Security Misconfiguration,Medium,5.5,IT-IOT-0103,Yes,Closed
VUL02412,CVE-2021-22946,Denial of Service,Medium,4.9,LEG-SW-0089,Yes,In Progress
VUL02413,CVE-2026-73428,Path Traversal,Low,2.5,FIN-PC-0127,Yes,Patched
VUL02414,CVE-2024-35217,SQL Injection,Medium,5.6,LEG-IOT-0075,Yes,In Progress
VUL02415,CVE-2017-53356,Command Injection,Low,1.6,OPS-RTR-0079,Yes,In Progress
VUL02416,CVE-2015-3607,Denial of Service,Medium,5.8,SAL-PC-0017,No,In Progress
VUL02417,CVE-2018-8980,Sensitive Data Exposure,High,8.8,FIN-MOB-0078,Yes,Patched
VUL02418,CVE-2015-83489,Privilege Escalation,Medium,4.3,SAL-FW-0113,No,Open
VUL02419,CVE-2018-33021,XML External Entity (XXE),High,7.0,OPS-MOB-0059,Yes,Closed
VUL02420,CVE-2016-92101,Broken Authentication,Medium,5.0,MKT-RTR-0051,Yes,Closed
VUL02421,CVE-2022-62563,Sensitive Data Exposure,Medium,5.4,HR-PRT-0007,Yes,Patched
VUL02422,CVE-2025-97475,Weak Password Policy,High,8.7,HR-IOT-0008,Yes,Closed
VUL02423,CVE-2018-23057,Path Traversal,High,8.0,IT-FW-0080,Yes,Closed
VUL02424,CVE-2020-50678,Insecure Deserialization,Critical,9.2,OPS-SW-0047,Yes,Closed
VUL02425,CVE-2023-25730,Server-Side Request Forgery (SSRF),Low,1.4,HR-SW-0103,Yes,In Progress
VUL02426,CVE-2019-89971,Remote Code Execution,Low,3.7,ENG-IOT-0067,Yes,Patched
VUL02427,CVE-2020-7867,SQL Injection,Low,2.8,HR-FW-0035,No,Open
VUL02428,CVE-2021-52855,Security Misconfiguration,High,7.2,IT-SW-0126,No,In Progress
VUL02429,CVE-2018-60931,Insecure Direct Object Reference,Low,1.4,FIN-FW-0123,Yes,Patched
VUL02430,CVE-2018-85819,Buffer Overflow,High,8.5,MKT-PC-0095,Yes,In Progress
VUL02431,CVE-2021-83489,Open Redirect,Critical,9.3,HR-IOT-0058,Yes,Patched
VUL02432,CVE-2025-19897,Open Redirect,High,7.3,FIN-PRT-0103,Yes,Patched
VUL02433,CVE-2022-15901,Missing Security Patch,Medium,5.4,MKT-LAP-0029,Yes,Closed
VUL02434,CVE-2026-60919,Remote Code Execution,Medium,4.1,FIN-MOB-0112,No,In Progress
VUL02435,CVE-2022-77463,Command Injection,Medium,4.4,IT-PC-0009,No,In Progress
VUL02436,CVE-2022-57753,Missing Security Patch,Low,0.2,ENG-SW-0022,Yes,Patched
VUL02437,CVE-2017-43739,Open Redirect,Low,1.3,MKT-PRT-0016,No,Won't Fix
VUL02438,CVE-2019-41278,Server-Side Request Forgery (SSRF),Medium,5.1,SAL-RTR-0003,Yes,Patched
VUL02439,CVE-2023-60646,Open Redirect,High,7.2,OPS-SRV-0064,Yes,In Progress
VUL02440,CVE-2026-99610,Command Injection,Critical,9.6,MKT-SW-0011,No,Open
VUL02441,CVE-2023-79545,Weak Password Policy,Medium,4.6,FIN-SRV-0101,Yes,In Progress
VUL02442,CVE-2015-57845,Insecure Deserialization,High,8.6,MKT-PC-0056,Yes,Patched
VUL02443,CVE-2022-52095,Insecure Deserialization,High,7.2,MKT-PRT-0098,Yes,Patched
VUL02444,CVE-2020-45480,Denial of Service,Medium,5.2,MKT-RTR-0054,No,Open
VUL02445,CVE-2018-27142,Weak Password Policy,Medium,6.1,ENG-PC-0056,Yes,Patched
VUL02446,CVE-2021-56694,Outdated SSL/TLS Configuration,Medium,6.7,FIN-MOB-0091,Yes,Patched
VUL02447,CVE-2023-91175,Outdated SSL/TLS Configuration,Low,2.8,ENG-IOT-0007,No,In Progress
VUL02448,CVE-2020-60876,Cross-Site Scripting (XSS),Low,0.7,ENG-MOB-0046,No,Won't Fix
VUL02449,CVE-2017-90104,Outdated SSL/TLS Configuration,Medium,4.2,HR-RTR-0101,No,Open
VUL02450,CVE-2016-42061,Insecure Direct Object Reference,High,8.7,IT-SRV-0096,Yes,Patched
VUL02451,CVE-2025-71507,Remote Code Execution,Low,2.1,ENG-SW-0064,Yes,Closed
VUL02452,CVE-2017-79925,Path Traversal,Low,2.1,MKT-LAP-0093,Yes,Closed
VUL02453,CVE-2018-86994,Missing Security Patch,Medium,6.6,LEG-MOB-0022,No,Won't Fix
VUL02454,CVE-2019-80244,Command Injection,Low,3.6,HR-PC-0041,Yes,Closed
VUL02455,CVE-2024-85729,Outdated SSL/TLS Configuration,Critical,9.6,OPS-RTR-0092,No,In Progress
VUL02456,CVE-2015-60726,Privilege Escalation,Low,2.6,IT-SRV-0033,Yes,In Progress
VUL02457,CVE-2021-72566,Insecure Direct Object Reference,High,7.6,HR-PRT-0049,No,Won't Fix
VUL02458,CVE-2016-82876,Buffer Overflow,Critical,9.0,MKT-PC-0092,Yes,Closed
VUL02459,CVE-2017-87786,Cross-Site Scripting (XSS),Medium,4.3,IT-SW-0025,Yes,In Progress
VUL02460,CVE-2019-84958,Unpatched Software,Medium,6.3,OPS-SW-0070,Yes,Closed
VUL02461,CVE-2019-32091,Outdated SSL/TLS Configuration,Medium,5.8,ENG-IOT-0053,Yes,Closed
VUL02462,CVE-2018-43890,SQL Injection,Medium,5.2,MKT-DB-0073,Yes,In Progress
VUL02463,CVE-2017-24884,Insecure Deserialization,Critical,9.5,ENG-FW-0015,No,Open
VUL02464,CVE-2017-69880,Unpatched Software,High,7.5,MKT-IOT-0090,Yes,Patched
VUL02465,CVE-2022-6792,Broken Authentication,Medium,5.5,MKT-IOT-0080,No,Won't Fix
VUL02466,CVE-2022-91218,Privilege Escalation,Low,2.3,OPS-PC-0119,Yes,Patched
VUL02467,CVE-2017-77413,Path Traversal,High,7.4,FIN-FW-0086,Yes,Closed
VUL02468,CVE-2017-34980,Weak Password Policy,Low,0.6,MKT-LAP-0047,Yes,Patched
VUL02469,CVE-2019-36121,Insecure Deserialization,Critical,9.5,IT-SRV-0102,Yes,In Progress
VUL02470,CVE-2019-87785,Missing Security Patch,High,7.9,HR-SRV-0027,Yes,In Progress
VUL02471,CVE-2015-20682,Broken Authentication,Critical,9.5,ENG-RTR-0076,Yes,In Progress
VUL02472,CVE-2024-66538,SQL Injection,Low,2.1,MKT-LAP-0071,Yes,Closed
VUL02473,CVE-2021-21726,Outdated SSL/TLS Configuration,Low,0.3,HR-PC-0025,No,Open
VUL02474,CVE-2023-30482,Insecure Deserialization,Low,1.3,FIN-RTR-0016,Yes,Patched
VUL02475,CVE-2022-24695,Remote Code Execution,Critical,9.5,MKT-DB-0047,Yes,Patched
VUL02476,CVE-2016-99337,XML External Entity (XXE),Medium,6.6,HR-PRT-0039,No,Won't Fix
VUL02477,CVE-2015-5521,Command Injection,Medium,6.5,IT-IOT-0130,Yes,Closed
VUL02478,CVE-2015-14863,Unpatched Software,High,7.3,OPS-MOB-0141,No,In Progress
VUL02479,CVE-2015-38036,Unpatched Software,Medium,6.8,OPS-RTR-0075,Yes,Patched
VUL02480,CVE-2016-46587,Command Injection,High,7.4,HR-SW-0117,No,Open
VUL02481,CVE-2018-78436,Open Redirect,High,8.3,FIN-RTR-0025,Yes,Patched
VUL02482,CVE-2023-13066,XML External Entity (XXE),Medium,6.0,SAL-DB-0112,Yes,In Progress
VUL02483,CVE-2023-32245,Unpatched Software,High,8.1,OPS-DB-0103,Yes,Patched
VUL02484,CVE-2018-3897,Denial of Service,Medium,5.1,HR-SRV-0025,Yes,In Progress
VUL02485,CVE-2024-92253,Cross-Site Scripting (XSS),High,7.7,IT-FW-0069,No,Open
VUL02486,CVE-2020-31548,SQL Injection,Medium,4.1,MKT-RTR-0114,Yes,In Progress
VUL02487,CVE-2023-93190,Missing Security Patch,Medium,4.1,OPS-SRV-0026,No,Won't Fix
VUL02488,CVE-2015-37509,Command Injection,High,8.4,OPS-IOT-0017,Yes,Patched
VUL02489,CVE-2026-23250,Insecure Direct Object Reference,Medium,6.4,MKT-SW-0108,Yes,Patched
VUL02490,CVE-2017-25884,Security Misconfiguration,Medium,4.9,IT-MOB-0023,Yes,Patched
VUL02491,CVE-2025-56617,Remote Code Execution,Medium,6.3,HR-FW-0063,Yes,Closed
VUL02492,CVE-2018-62211,Remote Code Execution,High,7.9,OPS-MOB-0086,Yes,Patched
VUL02493,CVE-2021-14282,Buffer Overflow,High,7.9,IT-FW-0125,Yes,In Progress
VUL02494,CVE-2021-10880,Privilege Escalation,Critical,9.7,IT-SRV-0134,Yes,In Progress
VUL02495,CVE-2020-48076,Buffer Overflow,High,8.7,LEG-RTR-0097,No,Open
VUL02496,CVE-2026-96606,Privilege Escalation,Critical,9.8,IT-RTR-0126,Yes,Patched
VUL02497,CVE-2023-23606,Missing Security Patch,Medium,5.7,OPS-SW-0054,No,In Progress
VUL02498,CVE-2025-28982,Security Misconfiguration,Low,0.1,FIN-MOB-0115,No,Won't Fix
VUL02499,CVE-2019-67536,Insecure Deserialization,Medium,4.5,MKT-RTR-0018,Yes,In Progress
VUL02500,CVE-2022-39927,Command Injection,Medium,5.0,FIN-LAP-0098,Yes,Closed
VUL02501,CVE-2021-67041,Weak Password Policy,High,7.1,HR-SW-0050,Yes,In Progress
VUL02502,CVE-2021-15456,Insecure Direct Object Reference,High,8.8,IT-SRV-0098,Yes,In Progress
VUL02503,CVE-2018-67595,Broken Authentication,Medium,5.7,SAL-MOB-0097,No,Won't Fix
VUL02504,CVE-2015-29332,Command Injection,Medium,6.3,HR-SRV-0014,Yes,Closed
VUL02505,CVE-2025-16132,Command Injection,Medium,6.0,ENG-FW-0123,Yes,In Progress
VUL02506,CVE-2019-79446,Insecure Direct Object Reference,Low,0.2,FIN-MOB-0125,Yes,Patched
VUL02507,CVE-2026-33444,Command Injection,Low,1.7,MKT-FW-0099,No,In Progress
VUL02508,CVE-2016-71423,Broken Authentication,Low,0.7,HR-DB-0110,Yes,Patched
VUL02509,CVE-2018-52885,Buffer Overflow,High,8.6,MKT-PRT-0039,Yes,Closed
VUL02510,CVE-2018-42404,Outdated SSL/TLS Configuration,Medium,5.4,IT-PC-0072,Yes,Closed
VUL02511,CVE-2024-84847,XML External Entity (XXE),Low,3.6,HR-IOT-0086,No,In Progress
VUL02512,CVE-2020-20741,Insecure Direct Object Reference,Critical,9.4,MKT-SW-0037,Yes,Patched
VUL02513,CVE-2023-60664,Privilege Escalation,Medium,6.8,MKT-LAP-0048,No,Won't Fix
VUL02514,CVE-2024-45060,Cross-Site Scripting (XSS),Low,2.3,IT-FW-0012,Yes,Closed
VUL02515,CVE-2016-96991,Open Redirect,High,8.5,FIN-FW-0068,Yes,Patched
VUL02516,CVE-2024-9249,Cross-Site Scripting (XSS),High,8.7,ENG-IOT-0065,Yes,Patched
VUL02517,CVE-2015-33756,Server-Side Request Forgery (SSRF),High,8.6,SAL-RTR-0043,No,In Progress
VUL02518,CVE-2021-75409,Weak Password Policy,Low,2.5,HR-LAP-0072,No,Open
VUL02519,CVE-2018-74519,Insecure Direct Object Reference,Low,2.9,IT-FW-0108,Yes,In Progress
VUL02520,CVE-2017-1814,Weak Password Policy,Medium,4.9,ENG-DB-0085,Yes,In Progress
VUL02521,CVE-2026-80430,Privilege Escalation,High,7.3,HR-PRT-0100,No,Won't Fix
VUL02522,CVE-2023-52320,Cross-Site Scripting (XSS),High,7.3,HR-LAP-0091,No,Won't Fix
VUL02523,CVE-2020-17722,Remote Code Execution,High,7.7,HR-FW-0049,Yes,Closed
VUL02524,CVE-2025-59468,SQL Injection,Medium,5.8,OPS-PRT-0084,Yes,Closed
VUL02525,CVE-2023-11281,Open Redirect,High,7.2,OPS-PRT-0056,No,In Progress
VUL02526,CVE-2016-94806,Sensitive Data Exposure,High,8.0,SAL-FW-0109,No,Open
VUL02527,CVE-2020-93315,Open Redirect,High,8.8,FIN-LAP-0035,Yes,Patched
VUL02528,CVE-2015-55144,Cross-Site Scripting (XSS),Medium,6.3,OPS-PRT-0091,No,In Progress
VUL02529,CVE-2015-68887,Insecure Deserialization,Medium,6.6,HR-FW-0005,Yes,Closed
VUL02530,CVE-2025-42027,Open Redirect,Critical,9.2,ENG-MOB-0001,Yes,In Progress
VUL02531,CVE-2021-32925,XML External Entity (XXE),Critical,9.9,SAL-SRV-0054,Yes,In Progress
VUL02532,CVE-2022-67210,Remote Code Execution,High,7.5,MKT-RTR-0021,No,In Progress
VUL02533,CVE-2022-52323,Buffer Overflow,Low,2.3,ENG-SW-0087,No,In Progress
VUL02534,CVE-2019-14473,Open Redirect,High,7.4,LEG-FW-0010,Yes,Patched
VUL02535,CVE-2017-98163,Security Misconfiguration,Low,1.1,HR-SW-0066,Yes,Closed
VUL02536,CVE-2021-28552,XML External Entity (XXE),High,7.2,OPS-MOB-0015,Yes,Patched
VUL02537,CVE-2023-95379,Outdated SSL/TLS Configuration,Medium,6.5,ENG-RTR-0016,Yes,Closed
VUL02538,CVE-2016-70933,Remote Code Execution,High,8.5,LEG-FW-0021,Yes,In Progress
VUL02539,CVE-2024-56330,SQL Injection,Medium,5.9,OPS-IOT-0067,No,Won't Fix
VUL02540,CVE-2021-29475,XML External Entity (XXE),Low,3.0,ENG-FW-0092,Yes,In Progress
VUL02541,CVE-2015-17848,Server-Side Request Forgery (SSRF),High,8.9,HR-FW-0146,No,Won't Fix
VUL02542,CVE-2015-30492,XML External Entity (XXE),High,8.5,ENG-PRT-0066,Yes,Patched
VUL02543,CVE-2018-92103,Security Misconfiguration,Critical,9.9,IT-SW-0103,Yes,In Progress
VUL02544,CVE-2017-1562,Broken Authentication,Medium,6.6,FIN-DB-0017,Yes,In Progress
VUL02545,CVE-2019-72753,Remote Code Execution,High,8.5,FIN-RTR-0050,No,Won't Fix
VUL02546,CVE-2015-90938,Cross-Site Scripting (XSS),Medium,6.5,HR-PRT-0081,No,Won't Fix
VUL02547,CVE-2019-9697,Insecure Deserialization,Low,0.5,OPS-DB-0108,Yes,Patched
VUL02548,CVE-2025-69830,Open Redirect,High,8.6,HR-SW-0006,Yes,Closed
VUL02549,CVE-2015-62769,Command Injection,Low,1.2,SAL-IOT-0020,Yes,In Progress
VUL02550,CVE-2015-96846,XML External Entity (XXE),Medium,5.2,ENG-PRT-0091,No,Open
VUL02551,CVE-2018-39135,Broken Authentication,Low,1.2,OPS-SW-0033,Yes,In Progress
VUL02552,CVE-2016-56293,Unpatched Software,Medium,4.9,HR-SW-0068,Yes,In Progress
VUL02553,CVE-2016-11166,Privilege Escalation,Critical,9.3,ENG-RTR-0099,No,In Progress
VUL02554,CVE-2021-19647,Insecure Direct Object Reference,Medium,5.2,ENG-FW-0076,No,Won't Fix
VUL02555,CVE-2023-47214,Security Misconfiguration,Medium,4.2,HR-MOB-0021,Yes,Patched
VUL02556,CVE-2015-71452,XML External Entity (XXE),High,8.2,ENG-MOB-0078,Yes,In Progress
VUL02557,CVE-2024-42143,Privilege Escalation,Critical,9.8,SAL-SRV-0014,No,In Progress
VUL02558,CVE-2016-3228,Insecure Deserialization,Medium,6.0,OPS-PC-0119,No,In Progress
VUL02559,CVE-2026-61089,Unpatched Software,Medium,5.7,MKT-IOT-0001,Yes,In Progress
VUL02560,CVE-2020-29948,Denial of Service,Critical,9.6,LEG-DB-0119,Yes,In Progress
VUL02561,CVE-2017-12414,Weak Password Policy,Critical,9.4,LEG-DB-0024,Yes,Closed
VUL02562,CVE-2019-12640,Remote Code Execution,Medium,4.0,HR-LAP-0121,Yes,In Progress
VUL02563,CVE-2015-21921,Command Injection,Medium,5.1,ENG-PC-0018,No,Open
VUL02564,CVE-2024-26364,Insecure Direct Object Reference,Critical,9.4,ENG-PC-0091,Yes,Closed
VUL02565,CVE-2020-63223,SQL Injection,Medium,4.2,FIN-MOB-0017,Yes,Patched
VUL02566,CVE-2024-23761,Weak Password Policy,Medium,6.5,ENG-DB-0088,Yes,Closed
VUL02567,CVE-2020-62615,Command Injection,Critical,9.7,SAL-DB-0016,Yes,In Progress
VUL02568,CVE-2019-73990,Security Misconfiguration,Medium,5.2,IT-PRT-0030,No,In Progress
VUL02569,CVE-2025-19609,Denial of Service,High,7.7,MKT-PRT-0008,Yes,Patched
VUL02570,CVE-2025-92575,Buffer Overflow,Medium,4.3,FIN-MOB-0113,No,In Progress
VUL02571,CVE-2020-37742,Sensitive Data Exposure,Medium,6.9,MKT-IOT-0061,Yes,In Progress
VUL02572,CVE-2015-26837,Weak Password Policy,Low,2.9,HR-SRV-0052,Yes,Patched
VUL02573,CVE-2015-78232,Sensitive Data Exposure,Medium,5.1,OPS-FW-0006,No,Won't Fix
VUL02574,CVE-2018-34536,Cross-Site Scripting (XSS),Medium,5.0,ENG-MOB-0097,Yes,Closed
VUL02575,CVE-2020-52568,Broken Authentication,High,8.7,MKT-IOT-0062,Yes,Patched
VUL02576,CVE-2022-79899,SQL Injection,Medium,6.6,OPS-IOT-0015,No,Won't Fix
VUL02577,CVE-2017-50909,Outdated SSL/TLS Configuration,Low,2.6,ENG-PRT-0068,No,Won't Fix
VUL02578,CVE-2019-54986,Cross-Site Scripting (XSS),Low,0.6,FIN-PRT-0045,Yes,Patched
VUL02579,CVE-2015-8352,Denial of Service,Medium,6.2,IT-FW-0113,Yes,Patched
VUL02580,CVE-2018-54364,Missing Security Patch,Medium,5.0,MKT-SW-0063,Yes,Closed
VUL02581,CVE-2026-34453,XML External Entity (XXE),Low,1.0,LEG-RTR-0103,No,Open
VUL02582,CVE-2018-36499,Sensitive Data Exposure,Medium,6.8,FIN-IOT-0084,Yes,Patched
VUL02583,CVE-2023-76909,Open Redirect,High,8.5,FIN-DB-0014,No,Won't Fix
VUL02584,CVE-2019-42663,SQL Injection,High,8.0,ENG-PC-0081,Yes,Patched
VUL02585,CVE-2026-53105,Sensitive Data Exposure,High,7.7,OPS-MOB-0072,No,Open
VUL02586,CVE-2024-38808,Insecure Deserialization,Medium,6.6,HR-RTR-0020,No,Won't Fix
VUL02587,CVE-2021-45750,XML External Entity (XXE),High,8.5,OPS-RTR-0100,No,Open
VUL02588,CVE-2019-99053,Remote Code Execution,Low,0.5,ENG-MOB-0077,No,Won't Fix
VUL02589,CVE-2020-71755,Unpatched Software,Medium,5.8,SAL-PC-0055,No,In Progress
VUL02590,CVE-2017-45541,SQL Injection,Low,1.2,FIN-SRV-0079,Yes,In Progress
VUL02591,CVE-2015-26291,Security Misconfiguration,Medium,6.0,OPS-IOT-0097,No,Open
VUL02592,CVE-2020-90839,Server-Side Request Forgery (SSRF),Medium,4.4,HR-SRV-0109,No,Open
VUL02593,CVE-2024-95769,Insecure Direct Object Reference,High,8.6,IT-PC-0015,Yes,In Progress
VUL02594,CVE-2026-5442,Broken Authentication,Low,1.3,HR-SW-0053,No,In Progress
VUL02595,CVE-2019-66669,Missing Security Patch,Medium,6.7,IT-DB-0032,No,Open
VUL02596,CVE-2024-1182,Open Redirect,Low,1.2,SAL-LAP-0050,Yes,In Progress
VUL02597,CVE-2015-83455,Missing Security Patch,Medium,4.5,LEG-SW-0096,No,Open
VUL02598,CVE-2018-27257,XML External Entity (XXE),Low,3.8,HR-SRV-0099,Yes,In Progress
VUL02599,CVE-2021-11105,Weak Password Policy,High,8.8,OPS-RTR-0117,Yes,Patched
VUL02600,CVE-2015-82118,Sensitive Data Exposure,Critical,9.3,MKT-SRV-0003,Yes,Patched
VUL02601,CVE-2022-10805,Unpatched Software,Medium,5.7,IT-MOB-0044,No,Won't Fix
VUL02602,CVE-2021-50149,Server-Side Request Forgery (SSRF),High,7.5,ENG-SRV-0105,Yes,In Progress
VUL02603,CVE-2019-21318,Buffer Overflow,Medium,4.6,IT-PC-0061,Yes,Closed
VUL02604,CVE-2019-71072,Missing Security Patch,High,7.9,HR-SRV-0116,No,Won't Fix
VUL02605,CVE-2026-68114,Broken Authentication,Medium,5.1,FIN-PRT-0064,Yes,Patched
VUL02606,CVE-2020-21162,Command Injection,Low,1.7,SAL-MOB-0106,No,In Progress
VUL02607,CVE-2024-2024,XML External Entity (XXE),Critical,9.0,SAL-DB-0091,Yes,Closed
VUL02608,CVE-2019-48948,Broken Authentication,High,8.0,HR-PC-0093,Yes,Patched
VUL02609,CVE-2022-85218,Server-Side Request Forgery (SSRF),High,7.8,IT-PC-0063,No,Open
VUL02610,CVE-2024-90804,Insecure Direct Object Reference,High,8.0,MKT-RTR-0080,Yes,In Progress
VUL02611,CVE-2016-90738,Weak Password Policy,Medium,5.0,LEG-SRV-0057,No,Open
VUL02612,CVE-2023-86347,SQL Injection,Medium,6.7,MKT-FW-0002,Yes,Patched
VUL02613,CVE-2026-6301,Outdated SSL/TLS Configuration,High,7.3,LEG-DB-0021,Yes,Patched
VUL02614,CVE-2024-23425,Privilege Escalation,Critical,9.7,HR-DB-0095,Yes,Patched
VUL02615,CVE-2019-59262,XML External Entity (XXE),Medium,6.8,OPS-MOB-0029,No,In Progress
VUL02616,CVE-2025-29881,Cross-Site Scripting (XSS),High,7.2,IT-MOB-0062,Yes,Patched
VUL02617,CVE-2024-79272,XML External Entity (XXE),Medium,5.7,FIN-FW-0093,Yes,Closed
VUL02618,CVE-2018-71173,Insecure Direct Object Reference,Low,0.2,SAL-RTR-0002,Yes,Patched
VUL02619,CVE-2022-76027,Broken Authentication,Critical,9.1,FIN-SW-0102,Yes,Patched
VUL02620,CVE-2022-32238,Sensitive Data Exposure,High,7.4,SAL-FW-0036,Yes,Closed
VUL02621,CVE-2020-81121,Remote Code Execution,Medium,6.8,MKT-MOB-0037,Yes,Patched
VUL02622,CVE-2026-40834,Privilege Escalation,Low,3.6,HR-PRT-0042,Yes,Closed
VUL02623,CVE-2018-12991,Sensitive Data Exposure,Medium,6.2,LEG-DB-0081,No,Won't Fix
VUL02624,CVE-2022-82278,Remote Code Execution,Medium,5.8,HR-SRV-0012,No,In Progress
VUL02625,CVE-2023-75567,Command Injection,High,7.0,IT-DB-0004,No,In Progress
VUL02626,CVE-2016-6045,Path Traversal,Low,2.3,ENG-DB-0043,No,Won't Fix
VUL02627,CVE-2015-90989,Remote Code Execution,Critical,9.2,ENG-LAP-0023,Yes,In Progress
VUL02628,CVE-2017-21186,Weak Password Policy,High,8.3,MKT-IOT-0078,Yes,Patched
VUL02629,CVE-2016-61180,Privilege Escalation,High,8.6,FIN-FW-0070,Yes,In Progress
VUL02630,CVE-2021-72907,Broken Authentication,High,8.0,LEG-PRT-0077,Yes,Patched
VUL02631,CVE-2023-6178,Path Traversal,Low,1.1,LEG-PRT-0122,No,Open
VUL02632,CVE-2025-4506,Command Injection,Low,0.6,OPS-FW-0014,Yes,Patched
VUL02633,CVE-2020-57998,Open Redirect,Low,0.2,ENG-LAP-0114,Yes,In Progress
VUL02634,CVE-2019-89190,Privilege Escalation,High,8.7,OPS-FW-0051,No,In Progress
VUL02635,CVE-2021-50524,Buffer Overflow,Medium,5.4,FIN-IOT-0040,Yes,Closed
VUL02636,CVE-2017-5642,Buffer Overflow,High,8.8,ENG-SRV-0022,Yes,Patched
VUL02637,CVE-2022-21413,Outdated SSL/TLS Configuration,Medium,6.0,FIN-SW-0035,Yes,Patched
VUL02638,CVE-2020-14974,Buffer Overflow,Medium,6.4,SAL-PRT-0102,Yes,Closed
VUL02639,CVE-2016-38785,Buffer Overflow,Critical,9.6,HR-PC-0066,Yes,Closed
VUL02640,CVE-2015-71700,Security Misconfiguration,Medium,5.2,IT-FW-0083,Yes,Closed
VUL02641,CVE-2025-52263,Broken Authentication,Medium,4.4,OPS-PC-0109,Yes,Patched
VUL02642,CVE-2017-30627,Security Misconfiguration,Medium,5.7,FIN-LAP-0110,No,In Progress
VUL02643,CVE-2015-69482,Command Injection,Medium,4.0,HR-SW-0053,No,Won't Fix
VUL02644,CVE-2016-31818,Missing Security Patch,High,8.2,FIN-PRT-0035,Yes,In Progress
VUL02645,CVE-2017-35322,Command Injection,Low,3.8,LEG-IOT-0017,Yes,In Progress
VUL02646,CVE-2016-14469,XML External Entity (XXE),Low,3.5,OPS-RTR-0013,Yes,In Progress
VUL02647,CVE-2023-90939,Buffer Overflow,Medium,6.8,FIN-LAP-0074,Yes,In Progress
VUL02648,CVE-2022-39615,Remote Code Execution,Low,3.9,ENG-MOB-0074,No,Open
VUL02649,CVE-2022-92518,Remote Code Execution,Medium,6.6,OPS-IOT-0038,No,Won't Fix
VUL02650,CVE-2016-22547,Path Traversal,High,7.1,ENG-LAP-0025,Yes,Closed
VUL02651,CVE-2021-70136,Denial of Service,Medium,6.4,HR-FW-0003,No,Open
VUL02652,CVE-2020-53957,Broken Authentication,High,7.0,HR-PRT-0031,Yes,In Progress
VUL02653,CVE-2016-55483,Path Traversal,Medium,6.0,MKT-SRV-0026,No,Open
VUL02654,CVE-2025-95908,Missing Security Patch,Critical,9.8,ENG-DB-0057,Yes,Closed
VUL02655,CVE-2020-76869,Outdated SSL/TLS Configuration,High,7.5,OPS-IOT-0045,Yes,Patched
VUL02656,CVE-2024-32843,Broken Authentication,Medium,6.1,OPS-PC-0035,No,Open
VUL02657,CVE-2015-45120,XML External Entity (XXE),High,7.1,HR-PRT-0051,No,In Progress
VUL02658,CVE-2026-27511,Denial of Service,Medium,5.7,MKT-IOT-0080,Yes,In Progress
VUL02659,CVE-2026-36273,Cross-Site Scripting (XSS),High,8.0,HR-MOB-0013,Yes,In Progress
VUL02660,CVE-2024-75834,Cross-Site Scripting (XSS),Medium,6.8,ENG-FW-0011,Yes,In Progress
VUL02661,CVE-2017-76148,Outdated SSL/TLS Configuration,Low,3.6,OPS-DB-0078,No,Won't Fix
VUL02662,CVE-2017-61242,Command Injection,Medium,6.2,ENG-RTR-0057,Yes,Closed
VUL02663,CVE-2025-64059,Privilege Escalation,Critical,9.1,MKT-LAP-0083,Yes,Patched
VUL02664,CVE-2023-64712,Broken Authentication,Medium,4.0,SAL-MOB-0112,Yes,Patched
VUL02665,CVE-2026-31624,Weak Password Policy,High,8.1,FIN-PRT-0062,No,Won't Fix
VUL02666,CVE-2021-46327,Unpatched Software,Medium,4.5,FIN-LAP-0013,Yes,Patched
VUL02667,CVE-2021-29569,Insecure Direct Object Reference,Medium,5.5,LEG-IOT-0072,Yes,In Progress
VUL02668,CVE-2022-35186,Command Injection,Low,0.7,ENG-LAP-0015,Yes,Patched
VUL02669,CVE-2018-2705,Privilege Escalation,High,8.2,HR-FW-0099,Yes,Closed
VUL02670,CVE-2016-14483,Open Redirect,Low,1.2,IT-SRV-0087,Yes,Patched
VUL02671,CVE-2020-85658,Insecure Deserialization,High,7.2,HR-IOT-0019,No,Won't Fix
VUL02672,CVE-2026-48038,Sensitive Data Exposure,Low,1.6,FIN-IOT-0110,No,In Progress
VUL02673,CVE-2019-21622,Command Injection,Medium,4.5,IT-SRV-0120,No,In Progress
VUL02674,CVE-2021-46798,Path Traversal,Critical,9.7,MKT-MOB-0063,Yes,Closed
VUL02675,CVE-2024-69997,Missing Security Patch,Medium,5.7,OPS-LAP-0082,Yes,In Progress
VUL02676,CVE-2020-85358,Open Redirect,Critical,9.8,LEG-LAP-0024,Yes,Patched
VUL02677,CVE-2016-42768,Remote Code Execution,High,8.0,MKT-DB-0026,No,Open
VUL02678,CVE-2024-9124,Command Injection,Medium,6.9,HR-RTR-0019,No,In Progress
VUL02679,CVE-2025-16702,Sensitive Data Exposure,Medium,6.6,FIN-LAP-0056,Yes,Closed
VUL02680,CVE-2020-2745,XML External Entity (XXE),High,7.7,SAL-IOT-0058,No,In Progress
VUL02681,CVE-2021-77846,Broken Authentication,Medium,6.6,OPS-MOB-0019,Yes,In Progress
VUL02682,CVE-2021-1345,Insecure Deserialization,High,7.9,SAL-DB-0078,Yes,In Progress
VUL02683,CVE-2015-34561,XML External Entity (XXE),High,7.8,HR-PRT-0087,Yes,In Progress
VUL02684,CVE-2021-45843,Unpatched Software,Low,0.9,FIN-IOT-0070,Yes,Closed
VUL02685,CVE-2024-1280,Insecure Direct Object Reference,Low,0.1,LEG-LAP-0099,Yes,In Progress
VUL02686,CVE-2020-47847,Missing Security Patch,Medium,4.9,LEG-FW-0068,Yes,Patched
VUL02687,CVE-2020-62108,Open Redirect,Low,2.3,HR-FW-0019,No,Open
VUL02688,CVE-2022-47203,Insecure Deserialization,Medium,4.9,FIN-LAP-0007,Yes,In Progress
VUL02689,CVE-2020-19559,Unpatched Software,Critical,10.0,MKT-LAP-0053,Yes,In Progress
VUL02690,CVE-2026-79685,Server-Side Request Forgery (SSRF),Low,1.7,SAL-PC-0103,Yes,In Progress
VUL02691,CVE-2025-22868,XML External Entity (XXE),Low,2.9,OPS-IOT-0058,Yes,Closed
VUL02692,CVE-2019-2678,XML External Entity (XXE),Critical,9.8,FIN-IOT-0095,Yes,In Progress
VUL02693,CVE-2019-76389,Weak Password Policy,High,7.5,HR-LAP-0116,Yes,Patched
VUL02694,CVE-2022-49748,Open Redirect,Medium,6.7,HR-FW-0045,Yes,In Progress
VUL02695,CVE-2026-38860,Denial of Service,Medium,5.9,SAL-SW-0003,Yes,In Progress
VUL02696,CVE-2024-66210,Security Misconfiguration,Low,3.5,MKT-RTR-0023,Yes,Patched
VUL02697,CVE-2023-55748,Remote Code Execution,High,7.6,MKT-RTR-0061,Yes,In Progress
VUL02698,CVE-2018-45615,Broken Authentication,Medium,5.7,MKT-PC-0114,Yes,In Progress
VUL02699,CVE-2026-93934,Insecure Direct Object Reference,Medium,6.5,HR-IOT-0001,Yes,Closed
VUL02700,CVE-2025-51200,Missing Security Patch,High,7.5,HR-FW-0014,Yes,In Progress
VUL02701,CVE-2026-11409,Outdated SSL/TLS Configuration,Medium,6.6,ENG-PRT-0009,Yes,Closed
VUL02702,CVE-2017-46780,Outdated SSL/TLS Configuration,Medium,5.9,IT-SW-0107,No,In Progress
VUL02703,CVE-2017-30488,Broken Authentication,High,7.5,MKT-DB-0096,Yes,In Progress
VUL02704,CVE-2022-95395,Insecure Direct Object Reference,Medium,5.4,IT-PC-0104,Yes,Patched
VUL02705,CVE-2019-78769,Insecure Direct Object Reference,High,8.6,ENG-IOT-0007,No,Open
VUL02706,CVE-2015-94562,Weak Password Policy,Medium,6.9,OPS-SRV-0012,Yes,Patched
VUL02707,CVE-2026-16051,Privilege Escalation,Medium,6.3,OPS-DB-0094,Yes,In Progress
VUL02708,CVE-2017-1468,SQL Injection,Medium,5.5,HR-SRV-0076,Yes,Closed
VUL02709,CVE-2026-99272,Path Traversal,Critical,9.4,HR-FW-0095,No,In Progress
VUL02710,CVE-2021-53285,Unpatched Software,Medium,5.6,SAL-SW-0069,Yes,Patched
VUL02711,CVE-2022-75754,Security Misconfiguration,High,8.6,IT-RTR-0085,Yes,Closed
VUL02712,CVE-2025-63900,SQL Injection,Low,1.0,IT-SRV-0110,Yes,Patched
VUL02713,CVE-2024-86990,Missing Security Patch,Low,0.7,IT-MOB-0037,Yes,Closed
VUL02714,CVE-2020-88314,XML External Entity (XXE),Critical,9.4,IT-RTR-0105,No,Open
VUL02715,CVE-2017-51988,Outdated SSL/TLS Configuration,Medium,6.1,OPS-PC-0085,Yes,Closed
VUL02716,CVE-2024-96380,Server-Side Request Forgery (SSRF),Medium,6.5,MKT-RTR-0005,Yes,Patched
VUL02717,CVE-2016-69833,Unpatched Software,Medium,5.1,LEG-PC-0004,Yes,In Progress
VUL02718,CVE-2019-78717,SQL Injection,High,7.3,FIN-LAP-0081,Yes,Closed
VUL02719,CVE-2022-63452,Broken Authentication,Low,1.9,LEG-LAP-0093,Yes,Patched
VUL02720,CVE-2023-69637,Buffer Overflow,Critical,9.5,SAL-SW-0112,No,In Progress
VUL02721,CVE-2021-62371,Privilege Escalation,Medium,6.2,HR-MOB-0035,Yes,In Progress
VUL02722,CVE-2016-96286,Insecure Deserialization,Medium,4.2,LEG-IOT-0019,Yes,Patched
VUL02723,CVE-2024-29833,SQL Injection,High,7.9,SAL-DB-0103,No,Won't Fix
VUL02724,CVE-2019-46026,Remote Code Execution,Medium,4.1,IT-RTR-0118,Yes,Patched
VUL02725,CVE-2023-85590,Unpatched Software,High,7.7,OPS-PC-0133,No,Open
VUL02726,CVE-2019-4954,Insecure Direct Object Reference,Critical,9.2,OPS-LAP-0037,Yes,Closed
VUL02727,CVE-2026-83083,Insecure Direct Object Reference,High,7.3,HR-LAP-0005,No,Open
VUL02728,CVE-2021-85498,Unpatched Software,Critical,9.9,IT-FW-0059,Yes,In Progress
VUL02729,CVE-2023-26379,XML External Entity (XXE),Medium,6.6,MKT-PRT-0012,Yes,In Progress
VUL02730,CVE-2018-91862,Path Traversal,High,8.5,LEG-PC-0018,No,Open
VUL02731,CVE-2025-37943,Unpatched Software,Medium,5.3,ENG-FW-0059,Yes,In Progress
VUL02732,CVE-2020-79461,Open Redirect,Low,0.5,OPS-PC-0113,Yes,Closed
VUL02733,CVE-2023-25409,Buffer Overflow,Medium,6.6,HR-SRV-0066,No,In Progress
VUL02734,CVE-2025-19069,Security Misconfiguration,High,8.7,MKT-RTR-0001,Yes,In Progress
VUL02735,CVE-2019-38905,Unpatched Software,High,8.8,IT-SRV-0126,No,Won't Fix
VUL02736,CVE-2024-99201,SQL Injection,Medium,5.3,OPS-FW-0085,Yes,In Progress
VUL02737,CVE-2015-6082,Weak Password Policy,Low,0.7,FIN-RTR-0003,Yes,In Progress
VUL02738,CVE-2023-14023,Denial of Service,Low,2.2,FIN-LAP-0060,No,In Progress
VUL02739,CVE-2022-51508,XML External Entity (XXE),Critical,9.4,HR-IOT-0033,No,Won't Fix
VUL02740,CVE-2023-97503,Denial of Service,Low,0.7,OPS-LAP-0085,Yes,Closed
VUL02741,CVE-2022-65658,Unpatched Software,Low,1.4,HR-PRT-0095,Yes,Patched
VUL02742,CVE-2017-24736,Path Traversal,High,7.6,OPS-FW-0105,No,Open
VUL02743,CVE-2026-57686,Weak Password Policy,Critical,9.1,MKT-LAP-0116,No,In Progress
VUL02744,CVE-2024-15950,Sensitive Data Exposure,Medium,4.4,HR-LAP-0125,Yes,In Progress
VUL02745,CVE-2026-88876,Privilege Escalation,Critical,9.2,FIN-PRT-0059,Yes,Patched
VUL02746,CVE-2025-95109,Insecure Direct Object Reference,Medium,5.8,LEG-SW-0119,No,Open
VUL02747,CVE-2022-65906,Buffer Overflow,Medium,6.4,IT-PRT-0026,Yes,Closed
VUL02748,CVE-2018-89621,Cross-Site Scripting (XSS),High,7.7,ENG-SRV-0059,Yes,In Progress
VUL02749,CVE-2026-89042,XML External Entity (XXE),Low,1.6,IT-PRT-0011,Yes,Closed
VUL02750,CVE-2015-71985,Buffer Overflow,Medium,5.5,ENG-RTR-0073,No,Won't Fix
VUL02751,CVE-2015-38749,Server-Side Request Forgery (SSRF),Medium,4.1,HR-SW-0094,No,Won't Fix
VUL02752,CVE-2024-93741,Privilege Escalation,Medium,4.9,MKT-IOT-0047,Yes,In Progress
VUL02753,CVE-2026-19543,Privilege Escalation,Critical,9.1,FIN-LAP-0080,Yes,Closed
VUL02754,CVE-2018-53244,Denial of Service,High,7.1,LEG-DB-0062,Yes,In Progress
VUL02755,CVE-2017-3538,Remote Code Execution,High,7.9,ENG-SW-0072,Yes,In Progress
VUL02756,CVE-2016-84026,Buffer Overflow,Low,2.3,ENG-LAP-0102,Yes,In Progress
VUL02757,CVE-2019-4804,Broken Authentication,Medium,6.7,MKT-DB-0058,Yes,In Progress
VUL02758,CVE-2018-66816,Path Traversal,Low,2.5,IT-PC-0108,No,In Progress
VUL02759,CVE-2025-1614,XML External Entity (XXE),Medium,6.8,MKT-SRV-0007,Yes,In Progress
VUL02760,CVE-2021-67693,Path Traversal,Low,0.7,MKT-RTR-0038,Yes,In Progress
VUL02761,CVE-2018-2348,Command Injection,Medium,5.6,SAL-SW-0102,No,Open
VUL02762,CVE-2023-21263,Privilege Escalation,Low,1.2,OPS-FW-0004,No,Won't Fix
VUL02763,CVE-2018-42576,Command Injection,Critical,9.4,FIN-FW-0012,No,Won't Fix
VUL02764,CVE-2023-74856,Server-Side Request Forgery (SSRF),Low,2.3,LEG-LAP-0040,No,Open
VUL02765,CVE-2024-40169,Insecure Deserialization,Critical,9.1,ENG-DB-0079,Yes,In Progress
VUL02766,CVE-2019-36284,Open Redirect,High,8.8,OPS-DB-0072,Yes,Closed
VUL02767,CVE-2017-62842,Buffer Overflow,High,7.0,MKT-IOT-0080,Yes,In Progress
VUL02768,CVE-2015-99934,Missing Security Patch,Low,2.6,LEG-LAP-0064,Yes,Patched
VUL02769,CVE-2020-37135,SQL Injection,Critical,9.9,SAL-SRV-0118,Yes,In Progress
VUL02770,CVE-2025-88390,Insecure Direct Object Reference,Critical,9.5,LEG-LAP-0040,Yes,In Progress
VUL02771,CVE-2024-93833,Sensitive Data Exposure,High,8.0,HR-FW-0060,Yes,Patched
VUL02772,CVE-2016-37906,Missing Security Patch,Medium,5.0,FIN-DB-0040,Yes,Closed
VUL02773,CVE-2024-80006,Insecure Direct Object Reference,Medium,4.7,ENG-IOT-0078,No,In Progress
VUL02774,CVE-2019-10672,Denial of Service,Medium,5.2,OPS-SW-0126,Yes,In Progress
VUL02775,CVE-2017-15625,Privilege Escalation,Low,0.2,MKT-FW-0067,Yes,Closed
VUL02776,CVE-2025-59338,Insecure Deserialization,Critical,10.0,ENG-FW-0095,Yes,Patched
VUL02777,CVE-2018-35040,Buffer Overflow,Low,2.0,MKT-SW-0013,No,Open
VUL02778,CVE-2015-71902,Privilege Escalation,Critical,9.7,FIN-SW-0085,No,Open
VUL02779,CVE-2021-12893,Privilege Escalation,Critical,9.5,SAL-LAP-0020,Yes,Patched
VUL02780,CVE-2024-84907,Path Traversal,Medium,5.4,IT-SRV-0073,Yes,Closed
VUL02781,CVE-2015-76154,Buffer Overflow,Low,3.5,SAL-PRT-0060,Yes,Closed
VUL02782,CVE-2025-60809,Insecure Direct Object Reference,Medium,6.8,LEG-SW-0036,Yes,Patched
VUL02783,CVE-2016-62626,Insecure Deserialization,Medium,4.1,FIN-FW-0056,No,In Progress
VUL02784,CVE-2017-73325,Missing Security Patch,High,8.8,OPS-LAP-0081,Yes,In Progress
VUL02785,CVE-2018-55735,Buffer Overflow,Medium,4.0,SAL-LAP-0066,Yes,Closed
VUL02786,CVE-2026-87389,Remote Code Execution,Medium,5.0,LEG-MOB-0007,Yes,Closed
VUL02787,CVE-2015-35727,Insecure Direct Object Reference,Medium,5.7,LEG-PC-0107,No,In Progress
VUL02788,CVE-2021-28363,Sensitive Data Exposure,High,8.2,HR-PRT-0044,Yes,Patched
VUL02789,CVE-2026-94094,SQL Injection,High,8.3,LEG-SW-0076,No,In Progress
VUL02790,CVE-2022-47488,Unpatched Software,Medium,4.3,HR-SW-0067,No,In Progress
VUL02791,CVE-2022-63226,Server-Side Request Forgery (SSRF),Medium,4.1,FIN-FW-0116,Yes,Closed
VUL02792,CVE-2019-14938,Broken Authentication,Medium,5.4,OPS-RTR-0125,Yes,Patched
VUL02793,CVE-2020-3851,Broken Authentication,High,8.1,HR-DB-0011,Yes,Patched
VUL02794,CVE-2023-26461,Insecure Direct Object Reference,Low,2.5,HR-DB-0015,No,Open
VUL02795,CVE-2025-23041,Security Misconfiguration,Critical,9.1,SAL-MOB-0153,No,In Progress
VUL02796,CVE-2023-30313,Privilege Escalation,Medium,4.7,HR-PRT-0012,Yes,Patched
VUL02797,CVE-2021-29571,Weak Password Policy,Critical,9.7,SAL-RTR-0033,No,Won't Fix
VUL02798,CVE-2024-42601,Command Injection,Medium,4.5,ENG-DB-0084,Yes,In Progress
VUL02799,CVE-2020-20407,Broken Authentication,High,8.6,IT-IOT-0109,Yes,Patched
VUL02800,CVE-2015-91732,Command Injection,Low,2.4,ENG-PC-0012,Yes,In Progress
VUL02801,CVE-2019-38057,Unpatched Software,Low,3.2,OPS-MOB-0016,No,Won't Fix
VUL02802,CVE-2017-69312,Path Traversal,Critical,9.6,FIN-LAP-0029,No,Won't Fix
VUL02803,CVE-2026-53314,Cross-Site Scripting (XSS),Low,1.6,FIN-MOB-0025,Yes,Closed
VUL02804,CVE-2015-61855,Outdated SSL/TLS Configuration,Medium,6.7,MKT-PC-0042,Yes,Patched
VUL02805,CVE-2015-18056,Sensitive Data Exposure,High,8.2,SAL-DB-0002,No,Open
VUL02806,CVE-2021-87433,Buffer Overflow,Medium,6.9,SAL-MOB-0101,No,In Progress
VUL02807,CVE-2022-80910,XML External Entity (XXE),Low,1.6,MKT-LAP-0050,Yes,Patched
VUL02808,CVE-2019-3608,Server-Side Request Forgery (SSRF),Medium,5.1,OPS-PC-0019,Yes,Closed
VUL02809,CVE-2016-25685,Insecure Deserialization,Critical,9.2,FIN-MOB-0131,Yes,In Progress
VUL02810,CVE-2018-28751,Cross-Site Scripting (XSS),Medium,5.3,MKT-PRT-0051,Yes,Closed
VUL02811,CVE-2020-52778,Weak Password Policy,Medium,5.9,MKT-SW-0075,No,In Progress
VUL02812,CVE-2019-79296,Server-Side Request Forgery (SSRF),High,7.0,SAL-IOT-0032,Yes,Closed
VUL02813,CVE-2019-35108,Denial of Service,High,7.8,FIN-SRV-0014,No,In Progress
VUL02814,CVE-2016-7099,Remote Code Execution,Low,2.3,MKT-RTR-0058,No,Open
VUL02815,CVE-2023-94608,Privilege Escalation,Low,3.8,SAL-SRV-0007,No,Won't Fix
VUL02816,CVE-2022-30314,Command Injection,Low,1.6,MKT-MOB-0074,Yes,Closed
VUL02817,CVE-2023-46362,Security Misconfiguration,Low,3.3,LEG-FW-0110,No,Open
VUL02818,CVE-2020-48966,Security Misconfiguration,High,8.7,SAL-LAP-0004,Yes,Closed
VUL02819,CVE-2020-82959,Broken Authentication,Medium,5.6,FIN-MOB-0125,No,Open
VUL02820,CVE-2022-48639,Security Misconfiguration,High,8.3,OPS-FW-0089,No,Open
VUL02821,CVE-2015-43026,Cross-Site Scripting (XSS),High,7.1,SAL-MOB-0081,Yes,Closed
VUL02822,CVE-2015-19080,SQL Injection,Medium,6.1,ENG-FW-0049,Yes,Closed
VUL02823,CVE-2019-8314,Insecure Direct Object Reference,High,7.8,SAL-RTR-0102,Yes,Patched
VUL02824,CVE-2024-88875,Outdated SSL/TLS Configuration,Low,0.3,MKT-MOB-0061,Yes,Patched
VUL02825,CVE-2023-96179,Broken Authentication,Low,1.5,FIN-MOB-0063,Yes,Patched
VUL02826,CVE-2024-41414,Sensitive Data Exposure,Low,0.2,HR-RTR-0007,No,Open
VUL02827,CVE-2017-70276,Sensitive Data Exposure,Medium,4.2,HR-FW-0106,No,In Progress
VUL02828,CVE-2022-33585,Outdated SSL/TLS Configuration,Medium,6.0,MKT-SW-0120,Yes,Closed
VUL02829,CVE-2019-14016,SQL Injection,High,7.4,OPS-LAP-0121,Yes,Patched
VUL02830,CVE-2023-37411,Missing Security Patch,Critical,9.8,LEG-FW-0043,Yes,Closed
VUL02831,CVE-2021-28972,Server-Side Request Forgery (SSRF),Low,1.5,HR-PRT-0013,No,Won't Fix
VUL02832,CVE-2018-49161,Insecure Direct Object Reference,High,8.6,HR-RTR-0047,Yes,Closed
VUL02833,CVE-2019-37296,Open Redirect,Low,2.8,HR-SW-0117,Yes,Closed
VUL02834,CVE-2022-72866,Denial of Service,High,7.5,OPS-RTR-0037,Yes,Patched
VUL02835,CVE-2024-37540,Server-Side Request Forgery (SSRF),High,7.9,LEG-DB-0026,Yes,In Progress
VUL02836,CVE-2019-92329,Insecure Deserialization,High,8.2,HR-DB-0033,Yes,Closed
VUL02837,CVE-2024-27994,Insecure Direct Object Reference,High,7.3,ENG-PC-0014,No,Won't Fix
VUL02838,CVE-2015-16457,Remote Code Execution,Medium,5.9,ENG-MOB-0076,Yes,In Progress
VUL02839,CVE-2018-82245,Weak Password Policy,Medium,6.9,FIN-SW-0087,Yes,Closed
VUL02840,CVE-2023-25282,Unpatched Software,Low,2.3,IT-SRV-0052,Yes,In Progress
VUL02841,CVE-2017-86374,Weak Password Policy,Medium,4.7,HR-SRV-0089,Yes,In Progress
VUL02842,CVE-2020-29251,Sensitive Data Exposure,Medium,6.8,LEG-SW-0117,No,Won't Fix
VUL02843,CVE-2025-84333,Insecure Direct Object Reference,Critical,9.9,OPS-FW-0101,Yes,Closed
VUL02844,CVE-2021-53004,Buffer Overflow,Low,1.6,IT-IOT-0005,No,Won't Fix
VUL02845,CVE-2026-33521,Missing Security Patch,Medium,6.9,OPS-IOT-0050,Yes,Patched
VUL02846,CVE-2024-61321,XML External Entity (XXE),High,8.0,MKT-MOB-0026,Yes,Patched
VUL02847,CVE-2023-86334,SQL Injection,Medium,5.7,IT-SW-0075,Yes,Patched
VUL02848,CVE-2022-9913,Open Redirect,High,8.0,HR-PC-0116,Yes,Closed
VUL02849,CVE-2015-43581,Open Redirect,Low,0.3,IT-PC-0039,Yes,In Progress
VUL02850,CVE-2022-86748,Broken Authentication,Low,3.3,LEG-SRV-0036,No,Open
VUL02851,CVE-2016-22077,Missing Security Patch,High,8.0,HR-SRV-0087,Yes,Patched
VUL02852,CVE-2019-90444,Security Misconfiguration,High,7.7,IT-PC-0031,Yes,Patched
VUL02853,CVE-2026-41458,Security Misconfiguration,Critical,9.9,IT-FW-0087,Yes,In Progress
VUL02854,CVE-2017-82214,Outdated SSL/TLS Configuration,Medium,6.8,ENG-SRV-0103,Yes,Closed
VUL02855,CVE-2017-44026,Security Misconfiguration,Medium,5.0,FIN-PC-0101,Yes,Closed
VUL02856,CVE-2015-40350,Security Misconfiguration,High,7.5,LEG-LAP-0025,Yes,Closed
VUL02857,CVE-2024-80562,Weak Password Policy,High,7.3,MKT-SRV-0071,Yes,Closed
VUL02858,CVE-2015-83961,Weak Password Policy,High,8.2,FIN-MOB-0047,No,Open
VUL02859,CVE-2017-18081,Missing Security Patch,Medium,6.7,FIN-FW-0099,No,In Progress
VUL02860,CVE-2018-28872,Security Misconfiguration,Low,3.7,SAL-SW-0057,Yes,Patched
VUL02861,CVE-2025-27617,Unpatched Software,Medium,4.3,ENG-FW-0121,Yes,In Progress
VUL02862,CVE-2017-6091,SQL Injection,Medium,4.4,SAL-DB-0096,No,Won't Fix
VUL02863,CVE-2023-73756,Missing Security Patch,Medium,4.4,MKT-SW-0020,Yes,Closed
VUL02864,CVE-2018-51235,Command Injection,Low,1.0,IT-DB-0107,Yes,In Progress
VUL02865,CVE-2024-41624,XML External Entity (XXE),Medium,4.1,FIN-SW-0069,Yes,Closed
VUL02866,CVE-2020-37058,Unpatched Software,Low,1.6,HR-MOB-0027,Yes,In Progress
VUL02867,CVE-2021-21191,Missing Security Patch,Medium,6.7,OPS-IOT-0089,No,In Progress
VUL02868,CVE-2024-45678,Remote Code Execution,Medium,5.6,LEG-MOB-0037,Yes,In Progress
VUL02869,CVE-2026-44598,Privilege Escalation,High,7.1,LEG-FW-0083,No,Open
VUL02870,CVE-2016-39652,Weak Password Policy,High,8.8,HR-LAP-0095,Yes,Closed
VUL02871,CVE-2020-55830,Server-Side Request Forgery (SSRF),Medium,5.9,ENG-SRV-0133,Yes,In Progress
VUL02872,CVE-2026-27418,Unpatched Software,Low,3.6,LEG-SRV-0022,Yes,In Progress
VUL02873,CVE-2024-69682,Missing Security Patch,Low,1.6,OPS-DB-0001,Yes,In Progress
VUL02874,CVE-2020-31346,XML External Entity (XXE),High,7.9,SAL-PRT-0046,No,Won't Fix
VUL02875,CVE-2017-13389,Weak Password Policy,Medium,4.8,ENG-FW-0010,No,In Progress
VUL02876,CVE-2016-30979,Outdated SSL/TLS Configuration,High,8.4,IT-RTR-0041,No,Open
VUL02877,CVE-2025-17996,Sensitive Data Exposure,High,8.3,SAL-SRV-0065,Yes,Closed
VUL02878,CVE-2016-77408,Remote Code Execution,Medium,5.3,HR-SW-0022,Yes,Closed
VUL02879,CVE-2016-34495,Outdated SSL/TLS Configuration,High,7.4,OPS-PRT-0051,Yes,Patched
VUL02880,CVE-2026-38555,Outdated SSL/TLS Configuration,Critical,9.2,ENG-IOT-0069,Yes,Patched
VUL02881,CVE-2022-29815,Buffer Overflow,Medium,6.2,ENG-PRT-0020,Yes,Patched
VUL02882,CVE-2021-99781,Privilege Escalation,Medium,5.2,HR-IOT-0047,Yes,In Progress
VUL02883,CVE-2015-75286,Weak Password Policy,Low,0.2,MKT-IOT-0055,No,In Progress
VUL02884,CVE-2023-38233,Sensitive Data Exposure,High,7.4,MKT-FW-0055,Yes,Closed
VUL02885,CVE-2015-39410,Privilege Escalation,Low,2.9,HR-LAP-0124,No,In Progress
VUL02886,CVE-2024-96603,Open Redirect,Low,2.4,OPS-LAP-0035,Yes,In Progress
VUL02887,CVE-2017-67078,Insecure Direct Object Reference,High,7.9,FIN-PRT-0080,Yes,Closed
VUL02888,CVE-2022-27239,Server-Side Request Forgery (SSRF),High,8.4,LEG-DB-0114,No,In Progress
VUL02889,CVE-2017-67244,Sensitive Data Exposure,Critical,9.4,MKT-DB-0060,No,Open
VUL02890,CVE-2020-97118,Open Redirect,High,8.6,SAL-RTR-0107,Yes,Patched
VUL02891,CVE-2026-32002,Denial of Service,Low,2.4,HR-SW-0007,No,Won't Fix
VUL02892,CVE-2021-10892,SQL Injection,Low,3.1,FIN-PRT-0081,Yes,Closed
VUL02893,CVE-2026-69594,Path Traversal,High,8.6,OPS-IOT-0072,No,In Progress
VUL02894,CVE-2018-7897,Buffer Overflow,Medium,5.7,SAL-PRT-0050,Yes,In Progress
VUL02895,CVE-2024-46365,Privilege Escalation,Low,0.9,MKT-SRV-0096,Yes,In Progress
VUL02896,CVE-2023-81931,Security Misconfiguration,Medium,4.7,ENG-LAP-0017,Yes,Closed
VUL02897,CVE-2025-33518,Sensitive Data Exposure,Critical,9.3,MKT-MOB-0039,No,Open
VUL02898,CVE-2024-99502,Weak Password Policy,High,8.5,HR-LAP-0005,Yes,Patched
VUL02899,CVE-2026-72905,Cross-Site Scripting (XSS),Medium,6.4,HR-LAP-0046,Yes,Closed
VUL02900,CVE-2024-5230,Insecure Direct Object Reference,Medium,5.4,ENG-PRT-0049,No,Won't Fix
VUL02901,CVE-2015-15459,Denial of Service,Medium,4.2,SAL-RTR-0003,Yes,In Progress
VUL02902,CVE-2015-18123,Command Injection,Medium,6.8,OPS-PC-0071,No,In Progress
VUL02903,CVE-2026-65861,Outdated SSL/TLS Configuration,Critical,9.7,SAL-PC-0049,No,Open
VUL02904,CVE-2018-73888,Security Misconfiguration,Critical,9.1,FIN-LAP-0030,Yes,Patched
VUL02905,CVE-2016-60617,Weak Password Policy,High,8.4,LEG-DB-0063,Yes,In Progress
VUL02906,CVE-2022-67558,Privilege Escalation,Medium,5.1,IT-DB-0078,Yes,Patched
VUL02907,CVE-2022-98224,Insecure Deserialization,Medium,4.9,SAL-RTR-0034,Yes,In Progress
VUL02908,CVE-2025-15617,Buffer Overflow,Low,1.9,IT-FW-0028,Yes,Patched
VUL02909,CVE-2015-12589,Insecure Deserialization,Critical,9.9,OPS-PC-0128,Yes,Closed
VUL02910,CVE-2018-47202,Privilege Escalation,Medium,6.9,OPS-MOB-0118,Yes,Closed
VUL02911,CVE-2025-48955,Privilege Escalation,Medium,5.9,FIN-RTR-0097,No,In Progress
VUL02912,CVE-2017-91560,SQL Injection,High,7.2,SAL-RTR-0030,Yes,In Progress
VUL02913,CVE-2022-1695,SQL Injection,Medium,4.2,SAL-LAP-0040,Yes,Patched
VUL02914,CVE-2023-67897,Insecure Deserialization,Critical,9.2,IT-RTR-0087,No,Open
VUL02915,CVE-2023-72651,XML External Entity (XXE),Medium,5.6,HR-SW-0054,Yes,In Progress
VUL02916,CVE-2019-83927,Server-Side Request Forgery (SSRF),High,7.7,LEG-PRT-0126,Yes,In Progress
VUL02917,CVE-2015-52758,Sensitive Data Exposure,Medium,5.4,FIN-LAP-0110,Yes,Closed
VUL02918,CVE-2023-57428,Denial of Service,Medium,5.7,HR-FW-0056,Yes,In Progress
VUL02919,CVE-2023-84297,Insecure Direct Object Reference,Medium,4.7,SAL-SRV-0021,Yes,Patched
VUL02920,CVE-2018-56072,Privilege Escalation,Critical,9.3,FIN-SRV-0036,Yes,Patched
VUL02921,CVE-2018-24969,Missing Security Patch,High,8.6,IT-RTR-0042,No,Won't Fix
VUL02922,CVE-2018-54683,Command Injection,Medium,4.5,ENG-IOT-0068,No,In Progress
VUL02923,CVE-2023-53158,Denial of Service,Medium,5.4,LEG-PC-0050,Yes,Patched
VUL02924,CVE-2016-71323,Missing Security Patch,High,8.1,FIN-FW-0068,No,Open
VUL02925,CVE-2018-78715,Insecure Direct Object Reference,Medium,4.2,IT-MOB-0116,No,Won't Fix
VUL02926,CVE-2017-86777,Denial of Service,Medium,4.3,MKT-PRT-0069,No,In Progress
VUL02927,CVE-2016-43574,Security Misconfiguration,Low,1.8,ENG-SW-0048,Yes,Patched
VUL02928,CVE-2019-50390,Command Injection,Medium,6.6,HR-IOT-0053,Yes,Closed
VUL02929,CVE-2022-1000,Denial of Service,Low,3.3,HR-SRV-0047,Yes,In Progress
VUL02930,CVE-2019-66571,Remote Code Execution,Medium,5.6,ENG-RTR-0003,Yes,In Progress
VUL02931,CVE-2026-62800,Cross-Site Scripting (XSS),Medium,4.5,FIN-PRT-0124,Yes,In Progress
VUL02932,CVE-2017-5587,SQL Injection,Medium,6.6,OPS-RTR-0107,No,In Progress
VUL02933,CVE-2015-44628,Buffer Overflow,Low,0.8,IT-DB-0023,Yes,Patched
VUL02934,CVE-2020-96346,Weak Password Policy,High,8.5,ENG-FW-0122,Yes,Patched
VUL02935,CVE-2021-35663,Weak Password Policy,Low,1.3,ENG-PC-0114,Yes,Patched
VUL02936,CVE-2018-64746,Unpatched Software,High,7.4,FIN-SRV-0013,Yes,Patched
VUL02937,CVE-2015-1076,Outdated SSL/TLS Configuration,Medium,5.2,OPS-FW-0119,No,In Progress
VUL02938,CVE-2025-39370,Open Redirect,Low,2.2,MKT-RTR-0003,Yes,Closed
VUL02939,CVE-2021-20018,Missing Security Patch,High,7.7,IT-LAP-0088,No,Open
VUL02940,CVE-2025-19254,Missing Security Patch,High,8.4,MKT-FW-0102,Yes,Closed
VUL02941,CVE-2017-70414,Command Injection,Critical,9.6,HR-PRT-0081,Yes,Closed
VUL02942,CVE-2018-42460,Buffer Overflow,Low,1.7,IT-LAP-0041,Yes,Closed
VUL02943,CVE-2017-28721,Path Traversal,Medium,4.0,HR-IOT-0078,Yes,In Progress
VUL02944,CVE-2016-25087,Insecure Deserialization,Medium,5.4,OPS-IOT-0109,Yes,Closed
VUL02945,CVE-2025-9583,Sensitive Data Exposure,Low,1.4,HR-LAP-0085,Yes,In Progress
VUL02946,CVE-2015-39922,Privilege Escalation,High,7.4,IT-RTR-0071,Yes,In Progress
VUL02947,CVE-2021-58401,Open Redirect,High,8.5,FIN-PRT-0042,No,Won't Fix
VUL02948,CVE-2015-34514,Command Injection,Medium,5.8,ENG-SRV-0070,No,Won't Fix
VUL02949,CVE-2021-29958,Insecure Direct Object Reference,Medium,4.7,MKT-PC-0074,No,Won't Fix
VUL02950,CVE-2026-15288,Cross-Site Scripting (XSS),Medium,6.4,IT-SW-0115,No,In Progress
VUL02951,CVE-2025-58320,Command Injection,High,7.1,HR-DB-0064,Yes,In Progress
VUL02952,CVE-2020-52801,Cross-Site Scripting (XSS),Low,3.6,LEG-SW-0073,No,In Progress
VUL02953,CVE-2017-48249,XML External Entity (XXE),Medium,6.2,OPS-FW-0119,No,Won't Fix
VUL02954,CVE-2023-92982,Broken Authentication,Low,2.8,IT-IOT-0130,Yes,Closed
VUL02955,CVE-2022-9288,Path Traversal,High,8.5,ENG-PRT-0008,Yes,Patched
VUL02956,CVE-2017-74317,Remote Code Execution,Medium,4.9,IT-MOB-0048,Yes,In Progress
VUL02957,CVE-2018-37501,Buffer Overflow,Medium,5.5,IT-RTR-0097,Yes,In Progress
VUL02958,CVE-2015-68311,Insecure Direct Object Reference,Low,1.5,IT-RTR-0114,Yes,Closed
VUL02959,CVE-2022-19127,Outdated SSL/TLS Configuration,Medium,5.2,IT-DB-0100,No,Won't Fix
VUL02960,CVE-2023-67374,Missing Security Patch,Critical,9.4,IT-PC-0068,Yes,Patched
VUL02961,CVE-2015-76875,Insecure Deserialization,High,8.5,OPS-LAP-0024,No,In Progress
VUL02962,CVE-2026-72677,Privilege Escalation,Low,3.0,IT-PRT-0010,Yes,Closed
VUL02963,CVE-2015-69159,Missing Security Patch,Medium,5.6,LEG-PC-0001,Yes,Patched
VUL02964,CVE-2023-15189,Insecure Direct Object Reference,Low,1.3,OPS-IOT-0114,Yes,In Progress
VUL02965,CVE-2020-15776,Cross-Site Scripting (XSS),Medium,5.8,LEG-MOB-0106,No,Won't Fix
VUL02966,CVE-2024-14656,Insecure Direct Object Reference,Medium,5.0,IT-FW-0011,Yes,Closed
VUL02967,CVE-2015-72424,Open Redirect,Medium,5.0,HR-SW-0041,Yes,In Progress
VUL02968,CVE-2022-75840,Remote Code Execution,Critical,9.1,MKT-RTR-0025,Yes,In Progress
VUL02969,CVE-2021-48814,Privilege Escalation,Medium,5.0,HR-LAP-0093,Yes,Patched
VUL02970,CVE-2015-34977,Insecure Direct Object Reference,Medium,5.4,LEG-PRT-0112,No,Won't Fix
VUL02971,CVE-2025-36382,Server-Side Request Forgery (SSRF),Low,3.7,HR-LAP-0042,Yes,Patched
VUL02972,CVE-2015-3911,SQL Injection,Medium,6.7,IT-RTR-0071,No,Won't Fix
VUL02973,CVE-2021-25604,Buffer Overflow,Medium,5.1,MKT-MOB-0013,Yes,Patched
VUL02974,CVE-2020-72420,Buffer Overflow,High,7.4,HR-PC-0008,No,Open
VUL02975,CVE-2021-69266,Insecure Direct Object Reference,Medium,6.0,FIN-RTR-0034,Yes,Patched
VUL02976,CVE-2017-71669,Insecure Direct Object Reference,Low,2.8,SAL-FW-0116,No,Won't Fix
VUL02977,CVE-2018-42080,Security Misconfiguration,High,7.1,LEG-PRT-0079,No,In Progress
VUL02978,CVE-2020-8838,Security Misconfiguration,Low,0.9,ENG-LAP-0001,Yes,Patched
VUL02979,CVE-2019-43053,Server-Side Request Forgery (SSRF),Critical,9.2,SAL-RTR-0063,No,Won't Fix
VUL02980,CVE-2024-92715,Missing Security Patch,Critical,9.6,HR-IOT-0104,Yes,Patched
VUL02981,CVE-2017-14382,Open Redirect,Medium,4.2,MKT-SW-0049,Yes,Closed
VUL02982,CVE-2016-70688,XML External Entity (XXE),Medium,4.3,IT-SW-0090,Yes,In Progress
VUL02983,CVE-2022-16442,Privilege Escalation,Low,3.4,LEG-PC-0112,Yes,In Progress
VUL02984,CVE-2023-91787,Server-Side Request Forgery (SSRF),Medium,4.2,IT-RTR-0072,Yes,Patched
VUL02985,CVE-2021-16580,Missing Security Patch,Medium,4.0,IT-SRV-0135,Yes,Closed
VUL02986,CVE-2025-34796,Denial of Service,Medium,5.5,HR-SW-0092,Yes,Closed
VUL02987,CVE-2025-39623,Path Traversal,High,7.7,LEG-DB-0129,No,Open
VUL02988,CVE-2019-42628,Weak Password Policy,Low,0.9,OPS-MOB-0101,No,Won't Fix
VUL02989,CVE-2019-26545,Insecure Deserialization,Medium,4.6,SAL-SW-0071,Yes,In Progress
VUL02990,CVE-2020-52045,Command Injection,Medium,4.6,FIN-PC-0093,Yes,In Progress
VUL02991,CVE-2019-95307,Denial of Service,Medium,4.2,ENG-FW-0042,No,Open
VUL02992,CVE-2018-28764,Path Traversal,Low,3.2,SAL-SW-0102,Yes,Closed
VUL02993,CVE-2019-34489,Command Injection,Low,2.0,ENG-SW-0082,Yes,Patched
VUL02994,CVE-2015-93828,Server-Side Request Forgery (SSRF),Low,2.0,IT-SRV-0043,Yes,Closed
VUL02995,CVE-2020-22007,Open Redirect,Medium,5.9,OPS-SW-0056,Yes,In Progress
VUL02996,CVE-2016-62546,Path Traversal,Medium,6.8,MKT-SW-0066,Yes,Patched
VUL02997,CVE-2022-1752,Missing Security Patch,Critical,9.4,FIN-RTR-0029,No,In Progress
VUL02998,CVE-2015-43830,Buffer Overflow,High,8.1,HR-SRV-0102,Yes,Closed
VUL02999,CVE-2017-50194,SQL Injection,Medium,5.1,ENG-FW-0139,No,Open
VUL03000,CVE-2026-81899,Open Redirect,High,7.1,IT-MOB-0003,No,Won't Fix
VUL03001,CVE-2020-28426,Sensitive Data Exposure,Medium,5.3,OPS-IOT-0051,Yes,In Progress
VUL03002,CVE-2022-2215,Outdated SSL/TLS Configuration,High,7.8,LEG-SRV-0055,No,Open
VUL03003,CVE-2015-5399,Path Traversal,Low,0.3,FIN-MOB-0081,Yes,Closed
VUL03004,CVE-2016-53956,Insecure Deserialization,Critical,9.9,SAL-RTR-0046,No,Open
VUL03005,CVE-2026-95440,Insecure Deserialization,Medium,6.8,FIN-PC-0075,Yes,Closed
VUL03006,CVE-2026-9289,Path Traversal,Medium,5.5,MKT-RTR-0014,Yes,Closed
VUL03007,CVE-2021-71192,Weak Password Policy,Critical,9.3,SAL-RTR-0128,No,Open
VUL03008,CVE-2024-4375,SQL Injection,Medium,6.1,MKT-SW-0086,Yes,Closed
VUL03009,CVE-2024-48484,Unpatched Software,High,7.1,ENG-PC-0054,Yes,Patched
VUL03010,CVE-2026-26633,Open Redirect,Critical,9.6,IT-PC-0061,Yes,In Progress
VUL03011,CVE-2024-64444,Unpatched Software,Medium,6.4,LEG-IOT-0062,Yes,Closed
VUL03012,CVE-2018-41272,Denial of Service,Critical,9.8,LEG-PC-0120,Yes,Closed
VUL03013,CVE-2016-76076,Remote Code Execution,Medium,5.8,OPS-FW-0067,Yes,In Progress
VUL03014,CVE-2021-7382,Sensitive Data Exposure,Medium,6.1,IT-DB-0067,No,Open
VUL03015,CVE-2026-52199,Broken Authentication,Low,3.0,HR-FW-0008,Yes,Closed
VUL03016,CVE-2021-60095,Privilege Escalation,Medium,4.3,LEG-SRV-0081,No,Open
VUL03017,CVE-2015-3745,Broken Authentication,High,8.0,SAL-PC-0085,No,Won't Fix
VUL03018,CVE-2023-24692,Missing Security Patch,High,7.2,HR-RTR-0028,Yes,Closed
VUL03019,CVE-2020-15541,Outdated SSL/TLS Configuration,Medium,6.3,ENG-FW-0018,Yes,Patched
VUL03020,CVE-2018-21982,XML External Entity (XXE),Medium,6.0,HR-SRV-0020,Yes,In Progress
VUL03021,CVE-2017-66806,Unpatched Software,Low,3.4,IT-FW-0055,No,Open
VUL03022,CVE-2022-34639,Open Redirect,Critical,9.4,IT-SRV-0125,Yes,Closed
VUL03023,CVE-2023-69901,Insecure Deserialization,Critical,9.3,LEG-RTR-0070,Yes,Closed
VUL03024,CVE-2016-71380,Remote Code Execution,Critical,9.9,IT-SW-0094,No,Won't Fix
VUL03025,CVE-2019-86839,Insecure Direct Object Reference,Medium,5.1,LEG-LAP-0030,Yes,Patched
VUL03026,CVE-2018-95294,SQL Injection,High,7.4,MKT-DB-0084,Yes,Patched
VUL03027,CVE-2021-10173,Buffer Overflow,Medium,5.2,IT-IOT-0020,No,In Progress
VUL03028,CVE-2021-74050,Remote Code Execution,Medium,4.1,MKT-MOB-0071,No,Open
VUL03029,CVE-2025-33746,Insecure Deserialization,High,8.4,SAL-PRT-0116,Yes,Closed
VUL03030,CVE-2015-37263,Insecure Deserialization,High,8.5,ENG-FW-0050,Yes,Closed
VUL03031,CVE-2017-55010,Privilege Escalation,High,7.9,SAL-FW-0063,Yes,In Progress
VUL03032,CVE-2026-56213,Remote Code Execution,Medium,6.3,FIN-FW-0048,No,In Progress
VUL03033,CVE-2022-7069,Remote Code Execution,High,7.6,OPS-RTR-0121,No,Won't Fix
VUL03034,CVE-2026-35170,Insecure Direct Object Reference,Low,3.0,FIN-SW-0114,Yes,Patched
VUL03035,CVE-2020-4262,Insecure Deserialization,Medium,6.1,ENG-IOT-0034,No,Won't Fix
VUL03036,CVE-2023-73607,Remote Code Execution,Critical,9.8,IT-SRV-0003,No,Open
VUL03037,CVE-2022-13440,Open Redirect,High,7.9,FIN-SW-0002,No,Open
VUL03038,CVE-2017-4326,Path Traversal,Medium,6.7,ENG-FW-0118,Yes,Patched
VUL03039,CVE-2017-18135,Path Traversal,High,8.4,MKT-FW-0052,Yes,In Progress
VUL03040,CVE-2020-74456,Outdated SSL/TLS Configuration,High,8.1,LEG-FW-0101,Yes,Closed
VUL03041,CVE-2022-86958,Insecure Direct Object Reference,High,8.5,FIN-LAP-0111,Yes,Patched
VUL03042,CVE-2023-30038,Buffer Overflow,Medium,4.4,MKT-FW-0067,No,Won't Fix
VUL03043,CVE-2025-87233,Open Redirect,Medium,4.2,ENG-IOT-0110,Yes,In Progress
VUL03044,CVE-2020-55048,Security Misconfiguration,Low,3.7,FIN-IOT-0033,Yes,In Progress
VUL03045,CVE-2020-67060,Weak Password Policy,High,8.3,ENG-FW-0127,No,Open
VUL03046,CVE-2025-55682,Cross-Site Scripting (XSS),Low,0.4,SAL-RTR-0038,No,Open
VUL03047,CVE-2026-26788,Cross-Site Scripting (XSS),Low,3.5,FIN-LAP-0073,No,In Progress
VUL03048,CVE-2018-99546,Denial of Service,Medium,5.4,OPS-RTR-0012,Yes,In Progress
VUL03049,CVE-2018-66933,Sensitive Data Exposure,High,8.2,IT-PC-0095,No,Open
VUL03050,CVE-2025-96505,Sensitive Data Exposure,Low,1.9,MKT-RTR-0102,No,In Progress
VUL03051,CVE-2017-75676,Buffer Overflow,Medium,6.0,IT-IOT-0055,Yes,Patched
VUL03052,CVE-2019-79902,Outdated SSL/TLS Configuration,Medium,4.3,ENG-FW-0039,Yes,Patched
VUL03053,CVE-2020-80402,Outdated SSL/TLS Configuration,High,8.8,SAL-FW-0025,Yes,Patched
VUL03054,CVE-2016-33386,Buffer Overflow,Medium,4.6,SAL-MOB-0139,Yes,In Progress
VUL03055,CVE-2018-89189,Missing Security Patch,Low,1.2,FIN-IOT-0096,Yes,Patched
VUL03056,CVE-2020-9061,XML External Entity (XXE),Medium,4.1,OPS-RTR-0088,Yes,Patched
VUL03057,CVE-2023-27215,Sensitive Data Exposure,Low,0.9,MKT-SW-0041,No,In Progress
VUL03058,CVE-2020-72494,Missing Security Patch,Low,3.8,HR-PC-0047,Yes,In Progress
VUL03059,CVE-2024-24704,Unpatched Software,Medium,4.2,OPS-FW-0080,No,Open
VUL03060,CVE-2017-59452,Path Traversal,Medium,6.1,MKT-FW-0088,No,Open
VUL03061,CVE-2023-15218,Outdated SSL/TLS Configuration,Low,1.5,LEG-SW-0048,No,In Progress
VUL03062,CVE-2025-74853,Outdated SSL/TLS Configuration,Critical,9.1,ENG-PRT-0098,Yes,In Progress
VUL03063,CVE-2026-88983,Weak Password Policy,Critical,9.7,MKT-SW-0103,No,Open
VUL03064,CVE-2026-51651,Remote Code Execution,Medium,4.9,FIN-FW-0021,Yes,In Progress
VUL03065,CVE-2024-79455,Insecure Direct Object Reference,Critical,10.0,LEG-IOT-0078,Yes,Closed
VUL03066,CVE-2022-6755,Command Injection,High,8.4,SAL-DB-0070,Yes,In Progress
VUL03067,CVE-2015-78227,XML External Entity (XXE),High,8.1,SAL-SRV-0122,No,Won't Fix
VUL03068,CVE-2017-43487,Remote Code Execution,Critical,9.3,OPS-DB-0027,Yes,Closed
VUL03069,CVE-2020-79983,Sensitive Data Exposure,Low,3.4,ENG-LAP-0051,Yes,Closed
VUL03070,CVE-2018-49308,Sensitive Data Exposure,Medium,6.8,SAL-IOT-0093,No,Won't Fix
VUL03071,CVE-2018-23502,Open Redirect,Low,1.0,IT-SW-0109,No,Open
VUL03072,CVE-2021-9788,SQL Injection,Critical,9.7,HR-SW-0118,Yes,Patched
VUL03073,CVE-2021-84909,Denial of Service,High,8.5,SAL-SRV-0035,Yes,Patched
VUL03074,CVE-2018-52320,Weak Password Policy,Low,1.9,LEG-PC-0055,Yes,Closed
VUL03075,CVE-2022-2350,Missing Security Patch,Low,3.1,IT-RTR-0024,Yes,In Progress
VUL03076,CVE-2016-35115,Missing Security Patch,Critical,9.0,LEG-FW-0063,Yes,Closed
VUL03077,CVE-2018-64174,Sensitive Data Exposure,High,7.2,SAL-FW-0096,Yes,Patched
VUL03078,CVE-2021-44534,Weak Password Policy,Medium,6.8,IT-MOB-0019,No,In Progress
VUL03079,CVE-2019-1931,Weak Password Policy,Low,1.2,SAL-SW-0059,No,Open
VUL03080,CVE-2018-17328,Sensitive Data Exposure,High,8.0,LEG-SRV-0007,No,Won't Fix
VUL03081,CVE-2022-64950,SQL Injection,Medium,4.9,ENG-SW-0005,Yes,Closed
VUL03082,CVE-2024-14673,Buffer Overflow,Low,0.6,SAL-SRV-0037,Yes,Patched
VUL03083,CVE-2021-63298,XML External Entity (XXE),Low,2.6,LEG-FW-0006,No,In Progress
VUL03084,CVE-2021-45717,Missing Security Patch,High,7.6,MKT-PC-0062,Yes,Patched
VUL03085,CVE-2024-58711,Broken Authentication,High,8.5,HR-PC-0062,Yes,Closed
VUL03086,CVE-2016-20952,Buffer Overflow,Low,2.4,OPS-LAP-0084,Yes,Closed
VUL03087,CVE-2015-34504,Denial of Service,Critical,9.8,LEG-PRT-0134,Yes,Closed
VUL03088,CVE-2019-82218,Command Injection,High,7.8,ENG-PC-0112,Yes,In Progress
VUL03089,CVE-2026-22623,Broken Authentication,Low,2.6,FIN-LAP-0084,No,Open
VUL03090,CVE-2024-48187,Broken Authentication,Low,1.5,LEG-MOB-0100,Yes,In Progress
VUL03091,CVE-2023-95834,Security Misconfiguration,Medium,6.8,OPS-IOT-0031,No,Won't Fix
VUL03092,CVE-2021-92963,Privilege Escalation,Medium,4.1,ENG-SRV-0061,No,Won't Fix
VUL03093,CVE-2022-57169,Denial of Service,High,8.8,IT-SW-0034,Yes,Closed
VUL03094,CVE-2015-2411,XML External Entity (XXE),Critical,9.7,SAL-LAP-0102,Yes,Closed
VUL03095,CVE-2022-25244,Unpatched Software,Low,0.1,ENG-MOB-0061,No,In Progress
VUL03096,CVE-2018-96460,Cross-Site Scripting (XSS),Medium,6.7,SAL-MOB-0151,Yes,In Progress
VUL03097,CVE-2016-41082,Remote Code Execution,Low,1.2,OPS-SW-0059,No,In Progress
VUL03098,CVE-2024-57874,Open Redirect,Medium,6.3,HR-SW-0053,Yes,In Progress
VUL03099,CVE-2021-96655,Server-Side Request Forgery (SSRF),High,8.5,SAL-MOB-0156,No,Open
VUL03100,CVE-2023-32377,Cross-Site Scripting (XSS),Critical,9.1,FIN-SRV-0086,Yes,In Progress
VUL03101,CVE-2021-83184,XML External Entity (XXE),Low,1.7,LEG-DB-0111,Yes,In Progress
VUL03102,CVE-2025-45547,Insecure Deserialization,Low,0.8,HR-PRT-0019,Yes,Patched
VUL03103,CVE-2019-13460,Server-Side Request Forgery (SSRF),Medium,5.5,LEG-SW-0058,Yes,Patched
VUL03104,CVE-2015-39734,Insecure Direct Object Reference,Medium,6.5,HR-SW-0073,No,In Progress
VUL03105,CVE-2023-53477,Remote Code Execution,Critical,9.5,FIN-SW-0082,No,In Progress
VUL03106,CVE-2022-36611,Remote Code Execution,Medium,5.7,IT-SRV-0135,Yes,In Progress
VUL03107,CVE-2017-20490,Missing Security Patch,Medium,5.7,IT-FW-0068,Yes,In Progress
VUL03108,CVE-2018-84068,Server-Side Request Forgery (SSRF),High,7.9,HR-FW-0117,Yes,Patched
VUL03109,CVE-2020-41171,Broken Authentication,Medium,4.7,OPS-SW-0059,Yes,Patched
VUL03110,CVE-2017-55303,Open Redirect,Critical,9.3,LEG-RTR-0024,Yes,In Progress
VUL03111,CVE-2022-69523,XML External Entity (XXE),Medium,4.7,HR-MOB-0082,Yes,Patched
VUL03112,CVE-2018-55259,Cross-Site Scripting (XSS),Low,2.2,OPS-MOB-0046,Yes,In Progress
VUL03113,CVE-2016-90081,Server-Side Request Forgery (SSRF),Low,3.5,SAL-SRV-0067,No,In Progress
VUL03114,CVE-2017-18426,Missing Security Patch,Medium,5.3,HR-FW-0096,No,In Progress
VUL03115,CVE-2024-64823,Missing Security Patch,Critical,9.2,IT-PC-0058,Yes,Closed
VUL03116,CVE-2019-29463,XML External Entity (XXE),Medium,4.9,LEG-IOT-0023,Yes,In Progress
VUL03117,CVE-2026-40282,Path Traversal,Critical,9.4,MKT-DB-0114,Yes,In Progress
VUL03118,CVE-2025-75116,Denial of Service,High,8.6,HR-SRV-0081,Yes,In Progress
VUL03119,CVE-2020-84588,Open Redirect,High,8.7,MKT-DB-0094,Yes,Closed
VUL03120,CVE-2023-34763,Server-Side Request Forgery (SSRF),Medium,4.1,MKT-FW-0012,No,In Progress
VUL03121,CVE-2019-54725,Unpatched Software,Medium,4.4,OPS-MOB-0053,No,Open
VUL03122,CVE-2021-68874,Sensitive Data Exposure,Low,0.5,OPS-LAP-0071,Yes,Closed
VUL03123,CVE-2022-17857,Cross-Site Scripting (XSS),High,7.6,ENG-SW-0015,No,Won't Fix
VUL03124,CVE-2025-41946,Denial of Service,Medium,4.1,ENG-FW-0078,Yes,In Progress
VUL03125,CVE-2020-25593,XML External Entity (XXE),High,8.7,LEG-IOT-0049,No,Won't Fix
VUL03126,CVE-2021-81814,Insecure Direct Object Reference,Low,1.8,MKT-SRV-0028,Yes,Closed
VUL03127,CVE-2018-18929,Broken Authentication,High,8.7,OPS-PC-0094,No,In Progress
VUL03128,CVE-2022-39807,Outdated SSL/TLS Configuration,High,7.6,HR-RTR-0095,Yes,In Progress
VUL03129,CVE-2025-13994,XML External Entity (XXE),Medium,6.7,LEG-IOT-0079,No,Open
VUL03130,CVE-2024-97602,Server-Side Request Forgery (SSRF),Medium,4.5,IT-SW-0041,Yes,In Progress
VUL03131,CVE-2024-59264,XML External Entity (XXE),Medium,5.7,IT-PC-0034,No,In Progress
VUL03132,CVE-2017-21247,Outdated SSL/TLS Configuration,High,7.3,LEG-IOT-0094,Yes,Patched
VUL03133,CVE-2017-79607,Path Traversal,Medium,4.1,MKT-MOB-0094,No,In Progress
VUL03134,CVE-2023-40237,Denial of Service,Medium,4.6,LEG-PC-0101,Yes,Patched
VUL03135,CVE-2021-6439,Buffer Overflow,Low,1.4,IT-MOB-0103,Yes,Closed
VUL03136,CVE-2017-91651,SQL Injection,High,8.4,IT-LAP-0123,Yes,In Progress
VUL03137,CVE-2016-42396,Command Injection,Medium,4.7,FIN-LAP-0013,No,In Progress
VUL03138,CVE-2026-23111,Privilege Escalation,High,7.9,SAL-IOT-0095,Yes,Closed
VUL03139,CVE-2017-50800,Broken Authentication,Critical,9.9,OPS-MOB-0139,Yes,In Progress
VUL03140,CVE-2025-51634,Unpatched Software,Medium,6.1,SAL-RTR-0078,No,In Progress
VUL03141,CVE-2016-93149,Unpatched Software,Medium,6.8,OPS-PRT-0013,Yes,Patched
VUL03142,CVE-2026-83673,Path Traversal,Low,1.5,OPS-RTR-0030,No,In Progress
VUL03143,CVE-2019-25663,SQL Injection,Critical,9.5,IT-RTR-0019,Yes,Patched
VUL03144,CVE-2025-80167,Outdated SSL/TLS Configuration,High,8.2,OPS-MOB-0034,Yes,Patched
VUL03145,CVE-2026-9999,Cross-Site Scripting (XSS),Medium,4.8,FIN-IOT-0122,Yes,Closed
VUL03146,CVE-2022-40133,Sensitive Data Exposure,Low,3.8,SAL-MOB-0148,Yes,Patched
VUL03147,CVE-2020-95764,Sensitive Data Exposure,Critical,9.8,LEG-DB-0033,No,Open
VUL03148,CVE-2018-47063,Privilege Escalation,High,8.3,SAL-LAP-0025,No,Won't Fix
VUL03149,CVE-2016-43838,Insecure Direct Object Reference,Low,3.3,MKT-MOB-0099,Yes,In Progress
VUL03150,CVE-2024-25755,Buffer Overflow,Medium,4.5,OPS-FW-0005,Yes,Closed
VUL03151,CVE-2017-87529,Remote Code Execution,High,7.6,OPS-DB-0058,Yes,In Progress
VUL03152,CVE-2022-91871,Privilege Escalation,Medium,6.6,OPS-PC-0044,No,Open
VUL03153,CVE-2015-79144,Remote Code Execution,Medium,4.8,MKT-PC-0080,No,In Progress
VUL03154,CVE-2016-47474,Insecure Deserialization,Low,3.6,SAL-SRV-0094,No,Won't Fix
VUL03155,CVE-2025-58650,Command Injection,Medium,6.8,SAL-DB-0056,No,Won't Fix
VUL03156,CVE-2017-64322,Command Injection,Low,2.4,ENG-SRV-0139,No,Won't Fix
VUL03157,CVE-2019-21084,Denial of Service,High,8.5,LEG-FW-0030,Yes,Patched
VUL03158,CVE-2020-36651,Unpatched Software,High,7.9,HR-MOB-0049,Yes,In Progress
VUL03159,CVE-2023-7124,Insecure Direct Object Reference,High,8.8,FIN-RTR-0023,No,In Progress
VUL03160,CVE-2018-11334,Open Redirect,Critical,9.8,MKT-LAP-0083,Yes,In Progress
VUL03161,CVE-2021-84111,Unpatched Software,Medium,6.4,LEG-DB-0086,Yes,Patched
VUL03162,CVE-2020-22142,Cross-Site Scripting (XSS),Low,2.4,FIN-DB-0046,No,Won't Fix
VUL03163,CVE-2015-15943,Security Misconfiguration,High,7.8,MKT-SRV-0015,No,Won't Fix
VUL03164,CVE-2017-72723,Open Redirect,Low,2.7,ENG-PC-0027,No,Won't Fix
VUL03165,CVE-2015-99997,Denial of Service,High,8.4,HR-MOB-0097,No,Open
VUL03166,CVE-2024-40857,Buffer Overflow,Critical,9.0,ENG-FW-0040,Yes,Patched
VUL03167,CVE-2026-92279,Command Injection,Medium,5.3,FIN-DB-0051,No,Won't Fix
VUL03168,CVE-2016-40630,Server-Side Request Forgery (SSRF),High,8.1,HR-SW-0117,Yes,In Progress
VUL03169,CVE-2026-83076,Buffer Overflow,Medium,5.5,MKT-FW-0094,No,Won't Fix
VUL03170,CVE-2017-89817,Missing Security Patch,Low,1.3,ENG-FW-0103,No,Open
VUL03171,CVE-2024-87089,Insecure Deserialization,Low,2.3,ENG-LAP-0100,No,Open
VUL03172,CVE-2021-53460,Buffer Overflow,Low,0.4,OPS-SW-0057,No,In Progress
VUL03173,CVE-2019-24339,Broken Authentication,Low,0.1,ENG-SRV-0057,Yes,Patched
VUL03174,CVE-2023-58338,Sensitive Data Exposure,High,8.4,OPS-IOT-0054,Yes,Patched
VUL03175,CVE-2021-10582,Outdated SSL/TLS Configuration,Low,1.4,OPS-IOT-0012,Yes,Closed
VUL03176,CVE-2017-95978,Security Misconfiguration,High,7.3,HR-SRV-0060,Yes,Closed
VUL03177,CVE-2025-69822,Privilege Escalation,Medium,6.3,FIN-SRV-0125,No,Open
VUL03178,CVE-2019-44400,SQL Injection,Medium,6.1,MKT-SW-0106,No,Open
VUL03179,CVE-2023-25557,Unpatched Software,Low,1.4,FIN-SW-0112,Yes,In Progress
VUL03180,CVE-2025-98806,Cross-Site Scripting (XSS),Critical,9.6,IT-DB-0002,No,Open
VUL03181,CVE-2025-58519,Denial of Service,Medium,4.1,FIN-IOT-0101,No,Won't Fix
VUL03182,CVE-2024-76487,Command Injection,Low,0.6,FIN-LAP-0080,No,Won't Fix
VUL03183,CVE-2025-65047,Security Misconfiguration,Critical,9.6,LEG-RTR-0122,Yes,In Progress
VUL03184,CVE-2025-41129,Privilege Escalation,Medium,4.5,OPS-FW-0002,No,In Progress
VUL03185,CVE-2017-40454,XML External Entity (XXE),Low,2.2,OPS-MOB-0102,Yes,In Progress
VUL03186,CVE-2025-73847,Remote Code Execution,High,7.1,SAL-SRV-0044,Yes,Patched
VUL03187,CVE-2016-10247,Missing Security Patch,Medium,5.7,ENG-PRT-0034,Yes,In Progress
VUL03188,CVE-2019-39984,Denial of Service,Medium,4.8,LEG-MOB-0015,Yes,In Progress
VUL03189,CVE-2016-54671,Unpatched Software,Critical,9.1,IT-IOT-0117,Yes,Closed
VUL03190,CVE-2016-62436,Broken Authentication,High,7.7,MKT-SW-0034,No,Won't Fix
VUL03191,CVE-2021-95130,Insecure Deserialization,Low,2.7,IT-IOT-0020,No,In Progress
VUL03192,CVE-2025-15441,Unpatched Software,Low,3.8,ENG-PC-0030,No,Won't Fix
VUL03193,CVE-2016-44671,Security Misconfiguration,Low,1.0,SAL-IOT-0104,Yes,In Progress
VUL03194,CVE-2015-77473,Remote Code Execution,Critical,9.2,LEG-MOB-0011,No,Won't Fix
VUL03195,CVE-2021-24686,Path Traversal,Low,2.1,OPS-PRT-0066,No,Won't Fix
VUL03196,CVE-2017-44105,Path Traversal,High,7.2,FIN-DB-0088,Yes,In Progress
VUL03197,CVE-2025-32741,Remote Code Execution,High,8.2,FIN-MOB-0108,Yes,In Progress
VUL03198,CVE-2022-61180,SQL Injection,Low,0.4,SAL-MOB-0035,No,Won't Fix
VUL03199,CVE-2021-20543,Denial of Service,High,8.5,FIN-PRT-0062,No,Won't Fix
VUL03200,CVE-2016-50435,Open Redirect,High,8.2,FIN-SRV-0074,No,Won't Fix
VUL03201,CVE-2015-62384,Denial of Service,Low,1.5,IT-PRT-0062,Yes,In Progress
VUL03202,CVE-2021-48229,Path Traversal,Low,3.1,ENG-SW-0065,No,In Progress
VUL03203,CVE-2025-63748,Security Misconfiguration,Medium,4.2,LEG-SRV-0091,No,Won't Fix
VUL03204,CVE-2018-40111,Path Traversal,Critical,9.5,HR-SW-0088,Yes,Patched
VUL03205,CVE-2026-59652,Server-Side Request Forgery (SSRF),Critical,9.4,FIN-LAP-0041,Yes,Patched
VUL03206,CVE-2024-76750,Insecure Direct Object Reference,Medium,6.1,LEG-FW-0068,Yes,Patched
VUL03207,CVE-2018-64469,Server-Side Request Forgery (SSRF),Medium,5.5,MKT-PRT-0045,Yes,In Progress
VUL03208,CVE-2016-29445,Path Traversal,Critical,9.1,HR-LAP-0001,No,Open
VUL03209,CVE-2015-54934,Sensitive Data Exposure,Medium,6.7,MKT-SRV-0119,No,Won't Fix
VUL03210,CVE-2020-39937,Path Traversal,High,7.1,FIN-PC-0102,No,Open
VUL03211,CVE-2020-65715,Unpatched Software,Medium,6.3,OPS-DB-0087,No,Open
VUL03212,CVE-2015-33367,Insecure Direct Object Reference,High,8.4,IT-SW-0111,Yes,Closed
VUL03213,CVE-2020-55701,Outdated SSL/TLS Configuration,Medium,5.1,ENG-MOB-0122,Yes,Closed
VUL03214,CVE-2018-32407,Unpatched Software,Critical,9.2,ENG-RTR-0094,Yes,Closed
VUL03215,CVE-2017-98423,Privilege Escalation,Medium,6.6,OPS-MOB-0003,Yes,In Progress
VUL03216,CVE-2023-85869,Denial of Service,High,7.4,SAL-PRT-0062,No,In Progress
VUL03217,CVE-2019-8365,Buffer Overflow,Medium,5.3,SAL-RTR-0059,Yes,In Progress
VUL03218,CVE-2020-74171,Broken Authentication,Medium,6.8,IT-LAP-0091,Yes,In Progress
VUL03219,CVE-2019-34099,Buffer Overflow,Medium,4.7,OPS-PC-0082,No,Won't Fix
VUL03220,CVE-2020-66201,Command Injection,Medium,4.6,FIN-PRT-0003,No,Open
VUL03221,CVE-2024-68901,Open Redirect,High,7.7,HR-MOB-0089,No,Won't Fix
VUL03222,CVE-2018-97306,Insecure Deserialization,High,8.4,ENG-PRT-0052,No,Open
VUL03223,CVE-2025-11941,Buffer Overflow,Low,1.6,HR-DB-0100,No,Open
VUL03224,CVE-2026-98611,Path Traversal,Low,0.7,IT-FW-0088,Yes,In Progress
VUL03225,CVE-2025-48340,Path Traversal,Low,3.3,OPS-FW-0055,Yes,In Progress
VUL03226,CVE-2017-36491,Security Misconfiguration,Low,1.8,OPS-RTR-0025,Yes,Patched
VUL03227,CVE-2016-23231,Missing Security Patch,Critical,10.0,SAL-PRT-0122,No,Open
VUL03228,CVE-2022-22551,Open Redirect,High,8.5,SAL-SW-0083,Yes,Closed
VUL03229,CVE-2019-97723,Unpatched Software,Low,3.3,MKT-MOB-0008,Yes,Patched
VUL03230,CVE-2017-61621,Buffer Overflow,Low,2.4,IT-RTR-0093,Yes,Closed
VUL03231,CVE-2022-13093,SQL Injection,High,8.6,SAL-MOB-0106,Yes,Closed
VUL03232,CVE-2026-42842,Insecure Deserialization,High,8.9,ENG-RTR-0123,Yes,Closed
VUL03233,CVE-2020-96266,Cross-Site Scripting (XSS),Low,0.7,HR-SW-0028,Yes,In Progress
VUL03234,CVE-2021-12679,Remote Code Execution,Medium,5.7,SAL-RTR-0011,No,In Progress
VUL03235,CVE-2025-74060,Security Misconfiguration,High,7.2,MKT-PRT-0068,Yes,Closed
VUL03236,CVE-2026-85128,Missing Security Patch,Medium,4.9,HR-PC-0028,No,Won't Fix
VUL03237,CVE-2022-2229,Outdated SSL/TLS Configuration,High,8.2,SAL-SW-0035,Yes,In Progress
VUL03238,CVE-2018-74745,Insecure Direct Object Reference,Medium,5.7,MKT-RTR-0042,Yes,Patched
VUL03239,CVE-2024-52316,Cross-Site Scripting (XSS),Critical,9.8,IT-PRT-0019,No,Won't Fix
VUL03240,CVE-2017-76458,Remote Code Execution,Low,3.3,FIN-RTR-0099,Yes,In Progress
VUL03241,CVE-2023-87458,XML External Entity (XXE),Critical,9.7,FIN-MOB-0051,Yes,In Progress
VUL03242,CVE-2021-83294,Security Misconfiguration,Medium,5.9,FIN-MOB-0049,Yes,Patched
VUL03243,CVE-2016-22736,Cross-Site Scripting (XSS),Medium,6.3,IT-DB-0115,No,Won't Fix
VUL03244,CVE-2015-65245,Missing Security Patch,High,8.8,SAL-SW-0034,Yes,In Progress
VUL03245,CVE-2019-3478,Path Traversal,High,8.5,SAL-MOB-0094,No,Open
VUL03246,CVE-2019-15545,SQL Injection,Medium,4.2,FIN-LAP-0051,Yes,Closed
VUL03247,CVE-2015-34873,Security Misconfiguration,High,7.9,IT-PRT-0090,No,In Progress
VUL03248,CVE-2025-23409,Command Injection,Low,3.3,OPS-FW-0102,Yes,Closed
VUL03249,CVE-2017-86414,XML External Entity (XXE),Low,2.2,MKT-DB-0089,Yes,In Progress
VUL03250,CVE-2022-21880,Command Injection,High,7.8,SAL-LAP-0024,No,Won't Fix
VUL03251,CVE-2026-75338,Unpatched Software,Medium,4.8,MKT-IOT-0036,Yes,In Progress
VUL03252,CVE-2025-60573,Weak Password Policy,Medium,5.3,SAL-PRT-0062,No,In Progress
VUL03253,CVE-2016-53839,Path Traversal,Low,2.1,IT-IOT-0063,No,Won't Fix
VUL03254,CVE-2026-36700,Buffer Overflow,Low,3.8,MKT-SRV-0103,Yes,Patched
VUL03255,CVE-2018-69162,Buffer Overflow,Critical,9.5,SAL-PRT-0092,No,In Progress
VUL03256,CVE-2017-12285,Command Injection,Medium,4.9,IT-LAP-0106,No,Won't Fix
VUL03257,CVE-2015-58949,Open Redirect,Medium,5.0,LEG-PC-0091,No,In Progress
VUL03258,CVE-2023-80402,Server-Side Request Forgery (SSRF),Critical,9.9,ENG-LAP-0020,Yes,Patched
VUL03259,CVE-2022-52648,Remote Code Execution,Critical,9.2,OPS-LAP-0050,Yes,Closed
VUL03260,CVE-2016-66365,Path Traversal,Low,2.3,FIN-LAP-0122,Yes,In Progress
VUL03261,CVE-2022-74483,Buffer Overflow,High,7.4,ENG-SRV-0002,No,Open
VUL03262,CVE-2015-51057,Buffer Overflow,Critical,9.6,HR-MOB-0083,Yes,Patched
VUL03263,CVE-2024-51913,Cross-Site Scripting (XSS),Medium,5.3,IT-IOT-0015,Yes,Closed
VUL03264,CVE-2020-66159,SQL Injection,Critical,9.9,HR-MOB-0058,Yes,Closed
VUL03265,CVE-2026-90807,Broken Authentication,Low,1.6,FIN-PRT-0058,No,Won't Fix
VUL03266,CVE-2022-1348,Denial of Service,High,8.6,ENG-DB-0046,Yes,Closed
VUL03267,CVE-2023-80701,Path Traversal,Medium,5.8,OPS-RTR-0058,No,Open
VUL03268,CVE-2021-99757,Missing Security Patch,Critical,9.2,ENG-DB-0033,Yes,Patched
VUL03269,CVE-2025-61469,Server-Side Request Forgery (SSRF),High,7.4,ENG-FW-0011,Yes,In Progress
VUL03270,CVE-2015-49933,Cross-Site Scripting (XSS),High,7.8,IT-MOB-0113,Yes,Closed
VUL03271,CVE-2024-64586,Missing Security Patch,Low,0.7,OPS-SRV-0031,No,In Progress
VUL03272,CVE-2020-58446,Path Traversal,Low,0.7,ENG-MOB-0073,Yes,Patched
VUL03273,CVE-2026-1750,Server-Side Request Forgery (SSRF),High,8.1,MKT-MOB-0017,Yes,Closed
VUL03274,CVE-2024-76740,Remote Code Execution,Medium,6.8,FIN-FW-0114,No,Won't Fix
VUL03275,CVE-2016-44154,Unpatched Software,High,7.4,OPS-MOB-0092,Yes,Closed
VUL03276,CVE-2019-33180,Weak Password Policy,Low,2.3,OPS-PRT-0071,Yes,Patched
VUL03277,CVE-2026-62996,Server-Side Request Forgery (SSRF),Medium,5.6,SAL-MOB-0097,Yes,In Progress
VUL03278,CVE-2016-50060,Server-Side Request Forgery (SSRF),Medium,5.9,MKT-FW-0112,No,Won't Fix
VUL03279,CVE-2023-17438,Path Traversal,High,7.5,SAL-IOT-0037,No,Open
VUL03280,CVE-2020-68178,Outdated SSL/TLS Configuration,Medium,5.7,ENG-MOB-0137,Yes,Closed
VUL03281,CVE-2019-13821,Path Traversal,High,8.2,HR-MOB-0054,Yes,In Progress
VUL03282,CVE-2022-30765,Security Misconfiguration,High,7.5,FIN-DB-0022,Yes,Closed
VUL03283,CVE-2020-54795,Unpatched Software,Low,0.2,MKT-IOT-0017,No,Won't Fix
VUL03284,CVE-2019-90377,Remote Code Execution,Low,3.3,MKT-RTR-0094,No,In Progress
VUL03285,CVE-2017-89396,Privilege Escalation,Medium,4.1,ENG-FW-0013,No,Open
VUL03286,CVE-2015-69237,XML External Entity (XXE),Medium,6.5,HR-PC-0080,Yes,Patched
VUL03287,CVE-2017-44469,Server-Side Request Forgery (SSRF),High,7.6,LEG-RTR-0117,No,Open
VUL03288,CVE-2024-93474,Open Redirect,High,8.3,FIN-SW-0033,No,Open
VUL03289,CVE-2023-48031,Command Injection,Low,1.0,SAL-MOB-0124,Yes,Closed
VUL03290,CVE-2024-75996,Buffer Overflow,Low,1.3,IT-DB-0037,Yes,Closed
VUL03291,CVE-2026-31602,Server-Side Request Forgery (SSRF),Low,1.0,SAL-DB-0010,Yes,Patched
VUL03292,CVE-2019-89350,Cross-Site Scripting (XSS),Medium,5.1,IT-RTR-0054,Yes,Closed
VUL03293,CVE-2026-89073,Outdated SSL/TLS Configuration,Low,2.2,SAL-MOB-0110,Yes,In Progress
VUL03294,CVE-2021-81856,Privilege Escalation,Low,1.5,HR-PRT-0085,No,Open
VUL03295,CVE-2020-41223,Buffer Overflow,Medium,4.7,LEG-PRT-0075,No,Won't Fix
VUL03296,CVE-2022-81722,Privilege Escalation,Low,0.6,OPS-MOB-0024,No,In Progress
VUL03297,CVE-2015-91145,Remote Code Execution,Medium,4.8,ENG-PRT-0047,Yes,Closed
VUL03298,CVE-2020-17220,Server-Side Request Forgery (SSRF),High,8.5,FIN-PC-0056,No,Open
VUL03299,CVE-2016-12338,Server-Side Request Forgery (SSRF),High,8.3,MKT-SRV-0007,Yes,Patched
VUL03300,CVE-2017-11686,Server-Side Request Forgery (SSRF),Critical,9.9,ENG-MOB-0132,Yes,Closed
VUL03301,CVE-2023-13507,Remote Code Execution,Low,0.2,SAL-PRT-0070,No,In Progress
VUL03302,CVE-2018-77617,Sensitive Data Exposure,Medium,5.8,SAL-PRT-0047,No,Won't Fix
VUL03303,CVE-2023-70438,Sensitive Data Exposure,Medium,5.9,FIN-FW-0024,No,In Progress
VUL03304,CVE-2024-21042,Outdated SSL/TLS Configuration,Medium,4.8,SAL-PRT-0075,Yes,Patched
VUL03305,CVE-2026-89031,Open Redirect,Low,1.7,ENG-MOB-0064,Yes,In Progress
VUL03306,CVE-2020-8596,Sensitive Data Exposure,Low,2.9,MKT-LAP-0031,Yes,Closed
VUL03307,CVE-2020-64899,Insecure Deserialization,Critical,9.3,FIN-PC-0069,Yes,Closed
VUL03308,CVE-2021-84533,Buffer Overflow,Low,0.2,MKT-SW-0065,Yes,In Progress
VUL03309,CVE-2016-22396,Outdated SSL/TLS Configuration,Low,2.4,HR-PRT-0101,Yes,Patched
VUL03310,CVE-2024-2503,Open Redirect,Low,0.7,MKT-LAP-0039,No,Won't Fix
VUL03311,CVE-2016-2566,Command Injection,Critical,9.9,MKT-PRT-0026,No,Open
VUL03312,CVE-2019-35296,Command Injection,Medium,5.7,MKT-SRV-0068,Yes,Closed
VUL03313,CVE-2015-56005,XML External Entity (XXE),Low,3.5,FIN-DB-0073,No,Won't Fix
VUL03314,CVE-2025-99399,Path Traversal,Medium,5.8,IT-PC-0071,Yes,In Progress
VUL03315,CVE-2019-82080,Insecure Direct Object Reference,High,7.5,IT-PC-0099,Yes,In Progress
VUL03316,CVE-2019-13778,Unpatched Software,High,8.1,SAL-SW-0101,Yes,In Progress
VUL03317,CVE-2016-20231,Security Misconfiguration,High,8.5,HR-LAP-0059,Yes,Closed
VUL03318,CVE-2022-89988,Privilege Escalation,Low,0.5,OPS-MOB-0011,No,Open
VUL03319,CVE-2026-91029,Insecure Deserialization,Medium,5.8,SAL-MOB-0007,No,Open
VUL03320,CVE-2019-7553,Sensitive Data Exposure,High,7.4,MKT-DB-0090,No,Open
VUL03321,CVE-2016-82987,Path Traversal,Medium,5.2,ENG-LAP-0050,No,In Progress
VUL03322,CVE-2021-77629,Broken Authentication,High,8.5,SAL-RTR-0005,Yes,Patched
VUL03323,CVE-2025-29973,Path Traversal,Low,2.9,OPS-SRV-0022,Yes,Closed
VUL03324,CVE-2015-6037,Insecure Direct Object Reference,High,7.5,FIN-LAP-0027,Yes,In Progress
VUL03325,CVE-2022-67784,Privilege Escalation,Low,3.4,HR-SW-0082,Yes,Closed
VUL03326,CVE-2015-78067,Server-Side Request Forgery (SSRF),Critical,9.4,OPS-LAP-0051,No,In Progress
VUL03327,CVE-2020-41510,Open Redirect,High,8.2,ENG-FW-0031,Yes,Patched
VUL03328,CVE-2023-54559,Insecure Direct Object Reference,Medium,4.8,IT-FW-0011,Yes,Patched
VUL03329,CVE-2021-96001,Weak Password Policy,Low,0.2,SAL-DB-0096,Yes,Closed
VUL03330,CVE-2022-67771,Outdated SSL/TLS Configuration,High,8.9,OPS-FW-0069,No,Won't Fix
VUL03331,CVE-2020-12819,Buffer Overflow,High,7.1,OPS-IOT-0035,Yes,Patched
VUL03332,CVE-2019-15888,Broken Authentication,High,7.7,IT-MOB-0009,Yes,Closed
VUL03333,CVE-2016-34195,Cross-Site Scripting (XSS),Low,0.6,SAL-SW-0055,Yes,In Progress
VUL03334,CVE-2015-67033,Open Redirect,Medium,5.8,HR-FW-0077,No,In Progress
VUL03335,CVE-2018-2547,Remote Code Execution,High,7.1,HR-SRV-0106,Yes,Patched
VUL03336,CVE-2019-53378,Broken Authentication,High,8.7,HR-RTR-0042,No,Open
VUL03337,CVE-2024-51825,Missing Security Patch,High,8.4,HR-FW-0113,Yes,Closed
VUL03338,CVE-2024-41477,Server-Side Request Forgery (SSRF),Low,2.2,OPS-PC-0142,No,Open
VUL03339,CVE-2019-28529,Server-Side Request Forgery (SSRF),High,8.6,LEG-RTR-0032,Yes,Patched
VUL03340,CVE-2023-4513,Server-Side Request Forgery (SSRF),Low,0.2,OPS-SW-0014,Yes,In Progress
VUL03341,CVE-2024-90360,Denial of Service,Low,1.9,SAL-IOT-0057,No,In Progress
VUL03342,CVE-2016-33299,XML External Entity (XXE),Medium,6.8,OPS-LAP-0108,Yes,In Progress
VUL03343,CVE-2021-34686,Insecure Direct Object Reference,Low,3.2,FIN-DB-0047,Yes,In Progress
VUL03344,CVE-2019-95942,Insecure Direct Object Reference,High,7.1,HR-PC-0013,Yes,Closed
VUL03345,CVE-2015-43501,SQL Injection,High,7.4,FIN-SW-0103,Yes,Patched
VUL03346,CVE-2025-2800,Insecure Deserialization,Medium,4.5,LEG-LAP-0045,Yes,Closed
VUL03347,CVE-2023-47534,Insecure Deserialization,Low,3.6,LEG-DB-0015,No,In Progress
VUL03348,CVE-2019-43275,Remote Code Execution,High,8.5,IT-LAP-0007,No,Open
VUL03349,CVE-2016-16925,Open Redirect,High,7.9,LEG-RTR-0035,Yes,In Progress
VUL03350,CVE-2025-75855,Remote Code Execution,Low,3.5,HR-DB-0003,No,In Progress
VUL03351,CVE-2024-89545,Unpatched Software,Low,3.8,LEG-PC-0021,Yes,In Progress
VUL03352,CVE-2016-24225,Insecure Direct Object Reference,Medium,5.3,SAL-DB-0045,Yes,Patched
VUL03353,CVE-2023-59961,Privilege Escalation,Medium,4.8,SAL-MOB-0150,No,Open
VUL03354,CVE-2016-4638,Buffer Overflow,Critical,9.3,LEG-MOB-0028,Yes,Patched
VUL03355,CVE-2022-55320,Open Redirect,Low,2.5,LEG-PC-0074,No,Won't Fix
VUL03356,CVE-2019-37264,Command Injection,Medium,5.2,LEG-DB-0107,Yes,Closed
VUL03357,CVE-2021-90406,Broken Authentication,High,8.0,IT-DB-0060,No,In Progress
VUL03358,CVE-2026-48904,Sensitive Data Exposure,Medium,6.5,LEG-LAP-0065,No,Open
VUL03359,CVE-2023-36729,Server-Side Request Forgery (SSRF),Medium,6.8,FIN-FW-0086,No,In Progress
VUL03360,CVE-2025-22859,Server-Side Request Forgery (SSRF),High,7.4,IT-RTR-0010,Yes,Closed
VUL03361,CVE-2026-38927,XML External Entity (XXE),Low,0.4,LEG-SW-0108,No,Won't Fix
VUL03362,CVE-2025-93727,Unpatched Software,Low,1.3,HR-DB-0008,No,In Progress
VUL03363,CVE-2022-97016,Server-Side Request Forgery (SSRF),High,8.6,SAL-SW-0015,No,Open
VUL03364,CVE-2022-46956,Unpatched Software,Low,3.2,IT-PC-0073,Yes,Closed
VUL03365,CVE-2017-3641,Privilege Escalation,Medium,5.2,ENG-MOB-0115,Yes,Patched
VUL03366,CVE-2018-66620,Cross-Site Scripting (XSS),Medium,4.1,FIN-FW-0073,No,In Progress
VUL03367,CVE-2015-48876,Buffer Overflow,Medium,4.1,IT-PC-0008,Yes,Patched
VUL03368,CVE-2018-15441,XML External Entity (XXE),Low,3.3,IT-SW-0072,Yes,Closed
VUL03369,CVE-2026-20954,Buffer Overflow,Low,2.1,SAL-RTR-0058,Yes,Closed
VUL03370,CVE-2022-20665,Path Traversal,High,7.6,LEG-LAP-0057,No,Open
VUL03371,CVE-2023-34554,Path Traversal,Medium,6.1,FIN-PC-0066,No,Won't Fix
VUL03372,CVE-2020-65887,Unpatched Software,Medium,5.0,MKT-FW-0084,Yes,In Progress
VUL03373,CVE-2022-88146,Unpatched Software,Medium,4.0,ENG-SRV-0072,Yes,In Progress
VUL03374,CVE-2018-71430,Sensitive Data Exposure,Medium,4.6,MKT-PRT-0096,No,Won't Fix
VUL03375,CVE-2023-23626,Outdated SSL/TLS Configuration,Medium,4.6,SAL-PRT-0003,No,Open
VUL03376,CVE-2018-42191,Privilege Escalation,Low,3.4,MKT-SW-0020,Yes,In Progress
VUL03377,CVE-2024-54131,Path Traversal,Medium,4.3,FIN-SW-0074,Yes,In Progress
VUL03378,CVE-2016-42316,Broken Authentication,High,8.2,LEG-PC-0009,No,Won't Fix
VUL03379,CVE-2021-36058,Sensitive Data Exposure,Medium,5.6,SAL-FW-0119,No,In Progress
VUL03380,CVE-2022-75510,Missing Security Patch,High,8.6,SAL-RTR-0026,No,Open
VUL03381,CVE-2015-29691,Insecure Deserialization,Low,3.7,IT-DB-0104,No,In Progress
VUL03382,CVE-2018-13409,Command Injection,Critical,10.0,HR-PRT-0006,No,Open
VUL03383,CVE-2016-86547,Privilege Escalation,Medium,6.2,OPS-MOB-0130,Yes,In Progress
VUL03384,CVE-2025-33101,Insecure Deserialization,Medium,4.9,SAL-SRV-0074,Yes,In Progress
VUL03385,CVE-2022-2298,Remote Code Execution,Medium,4.1,SAL-LAP-0024,No,Open
VUL03386,CVE-2024-21595,Weak Password Policy,High,8.8,FIN-SRV-0085,Yes,Patched
VUL03387,CVE-2019-4170,XML External Entity (XXE),Low,1.2,FIN-SRV-0118,Yes,Patched
VUL03388,CVE-2018-56150,Security Misconfiguration,Medium,5.8,ENG-DB-0083,Yes,Patched
VUL03389,CVE-2021-25648,Privilege Escalation,Critical,9.7,HR-PC-0003,No,Open
VUL03390,CVE-2026-21586,Insecure Deserialization,High,8.5,MKT-LAP-0064,No,Open
VUL03391,CVE-2020-97392,XML External Entity (XXE),Low,0.4,FIN-SW-0125,Yes,Patched
VUL03392,CVE-2025-72484,XML External Entity (XXE),High,7.1,HR-FW-0073,No,In Progress
VUL03393,CVE-2020-69007,XML External Entity (XXE),Low,2.7,SAL-SW-0009,Yes,Closed
VUL03394,CVE-2025-45405,Broken Authentication,High,8.4,SAL-PC-0041,Yes,Closed
VUL03395,CVE-2026-44890,Privilege Escalation,Medium,4.9,ENG-IOT-0006,Yes,In Progress
VUL03396,CVE-2022-28156,Buffer Overflow,Medium,5.7,OPS-FW-0093,No,In Progress
VUL03397,CVE-2022-70014,Command Injection,Medium,6.6,MKT-PRT-0110,Yes,Patched
VUL03398,CVE-2026-89987,Security Misconfiguration,High,8.1,FIN-FW-0047,No,Won't Fix
VUL03399,CVE-2022-81198,Privilege Escalation,High,7.5,LEG-PRT-0039,No,Won't Fix
VUL03400,CVE-2016-80585,Cross-Site Scripting (XSS),High,7.0,ENG-IOT-0064,No,In Progress
VUL03401,CVE-2017-70610,Security Misconfiguration,High,8.4,IT-PC-0040,No,In Progress
VUL03402,CVE-2016-30777,Sensitive Data Exposure,Medium,5.9,ENG-RTR-0120,No,In Progress
VUL03403,CVE-2018-48403,Remote Code Execution,High,7.1,HR-FW-0083,Yes,Patched
VUL03404,CVE-2022-40644,Broken Authentication,High,8.0,SAL-FW-0123,No,Won't Fix
VUL03405,CVE-2015-20762,Server-Side Request Forgery (SSRF),Low,1.0,OPS-FW-0019,Yes,Closed
VUL03406,CVE-2015-79297,Sensitive Data Exposure,Critical,9.5,OPS-SW-0090,No,Open
VUL03407,CVE-2020-23932,Unpatched Software,Critical,9.8,MKT-SW-0118,Yes,Patched
VUL03408,CVE-2015-99713,Unpatched Software,Critical,9.1,SAL-RTR-0032,Yes,In Progress
VUL03409,CVE-2023-36802,Weak Password Policy,High,8.7,HR-PRT-0058,Yes,In Progress
VUL03410,CVE-2022-93309,Denial of Service,Low,1.0,FIN-PC-0069,No,Open
VUL03411,CVE-2025-54421,Remote Code Execution,Low,0.8,IT-DB-0020,Yes,Closed
VUL03412,CVE-2017-90358,Insecure Direct Object Reference,Critical,9.7,FIN-FW-0088,Yes,Closed
VUL03413,CVE-2017-21343,Insecure Direct Object Reference,Low,1.7,HR-RTR-0031,Yes,In Progress
VUL03414,CVE-2022-85216,Server-Side Request Forgery (SSRF),High,8.2,FIN-PRT-0079,No,In Progress
VUL03415,CVE-2021-95344,Security Misconfiguration,Medium,4.6,FIN-DB-0009,No,Open
VUL03416,CVE-2021-51272,Cross-Site Scripting (XSS),Medium,6.4,SAL-PRT-0063,Yes,Closed
VUL03417,CVE-2023-29634,Outdated SSL/TLS Configuration,Medium,5.7,MKT-PC-0108,No,In Progress
VUL03418,CVE-2016-67720,Cross-Site Scripting (XSS),Medium,5.7,IT-RTR-0072,No,Open
VUL03419,CVE-2016-49821,Denial of Service,Low,1.9,LEG-FW-0079,No,In Progress
VUL03420,CVE-2016-12073,Server-Side Request Forgery (SSRF),Low,3.0,LEG-SRV-0039,No,Open
VUL03421,CVE-2020-80905,Command Injection,High,7.0,IT-DB-0096,Yes,In Progress
VUL03422,CVE-2019-15022,Sensitive Data Exposure,Medium,4.5,MKT-SRV-0056,Yes,Patched
VUL03423,CVE-2018-60202,Buffer Overflow,Low,3.2,ENG-DB-0019,Yes,Closed
VUL03424,CVE-2024-86698,Broken Authentication,Medium,5.8,SAL-IOT-0044,Yes,Closed
VUL03425,CVE-2024-51330,Insecure Direct Object Reference,Medium,5.8,OPS-PRT-0070,Yes,Patched
VUL03426,CVE-2024-85468,Insecure Deserialization,Low,3.0,MKT-SRV-0042,No,Open
VUL03427,CVE-2019-33674,Insecure Direct Object Reference,High,8.8,ENG-MOB-0081,Yes,In Progress
VUL03428,CVE-2023-42635,Weak Password Policy,Medium,4.1,ENG-RTR-0069,No,Open
VUL03429,CVE-2016-11268,Server-Side Request Forgery (SSRF),Medium,5.6,LEG-FW-0103,Yes,Patched
VUL03430,CVE-2020-34309,Privilege Escalation,Medium,5.7,LEG-RTR-0045,Yes,Closed
VUL03431,CVE-2025-9614,Broken Authentication,High,8.8,IT-IOT-0115,Yes,In Progress
VUL03432,CVE-2023-96253,Missing Security Patch,Critical,9.8,SAL-LAP-0066,Yes,Patched
VUL03433,CVE-2026-80120,Weak Password Policy,Low,0.3,SAL-MOB-0043,Yes,Closed
VUL03434,CVE-2020-39934,Insecure Deserialization,High,7.7,IT-SRV-0041,Yes,In Progress
VUL03435,CVE-2024-39328,Remote Code Execution,Medium,6.7,LEG-PC-0058,Yes,Patched
VUL03436,CVE-2021-83626,Command Injection,Medium,5.8,IT-IOT-0058,No,In Progress
VUL03437,CVE-2022-69301,Path Traversal,High,8.4,MKT-PC-0078,Yes,Patched
VUL03438,CVE-2024-96357,Unpatched Software,High,8.8,ENG-DB-0066,No,Won't Fix
VUL03439,CVE-2025-90861,Broken Authentication,High,8.6,FIN-MOB-0116,No,Open
VUL03440,CVE-2021-17386,Insecure Direct Object Reference,Medium,5.3,ENG-FW-0109,Yes,In Progress
VUL03441,CVE-2016-76457,Security Misconfiguration,Medium,4.2,OPS-PRT-0033,No,Won't Fix
VUL03442,CVE-2023-66635,Open Redirect,High,8.6,LEG-PRT-0114,No,Open
VUL03443,CVE-2016-50131,Privilege Escalation,Medium,4.6,HR-SW-0010,Yes,Patched
VUL03444,CVE-2024-50240,Insecure Deserialization,High,8.0,SAL-PC-0046,No,In Progress
VUL03445,CVE-2016-71646,Buffer Overflow,Medium,5.0,IT-SRV-0092,Yes,In Progress
VUL03446,CVE-2025-49158,Unpatched Software,Low,2.3,MKT-IOT-0042,Yes,Closed
VUL03447,CVE-2019-12377,Remote Code Execution,Low,0.3,ENG-SRV-0029,No,Open
VUL03448,CVE-2025-59286,Missing Security Patch,Low,1.4,IT-IOT-0013,No,Won't Fix
VUL03449,CVE-2023-16381,Command Injection,Low,1.6,MKT-FW-0012,Yes,Patched
VUL03450,CVE-2017-97957,Denial of Service,High,7.4,LEG-PC-0029,Yes,Closed
VUL03451,CVE-2015-28671,Weak Password Policy,High,7.3,HR-DB-0001,Yes,Closed
VUL03452,CVE-2015-80383,Cross-Site Scripting (XSS),High,7.6,FIN-IOT-0112,Yes,Closed
VUL03453,CVE-2023-25442,Cross-Site Scripting (XSS),High,7.4,MKT-RTR-0105,No,In Progress
VUL03454,CVE-2018-17226,SQL Injection,Medium,5.0,IT-MOB-0064,Yes,Closed
VUL03455,CVE-2026-59142,Insecure Direct Object Reference,Medium,5.8,LEG-DB-0019,No,Open
VUL03456,CVE-2025-66867,SQL Injection,Low,0.5,HR-SW-0052,Yes,Closed
VUL03457,CVE-2017-38234,Buffer Overflow,High,8.2,MKT-DB-0058,Yes,Closed
VUL03458,CVE-2025-8108,Broken Authentication,Critical,9.6,HR-MOB-0003,No,In Progress
VUL03459,CVE-2020-24350,Weak Password Policy,High,8.9,MKT-DB-0013,Yes,Patched
VUL03460,CVE-2023-53283,Broken Authentication,Low,1.5,FIN-FW-0054,Yes,In Progress
VUL03461,CVE-2026-18654,Command Injection,High,8.6,FIN-MOB-0060,No,Won't Fix
VUL03462,CVE-2016-31205,Command Injection,Low,2.0,FIN-PRT-0010,Yes,In Progress
VUL03463,CVE-2019-8830,Open Redirect,Critical,9.8,MKT-SRV-0014,No,In Progress
VUL03464,CVE-2019-87760,Unpatched Software,Low,3.7,IT-FW-0064,Yes,In Progress
VUL03465,CVE-2021-54772,Weak Password Policy,High,8.3,FIN-PRT-0014,Yes,Patched
VUL03466,CVE-2021-59893,Privilege Escalation,Low,2.5,IT-LAP-0053,Yes,Closed
VUL03467,CVE-2025-39646,Broken Authentication,Medium,4.5,ENG-PC-0121,Yes,In Progress
VUL03468,CVE-2016-80170,Path Traversal,Critical,9.1,MKT-SW-0108,Yes,Patched
VUL03469,CVE-2019-49076,Cross-Site Scripting (XSS),Critical,9.3,ENG-PRT-0047,No,Open
VUL03470,CVE-2025-1072,SQL Injection,Critical,9.4,HR-PC-0037,No,Open
VUL03471,CVE-2016-10911,Insecure Deserialization,High,8.7,OPS-PC-0089,Yes,Patched
VUL03472,CVE-2018-38584,Buffer Overflow,High,8.5,LEG-SRV-0080,Yes,Patched
VUL03473,CVE-2024-76783,Broken Authentication,High,7.7,LEG-MOB-0017,Yes,Closed
VUL03474,CVE-2021-61770,Open Redirect,High,7.4,HR-PRT-0092,Yes,In Progress
VUL03475,CVE-2023-14759,Open Redirect,High,7.6,HR-FW-0027,No,Won't Fix
VUL03476,CVE-2022-53754,Buffer Overflow,Low,0.2,HR-PRT-0020,Yes,Patched
VUL03477,CVE-2025-56808,Outdated SSL/TLS Configuration,Medium,5.3,IT-SRV-0134,Yes,Closed
VUL03478,CVE-2016-49228,Command Injection,Low,0.2,LEG-SRV-0101,No,Open
VUL03479,CVE-2025-66450,Buffer Overflow,Low,3.5,HR-PRT-0021,No,Won't Fix
VUL03480,CVE-2025-14241,Broken Authentication,High,7.8,IT-SRV-0043,Yes,Closed
VUL03481,CVE-2019-96469,Broken Authentication,High,7.2,IT-LAP-0014,No,Won't Fix
VUL03482,CVE-2015-29897,Cross-Site Scripting (XSS),High,8.7,MKT-MOB-0037,Yes,In Progress
VUL03483,CVE-2015-89766,Security Misconfiguration,High,8.7,LEG-SRV-0031,No,In Progress
VUL03484,CVE-2016-86753,XML External Entity (XXE),Critical,9.9,ENG-DB-0113,Yes,In Progress
VUL03485,CVE-2019-66016,Open Redirect,Low,0.4,SAL-IOT-0083,Yes,Closed
VUL03486,CVE-2023-20831,Cross-Site Scripting (XSS),Critical,9.7,MKT-DB-0032,No,In Progress
VUL03487,CVE-2021-90466,Unpatched Software,Critical,9.6,ENG-PRT-0003,Yes,In Progress
VUL03488,CVE-2017-72568,Cross-Site Scripting (XSS),Medium,6.7,FIN-IOT-0018,No,Open
VUL03489,CVE-2018-19061,Command Injection,Medium,6.6,ENG-MOB-0007,No,In Progress
VUL03490,CVE-2018-24975,Path Traversal,Medium,6.8,ENG-PRT-0116,No,In Progress
VUL03491,CVE-2024-29010,Buffer Overflow,Critical,9.4,OPS-MOB-0098,Yes,Closed
VUL03492,CVE-2016-60302,Insecure Deserialization,Medium,4.8,IT-PC-0020,No,Open
VUL03493,CVE-2020-66561,SQL Injection,Medium,6.2,MKT-MOB-0025,Yes,Closed
VUL03494,CVE-2025-44895,Unpatched Software,Low,1.8,HR-IOT-0087,No,Open
VUL03495,CVE-2026-80586,Command Injection,Low,0.4,IT-MOB-0021,Yes,In Progress
VUL03496,CVE-2023-86003,Cross-Site Scripting (XSS),Medium,4.8,HR-SW-0093,No,Won't Fix
VUL03497,CVE-2026-28543,Insecure Direct Object Reference,Medium,6.5,LEG-IOT-0078,Yes,Patched
VUL03498,CVE-2026-94399,Command Injection,High,8.4,SAL-RTR-0070,No,In Progress
VUL03499,CVE-2016-60412,Cross-Site Scripting (XSS),High,7.7,LEG-SW-0035,Yes,In Progress
VUL03500,CVE-2021-29321,Command Injection,Medium,4.1,HR-SRV-0008,Yes,Patched
VUL03501,CVE-2019-89359,Cross-Site Scripting (XSS),Low,1.8,IT-DB-0032,Yes,Closed
VUL03502,CVE-2024-80064,Privilege Escalation,Medium,6.7,ENG-FW-0078,No,In Progress
VUL03503,CVE-2017-66053,Cross-Site Scripting (XSS),High,7.7,FIN-RTR-0015,Yes,Patched
VUL03504,CVE-2017-75469,Command Injection,Medium,4.8,IT-PC-0096,Yes,Patched
VUL03505,CVE-2025-35914,SQL Injection,High,8.1,IT-DB-0023,Yes,Patched
VUL03506,CVE-2022-35968,Broken Authentication,Critical,9.3,MKT-SRV-0045,No,Open
VUL03507,CVE-2017-9133,Outdated SSL/TLS Configuration,Low,2.7,FIN-FW-0008,Yes,Patched
VUL03508,CVE-2026-27921,Command Injection,High,7.8,ENG-RTR-0079,No,In Progress
VUL03509,CVE-2026-69748,Sensitive Data Exposure,Low,1.9,ENG-SW-0037,Yes,In Progress
VUL03510,CVE-2026-4043,Missing Security Patch,Medium,6.8,ENG-MOB-0125,Yes,Closed
VUL03511,CVE-2017-30041,Unpatched Software,High,8.4,IT-FW-0086,Yes,In Progress
VUL03512,CVE-2023-25498,Insecure Deserialization,Critical,9.9,ENG-SRV-0148,Yes,Closed
VUL03513,CVE-2026-44564,Unpatched Software,Critical,9.4,SAL-FW-0045,Yes,Patched
VUL03514,CVE-2026-6626,SQL Injection,High,7.3,OPS-PC-0101,Yes,Closed
VUL03515,CVE-2022-37898,Outdated SSL/TLS Configuration,Low,3.3,FIN-PRT-0128,Yes,Patched
VUL03516,CVE-2023-95247,Unpatched Software,Low,0.2,HR-FW-0099,No,In Progress
VUL03517,CVE-2021-58770,Security Misconfiguration,Low,0.5,HR-FW-0127,Yes,In Progress
VUL03518,CVE-2015-23419,Remote Code Execution,Medium,4.7,HR-SRV-0006,No,Won't Fix
VUL03519,CVE-2026-58801,Insecure Direct Object Reference,Medium,4.8,MKT-PRT-0020,Yes,Closed
VUL03520,CVE-2024-19147,Server-Side Request Forgery (SSRF),High,8.1,LEG-RTR-0063,Yes,In Progress
VUL03521,CVE-2015-22863,XML External Entity (XXE),Low,3.8,LEG-FW-0025,No,Won't Fix
VUL03522,CVE-2016-12250,Buffer Overflow,High,8.8,LEG-SRV-0004,Yes,Patched
VUL03523,CVE-2025-35631,XML External Entity (XXE),High,8.4,IT-RTR-0072,Yes,Closed
VUL03524,CVE-2021-41964,Path Traversal,High,8.8,IT-SW-0040,No,Open
VUL03525,CVE-2019-26842,Path Traversal,Low,2.1,LEG-DB-0085,Yes,Patched
VUL03526,CVE-2023-3117,Path Traversal,Low,3.9,LEG-SW-0086,Yes,Patched
VUL03527,CVE-2020-93693,Insecure Deserialization,Medium,6.9,MKT-LAP-0049,Yes,In Progress
VUL03528,CVE-2020-61085,Insecure Deserialization,Medium,4.1,IT-IOT-0116,Yes,In Progress
VUL03529,CVE-2023-85238,Open Redirect,Medium,6.8,FIN-FW-0029,Yes,Patched
VUL03530,CVE-2017-71601,Broken Authentication,Medium,4.2,ENG-IOT-0038,Yes,Closed
VUL03531,CVE-2023-68601,Weak Password Policy,High,8.5,HR-DB-0086,No,Won't Fix
VUL03532,CVE-2022-89735,Unpatched Software,Medium,6.7,FIN-SRV-0059,Yes,Patched
VUL03533,CVE-2016-62254,Cross-Site Scripting (XSS),High,8.9,HR-SRV-0058,No,In Progress
VUL03534,CVE-2015-31431,Command Injection,Medium,5.1,IT-LAP-0027,Yes,Patched
VUL03535,CVE-2020-85680,XML External Entity (XXE),Medium,6.3,OPS-PC-0037,Yes,Patched
VUL03536,CVE-2022-66252,Open Redirect,Medium,4.7,MKT-FW-0086,Yes,Closed
VUL03537,CVE-2021-19633,XML External Entity (XXE),Medium,4.3,FIN-LAP-0069,No,Won't Fix
VUL03538,CVE-2024-40393,Buffer Overflow,High,7.7,HR-MOB-0053,Yes,Closed
VUL03539,CVE-2023-74330,XML External Entity (XXE),Low,3.4,OPS-MOB-0067,No,In Progress
VUL03540,CVE-2023-70236,Broken Authentication,Medium,4.1,HR-LAP-0050,Yes,In Progress
VUL03541,CVE-2025-37422,Buffer Overflow,High,7.7,OPS-MOB-0045,No,Open
VUL03542,CVE-2020-90246,Insecure Deserialization,Low,2.9,SAL-SRV-0115,No,Open
VUL03543,CVE-2017-28588,Open Redirect,Critical,10.0,IT-FW-0071,No,Open
VUL03544,CVE-2022-67700,Sensitive Data Exposure,Critical,9.9,MKT-IOT-0004,Yes,Closed
VUL03545,CVE-2018-26935,Cross-Site Scripting (XSS),High,8.2,MKT-PC-0096,No,In Progress
VUL03546,CVE-2024-49275,Buffer Overflow,High,8.2,MKT-SW-0008,Yes,In Progress
VUL03547,CVE-2018-66404,Buffer Overflow,Low,2.5,MKT-SW-0027,Yes,Patched
VUL03548,CVE-2015-86163,Broken Authentication,Low,3.8,LEG-RTR-0052,Yes,Closed
VUL03549,CVE-2021-88164,Broken Authentication,High,7.6,FIN-PC-0128,No,In Progress
VUL03550,CVE-2017-17299,SQL Injection,High,8.0,LEG-LAP-0116,Yes,Closed
VUL03551,CVE-2023-74740,Security Misconfiguration,Low,0.7,OPS-PRT-0062,No,In Progress
VUL03552,CVE-2026-93160,Server-Side Request Forgery (SSRF),Low,1.3,MKT-LAP-0033,Yes,Closed
VUL03553,CVE-2017-46005,Command Injection,Medium,4.8,MKT-SW-0048,Yes,In Progress
VUL03554,CVE-2021-38408,Insecure Direct Object Reference,High,7.8,FIN-PC-0031,No,Won't Fix
VUL03555,CVE-2017-57424,Insecure Deserialization,High,7.1,ENG-PRT-0090,Yes,Closed
VUL03556,CVE-2015-59226,Security Misconfiguration,High,8.4,LEG-SW-0105,No,Open
VUL03557,CVE-2023-26838,Privilege Escalation,Low,1.7,ENG-LAP-0098,Yes,Patched
VUL03558,CVE-2020-93968,Security Misconfiguration,High,7.3,HR-FW-0102,Yes,Patched
VUL03559,CVE-2020-99661,Remote Code Execution,Low,2.8,IT-IOT-0074,No,In Progress
VUL03560,CVE-2025-58525,Privilege Escalation,High,7.6,MKT-LAP-0103,Yes,In Progress
VUL03561,CVE-2021-61226,Privilege Escalation,Low,2.0,IT-RTR-0084,No,In Progress
VUL03562,CVE-2015-87184,Unpatched Software,Medium,5.3,IT-SRV-0037,No,Won't Fix
VUL03563,CVE-2021-92642,Broken Authentication,Medium,6.8,OPS-SRV-0063,Yes,In Progress
VUL03564,CVE-2019-84121,Weak Password Policy,Low,3.4,IT-PC-0009,No,Open
VUL03565,CVE-2024-17641,Sensitive Data Exposure,Medium,6.7,SAL-IOT-0031,No,Open
VUL03566,CVE-2020-11473,Missing Security Patch,Medium,5.9,LEG-MOB-0037,No,Won't Fix
VUL03567,CVE-2022-77516,Unpatched Software,Critical,9.1,MKT-MOB-0056,No,In Progress
VUL03568,CVE-2025-65560,Sensitive Data Exposure,Low,0.5,FIN-LAP-0120,Yes,Closed
VUL03569,CVE-2016-61881,SQL Injection,Low,0.6,IT-PRT-0108,Yes,Patched
VUL03570,CVE-2026-14816,Insecure Direct Object Reference,Critical,9.6,ENG-PC-0037,Yes,Patched
VUL03571,CVE-2018-65390,Insecure Deserialization,Medium,5.7,IT-DB-0037,No,In Progress
VUL03572,CVE-2022-79392,XML External Entity (XXE),High,8.7,HR-LAP-0137,Yes,In Progress
VUL03573,CVE-2020-23610,Privilege Escalation,Low,1.2,HR-LAP-0105,No,Won't Fix
VUL03574,CVE-2021-88482,Cross-Site Scripting (XSS),Low,1.3,OPS-PC-0035,No,In Progress
VUL03575,CVE-2018-63660,Security Misconfiguration,High,8.5,OPS-PRT-0095,No,Open
VUL03576,CVE-2016-45246,SQL Injection,High,7.5,ENG-MOB-0052,Yes,Patched
VUL03577,CVE-2025-42008,Buffer Overflow,Low,3.3,FIN-SRV-0037,Yes,Patched
VUL03578,CVE-2020-74872,Weak Password Policy,High,8.8,FIN-SW-0035,Yes,In Progress
VUL03579,CVE-2025-21993,Weak Password Policy,High,7.5,HR-FW-0067,Yes,Patched
VUL03580,CVE-2026-85753,Outdated SSL/TLS Configuration,High,8.4,HR-SRV-0025,No,In Progress
VUL03581,CVE-2024-71755,Open Redirect,Critical,9.6,SAL-IOT-0023,No,Open
VUL03582,CVE-2026-24862,Command Injection,High,8.7,IT-SRV-0094,No,In Progress
VUL03583,CVE-2015-35969,Cross-Site Scripting (XSS),Medium,4.7,HR-LAP-0006,Yes,Patched
VUL03584,CVE-2016-58599,Insecure Deserialization,Medium,5.2,IT-FW-0010,Yes,Closed
VUL03585,CVE-2017-12882,Remote Code Execution,Medium,4.5,HR-PC-0093,No,Open
VUL03586,CVE-2017-25461,Path Traversal,Medium,5.8,ENG-MOB-0031,No,In Progress
VUL03587,CVE-2019-36870,Open Redirect,Medium,4.7,SAL-DB-0023,No,In Progress
VUL03588,CVE-2022-21094,Insecure Direct Object Reference,Low,0.2,IT-RTR-0034,Yes,Patched
VUL03589,CVE-2019-65632,Path Traversal,Critical,9.8,MKT-SW-0073,No,Open
VUL03590,CVE-2021-59895,Security Misconfiguration,Medium,4.3,SAL-PRT-0076,Yes,Patched
VUL03591,CVE-2016-41395,Unpatched Software,Medium,6.3,MKT-RTR-0117,Yes,Closed
VUL03592,CVE-2023-78521,XML External Entity (XXE),High,8.9,ENG-SRV-0037,Yes,Closed
VUL03593,CVE-2022-59995,Security Misconfiguration,Medium,6.2,MKT-IOT-0090,No,In Progress
VUL03594,CVE-2024-8152,Denial of Service,High,8.5,HR-SW-0112,Yes,Closed
VUL03595,CVE-2023-25508,Missing Security Patch,Low,1.0,MKT-MOB-0070,Yes,Patched
VUL03596,CVE-2024-94472,Security Misconfiguration,Medium,6.9,IT-PRT-0099,Yes,Closed
VUL03597,CVE-2019-94427,Denial of Service,Medium,5.6,LEG-MOB-0090,Yes,Closed
VUL03598,CVE-2019-80620,Denial of Service,Medium,6.8,FIN-SRV-0004,Yes,Closed
VUL03599,CVE-2020-33888,Buffer Overflow,Critical,9.4,FIN-MOB-0107,No,In Progress
VUL03600,CVE-2023-92447,Insecure Direct Object Reference,Critical,10.0,SAL-DB-0120,Yes,Patched
VUL03601,CVE-2019-61251,XML External Entity (XXE),Critical,9.1,LEG-FW-0071,Yes,Closed
VUL03602,CVE-2022-42689,Cross-Site Scripting (XSS),Low,0.9,OPS-IOT-0018,Yes,Patched
VUL03603,CVE-2023-7781,Outdated SSL/TLS Configuration,High,8.6,OPS-PRT-0013,No,Open
VUL03604,CVE-2024-80279,Missing Security Patch,Medium,6.8,FIN-RTR-0074,No,Won't Fix
VUL03605,CVE-2020-74135,SQL Injection,Critical,9.1,HR-SW-0067,No,In Progress
VUL03606,CVE-2021-29471,Security Misconfiguration,Medium,5.4,OPS-DB-0046,Yes,Closed
VUL03607,CVE-2019-3941,Missing Security Patch,High,7.5,SAL-MOB-0089,Yes,In Progress
VUL03608,CVE-2017-40477,Remote Code Execution,High,8.2,LEG-IOT-0023,No,Won't Fix
VUL03609,CVE-2019-69265,XML External Entity (XXE),High,8.8,MKT-RTR-0021,Yes,In Progress
VUL03610,CVE-2023-11095,Insecure Direct Object Reference,Medium,4.3,SAL-RTR-0046,No,In Progress
VUL03611,CVE-2018-59548,Command Injection,High,8.0,SAL-FW-0042,No,In Progress
VUL03612,CVE-2020-98294,Open Redirect,High,7.3,ENG-PC-0037,Yes,In Progress
VUL03613,CVE-2021-25197,Weak Password Policy,Medium,5.3,FIN-IOT-0101,No,In Progress
VUL03614,CVE-2022-71984,Cross-Site Scripting (XSS),Low,3.6,OPS-PC-0066,Yes,Closed
VUL03615,CVE-2018-43616,Privilege Escalation,Critical,9.7,ENG-SRV-0065,Yes,Closed
VUL03616,CVE-2020-96446,Path Traversal,High,8.7,SAL-FW-0037,Yes,In Progress
VUL03617,CVE-2021-36500,Open Redirect,Low,1.3,LEG-LAP-0077,No,Open
VUL03618,CVE-2025-68758,Broken Authentication,Medium,4.7,FIN-LAP-0052,No,In Progress
VUL03619,CVE-2020-50619,Broken Authentication,High,7.0,MKT-FW-0081,Yes,Patched
VUL03620,CVE-2018-42359,Sensitive Data Exposure,Critical,9.8,SAL-DB-0117,No,Open
VUL03621,CVE-2015-6626,Privilege Escalation,Low,0.3,MKT-PC-0119,No,Won't Fix
VUL03622,CVE-2019-3583,Security Misconfiguration,High,7.9,IT-IOT-0022,No,Open
VUL03623,CVE-2025-99750,Sensitive Data Exposure,Critical,9.3,FIN-DB-0066,No,Won't Fix
VUL03624,CVE-2016-67717,Remote Code Execution,High,7.2,HR-LAP-0022,No,Open
VUL03625,CVE-2019-89616,Sensitive Data Exposure,High,7.8,FIN-SRV-0068,Yes,Patched
VUL03626,CVE-2023-66099,Weak Password Policy,Medium,5.6,IT-DB-0094,No,In Progress
VUL03627,CVE-2016-14588,Outdated SSL/TLS Configuration,Medium,6.2,OPS-RTR-0024,Yes,Patched
VUL03628,CVE-2015-96443,Security Misconfiguration,High,7.6,IT-SRV-0083,Yes,In Progress
VUL03629,CVE-2019-31223,Remote Code Execution,Medium,6.6,LEG-FW-0023,Yes,In Progress
VUL03630,CVE-2017-10580,Weak Password Policy,Low,3.9,FIN-FW-0065,Yes,In Progress
VUL03631,CVE-2015-81551,Cross-Site Scripting (XSS),High,8.0,SAL-RTR-0102,No,Won't Fix
VUL03632,CVE-2015-79301,XML External Entity (XXE),High,8.5,LEG-PC-0019,No,Won't Fix
VUL03633,CVE-2023-60518,Open Redirect,Low,2.5,IT-SRV-0025,Yes,In Progress
VUL03634,CVE-2019-53927,Cross-Site Scripting (XSS),Low,1.8,OPS-PRT-0122,No,Won't Fix
VUL03635,CVE-2017-90550,Insecure Deserialization,High,7.7,HR-SW-0103,Yes,Patched
VUL03636,CVE-2024-81872,Outdated SSL/TLS Configuration,Medium,6.0,SAL-DB-0042,No,Won't Fix
VUL03637,CVE-2016-45756,Outdated SSL/TLS Configuration,Medium,6.1,FIN-RTR-0051,Yes,Patched
VUL03638,CVE-2021-53073,SQL Injection,Medium,6.5,SAL-MOB-0059,Yes,Patched
VUL03639,CVE-2015-14089,Cross-Site Scripting (XSS),Low,2.1,HR-FW-0046,No,Open
VUL03640,CVE-2015-91957,Cross-Site Scripting (XSS),High,8.5,HR-PRT-0031,No,Won't Fix
VUL03641,CVE-2016-41536,XML External Entity (XXE),High,8.2,ENG-FW-0110,Yes,In Progress
VUL03642,CVE-2026-57558,Outdated SSL/TLS Configuration,Medium,4.9,FIN-MOB-0094,Yes,In Progress
VUL03643,CVE-2024-72660,Outdated SSL/TLS Configuration,Low,2.2,FIN-FW-0064,Yes,Closed
VUL03644,CVE-2019-85498,Outdated SSL/TLS Configuration,High,8.6,IT-SW-0072,No,Open
VUL03645,CVE-2024-93015,Missing Security Patch,High,8.5,LEG-DB-0016,Yes,Closed
VUL03646,CVE-2021-5562,XML External Entity (XXE),High,8.8,LEG-FW-0105,Yes,In Progress
VUL03647,CVE-2016-79534,Missing Security Patch,Medium,6.1,OPS-LAP-0057,No,Open
VUL03648,CVE-2018-70622,Insecure Deserialization,Low,3.6,SAL-FW-0004,Yes,In Progress
VUL03649,CVE-2022-39243,Unpatched Software,Medium,4.6,HR-PC-0006,Yes,Patched
VUL03650,CVE-2020-44086,Unpatched Software,Low,0.5,OPS-RTR-0035,No,Won't Fix
VUL03651,CVE-2017-97770,Buffer Overflow,High,7.8,HR-SRV-0042,Yes,Closed
VUL03652,CVE-2017-49025,Sensitive Data Exposure,High,7.7,MKT-PC-0058,No,Won't Fix
VUL03653,CVE-2022-71615,Broken Authentication,Low,3.5,IT-SRV-0039,Yes,Patched
VUL03654,CVE-2018-70678,Security Misconfiguration,Low,0.6,LEG-SW-0085,Yes,In Progress
VUL03655,CVE-2026-79595,Path Traversal,Medium,5.6,OPS-LAP-0123,Yes,In Progress
VUL03656,CVE-2020-81255,Command Injection,Critical,9.7,HR-SW-0045,No,Open
VUL03657,CVE-2023-8660,Denial of Service,Medium,6.3,SAL-LAP-0097,No,Won't Fix
VUL03658,CVE-2017-84831,SQL Injection,Low,2.6,HR-SW-0005,Yes,Patched
VUL03659,CVE-2015-26736,SQL Injection,Medium,5.0,HR-PC-0028,Yes,In Progress
VUL03660,CVE-2022-45409,Security Misconfiguration,Medium,6.8,MKT-RTR-0051,Yes,In Progress
VUL03661,CVE-2018-92198,Weak Password Policy,Low,1.2,LEG-RTR-0048,Yes,In Progress
VUL03662,CVE-2021-39620,Buffer Overflow,Low,1.9,ENG-FW-0124,Yes,In Progress
VUL03663,CVE-2026-76752,Security Misconfiguration,Medium,4.3,ENG-SRV-0095,Yes,In Progress
VUL03664,CVE-2019-21389,Command Injection,Medium,5.4,HR-PRT-0050,Yes,Closed
VUL03665,CVE-2022-2793,Buffer Overflow,High,8.6,MKT-RTR-0095,No,Open
VUL03666,CVE-2026-96934,Broken Authentication,High,8.6,SAL-IOT-0040,Yes,Patched
VUL03667,CVE-2016-92724,Denial of Service,Medium,6.3,SAL-PC-0061,Yes,In Progress
VUL03668,CVE-2022-39899,Security Misconfiguration,Medium,5.9,ENG-SRV-0094,Yes,In Progress
VUL03669,CVE-2024-83165,Sensitive Data Exposure,High,7.5,HR-LAP-0135,No,In Progress
VUL03670,CVE-2020-29660,Denial of Service,Medium,6.1,IT-SRV-0097,No,Won't Fix
VUL03671,CVE-2024-31999,Broken Authentication,High,7.2,FIN-PRT-0013,Yes,Patched
VUL03672,CVE-2023-78462,Server-Side Request Forgery (SSRF),Critical,9.8,HR-PC-0019,Yes,In Progress
VUL03673,CVE-2017-39856,XML External Entity (XXE),Critical,9.2,FIN-DB-0079,No,Open
VUL03674,CVE-2024-74366,Broken Authentication,Critical,9.5,HR-RTR-0077,No,Open
VUL03675,CVE-2025-22264,Remote Code Execution,High,8.2,IT-SRV-0104,Yes,In Progress
VUL03676,CVE-2018-73386,Broken Authentication,Medium,4.3,SAL-IOT-0014,No,In Progress
VUL03677,CVE-2023-38543,Remote Code Execution,Low,3.3,MKT-RTR-0050,Yes,Closed
VUL03678,CVE-2023-94304,Command Injection,Medium,5.2,HR-MOB-0002,Yes,Patched
VUL03679,CVE-2018-13339,Weak Password Policy,High,7.8,MKT-SRV-0048,No,In Progress
VUL03680,CVE-2019-45515,Missing Security Patch,Medium,4.5,IT-MOB-0025,No,Open
VUL03681,CVE-2015-22776,Buffer Overflow,Medium,5.6,ENG-PC-0045,Yes,Patched
VUL03682,CVE-2016-34790,Command Injection,High,7.5,FIN-SW-0005,Yes,Closed
VUL03683,CVE-2017-9281,Sensitive Data Exposure,Low,2.1,MKT-SW-0093,Yes,Closed
VUL03684,CVE-2016-69339,Security Misconfiguration,Low,3.8,IT-LAP-0086,Yes,Patched
VUL03685,CVE-2018-88614,Security Misconfiguration,Medium,4.7,SAL-PRT-0025,Yes,Patched
VUL03686,CVE-2021-14203,Outdated SSL/TLS Configuration,Medium,5.9,OPS-RTR-0123,No,Won't Fix
VUL03687,CVE-2021-1208,Command Injection,Medium,6.3,MKT-SRV-0029,Yes,In Progress
VUL03688,CVE-2019-32140,Server-Side Request Forgery (SSRF),High,8.2,SAL-DB-0048,No,Won't Fix
VUL03689,CVE-2022-94899,Weak Password Policy,High,7.6,SAL-RTR-0097,Yes,Patched
VUL03690,CVE-2017-57305,Weak Password Policy,High,8.0,LEG-PRT-0013,Yes,Closed
VUL03691,CVE-2023-61095,XML External Entity (XXE),High,8.2,LEG-FW-0026,Yes,Patched
VUL03692,CVE-2019-92046,Broken Authentication,Medium,5.8,FIN-RTR-0054,Yes,In Progress
VUL03693,CVE-2025-31839,Command Injection,High,7.5,SAL-PRT-0081,Yes,Patched
VUL03694,CVE-2016-64215,Insecure Deserialization,Low,3.1,ENG-DB-0038,Yes,In Progress
VUL03695,CVE-2024-42672,Security Misconfiguration,Low,1.9,MKT-SRV-0101,Yes,Patched
VUL03696,CVE-2023-39169,Open Redirect,Medium,5.0,ENG-LAP-0068,No,Open
VUL03697,CVE-2017-14392,Privilege Escalation,High,7.6,LEG-FW-0063,No,Won't Fix
VUL03698,CVE-2022-28684,Remote Code Execution,Medium,4.2,LEG-DB-0109,No,In Progress
VUL03699,CVE-2021-70852,Open Redirect,Low,3.3,FIN-MOB-0086,Yes,In Progress
VUL03700,CVE-2016-2211,Buffer Overflow,Low,0.9,IT-PRT-0024,No,In Progress
VUL03701,CVE-2021-6049,Insecure Direct Object Reference,High,8.5,MKT-DB-0001,No,In Progress
VUL03702,CVE-2022-12727,Insecure Direct Object Reference,Medium,5.5,HR-FW-0060,No,Open
VUL03703,CVE-2025-26571,Unpatched Software,Critical,9.1,OPS-DB-0096,No,Won't Fix
VUL03704,CVE-2022-3478,XML External Entity (XXE),Medium,5.8,SAL-SRV-0104,Yes,Closed
VUL03705,CVE-2022-33026,Command Injection,Low,0.5,LEG-SRV-0012,Yes,In Progress
VUL03706,CVE-2026-79666,Broken Authentication,Low,2.7,IT-FW-0074,Yes,Closed
VUL03707,CVE-2017-30805,Remote Code Execution,Medium,5.7,HR-SRV-0105,No,Open
VUL03708,CVE-2021-82223,Remote Code Execution,High,7.8,MKT-SRV-0095,No,Won't Fix
VUL03709,CVE-2020-28755,Denial of Service,Critical,9.6,ENG-DB-0044,No,Open
VUL03710,CVE-2019-79116,SQL Injection,Critical,9.8,LEG-MOB-0095,No,Open
VUL03711,CVE-2016-61437,Weak Password Policy,Medium,4.5,HR-PC-0126,No,Won't Fix
VUL03712,CVE-2022-31135,Sensitive Data Exposure,High,8.2,IT-SW-0070,No,Won't Fix
VUL03713,CVE-2017-85742,Broken Authentication,Low,2.4,OPS-IOT-0097,Yes,Closed
VUL03714,CVE-2025-21884,Insecure Deserialization,Medium,4.9,MKT-FW-0016,Yes,In Progress
VUL03715,CVE-2020-23681,Outdated SSL/TLS Configuration,Medium,4.3,ENG-FW-0053,Yes,Patched
VUL03716,CVE-2023-24918,Unpatched Software,Medium,6.8,SAL-SW-0115,Yes,Closed
VUL03717,CVE-2016-74131,Open Redirect,High,8.8,MKT-IOT-0022,Yes,Closed
VUL03718,CVE-2021-59701,Remote Code Execution,High,8.4,MKT-FW-0114,No,Won't Fix
VUL03719,CVE-2016-85433,Outdated SSL/TLS Configuration,Medium,4.4,OPS-SRV-0015,No,Open
VUL03720,CVE-2025-59941,Open Redirect,Critical,9.9,LEG-PRT-0106,Yes,In Progress
VUL03721,CVE-2025-94268,Command Injection,Medium,5.0,LEG-SRV-0012,Yes,In Progress
VUL03722,CVE-2019-30802,Missing Security Patch,Low,1.2,OPS-SRV-0011,No,Won't Fix
VUL03723,CVE-2026-15299,Denial of Service,Low,3.2,LEG-LAP-0076,No,Open
VUL03724,CVE-2017-19226,SQL Injection,Medium,5.6,MKT-SW-0097,No,Open
VUL03725,CVE-2015-63385,Privilege Escalation,Low,0.8,FIN-LAP-0057,No,Open
VUL03726,CVE-2023-42661,Path Traversal,Low,2.0,IT-FW-0089,No,Won't Fix
VUL03727,CVE-2023-39042,Server-Side Request Forgery (SSRF),Medium,6.3,FIN-IOT-0023,Yes,Closed
VUL03728,CVE-2020-99504,Open Redirect,Low,2.3,SAL-LAP-0045,No,In Progress
VUL03729,CVE-2017-23691,Broken Authentication,Medium,5.9,ENG-LAP-0112,Yes,In Progress
VUL03730,CVE-2015-51635,Broken Authentication,Low,1.0,SAL-PRT-0084,No,In Progress
VUL03731,CVE-2022-75814,Outdated SSL/TLS Configuration,Medium,5.8,SAL-DB-0059,No,In Progress
VUL03732,CVE-2024-40810,Denial of Service,Low,0.3,ENG-FW-0038,No,In Progress
VUL03733,CVE-2017-52277,Command Injection,Low,0.9,HR-MOB-0012,No,Won't Fix
VUL03734,CVE-2016-32545,Path Traversal,High,8.3,SAL-DB-0102,Yes,Closed
VUL03735,CVE-2022-77754,Denial of Service,High,8.7,IT-LAP-0132,No,Won't Fix
VUL03736,CVE-2025-93258,Security Misconfiguration,Critical,9.7,OPS-SW-0100,Yes,Patched
VUL03737,CVE-2023-2236,Unpatched Software,Low,3.5,IT-MOB-0013,Yes,Closed
VUL03738,CVE-2018-89142,Path Traversal,Low,1.9,IT-MOB-0099,Yes,Closed
VUL03739,CVE-2019-42114,Server-Side Request Forgery (SSRF),Low,3.6,ENG-DB-0093,No,Open
VUL03740,CVE-2023-14944,Cross-Site Scripting (XSS),Medium,6.5,LEG-PC-0093,Yes,Closed
VUL03741,CVE-2025-24607,Cross-Site Scripting (XSS),High,8.3,ENG-SW-0108,Yes,Patched
VUL03742,CVE-2020-75022,Cross-Site Scripting (XSS),Medium,4.0,OPS-PC-0067,Yes,Closed
VUL03743,CVE-2016-79150,Insecure Deserialization,Critical,9.6,SAL-PRT-0005,No,Won't Fix
VUL03744,CVE-2019-18050,Insecure Deserialization,High,8.6,FIN-DB-0041,Yes,Patched
VUL03745,CVE-2015-1939,Path Traversal,High,7.3,ENG-FW-0073,No,Open
VUL03746,CVE-2025-90822,Command Injection,Low,3.8,ENG-SW-0049,Yes,Patched
VUL03747,CVE-2021-48082,SQL Injection,High,8.3,FIN-MOB-0043,Yes,Patched
VUL03748,CVE-2021-81456,Weak Password Policy,Critical,9.6,IT-SRV-0125,No,Won't Fix
VUL03749,CVE-2018-30025,Unpatched Software,Critical,9.3,MKT-SW-0100,Yes,Patched
VUL03750,CVE-2020-29189,Server-Side Request Forgery (SSRF),Medium,5.2,MKT-SW-0025,Yes,In Progress
VUL03751,CVE-2026-28054,Server-Side Request Forgery (SSRF),Medium,4.8,ENG-DB-0029,No,Won't Fix
VUL03752,CVE-2026-61338,Broken Authentication,Low,1.5,IT-FW-0001,Yes,Patched
VUL03753,CVE-2025-58675,Outdated SSL/TLS Configuration,Low,2.1,FIN-IOT-0106,No,Won't Fix
VUL03754,CVE-2024-90331,Weak Password Policy,Medium,4.9,FIN-DB-0071,Yes,Closed
VUL03755,CVE-2024-54743,Command Injection,Low,2.3,FIN-SW-0139,Yes,In Progress
VUL03756,CVE-2023-65048,Command Injection,Medium,4.2,FIN-MOB-0106,Yes,In Progress
VUL03757,CVE-2022-4640,Outdated SSL/TLS Configuration,Low,1.8,IT-MOB-0011,No,Open
VUL03758,CVE-2021-28154,Unpatched Software,Low,3.4,HR-MOB-0037,No,Won't Fix
VUL03759,CVE-2019-13257,Unpatched Software,Low,3.4,SAL-SW-0056,No,Won't Fix
VUL03760,CVE-2025-61942,Privilege Escalation,High,7.8,SAL-PRT-0016,Yes,Patched
VUL03761,CVE-2019-25597,XML External Entity (XXE),High,7.4,OPS-SRV-0081,No,Open
VUL03762,CVE-2015-26176,Denial of Service,Critical,9.7,HR-DB-0066,Yes,Closed
VUL03763,CVE-2021-51199,Outdated SSL/TLS Configuration,Medium,6.1,ENG-PC-0026,No,In Progress
VUL03764,CVE-2018-74048,Insecure Direct Object Reference,High,7.6,HR-SW-0093,Yes,Closed
VUL03765,CVE-2020-57791,Insecure Direct Object Reference,Low,2.8,LEG-LAP-0033,Yes,Closed
VUL03766,CVE-2018-20701,Path Traversal,High,7.3,HR-PC-0089,Yes,In Progress
VUL03767,CVE-2021-8420,Insecure Deserialization,Critical,9.8,OPS-DB-0023,Yes,In Progress
VUL03768,CVE-2022-17859,Insecure Deserialization,High,8.8,SAL-SW-0022,Yes,In Progress
VUL03769,CVE-2023-70506,XML External Entity (XXE),Medium,5.7,HR-FW-0064,No,Won't Fix
VUL03770,CVE-2021-70709,Path Traversal,Critical,9.2,HR-SW-0103,No,Open
VUL03771,CVE-2020-55961,Command Injection,Medium,5.5,MKT-FW-0044,Yes,Closed
VUL03772,CVE-2018-28642,Insecure Direct Object Reference,Medium,5.1,ENG-SRV-0134,No,In Progress
VUL03773,CVE-2018-9761,Security Misconfiguration,High,8.3,SAL-DB-0016,No,Won't Fix
VUL03774,CVE-2026-7415,Insecure Deserialization,Critical,9.2,IT-PC-0103,No,Open
VUL03775,CVE-2024-29415,Unpatched Software,Medium,6.3,FIN-IOT-0098,No,In Progress
VUL03776,CVE-2020-71622,Path Traversal,Low,0.8,OPS-PRT-0120,Yes,In Progress
VUL03777,CVE-2021-99686,Broken Authentication,Low,3.8,ENG-LAP-0070,Yes,Closed
VUL03778,CVE-2021-37546,Remote Code Execution,Medium,5.8,OPS-DB-0064,Yes,Closed
VUL03779,CVE-2017-74299,Buffer Overflow,High,8.8,FIN-DB-0090,Yes,Closed
VUL03780,CVE-2025-10224,Privilege Escalation,Low,2.0,HR-FW-0128,No,Open
VUL03781,CVE-2022-23976,XML External Entity (XXE),High,8.4,OPS-SRV-0034,Yes,Patched
VUL03782,CVE-2023-62103,Security Misconfiguration,Medium,5.0,MKT-SRV-0078,Yes,In Progress
VUL03783,CVE-2019-22116,Security Misconfiguration,Critical,9.3,ENG-IOT-0073,Yes,In Progress
VUL03784,CVE-2020-92661,Sensitive Data Exposure,Medium,5.0,SAL-PRT-0014,Yes,Closed
VUL03785,CVE-2024-58804,Insecure Deserialization,Medium,6.0,HR-IOT-0117,Yes,Closed
VUL03786,CVE-2025-15568,Cross-Site Scripting (XSS),High,7.5,IT-PC-0044,Yes,Patched
VUL03787,CVE-2018-67220,Unpatched Software,Low,2.2,MKT-LAP-0058,No,Won't Fix
VUL03788,CVE-2021-44325,Denial of Service,Low,3.8,MKT-FW-0077,No,Won't Fix
VUL03789,CVE-2023-11880,Denial of Service,Medium,4.1,FIN-SW-0010,Yes,In Progress
VUL03790,CVE-2015-39274,Open Redirect,Medium,6.5,FIN-IOT-0070,Yes,Patched
VUL03791,CVE-2023-11586,Cross-Site Scripting (XSS),Critical,9.9,FIN-MOB-0121,No,Won't Fix
VUL03792,CVE-2019-9910,Insecure Deserialization,Medium,4.8,IT-SW-0030,Yes,Closed
VUL03793,CVE-2026-47048,Remote Code Execution,Low,1.6,ENG-SRV-0082,Yes,Closed
VUL03794,CVE-2026-77897,Outdated SSL/TLS Configuration,Medium,6.8,OPS-SRV-0083,Yes,In Progress
VUL03795,CVE-2021-7574,Security Misconfiguration,Medium,4.9,IT-LAP-0088,No,Won't Fix
VUL03796,CVE-2020-71468,SQL Injection,Critical,9.2,OPS-DB-0082,Yes,In Progress
VUL03797,CVE-2019-6228,Command Injection,Medium,5.1,MKT-PC-0010,No,In Progress
VUL03798,CVE-2015-67995,Broken Authentication,Low,0.2,ENG-SW-0003,No,Open
VUL03799,CVE-2019-73683,Unpatched Software,High,7.6,FIN-SRV-0050,No,Open
VUL03800,CVE-2015-32007,Missing Security Patch,High,8.9,OPS-LAP-0040,Yes,Patched
VUL03801,CVE-2016-75955,Insecure Deserialization,Low,1.1,OPS-FW-0107,No,Won't Fix
VUL03802,CVE-2025-66503,Weak Password Policy,Low,3.8,ENG-PC-0011,No,Open
VUL03803,CVE-2019-76228,Denial of Service,Low,0.6,FIN-PC-0042,Yes,In Progress
VUL03804,CVE-2022-86537,Insecure Direct Object Reference,Medium,5.4,MKT-SW-0084,Yes,In Progress
VUL03805,CVE-2020-76219,Insecure Deserialization,Medium,6.2,OPS-SW-0102,No,Open
VUL03806,CVE-2024-87564,Server-Side Request Forgery (SSRF),High,8.2,HR-DB-0007,Yes,Closed
VUL03807,CVE-2015-51875,Broken Authentication,Low,1.0,FIN-SW-0104,No,Won't Fix
VUL03808,CVE-2018-68536,Weak Password Policy,High,8.2,HR-RTR-0034,No,In Progress
VUL03809,CVE-2022-28482,Outdated SSL/TLS Configuration,Critical,9.1,MKT-LAP-0063,No,Won't Fix
VUL03810,CVE-2021-63807,Weak Password Policy,Medium,4.6,LEG-SW-0123,Yes,In Progress
VUL03811,CVE-2026-69903,Weak Password Policy,Medium,5.4,HR-IOT-0097,Yes,Closed
VUL03812,CVE-2024-59878,Unpatched Software,Medium,5.3,FIN-PC-0036,Yes,Patched
VUL03813,CVE-2026-91537,Outdated SSL/TLS Configuration,Low,1.7,SAL-PRT-0128,Yes,Patched
VUL03814,CVE-2016-58117,Open Redirect,High,8.8,ENG-FW-0130,Yes,Patched
VUL03815,CVE-2020-58309,SQL Injection,Medium,4.8,LEG-LAP-0006,Yes,Closed
VUL03816,CVE-2015-62655,Sensitive Data Exposure,Medium,5.1,IT-DB-0016,Yes,Patched
VUL03817,CVE-2019-46948,Outdated SSL/TLS Configuration,High,8.1,ENG-FW-0060,No,Won't Fix
VUL03818,CVE-2023-85634,Broken Authentication,High,7.7,OPS-DB-0102,No,Won't Fix
VUL03819,CVE-2024-32755,Broken Authentication,Low,1.8,FIN-PRT-0048,No,Open
VUL03820,CVE-2025-79731,Buffer Overflow,High,7.0,ENG-PRT-0074,No,In Progress
VUL03821,CVE-2019-60410,Insecure Direct Object Reference,Low,3.0,FIN-SW-0099,No,In Progress
VUL03822,CVE-2018-28593,Unpatched Software,Medium,4.8,LEG-PC-0122,No,Open
VUL03823,CVE-2018-8912,Insecure Deserialization,Medium,5.6,LEG-PC-0027,Yes,In Progress
VUL03824,CVE-2022-87471,Buffer Overflow,Low,2.4,SAL-PRT-0086,Yes,Patched
VUL03825,CVE-2026-79752,Weak Password Policy,Low,0.3,MKT-DB-0081,No,In Progress
VUL03826,CVE-2016-73685,Remote Code Execution,Medium,4.6,SAL-LAP-0077,No,In Progress
VUL03827,CVE-2025-55730,Broken Authentication,High,7.5,ENG-PC-0013,Yes,Closed
VUL03828,CVE-2022-68178,Path Traversal,Medium,5.9,FIN-LAP-0082,Yes,Closed
VUL03829,CVE-2026-12113,Cross-Site Scripting (XSS),High,7.2,IT-MOB-0047,No,Won't Fix
VUL03830,CVE-2025-7376,Open Redirect,Critical,9.0,ENG-IOT-0059,Yes,Patched
VUL03831,CVE-2017-59809,Outdated SSL/TLS Configuration,High,8.2,MKT-LAP-0087,No,In Progress
VUL03832,CVE-2022-31456,Path Traversal,High,7.3,LEG-DB-0018,Yes,Closed
VUL03833,CVE-2018-42267,Command Injection,High,7.2,FIN-IOT-0122,Yes,Patched
VUL03834,CVE-2018-94576,Remote Code Execution,Critical,9.5,ENG-SW-0020,No,In Progress
VUL03835,CVE-2015-36917,Buffer Overflow,Medium,4.8,OPS-SW-0024,No,Open
VUL03836,CVE-2022-86304,Command Injection,High,7.7,MKT-PC-0055,No,Won't Fix
VUL03837,CVE-2021-67841,Denial of Service,Low,0.1,OPS-RTR-0088,Yes,Patched
VUL03838,CVE-2021-79517,Broken Authentication,Medium,4.9,FIN-DB-0006,Yes,In Progress
VUL03839,CVE-2022-93637,Privilege Escalation,Medium,4.3,HR-DB-0073,No,In Progress
VUL03840,CVE-2023-64642,Buffer Overflow,Low,0.9,FIN-SRV-0053,Yes,Closed
VUL03841,CVE-2017-38712,Denial of Service,Low,1.1,SAL-SW-0035,No,Open
VUL03842,CVE-2015-66696,SQL Injection,Medium,6.1,OPS-LAP-0017,Yes,In Progress
VUL03843,CVE-2021-30458,Insecure Deserialization,Low,3.6,MKT-MOB-0070,Yes,Closed
VUL03844,CVE-2020-22144,Command Injection,High,8.8,MKT-FW-0015,No,Open
VUL03845,CVE-2018-87674,Cross-Site Scripting (XSS),Critical,9.3,OPS-LAP-0041,Yes,Closed
VUL03846,CVE-2017-86448,SQL Injection,Medium,6.8,IT-MOB-0076,Yes,Patched
VUL03847,CVE-2022-59191,Insecure Direct Object Reference,Low,2.2,HR-SRV-0086,Yes,In Progress
VUL03848,CVE-2018-69421,Sensitive Data Exposure,Medium,5.7,FIN-MOB-0137,Yes,In Progress
VUL03849,CVE-2018-1326,Cross-Site Scripting (XSS),High,8.5,MKT-SRV-0093,Yes,Closed
VUL03850,CVE-2023-5973,Buffer Overflow,Critical,9.2,LEG-PRT-0118,Yes,In Progress
VUL03851,CVE-2018-23866,Outdated SSL/TLS Configuration,Low,2.7,SAL-MOB-0088,Yes,In Progress
VUL03852,CVE-2019-91133,Server-Side Request Forgery (SSRF),Low,0.9,SAL-MOB-0008,Yes,In Progress
VUL03853,CVE-2026-74066,Security Misconfiguration,High,7.5,MKT-DB-0036,Yes,Patched
VUL03854,CVE-2023-81690,Insecure Deserialization,Medium,6.2,OPS-IOT-0076,No,Won't Fix
VUL03855,CVE-2018-64793,SQL Injection,Low,0.8,OPS-RTR-0034,No,Open
VUL03856,CVE-2019-54001,Cross-Site Scripting (XSS),Medium,6.4,HR-DB-0057,Yes,In Progress
VUL03857,CVE-2020-87598,Denial of Service,Medium,5.3,HR-PRT-0082,No,Open
VUL03858,CVE-2020-93755,Server-Side Request Forgery (SSRF),Medium,4.8,LEG-PRT-0036,No,Open
VUL03859,CVE-2024-76160,Broken Authentication,Medium,4.6,FIN-FW-0095,Yes,In Progress
VUL03860,CVE-2017-42213,Broken Authentication,Critical,9.7,ENG-IOT-0052,No,Won't Fix
VUL03861,CVE-2015-63346,Denial of Service,Low,2.6,SAL-MOB-0087,No,Open
VUL03862,CVE-2024-9567,Security Misconfiguration,High,7.2,SAL-IOT-0104,Yes,Closed
VUL03863,CVE-2023-94375,SQL Injection,Medium,5.6,OPS-PC-0103,Yes,In Progress
VUL03864,CVE-2015-60351,SQL Injection,Low,1.5,MKT-MOB-0076,No,Won't Fix
VUL03865,CVE-2016-6225,Path Traversal,Low,1.5,ENG-SRV-0107,No,Open
VUL03866,CVE-2019-47619,Cross-Site Scripting (XSS),Low,0.3,LEG-PRT-0019,No,Open
VUL03867,CVE-2018-23329,Remote Code Execution,High,8.7,FIN-MOB-0034,Yes,Patched
VUL03868,CVE-2018-70976,XML External Entity (XXE),Medium,4.7,OPS-DB-0057,Yes,In Progress
VUL03869,CVE-2022-75870,Broken Authentication,Medium,5.5,IT-PC-0037,Yes,Patched
VUL03870,CVE-2026-52335,Path Traversal,Medium,6.8,HR-SW-0089,Yes,In Progress
VUL03871,CVE-2025-80321,Server-Side Request Forgery (SSRF),Critical,9.4,FIN-MOB-0080,Yes,In Progress
VUL03872,CVE-2020-45210,XML External Entity (XXE),Medium,5.6,SAL-FW-0034,Yes,Patched
VUL03873,CVE-2023-26438,Weak Password Policy,Medium,6.2,IT-FW-0129,No,Won't Fix
VUL03874,CVE-2020-93696,Sensitive Data Exposure,Medium,4.7,FIN-PC-0080,Yes,Closed
VUL03875,CVE-2017-2900,Insecure Deserialization,Critical,9.8,ENG-SRV-0001,No,Open
VUL03876,CVE-2019-69538,Broken Authentication,Medium,5.7,IT-DB-0073,No,In Progress
VUL03877,CVE-2017-82004,Broken Authentication,High,7.1,HR-RTR-0048,Yes,Patched
VUL03878,CVE-2017-10652,Insecure Direct Object Reference,High,8.0,LEG-SRV-0059,Yes,In Progress
VUL03879,CVE-2016-27935,Path Traversal,Medium,5.5,ENG-SRV-0102,Yes,In Progress
VUL03880,CVE-2018-24416,Insecure Deserialization,High,7.9,FIN-LAP-0067,Yes,Closed
VUL03881,CVE-2022-88191,Sensitive Data Exposure,Medium,5.5,IT-PRT-0014,No,In Progress
VUL03882,CVE-2023-72581,Cross-Site Scripting (XSS),High,8.7,IT-LAP-0117,No,Open
VUL03883,CVE-2023-85300,Privilege Escalation,High,7.1,IT-IOT-0064,No,Won't Fix
VUL03884,CVE-2025-96412,Buffer Overflow,Critical,9.4,IT-DB-0036,Yes,In Progress
VUL03885,CVE-2018-75141,Privilege Escalation,High,8.2,MKT-FW-0010,Yes,In Progress
VUL03886,CVE-2021-53454,SQL Injection,Medium,6.7,HR-PRT-0038,Yes,In Progress
VUL03887,CVE-2021-94990,Broken Authentication,Medium,5.3,FIN-PRT-0103,Yes,Patched
VUL03888,CVE-2022-41166,Weak Password Policy,Medium,6.2,OPS-SRV-0095,No,Won't Fix
VUL03889,CVE-2024-42002,Unpatched Software,Critical,9.5,ENG-MOB-0039,Yes,Closed
VUL03890,CVE-2017-12267,Outdated SSL/TLS Configuration,High,7.9,LEG-MOB-0004,No,Won't Fix
VUL03891,CVE-2026-38368,Missing Security Patch,Low,1.4,FIN-LAP-0016,Yes,Patched
VUL03892,CVE-2021-47447,Unpatched Software,Critical,9.6,FIN-SRV-0012,Yes,In Progress
VUL03893,CVE-2016-6198,Path Traversal,Low,2.3,LEG-DB-0128,No,In Progress
VUL03894,CVE-2026-63990,Unpatched Software,High,7.6,OPS-DB-0061,No,Won't Fix
VUL03895,CVE-2018-26215,Insecure Direct Object Reference,Medium,5.8,OPS-SRV-0081,Yes,In Progress
VUL03896,CVE-2017-60659,Security Misconfiguration,High,7.7,OPS-MOB-0087,No,Open
VUL03897,CVE-2020-52887,XML External Entity (XXE),Medium,5.6,IT-IOT-0025,Yes,In Progress
VUL03898,CVE-2017-63951,Outdated SSL/TLS Configuration,Medium,4.2,IT-DB-0070,Yes,Patched
VUL03899,CVE-2025-87832,Open Redirect,Medium,4.3,HR-LAP-0110,No,Open
VUL03900,CVE-2017-42520,Weak Password Policy,Low,3.8,IT-DB-0025,Yes,Closed
VUL03901,CVE-2025-88327,Unpatched Software,High,8.0,LEG-RTR-0092,No,Won't Fix
VUL03902,CVE-2016-73403,Buffer Overflow,High,7.7,ENG-DB-0102,Yes,Closed
VUL03903,CVE-2018-47985,Insecure Deserialization,High,8.7,HR-SRV-0007,Yes,In Progress
VUL03904,CVE-2016-80764,Broken Authentication,Medium,6.2,SAL-MOB-0154,Yes,Patched
VUL03905,CVE-2016-41830,Path Traversal,Medium,5.4,HR-FW-0054,Yes,Patched
VUL03906,CVE-2019-64103,Broken Authentication,High,8.4,MKT-RTR-0081,Yes,Closed
VUL03907,CVE-2017-34468,Weak Password Policy,Critical,9.2,HR-FW-0074,Yes,Patched
VUL03908,CVE-2022-6354,Outdated SSL/TLS Configuration,High,8.3,ENG-RTR-0036,Yes,Closed
VUL03909,CVE-2023-47002,Remote Code Execution,High,8.5,OPS-PC-0004,Yes,Patched
VUL03910,CVE-2026-88854,XML External Entity (XXE),High,7.2,HR-SW-0084,No,Open
VUL03911,CVE-2018-35738,Missing Security Patch,Medium,5.9,OPS-FW-0042,No,Open
VUL03912,CVE-2021-69727,Buffer Overflow,Low,0.7,HR-DB-0051,No,Won't Fix
VUL03913,CVE-2016-70748,Cross-Site Scripting (XSS),Medium,5.2,MKT-IOT-0037,No,In Progress
VUL03914,CVE-2020-13694,Security Misconfiguration,Medium,6.6,ENG-DB-0114,Yes,Patched
VUL03915,CVE-2022-91512,Outdated SSL/TLS Configuration,High,8.8,OPS-PC-0024,Yes,Closed
VUL03916,CVE-2023-30879,Denial of Service,Medium,5.0,FIN-SW-0069,Yes,Closed
VUL03917,CVE-2021-95747,Remote Code Execution,Medium,5.3,HR-PC-0070,Yes,In Progress
VUL03918,CVE-2022-52309,Buffer Overflow,Critical,9.6,HR-RTR-0099,No,In Progress
VUL03919,CVE-2023-19845,Open Redirect,High,8.7,IT-RTR-0097,No,In Progress
VUL03920,CVE-2026-41443,Weak Password Policy,High,7.1,OPS-SW-0044,No,Open
VUL03921,CVE-2023-80197,Denial of Service,Medium,5.5,OPS-IOT-0089,Yes,Patched
VUL03922,CVE-2015-77670,Security Misconfiguration,Low,0.3,OPS-IOT-0003,No,Open
VUL03923,CVE-2016-32068,Broken Authentication,Critical,9.9,HR-RTR-0072,Yes,Patched
VUL03924,CVE-2016-97942,Server-Side Request Forgery (SSRF),Low,2.9,LEG-DB-0120,Yes,In Progress
VUL03925,CVE-2017-66923,Buffer Overflow,Low,2.4,FIN-PC-0100,Yes,In Progress
VUL03926,CVE-2024-88114,Denial of Service,High,8.1,ENG-RTR-0020,No,Open
VUL03927,CVE-2021-15591,Remote Code Execution,High,8.4,SAL-MOB-0035,Yes,Patched
VUL03928,CVE-2021-92611,Sensitive Data Exposure,Low,0.1,IT-DB-0062,Yes,In Progress
VUL03929,CVE-2026-22194,Outdated SSL/TLS Configuration,Low,0.3,LEG-SW-0048,Yes,Patched
VUL03930,CVE-2024-65530,Open Redirect,Low,1.1,OPS-MOB-0050,No,Won't Fix
VUL03931,CVE-2020-33555,Weak Password Policy,Critical,9.6,FIN-DB-0034,Yes,In Progress
VUL03932,CVE-2015-30128,XML External Entity (XXE),High,8.5,MKT-SRV-0018,Yes,Patched
VUL03933,CVE-2020-36077,Buffer Overflow,High,8.2,HR-MOB-0069,No,In Progress
VUL03934,CVE-2015-97259,SQL Injection,Low,3.5,MKT-PRT-0010,No,Open
VUL03935,CVE-2026-17625,Sensitive Data Exposure,Medium,5.4,LEG-PC-0040,No,In Progress
VUL03936,CVE-2026-41005,Weak Password Policy,High,8.7,OPS-MOB-0101,No,Open
VUL03937,CVE-2024-35342,Command Injection,Medium,5.8,ENG-PRT-0032,Yes,Patched
VUL03938,CVE-2017-59080,Cross-Site Scripting (XSS),High,7.2,FIN-FW-0126,Yes,Patched
VUL03939,CVE-2022-71351,Insecure Direct Object Reference,Medium,4.5,MKT-FW-0081,Yes,Closed
VUL03940,CVE-2015-24019,Command Injection,High,7.7,MKT-SRV-0070,Yes,Patched
VUL03941,CVE-2022-22789,Open Redirect,Critical,9.5,ENG-DB-0105,Yes,In Progress
VUL03942,CVE-2016-28485,Unpatched Software,Low,2.6,FIN-PC-0042,Yes,In Progress
VUL03943,CVE-2016-36531,SQL Injection,Low,2.6,LEG-DB-0073,Yes,Closed
VUL03944,CVE-2017-18528,Privilege Escalation,High,7.5,MKT-MOB-0087,No,Won't Fix
VUL03945,CVE-2021-54583,Path Traversal,High,7.5,LEG-PRT-0027,Yes,In Progress
VUL03946,CVE-2023-59735,Server-Side Request Forgery (SSRF),Low,0.4,OPS-FW-0080,Yes,Patched
VUL03947,CVE-2022-61667,Remote Code Execution,Medium,4.9,HR-DB-0025,No,Won't Fix
VUL03948,CVE-2024-5579,Security Misconfiguration,Critical,9.1,HR-RTR-0003,Yes,Patched
VUL03949,CVE-2017-8918,Missing Security Patch,Low,0.6,ENG-IOT-0104,Yes,Closed
VUL03950,CVE-2023-71262,Buffer Overflow,Critical,9.9,SAL-LAP-0032,No,Won't Fix
VUL03951,CVE-2016-25818,Outdated SSL/TLS Configuration,High,7.6,ENG-LAP-0068,Yes,Closed
VUL03952,CVE-2024-99937,Privilege Escalation,Critical,9.9,HR-FW-0097,Yes,Closed
VUL03953,CVE-2022-88464,XML External Entity (XXE),Medium,6.2,MKT-PRT-0075,No,In Progress
VUL03954,CVE-2021-24304,SQL Injection,Critical,9.1,ENG-SRV-0017,Yes,Patched
VUL03955,CVE-2025-38603,SQL Injection,Low,3.2,ENG-FW-0064,No,Won't Fix
VUL03956,CVE-2021-90073,Insecure Direct Object Reference,Medium,6.2,ENG-RTR-0036,Yes,Closed
VUL03957,CVE-2022-11942,Insecure Deserialization,Medium,5.3,LEG-PRT-0068,Yes,In Progress
VUL03958,CVE-2015-2963,Outdated SSL/TLS Configuration,High,8.5,HR-DB-0049,Yes,Closed
VUL03959,CVE-2018-14794,Open Redirect,High,8.2,ENG-SRV-0099,No,Won't Fix
VUL03960,CVE-2020-9556,Insecure Deserialization,Low,1.4,MKT-SRV-0075,Yes,Closed
VUL03961,CVE-2022-54101,Weak Password Policy,Medium,5.5,SAL-FW-0126,Yes,Patched
VUL03962,CVE-2019-16213,Server-Side Request Forgery (SSRF),High,8.4,OPS-RTR-0113,No,Won't Fix
VUL03963,CVE-2021-55139,Security Misconfiguration,Medium,6.3,OPS-MOB-0068,Yes,Closed
VUL03964,CVE-2026-84120,Unpatched Software,High,7.3,OPS-RTR-0129,Yes,Closed
VUL03965,CVE-2019-87518,Open Redirect,Low,1.6,SAL-PRT-0018,Yes,In Progress
VUL03966,CVE-2022-77409,Broken Authentication,Medium,4.6,SAL-FW-0014,No,In Progress
VUL03967,CVE-2018-20073,Security Misconfiguration,High,8.3,SAL-RTR-0109,Yes,Closed
VUL03968,CVE-2017-45749,Sensitive Data Exposure,Low,1.6,LEG-LAP-0019,Yes,Patched
VUL03969,CVE-2025-79760,Privilege Escalation,Medium,5.3,MKT-DB-0005,Yes,Closed
VUL03970,CVE-2015-1168,Cross-Site Scripting (XSS),Critical,9.7,OPS-SRV-0051,Yes,In Progress
VUL03971,CVE-2015-70255,SQL Injection,Low,3.2,FIN-RTR-0079,Yes,Closed
VUL03972,CVE-2019-20420,Outdated SSL/TLS Configuration,Medium,4.6,HR-RTR-0035,No,In Progress
VUL03973,CVE-2019-10205,Weak Password Policy,Medium,5.3,FIN-SW-0018,Yes,Closed
VUL03974,CVE-2025-97256,Security Misconfiguration,Medium,6.2,FIN-MOB-0039,No,In Progress
VUL03975,CVE-2026-8827,Buffer Overflow,High,7.4,ENG-SRV-0079,Yes,In Progress
VUL03976,CVE-2017-27857,Broken Authentication,Medium,5.0,OPS-SW-0065,No,Open
VUL03977,CVE-2026-42811,Broken Authentication,High,7.9,IT-LAP-0076,Yes,Patched
VUL03978,CVE-2020-27730,Sensitive Data Exposure,Medium,6.4,SAL-MOB-0037,Yes,In Progress
VUL03979,CVE-2019-43447,SQL Injection,Low,0.2,SAL-RTR-0052,Yes,In Progress
VUL03980,CVE-2020-9376,Insecure Direct Object Reference,High,7.2,HR-SRV-0015,No,Open
VUL03981,CVE-2023-61139,Path Traversal,Critical,9.2,OPS-IOT-0053,Yes,Patched
VUL03982,CVE-2018-46317,Open Redirect,Medium,6.8,LEG-RTR-0033,Yes,In Progress
VUL03983,CVE-2017-92614,Broken Authentication,Low,1.4,SAL-PRT-0100,Yes,In Progress
VUL03984,CVE-2026-5247,Weak Password Policy,Low,0.3,FIN-PC-0018,No,Open
VUL03985,CVE-2024-38515,Insecure Deserialization,Medium,5.5,MKT-IOT-0002,Yes,In Progress
VUL03986,CVE-2016-76683,Broken Authentication,High,7.9,LEG-SW-0107,Yes,Closed
VUL03987,CVE-2026-63263,Remote Code Execution,Medium,6.8,IT-LAP-0016,Yes,In Progress
VUL03988,CVE-2021-1163,Sensitive Data Exposure,Medium,6.8,FIN-LAP-0123,Yes,Closed
VUL03989,CVE-2021-61294,Denial of Service,High,8.7,FIN-PRT-0060,Yes,Patched
VUL03990,CVE-2020-98705,Command Injection,Low,0.2,IT-SW-0099,Yes,Closed
VUL03991,CVE-2021-8058,Command Injection,High,7.0,IT-MOB-0075,No,Open
VUL03992,CVE-2021-75344,Missing Security Patch,High,7.2,MKT-PRT-0044,Yes,Closed
VUL03993,CVE-2022-8594,SQL Injection,Low,0.7,IT-FW-0124,No,Won't Fix
VUL03994,CVE-2020-64622,Path Traversal,Medium,6.4,LEG-IOT-0086,Yes,Closed
VUL03995,CVE-2026-23693,Missing Security Patch,High,7.9,OPS-RTR-0100,No,In Progress
VUL03996,CVE-2017-57882,Security Misconfiguration,Low,2.1,FIN-IOT-0045,No,Won't Fix
VUL03997,CVE-2017-19387,Command Injection,High,7.3,SAL-IOT-0012,No,Open
VUL03998,CVE-2025-79656,Command Injection,High,7.9,IT-DB-0079,Yes,Patched
VUL03999,CVE-2018-5058,Path Traversal,High,8.4,FIN-PRT-0103,Yes,In Progress
VUL04000,CVE-2020-48172,Sensitive Data Exposure,Low,1.4,LEG-RTR-0001,No,Open
VUL04001,CVE-2015-73604,Server-Side Request Forgery (SSRF),Medium,6.1,OPS-DB-0099,Yes,Patched
VUL04002,CVE-2023-80896,Broken Authentication,High,7.6,OPS-LAP-0042,No,Open
VUL04003,CVE-2025-70741,Missing Security Patch,High,8.1,FIN-MOB-0016,Yes,In Progress
VUL04004,CVE-2024-48095,Broken Authentication,Medium,4.6,MKT-DB-0011,No,Won't Fix
VUL04005,CVE-2020-1116,Cross-Site Scripting (XSS),Low,1.2,LEG-RTR-0064,Yes,Closed
VUL04006,CVE-2019-86434,Open Redirect,Low,3.1,IT-FW-0111,No,Open
VUL04007,CVE-2026-99063,Insecure Deserialization,Medium,5.7,ENG-IOT-0073,Yes,Closed
VUL04008,CVE-2015-29152,Server-Side Request Forgery (SSRF),Medium,4.4,MKT-SW-0010,Yes,In Progress
VUL04009,CVE-2025-12087,Cross-Site Scripting (XSS),Critical,9.5,LEG-PRT-0058,Yes,Patched
VUL04010,CVE-2020-32683,Open Redirect,Medium,5.4,ENG-RTR-0095,No,In Progress
VUL04011,CVE-2022-16705,Insecure Deserialization,Low,3.2,ENG-IOT-0084,Yes,In Progress
VUL04012,CVE-2025-64844,Unpatched Software,Low,0.9,LEG-IOT-0094,Yes,In Progress
VUL04013,CVE-2017-35727,Security Misconfiguration,High,8.2,OPS-DB-0046,No,Won't Fix
VUL04014,CVE-2020-97276,Insecure Direct Object Reference,Medium,4.3,IT-FW-0071,No,Open
VUL04015,CVE-2015-88334,Weak Password Policy,Medium,5.8,MKT-PRT-0094,Yes,In Progress
VUL04016,CVE-2020-37898,Outdated SSL/TLS Configuration,High,7.9,SAL-SW-0038,Yes,In Progress
VUL04017,CVE-2015-99324,Security Misconfiguration,Medium,5.7,MKT-SW-0024,Yes,Patched
VUL04018,CVE-2015-13618,Buffer Overflow,Critical,9.7,ENG-PC-0046,Yes,Closed
VUL04019,CVE-2022-32403,SQL Injection,High,7.8,HR-MOB-0108,Yes,Patched
VUL04020,CVE-2015-43562,Remote Code Execution,Critical,9.9,LEG-DB-0119,No,Open
VUL04021,CVE-2021-22292,Buffer Overflow,Medium,6.5,HR-LAP-0077,No,In Progress
VUL04022,CVE-2016-45132,Insecure Deserialization,Low,0.8,IT-DB-0111,Yes,Closed
VUL04023,CVE-2026-50192,Open Redirect,Low,2.7,LEG-SRV-0056,No,Won't Fix
VUL04024,CVE-2024-16091,Cross-Site Scripting (XSS),High,8.6,MKT-SW-0086,Yes,Patched
VUL04025,CVE-2022-37786,Broken Authentication,Medium,5.7,OPS-RTR-0039,Yes,Patched
VUL04026,CVE-2019-37933,Remote Code Execution,Low,2.6,IT-SW-0088,No,Open
VUL04027,CVE-2018-82720,Sensitive Data Exposure,Critical,9.7,LEG-SRV-0014,Yes,Closed
VUL04028,CVE-2015-55619,Unpatched Software,Low,0.5,LEG-DB-0123,Yes,Closed
VUL04029,CVE-2023-43447,Open Redirect,Medium,6.2,SAL-SRV-0129,No,Won't Fix
VUL04030,CVE-2023-31507,SQL Injection,Medium,6.3,IT-PC-0002,No,Open
VUL04031,CVE-2022-5032,Path Traversal,Low,2.3,HR-DB-0010,No,Open
VUL04032,CVE-2021-54017,Insecure Direct Object Reference,Medium,5.1,FIN-PRT-0006,Yes,In Progress
VUL04033,CVE-2016-52019,Open Redirect,Critical,9.8,HR-MOB-0019,Yes,In Progress
VUL04034,CVE-2015-39519,Open Redirect,High,8.8,OPS-SRV-0046,No,Open
VUL04035,CVE-2015-5440,XML External Entity (XXE),Medium,5.0,SAL-SRV-0037,No,Open
VUL04036,CVE-2016-24918,Path Traversal,Medium,4.7,ENG-RTR-0120,Yes,In Progress
VUL04037,CVE-2023-7011,Path Traversal,High,8.3,OPS-DB-0084,No,Open
VUL04038,CVE-2020-33276,Path Traversal,Medium,4.6,FIN-MOB-0066,Yes,Patched
VUL04039,CVE-2015-11862,Open Redirect,Low,3.8,OPS-SRV-0037,No,Open
VUL04040,CVE-2016-90456,Security Misconfiguration,Medium,5.3,HR-RTR-0012,Yes,In Progress
VUL04041,CVE-2022-74760,Insecure Deserialization,High,8.0,HR-DB-0113,No,In Progress
VUL04042,CVE-2019-14986,XML External Entity (XXE),High,7.6,MKT-LAP-0032,Yes,In Progress
VUL04043,CVE-2018-58664,Broken Authentication,High,8.4,HR-PC-0014,Yes,Closed
VUL04044,CVE-2023-50180,Path Traversal,Medium,4.4,HR-IOT-0077,Yes,In Progress
VUL04045,CVE-2018-31974,Missing Security Patch,High,8.4,LEG-SW-0099,Yes,Patched
VUL04046,CVE-2025-85523,Unpatched Software,Medium,6.4,MKT-PRT-0064,Yes,Patched
VUL04047,CVE-2024-85903,Broken Authentication,Low,2.6,MKT-PRT-0060,Yes,In Progress
VUL04048,CVE-2026-29463,XML External Entity (XXE),Low,0.2,SAL-PRT-0111,Yes,Closed
VUL04049,CVE-2016-17734,Sensitive Data Exposure,Medium,5.7,IT-DB-0034,No,Open
VUL04050,CVE-2015-12011,Command Injection,Low,1.2,HR-RTR-0003,Yes,In Progress
VUL04051,CVE-2026-25306,Open Redirect,Medium,6.7,MKT-LAP-0065,No,In Progress
VUL04052,CVE-2021-61714,Command Injection,Medium,4.8,LEG-SW-0124,Yes,In Progress
VUL04053,CVE-2024-53164,Insecure Deserialization,Low,0.4,LEG-IOT-0032,No,Open
VUL04054,CVE-2020-66167,Weak Password Policy,Critical,9.6,OPS-PRT-0060,No,Won't Fix
VUL04055,CVE-2018-96965,Outdated SSL/TLS Configuration,High,8.7,HR-DB-0104,No,Open
VUL04056,CVE-2015-16015,Sensitive Data Exposure,Medium,5.8,ENG-FW-0093,No,Won't Fix
VUL04057,CVE-2022-29626,Insecure Direct Object Reference,Medium,6.1,HR-FW-0088,Yes,Patched
VUL04058,CVE-2026-90950,XML External Entity (XXE),High,7.9,LEG-RTR-0106,No,Open
VUL04059,CVE-2019-10518,Sensitive Data Exposure,Medium,5.6,ENG-FW-0076,Yes,Closed
VUL04060,CVE-2020-92980,Remote Code Execution,Low,2.1,FIN-RTR-0086,Yes,Patched
VUL04061,CVE-2025-63962,Buffer Overflow,High,8.3,LEG-PRT-0025,Yes,In Progress
VUL04062,CVE-2015-94229,Privilege Escalation,Medium,4.6,LEG-FW-0097,Yes,In Progress
VUL04063,CVE-2015-5345,Buffer Overflow,Low,3.3,OPS-LAP-0100,Yes,Patched
VUL04064,CVE-2025-72128,Cross-Site Scripting (XSS),Medium,5.3,LEG-PC-0069,No,Open
VUL04065,CVE-2019-28824,Broken Authentication,High,7.0,LEG-SW-0060,No,Open
VUL04066,CVE-2016-50542,Outdated SSL/TLS Configuration,Critical,9.2,FIN-SW-0047,Yes,Closed
VUL04067,CVE-2023-20245,Buffer Overflow,Low,2.8,SAL-PC-0057,No,Won't Fix
VUL04068,CVE-2022-48759,Insecure Direct Object Reference,Medium,5.2,FIN-PC-0121,Yes,Patched
VUL04069,CVE-2017-38324,Weak Password Policy,Medium,6.5,ENG-FW-0039,No,In Progress
VUL04070,CVE-2016-63849,Open Redirect,Critical,9.3,LEG-PC-0104,Yes,In Progress
VUL04071,CVE-2024-4354,Security Misconfiguration,Low,2.8,ENG-FW-0070,No,Open
VUL04072,CVE-2023-14797,XML External Entity (XXE),Medium,5.2,IT-LAP-0026,Yes,Patched
VUL04073,CVE-2017-3946,SQL Injection,High,7.3,HR-SRV-0022,Yes,Patched
VUL04074,CVE-2016-9417,Server-Side Request Forgery (SSRF),High,7.0,OPS-RTR-0114,No,Open
VUL04075,CVE-2023-55588,Path Traversal,High,8.2,SAL-IOT-0063,Yes,In Progress
VUL04076,CVE-2018-9689,Server-Side Request Forgery (SSRF),Medium,6.4,ENG-SRV-0137,Yes,In Progress
VUL04077,CVE-2022-65184,Security Misconfiguration,High,7.3,IT-PRT-0085,Yes,Closed
VUL04078,CVE-2016-51903,Broken Authentication,Medium,6.1,HR-PC-0116,No,Open
VUL04079,CVE-2017-69924,Open Redirect,Low,1.9,LEG-RTR-0035,Yes,In Progress
VUL04080,CVE-2018-52332,Broken Authentication,Low,2.2,LEG-IOT-0019,No,In Progress
VUL04081,CVE-2023-36578,Outdated SSL/TLS Configuration,High,8.7,OPS-SW-0099,Yes,Patched
VUL04082,CVE-2022-74531,Weak Password Policy,Medium,4.1,HR-SW-0030,No,Won't Fix
VUL04083,CVE-2018-12669,SQL Injection,Low,0.4,ENG-MOB-0127,Yes,Patched
VUL04084,CVE-2026-37337,Path Traversal,High,7.2,IT-LAP-0060,No,Open
VUL04085,CVE-2026-43478,Weak Password Policy,Critical,9.8,OPS-PC-0071,No,Won't Fix
VUL04086,CVE-2018-54083,Privilege Escalation,Medium,5.8,HR-PRT-0045,Yes,In Progress
VUL04087,CVE-2022-36800,Path Traversal,High,7.9,LEG-SW-0040,Yes,Patched
VUL04088,CVE-2024-25199,Buffer Overflow,High,8.7,ENG-LAP-0066,Yes,Patched
VUL04089,CVE-2022-81218,Outdated SSL/TLS Configuration,Medium,4.6,ENG-LAP-0007,No,Open
VUL04090,CVE-2021-14081,Weak Password Policy,Low,1.7,FIN-DB-0039,No,Open
VUL04091,CVE-2019-94246,Unpatched Software,Low,2.4,HR-PRT-0095,No,Won't Fix
VUL04092,CVE-2026-23476,Buffer Overflow,Low,1.1,FIN-IOT-0089,Yes,Closed
VUL04093,CVE-2023-14167,Buffer Overflow,Low,0.5,HR-DB-0051,No,In Progress
VUL04094,CVE-2024-16500,Denial of Service,Medium,5.6,SAL-SRV-0103,Yes,In Progress
VUL04095,CVE-2017-25761,Outdated SSL/TLS Configuration,High,7.2,FIN-DB-0027,Yes,Patched
VUL04096,CVE-2026-61903,Privilege Escalation,Medium,5.9,SAL-FW-0076,No,Open
VUL04097,CVE-2023-8504,Security Misconfiguration,High,8.7,SAL-LAP-0051,No,Won't Fix
VUL04098,CVE-2025-76655,Command Injection,Medium,4.4,MKT-MOB-0002,Yes,Closed
VUL04099,CVE-2018-94885,Privilege Escalation,Low,1.0,MKT-MOB-0075,Yes,Closed
VUL04100,CVE-2015-33356,Command Injection,High,7.5,ENG-LAP-0085,Yes,Closed
VUL04101,CVE-2021-85966,Outdated SSL/TLS Configuration,Low,0.6,HR-PC-0129,No,Open
VUL04102,CVE-2020-85047,Path Traversal,Medium,5.0,HR-PC-0084,No,Won't Fix
VUL04103,CVE-2016-25334,Outdated SSL/TLS Configuration,High,8.4,ENG-LAP-0035,Yes,Closed
VUL04104,CVE-2015-11790,Remote Code Execution,Medium,5.1,HR-FW-0100,Yes,In Progress
VUL04105,CVE-2016-92108,Sensitive Data Exposure,Medium,5.9,OPS-IOT-0103,Yes,In Progress
VUL04106,CVE-2020-18977,Unpatched Software,Medium,4.9,OPS-DB-0101,Yes,Patched
VUL04107,CVE-2018-49035,Outdated SSL/TLS Configuration,High,7.3,ENG-DB-0045,Yes,In Progress
VUL04108,CVE-2015-40589,Cross-Site Scripting (XSS),Low,2.7,IT-IOT-0130,Yes,In Progress
VUL04109,CVE-2020-48748,Outdated SSL/TLS Configuration,Medium,6.7,OPS-SW-0127,No,In Progress
VUL04110,CVE-2026-13894,Denial of Service,Medium,5.0,OPS-IOT-0093,Yes,In Progress
VUL04111,CVE-2017-45355,Path Traversal,Low,1.7,FIN-FW-0017,No,Open
VUL04112,CVE-2023-3141,Privilege Escalation,Medium,4.3,LEG-PRT-0060,No,Won't Fix
VUL04113,CVE-2017-60283,Command Injection,Medium,6.1,OPS-MOB-0057,No,In Progress
VUL04114,CVE-2019-28334,Insecure Deserialization,High,8.2,IT-LAP-0097,Yes,Closed
VUL04115,CVE-2024-84780,Missing Security Patch,High,8.2,FIN-FW-0042,Yes,Closed
VUL04116,CVE-2016-29210,Cross-Site Scripting (XSS),Medium,5.0,IT-SW-0140,No,Won't Fix
VUL04117,CVE-2017-21728,Command Injection,Critical,9.8,MKT-DB-0108,No,Open
VUL04118,CVE-2023-15131,Open Redirect,Medium,5.5,SAL-DB-0066,Yes,Closed
VUL04119,CVE-2016-1552,Path Traversal,High,8.7,HR-DB-0112,No,Open
VUL04120,CVE-2020-57106,Weak Password Policy,Medium,6.2,MKT-MOB-0112,No,Won't Fix
VUL04121,CVE-2015-43016,Sensitive Data Exposure,High,7.0,OPS-FW-0058,Yes,Patched
VUL04122,CVE-2023-48154,Open Redirect,Critical,9.2,SAL-SRV-0039,Yes,Patched
VUL04123,CVE-2015-56210,XML External Entity (XXE),Critical,10.0,ENG-SW-0046,No,Won't Fix
VUL04124,CVE-2017-34578,Command Injection,High,7.7,ENG-IOT-0002,No,In Progress
VUL04125,CVE-2022-29702,Broken Authentication,Low,2.5,OPS-PRT-0083,Yes,Patched
VUL04126,CVE-2023-23146,Remote Code Execution,Medium,4.3,LEG-MOB-0060,Yes,Patched
VUL04127,CVE-2022-48211,Broken Authentication,Low,3.0,LEG-SW-0051,Yes,Closed
VUL04128,CVE-2020-89348,Buffer Overflow,High,8.1,HR-LAP-0048,Yes,In Progress
VUL04129,CVE-2017-22193,Command Injection,Medium,5.3,FIN-DB-0043,Yes,Patched
VUL04130,CVE-2019-90848,Sensitive Data Exposure,Low,0.4,OPS-PRT-0068,No,Won't Fix
VUL04131,CVE-2017-82756,Sensitive Data Exposure,Low,2.7,FIN-PRT-0099,No,Won't Fix
VUL04132,CVE-2024-17839,Cross-Site Scripting (XSS),Medium,6.0,SAL-SRV-0034,Yes,Patched
VUL04133,CVE-2021-28308,Weak Password Policy,High,8.2,OPS-MOB-0084,No,Open
VUL04134,CVE-2016-84067,Unpatched Software,High,8.0,ENG-SW-0102,No,Open
VUL04135,CVE-2017-56326,Insecure Direct Object Reference,Low,2.8,MKT-PC-0026,Yes,Closed
VUL04136,CVE-2019-47008,Security Misconfiguration,High,8.0,IT-PC-0003,Yes,Closed
VUL04137,CVE-2021-92591,Command Injection,Medium,5.4,LEG-MOB-0096,Yes,Patched
VUL04138,CVE-2022-34465,Buffer Overflow,High,8.3,MKT-LAP-0099,No,Won't Fix
VUL04139,CVE-2016-95954,Missing Security Patch,High,7.9,OPS-LAP-0016,Yes,Closed
VUL04140,CVE-2025-5631,Cross-Site Scripting (XSS),Low,1.1,FIN-MOB-0043,No,Open
VUL04141,CVE-2018-53083,Buffer Overflow,High,7.6,IT-LAP-0113,Yes,Patched
VUL04142,CVE-2021-70505,Path Traversal,Medium,5.2,LEG-FW-0065,Yes,In Progress
VUL04143,CVE-2019-46667,SQL Injection,High,7.8,SAL-DB-0106,Yes,Closed
VUL04144,CVE-2020-33422,Privilege Escalation,Critical,9.9,LEG-DB-0065,Yes,In Progress
VUL04145,CVE-2015-5595,XML External Entity (XXE),Critical,9.6,SAL-SW-0086,No,Open
VUL04146,CVE-2020-42581,Sensitive Data Exposure,Medium,5.4,FIN-DB-0060,No,Open
VUL04147,CVE-2019-15099,Buffer Overflow,Low,2.4,OPS-RTR-0026,Yes,Patched
VUL04148,CVE-2018-2886,Insecure Deserialization,Low,1.5,MKT-LAP-0084,Yes,Patched
VUL04149,CVE-2026-72559,Insecure Deserialization,Medium,4.1,IT-RTR-0085,Yes,Closed
VUL04150,CVE-2018-56919,Remote Code Execution,Low,2.2,IT-DB-0022,Yes,Patched
VUL04151,CVE-2023-22149,Security Misconfiguration,High,8.4,ENG-RTR-0053,No,In Progress
VUL04152,CVE-2020-9383,Broken Authentication,Low,1.1,OPS-IOT-0036,No,Open
VUL04153,CVE-2020-34210,Insecure Deserialization,Critical,9.4,IT-SW-0110,Yes,In Progress
VUL04154,CVE-2019-51933,Path Traversal,Medium,6.8,MKT-SRV-0081,Yes,In Progress
VUL04155,CVE-2022-97424,SQL Injection,Medium,4.7,ENG-IOT-0096,No,Open
VUL04156,CVE-2017-88756,XML External Entity (XXE),Medium,4.4,MKT-PC-0007,Yes,Closed
VUL04157,CVE-2024-10495,Security Misconfiguration,Critical,9.1,SAL-RTR-0034,Yes,Patched
VUL04158,CVE-2015-44050,Security Misconfiguration,High,8.6,OPS-FW-0030,Yes,In Progress
VUL04159,CVE-2015-68413,Open Redirect,Medium,4.8,ENG-PRT-0062,Yes,Patched
VUL04160,CVE-2026-98566,Cross-Site Scripting (XSS),Medium,5.5,LEG-RTR-0002,Yes,In Progress
VUL04161,CVE-2018-73490,Weak Password Policy,High,7.6,HR-RTR-0079,Yes,Closed
VUL04162,CVE-2024-46380,Cross-Site Scripting (XSS),Medium,5.5,FIN-PC-0057,Yes,In Progress
VUL04163,CVE-2019-85337,Remote Code Execution,Medium,6.0,SAL-SW-0044,No,Open
VUL04164,CVE-2018-15234,Remote Code Execution,Medium,4.2,HR-IOT-0065,Yes,Closed
VUL04165,CVE-2019-69153,Server-Side Request Forgery (SSRF),High,8.9,OPS-RTR-0045,No,Won't Fix
VUL04166,CVE-2026-23401,Remote Code Execution,Medium,4.5,MKT-SRV-0092,No,In Progress
VUL04167,CVE-2020-33786,Insecure Direct Object Reference,Low,1.6,FIN-SRV-0104,No,Won't Fix
VUL04168,CVE-2019-54398,Unpatched Software,Medium,4.2,FIN-IOT-0034,No,In Progress
VUL04169,CVE-2024-22302,Command Injection,Medium,5.9,OPS-FW-0098,No,Open
VUL04170,CVE-2025-72459,Command Injection,High,8.3,IT-RTR-0087,No,Open
VUL04171,CVE-2024-93255,Privilege Escalation,Medium,5.3,HR-LAP-0095,Yes,Closed
VUL04172,CVE-2025-26913,Buffer Overflow,Medium,5.9,MKT-IOT-0021,Yes,Closed
VUL04173,CVE-2016-50062,Insecure Direct Object Reference,Medium,6.8,HR-FW-0050,Yes,In Progress
VUL04174,CVE-2022-94263,Open Redirect,High,7.1,IT-FW-0040,Yes,Closed
VUL04175,CVE-2023-4497,Insecure Deserialization,High,8.8,FIN-FW-0024,Yes,Closed
VUL04176,CVE-2026-61658,Security Misconfiguration,High,8.8,LEG-MOB-0052,No,Won't Fix
VUL04177,CVE-2017-90199,Sensitive Data Exposure,High,7.4,FIN-FW-0117,Yes,Closed
VUL04178,CVE-2018-11715,XML External Entity (XXE),Medium,6.7,HR-FW-0104,Yes,In Progress
VUL04179,CVE-2018-17018,Buffer Overflow,Medium,4.4,SAL-SW-0109,No,In Progress
VUL04180,CVE-2021-25656,Unpatched Software,Low,3.3,MKT-PC-0107,Yes,Closed
VUL04181,CVE-2021-37281,Path Traversal,Medium,5.3,SAL-IOT-0063,Yes,In Progress
VUL04182,CVE-2021-64039,Remote Code Execution,High,7.2,SAL-MOB-0014,Yes,Patched
VUL04183,CVE-2018-8386,Path Traversal,Critical,9.8,HR-FW-0117,Yes,In Progress
VUL04184,CVE-2025-92661,Broken Authentication,Medium,4.1,FIN-DB-0102,No,In Progress
VUL04185,CVE-2016-54835,Insecure Deserialization,High,7.2,OPS-IOT-0056,Yes,Patched
VUL04186,CVE-2019-99966,Path Traversal,Medium,5.6,OPS-SW-0012,Yes,In Progress
VUL04187,CVE-2023-2820,Privilege Escalation,High,7.3,MKT-DB-0022,No,Open
VUL04188,CVE-2019-98983,Broken Authentication,Medium,6.0,LEG-SW-0006,No,Won't Fix
VUL04189,CVE-2019-37824,Open Redirect,Critical,9.2,SAL-PC-0073,Yes,Patched
VUL04190,CVE-2016-61363,Unpatched Software,Critical,9.1,FIN-IOT-0038,No,Won't Fix
VUL04191,CVE-2023-35868,Unpatched Software,High,8.7,OPS-DB-0042,Yes,Closed
VUL04192,CVE-2026-13229,Security Misconfiguration,Medium,4.3,LEG-PRT-0112,Yes,Patched
VUL04193,CVE-2023-79785,Missing Security Patch,Low,3.4,ENG-IOT-0043,Yes,Patched
VUL04194,CVE-2025-77218,Privilege Escalation,Medium,5.7,SAL-FW-0077,Yes,Patched
VUL04195,CVE-2026-80779,Weak Password Policy,High,8.6,MKT-MOB-0028,Yes,In Progress
VUL04196,CVE-2025-47467,Insecure Direct Object Reference,High,8.0,IT-SRV-0080,Yes,Closed
VUL04197,CVE-2019-19400,Insecure Direct Object Reference,Medium,6.5,LEG-PRT-0112,Yes,In Progress
VUL04198,CVE-2025-91374,Remote Code Execution,Low,3.8,LEG-SRV-0091,No,Won't Fix
VUL04199,CVE-2019-70573,Insecure Deserialization,High,8.1,ENG-LAP-0025,Yes,Closed
VUL04200,CVE-2022-24320,Weak Password Policy,Medium,6.4,LEG-PC-0043,Yes,Patched
VUL04201,CVE-2015-38450,Sensitive Data Exposure,High,7.1,ENG-PRT-0083,No,In Progress
VUL04202,CVE-2023-3572,Outdated SSL/TLS Configuration,High,7.6,FIN-LAP-0021,Yes,Closed
VUL04203,CVE-2015-57590,XML External Entity (XXE),High,7.7,IT-PRT-0020,No,Open
VUL04204,CVE-2026-94695,Sensitive Data Exposure,Low,0.3,MKT-PRT-0062,Yes,Closed
VUL04205,CVE-2017-39387,Remote Code Execution,High,7.7,OPS-LAP-0125,Yes,Patched
VUL04206,CVE-2022-98889,Weak Password Policy,High,7.6,HR-IOT-0065,Yes,Patched
VUL04207,CVE-2017-71733,XML External Entity (XXE),Low,2.0,MKT-PRT-0008,Yes,Patched
VUL04208,CVE-2024-33587,Open Redirect,Low,2.6,ENG-PRT-0061,Yes,Closed
VUL04209,CVE-2024-13160,Security Misconfiguration,Medium,4.3,MKT-LAP-0065,Yes,In Progress
VUL04210,CVE-2020-50389,Open Redirect,Medium,6.1,ENG-DB-0097,No,Won't Fix
VUL04211,CVE-2020-62761,Security Misconfiguration,Medium,6.7,LEG-PRT-0013,Yes,Patched
VUL04212,CVE-2021-87390,Path Traversal,Low,3.8,LEG-SRV-0062,Yes,In Progress
VUL04213,CVE-2021-42485,Outdated SSL/TLS Configuration,Medium,6.6,MKT-LAP-0052,Yes,Closed
VUL04214,CVE-2026-48275,XML External Entity (XXE),High,8.3,FIN-PC-0036,Yes,Patched
VUL04215,CVE-2023-14697,SQL Injection,High,7.3,FIN-SRV-0084,Yes,Patched
VUL04216,CVE-2015-18328,Buffer Overflow,High,7.6,SAL-SRV-0086,Yes,Patched
VUL04217,CVE-2018-5989,Remote Code Execution,Low,2.9,OPS-RTR-0060,Yes,Patched
VUL04218,CVE-2023-97659,Outdated SSL/TLS Configuration,Critical,9.9,IT-IOT-0077,Yes,Closed
VUL04219,CVE-2016-53807,XML External Entity (XXE),Low,1.1,ENG-FW-0120,Yes,In Progress
VUL04220,CVE-2023-62392,Missing Security Patch,High,8.0,ENG-MOB-0063,No,Open
VUL04221,CVE-2017-56265,Security Misconfiguration,Medium,4.2,FIN-PC-0031,Yes,Patched
VUL04222,CVE-2018-90978,Broken Authentication,Critical,10.0,LEG-PRT-0024,No,In Progress
VUL04223,CVE-2021-14820,Server-Side Request Forgery (SSRF),Medium,6.3,ENG-RTR-0051,No,Open
VUL04224,CVE-2017-8553,Weak Password Policy,High,7.5,LEG-MOB-0099,No,Won't Fix
VUL04225,CVE-2022-58420,Outdated SSL/TLS Configuration,Low,0.1,FIN-LAP-0097,No,In Progress
VUL04226,CVE-2019-76632,Outdated SSL/TLS Configuration,Low,3.0,FIN-LAP-0058,Yes,Patched
VUL04227,CVE-2022-25430,Security Misconfiguration,Low,0.8,LEG-FW-0056,No,In Progress
VUL04228,CVE-2015-43674,Open Redirect,Medium,5.8,FIN-MOB-0093,Yes,Closed
VUL04229,CVE-2017-49476,Cross-Site Scripting (XSS),Medium,4.5,ENG-SW-0111,No,In Progress
VUL04230,CVE-2025-63126,Broken Authentication,Medium,4.6,HR-MOB-0086,Yes,In Progress
VUL04231,CVE-2015-33034,Security Misconfiguration,Low,1.2,MKT-SRV-0053,Yes,Closed
VUL04232,CVE-2017-67569,Security Misconfiguration,Critical,9.3,SAL-SRV-0060,No,Open
VUL04233,CVE-2015-16797,Insecure Direct Object Reference,High,7.8,OPS-MOB-0037,No,In Progress
VUL04234,CVE-2020-15580,SQL Injection,Medium,4.6,OPS-IOT-0015,Yes,In Progress
VUL04235,CVE-2022-35127,Path Traversal,Low,3.0,IT-PC-0095,No,In Progress
VUL04236,CVE-2026-16577,Server-Side Request Forgery (SSRF),Medium,5.0,OPS-DB-0047,Yes,In Progress
VUL04237,CVE-2016-25707,Cross-Site Scripting (XSS),Critical,9.8,LEG-FW-0085,Yes,In Progress
VUL04238,CVE-2025-61088,Privilege Escalation,Medium,4.3,SAL-RTR-0047,No,Open
VUL04239,CVE-2016-99123,Path Traversal,Medium,5.3,FIN-RTR-0062,Yes,Patched
VUL04240,CVE-2024-82530,Privilege Escalation,Medium,5.4,HR-PRT-0011,No,In Progress
VUL04241,CVE-2019-31031,Server-Side Request Forgery (SSRF),Medium,4.0,ENG-DB-0029,Yes,Closed
VUL04242,CVE-2015-34117,Server-Side Request Forgery (SSRF),Low,1.2,ENG-MOB-0020,Yes,Closed
VUL04243,CVE-2026-46044,Denial of Service,High,7.2,FIN-LAP-0119,No,Won't Fix
VUL04244,CVE-2015-71961,Buffer Overflow,High,8.3,SAL-LAP-0109,Yes,In Progress
VUL04245,CVE-2024-42202,Missing Security Patch,High,8.2,MKT-LAP-0041,Yes,In Progress
VUL04246,CVE-2023-43152,Unpatched Software,High,8.6,MKT-DB-0062,Yes,In Progress
VUL04247,CVE-2015-43116,Broken Authentication,Critical,9.8,IT-DB-0108,No,Won't Fix
VUL04248,CVE-2017-32512,Denial of Service,Critical,9.4,FIN-SW-0033,Yes,In Progress
VUL04249,CVE-2020-51070,Unpatched Software,High,7.3,SAL-IOT-0086,Yes,Patched
VUL04250,CVE-2023-21141,XML External Entity (XXE),High,7.8,IT-RTR-0017,No,In Progress
VUL04251,CVE-2018-50242,Unpatched Software,High,7.9,MKT-SRV-0037,No,Open
VUL04252,CVE-2021-39502,Outdated SSL/TLS Configuration,High,8.7,HR-FW-0096,Yes,In Progress
VUL04253,CVE-2015-80619,Sensitive Data Exposure,High,7.2,FIN-SW-0031,Yes,Patched
VUL04254,CVE-2019-96414,Privilege Escalation,Critical,9.7,OPS-FW-0114,Yes,Patched
VUL04255,CVE-2022-45244,Path Traversal,Medium,6.7,OPS-DB-0057,Yes,Closed
VUL04256,CVE-2019-1871,Outdated SSL/TLS Configuration,High,8.3,LEG-SW-0077,No,Open
VUL04257,CVE-2019-13338,Sensitive Data Exposure,Medium,6.4,FIN-SW-0139,Yes,Closed
VUL04258,CVE-2021-39879,XML External Entity (XXE),Critical,9.3,FIN-PC-0120,No,Open
VUL04259,CVE-2018-7758,Sensitive Data Exposure,Low,1.2,SAL-MOB-0097,Yes,In Progress
VUL04260,CVE-2026-83414,Unpatched Software,Medium,6.7,IT-PRT-0087,Yes,Patched
VUL04261,CVE-2018-14445,Outdated SSL/TLS Configuration,High,7.2,MKT-DB-0037,Yes,Patched
VUL04262,CVE-2022-9649,Server-Side Request Forgery (SSRF),Medium,6.4,HR-IOT-0073,Yes,In Progress
VUL04263,CVE-2019-35653,SQL Injection,Medium,5.4,OPS-SW-0087,Yes,In Progress
VUL04264,CVE-2023-91991,Broken Authentication,Low,0.7,MKT-IOT-0014,Yes,Closed
VUL04265,CVE-2017-32928,Privilege Escalation,Low,1.6,LEG-IOT-0093,Yes,In Progress
VUL04266,CVE-2016-89492,Missing Security Patch,High,8.5,SAL-LAP-0111,Yes,Patched
VUL04267,CVE-2015-87330,Buffer Overflow,Low,0.8,IT-SRV-0122,Yes,Patched
VUL04268,CVE-2026-19733,Cross-Site Scripting (XSS),Critical,9.0,MKT-LAP-0036,Yes,Patched
VUL04269,CVE-2023-85457,Broken Authentication,Medium,6.1,MKT-PRT-0006,Yes,Patched
VUL04270,CVE-2015-43238,Open Redirect,Low,1.7,LEG-FW-0103,No,Open
VUL04271,CVE-2016-95052,Server-Side Request Forgery (SSRF),Low,1.1,FIN-IOT-0053,No,Open
VUL04272,CVE-2017-34935,Outdated SSL/TLS Configuration,Low,3.6,ENG-PRT-0117,No,Won't Fix
VUL04273,CVE-2025-17643,Server-Side Request Forgery (SSRF),Medium,4.4,ENG-PC-0052,No,Won't Fix
VUL04274,CVE-2026-42188,Denial of Service,High,7.0,LEG-SRV-0019,No,In Progress
VUL04275,CVE-2023-8562,Remote Code Execution,High,8.9,HR-PC-0023,Yes,Closed
VUL04276,CVE-2015-51414,Privilege Escalation,Medium,6.6,ENG-IOT-0073,Yes,Closed
VUL04277,CVE-2026-31822,XML External Entity (XXE),Low,1.8,HR-SRV-0033,Yes,Closed
VUL04278,CVE-2019-10232,Broken Authentication,High,7.1,SAL-SRV-0026,Yes,Patched
VUL04279,CVE-2016-22648,Server-Side Request Forgery (SSRF),High,8.0,SAL-SW-0048,No,In Progress
VUL04280,CVE-2024-44853,Denial of Service,High,7.8,LEG-PC-0052,No,Won't Fix
VUL04281,CVE-2024-84102,Denial of Service,Medium,6.6,FIN-DB-0074,Yes,Closed
VUL04282,CVE-2022-59427,Missing Security Patch,High,8.6,IT-SW-0036,Yes,Patched
VUL04283,CVE-2025-83546,Cross-Site Scripting (XSS),High,8.4,IT-PC-0068,Yes,Closed
VUL04284,CVE-2023-16583,Sensitive Data Exposure,High,8.5,ENG-PRT-0052,Yes,In Progress
VUL04285,CVE-2024-60809,Path Traversal,Medium,6.5,MKT-SW-0120,No,In Progress
VUL04286,CVE-2019-72966,Broken Authentication,Critical,9.5,LEG-PC-0097,Yes,In Progress
VUL04287,CVE-2020-79127,Missing Security Patch,High,8.3,SAL-SW-0083,No,Won't Fix
VUL04288,CVE-2023-72939,Broken Authentication,High,7.9,MKT-MOB-0018,No,Open
VUL04289,CVE-2018-94459,Broken Authentication,Critical,9.4,SAL-IOT-0012,Yes,Closed
VUL04290,CVE-2025-4599,Command Injection,Medium,4.0,LEG-IOT-0008,Yes,Closed
VUL04291,CVE-2017-14954,XML External Entity (XXE),High,8.8,HR-PRT-0016,Yes,Patched
VUL04292,CVE-2020-45804,Server-Side Request Forgery (SSRF),Low,2.7,FIN-SW-0083,Yes,Patched
VUL04293,CVE-2022-44052,Open Redirect,Medium,5.5,IT-PC-0066,Yes,In Progress
VUL04294,CVE-2015-74612,Open Redirect,High,8.5,ENG-MOB-0001,Yes,Patched
VUL04295,CVE-2017-57220,Missing Security Patch,Medium,6.8,ENG-PC-0084,No,Won't Fix
VUL04296,CVE-2020-71015,Server-Side Request Forgery (SSRF),Medium,5.1,HR-IOT-0019,No,In Progress
VUL04297,CVE-2015-41868,Weak Password Policy,Low,2.5,MKT-RTR-0068,No,Won't Fix
VUL04298,CVE-2015-66959,Remote Code Execution,Medium,5.2,OPS-RTR-0044,No,Won't Fix
VUL04299,CVE-2026-95964,Remote Code Execution,Medium,4.3,ENG-LAP-0033,Yes,Patched
VUL04300,CVE-2026-48816,Path Traversal,Medium,5.1,ENG-DB-0002,No,Open
VUL04301,CVE-2024-39521,Buffer Overflow,High,8.3,HR-SW-0096,No,Won't Fix
VUL04302,CVE-2023-66323,Denial of Service,High,7.7,MKT-RTR-0012,No,Open
VUL04303,CVE-2021-58755,Denial of Service,Critical,9.7,HR-PRT-0014,Yes,Closed
VUL04304,CVE-2015-31295,Remote Code Execution,Medium,6.4,SAL-RTR-0093,Yes,Closed
VUL04305,CVE-2022-82182,Privilege Escalation,Low,2.5,IT-RTR-0023,No,Won't Fix
VUL04306,CVE-2026-82126,Open Redirect,High,8.6,OPS-LAP-0063,Yes,Patched
VUL04307,CVE-2019-91953,Server-Side Request Forgery (SSRF),Critical,9.5,HR-LAP-0058,Yes,Closed
VUL04308,CVE-2017-59460,Path Traversal,High,8.6,MKT-IOT-0089,No,Won't Fix
VUL04309,CVE-2026-30440,Sensitive Data Exposure,Low,2.8,IT-SRV-0068,Yes,In Progress
VUL04310,CVE-2015-72488,Denial of Service,High,8.3,IT-LAP-0103,Yes,In Progress
VUL04311,CVE-2020-46943,Open Redirect,Medium,5.3,FIN-SRV-0020,Yes,Closed
VUL04312,CVE-2023-17970,Server-Side Request Forgery (SSRF),High,7.8,ENG-SW-0023,No,In Progress
VUL04313,CVE-2025-2641,XML External Entity (XXE),Low,2.1,MKT-MOB-0121,Yes,In Progress
VUL04314,CVE-2016-5847,Command Injection,High,7.8,IT-MOB-0056,Yes,Closed
VUL04315,CVE-2018-7556,XML External Entity (XXE),High,7.6,OPS-FW-0020,Yes,Patched
VUL04316,CVE-2016-87924,Open Redirect,Medium,5.5,HR-SRV-0049,No,Open
VUL04317,CVE-2025-79114,Buffer Overflow,Critical,9.2,OPS-LAP-0093,No,Won't Fix
VUL04318,CVE-2023-97681,Insecure Deserialization,High,7.3,LEG-LAP-0108,Yes,Patched
VUL04319,CVE-2020-93166,Insecure Deserialization,Medium,4.1,HR-SRV-0047,Yes,Patched
VUL04320,CVE-2026-96452,Broken Authentication,High,8.1,IT-RTR-0024,Yes,Patched
VUL04321,CVE-2026-68320,Command Injection,Low,0.6,SAL-FW-0078,Yes,Patched
VUL04322,CVE-2023-10151,Missing Security Patch,Critical,10.0,IT-PC-0066,Yes,Patched
VUL04323,CVE-2024-56593,Server-Side Request Forgery (SSRF),High,7.4,HR-DB-0097,Yes,Patched
VUL04324,CVE-2023-66894,Remote Code Execution,Critical,9.1,FIN-FW-0116,No,Won't Fix
VUL04325,CVE-2023-9983,SQL Injection,High,8.3,OPS-RTR-0009,Yes,Closed
VUL04326,CVE-2022-32623,Insecure Deserialization,High,8.5,FIN-PC-0033,Yes,Patched
VUL04327,CVE-2015-34453,Remote Code Execution,Medium,4.0,HR-FW-0063,No,Open
VUL04328,CVE-2021-17230,Insecure Direct Object Reference,Low,1.8,MKT-SRV-0080,Yes,Patched
VUL04329,CVE-2021-22814,Missing Security Patch,Critical,9.5,LEG-SW-0001,No,In Progress
VUL04330,CVE-2015-13428,Security Misconfiguration,Medium,4.5,SAL-RTR-0070,No,Won't Fix
VUL04331,CVE-2016-84093,Insecure Direct Object Reference,Low,0.7,LEG-SRV-0022,Yes,In Progress
VUL04332,CVE-2017-74781,SQL Injection,Medium,4.0,MKT-SRV-0016,Yes,In Progress
VUL04333,CVE-2023-83923,Outdated SSL/TLS Configuration,Critical,9.7,FIN-LAP-0019,No,Won't Fix
VUL04334,CVE-2022-98528,Security Misconfiguration,High,7.2,MKT-FW-0113,Yes,Patched
VUL04335,CVE-2018-66288,Broken Authentication,Medium,6.0,FIN-SRV-0086,No,Won't Fix
VUL04336,CVE-2022-67157,Weak Password Policy,High,7.6,MKT-DB-0065,Yes,In Progress
VUL04337,CVE-2019-57553,Command Injection,Medium,5.5,SAL-FW-0081,No,Open
VUL04338,CVE-2024-25947,Weak Password Policy,Medium,4.6,LEG-IOT-0111,Yes,Closed
VUL04339,CVE-2023-12527,Security Misconfiguration,High,8.6,SAL-MOB-0015,Yes,Patched
VUL04340,CVE-2023-80171,Command Injection,Low,0.2,FIN-PC-0037,Yes,In Progress
VUL04341,CVE-2018-28474,Weak Password Policy,Medium,4.1,ENG-LAP-0062,Yes,In Progress
VUL04342,CVE-2024-17564,SQL Injection,Low,2.1,OPS-SW-0070,Yes,Closed
VUL04343,CVE-2025-66122,Sensitive Data Exposure,Medium,5.7,SAL-DB-0107,Yes,Closed
VUL04344,CVE-2018-59159,Broken Authentication,Medium,4.6,IT-RTR-0053,Yes,Patched
VUL04345,CVE-2015-83037,XML External Entity (XXE),Critical,9.4,SAL-SW-0038,No,In Progress
VUL04346,CVE-2015-44172,Sensitive Data Exposure,Critical,9.4,SAL-IOT-0030,Yes,In Progress
VUL04347,CVE-2022-47429,Outdated SSL/TLS Configuration,Medium,4.5,LEG-LAP-0042,Yes,In Progress
VUL04348,CVE-2017-15102,Security Misconfiguration,Low,3.1,IT-SRV-0076,Yes,Closed
VUL04349,CVE-2018-73030,Security Misconfiguration,High,7.7,FIN-LAP-0016,Yes,Closed
VUL04350,CVE-2018-97208,Command Injection,High,7.6,FIN-PC-0019,Yes,Closed
VUL04351,CVE-2018-75579,Privilege Escalation,Low,2.6,LEG-LAP-0068,Yes,Patched
VUL04352,CVE-2023-34917,Cross-Site Scripting (XSS),Critical,9.6,MKT-IOT-0002,No,Won't Fix
VUL04353,CVE-2020-37264,Privilege Escalation,Medium,6.2,HR-RTR-0069,Yes,Patched
VUL04354,CVE-2016-63648,Outdated SSL/TLS Configuration,Low,1.0,LEG-PC-0006,No,Open
VUL04355,CVE-2022-71131,Buffer Overflow,Critical,9.5,MKT-IOT-0040,Yes,Closed
VUL04356,CVE-2017-72910,Open Redirect,Medium,4.6,ENG-RTR-0023,No,In Progress
VUL04357,CVE-2026-95080,Remote Code Execution,Medium,4.5,SAL-SW-0083,Yes,Closed
VUL04358,CVE-2024-32697,Insecure Direct Object Reference,High,7.1,IT-IOT-0098,Yes,Closed
VUL04359,CVE-2019-86913,Privilege Escalation,Low,0.6,MKT-RTR-0111,No,In Progress
VUL04360,CVE-2018-3999,Open Redirect,High,8.8,HR-LAP-0112,Yes,Patched
VUL04361,CVE-2022-70253,Unpatched Software,Low,3.4,LEG-IOT-0002,Yes,Patched
VUL04362,CVE-2026-48097,Command Injection,Medium,5.4,SAL-MOB-0154,Yes,Closed
VUL04363,CVE-2016-19820,Insecure Deserialization,High,8.2,IT-RTR-0130,Yes,Closed
VUL04364,CVE-2016-41833,Security Misconfiguration,Medium,4.6,FIN-MOB-0099,Yes,Closed
VUL04365,CVE-2023-22793,Privilege Escalation,High,8.7,OPS-FW-0082,Yes,Patched
VUL04366,CVE-2021-36269,Buffer Overflow,Medium,6.2,ENG-MOB-0003,Yes,Closed
VUL04367,CVE-2020-49329,Insecure Deserialization,High,8.7,MKT-PRT-0102,Yes,Closed
VUL04368,CVE-2022-53802,Denial of Service,High,7.3,LEG-PRT-0117,Yes,In Progress
VUL04369,CVE-2024-32537,Insecure Direct Object Reference,Low,0.9,OPS-FW-0026,Yes,Patched
VUL04370,CVE-2018-73542,Server-Side Request Forgery (SSRF),Medium,6.3,LEG-MOB-0055,No,Won't Fix
VUL04371,CVE-2025-4895,Outdated SSL/TLS Configuration,Medium,4.3,FIN-FW-0030,No,Open
VUL04372,CVE-2021-71543,Outdated SSL/TLS Configuration,Medium,6.5,ENG-SRV-0066,Yes,Closed
VUL04373,CVE-2018-73538,Denial of Service,Low,1.1,OPS-MOB-0022,No,In Progress
VUL04374,CVE-2022-4673,Server-Side Request Forgery (SSRF),High,7.9,OPS-SW-0075,Yes,Patched
VUL04375,CVE-2015-50696,Unpatched Software,Medium,6.6,OPS-RTR-0033,Yes,In Progress
VUL04376,CVE-2017-45626,Insecure Deserialization,Low,0.3,HR-SW-0057,Yes,Closed
VUL04377,CVE-2016-77461,Buffer Overflow,High,8.6,LEG-RTR-0093,No,Won't Fix
VUL04378,CVE-2020-35985,Broken Authentication,Medium,6.8,LEG-DB-0002,No,Won't Fix
VUL04379,CVE-2020-1060,Outdated SSL/TLS Configuration,High,8.1,FIN-MOB-0067,Yes,Patched
VUL04380,CVE-2025-75371,Weak Password Policy,Medium,4.1,IT-SW-0003,No,In Progress
VUL04381,CVE-2016-11471,Open Redirect,Critical,9.2,IT-PC-0004,Yes,Closed
VUL04382,CVE-2022-4925,Privilege Escalation,Critical,9.2,IT-PRT-0086,Yes,Patched
VUL04383,CVE-2023-68911,Outdated SSL/TLS Configuration,Critical,9.9,SAL-MOB-0152,Yes,Patched
VUL04384,CVE-2017-80227,Cross-Site Scripting (XSS),Medium,5.8,IT-DB-0066,Yes,In Progress
VUL04385,CVE-2016-25965,Outdated SSL/TLS Configuration,Medium,4.7,HR-DB-0008,No,Open
VUL04386,CVE-2024-68683,Insecure Deserialization,Medium,6.2,LEG-RTR-0038,Yes,Patched
VUL04387,CVE-2021-33710,Path Traversal,Low,0.5,FIN-PC-0091,No,Won't Fix
VUL04388,CVE-2024-21232,Weak Password Policy,Low,2.9,IT-MOB-0007,Yes,Patched
VUL04389,CVE-2020-73258,Outdated SSL/TLS Configuration,Medium,4.4,LEG-SRV-0082,Yes,Closed
VUL04390,CVE-2021-2819,Weak Password Policy,Low,1.5,OPS-FW-0132,Yes,Patched
VUL04391,CVE-2020-13895,Insecure Deserialization,Medium,4.8,LEG-RTR-0048,Yes,Closed
VUL04392,CVE-2023-22193,Unpatched Software,Medium,4.9,OPS-IOT-0022,No,Open
VUL04393,CVE-2018-70534,Buffer Overflow,Medium,5.2,HR-FW-0134,Yes,Closed
VUL04394,CVE-2015-85652,Open Redirect,High,8.7,OPS-SRV-0033,No,Open
VUL04395,CVE-2022-66366,Sensitive Data Exposure,Medium,6.8,FIN-FW-0055,No,Won't Fix
VUL04396,CVE-2020-26681,Sensitive Data Exposure,Medium,4.4,ENG-MOB-0020,No,In Progress
VUL04397,CVE-2025-43891,Missing Security Patch,Medium,4.0,SAL-LAP-0099,Yes,Closed
VUL04398,CVE-2018-68509,XML External Entity (XXE),Critical,9.2,OPS-LAP-0108,Yes,Closed
VUL04399,CVE-2026-50671,SQL Injection,Critical,9.3,IT-PRT-0085,Yes,Closed
VUL04400,CVE-2017-65966,Insecure Direct Object Reference,High,7.7,OPS-MOB-0083,No,In Progress
VUL04401,CVE-2020-95556,Insecure Deserialization,High,8.0,HR-SW-0062,No,Open
VUL04402,CVE-2016-87613,Command Injection,Low,0.8,SAL-SRV-0008,Yes,Closed
VUL04403,CVE-2026-56188,Privilege Escalation,Medium,6.4,FIN-PC-0100,Yes,Closed
VUL04404,CVE-2021-11990,Insecure Direct Object Reference,Low,2.4,OPS-PRT-0057,Yes,In Progress
VUL04405,CVE-2017-2590,Security Misconfiguration,Medium,6.2,HR-RTR-0074,Yes,In Progress
VUL04406,CVE-2015-10977,Weak Password Policy,High,7.6,SAL-PC-0108,No,Open
VUL04407,CVE-2017-19854,SQL Injection,High,7.3,OPS-LAP-0071,Yes,In Progress
VUL04408,CVE-2024-65480,Remote Code Execution,Critical,9.9,IT-DB-0068,No,Won't Fix
VUL04409,CVE-2016-26483,Privilege Escalation,Medium,6.2,FIN-FW-0049,Yes,Patched
VUL04410,CVE-2018-58931,Denial of Service,Medium,4.4,SAL-PC-0081,Yes,Closed
VUL04411,CVE-2025-76951,Privilege Escalation,Low,1.3,OPS-IOT-0034,Yes,Closed
VUL04412,CVE-2023-48839,Outdated SSL/TLS Configuration,Critical,9.6,OPS-DB-0020,No,Open
VUL04413,CVE-2023-59205,Denial of Service,Medium,6.1,OPS-RTR-0090,No,Open
VUL04414,CVE-2016-52741,Cross-Site Scripting (XSS),Low,1.2,FIN-IOT-0072,No,Won't Fix
VUL04415,CVE-2024-24004,Remote Code Execution,Critical,9.3,IT-LAP-0065,No,Open
VUL04416,CVE-2015-4501,Broken Authentication,Low,2.1,SAL-DB-0118,No,Open
VUL04417,CVE-2026-82111,Broken Authentication,Critical,9.5,FIN-PC-0069,Yes,In Progress
VUL04418,CVE-2017-83550,Cross-Site Scripting (XSS),Medium,5.3,HR-PRT-0060,No,In Progress
VUL04419,CVE-2025-87597,Broken Authentication,Medium,4.1,SAL-SW-0048,No,Won't Fix
VUL04420,CVE-2016-46062,Security Misconfiguration,High,7.1,LEG-FW-0026,Yes,In Progress
VUL04421,CVE-2024-93744,Missing Security Patch,Medium,5.7,FIN-IOT-0024,Yes,In Progress
VUL04422,CVE-2023-97378,Insecure Direct Object Reference,Medium,4.9,FIN-SW-0013,No,In Progress
VUL04423,CVE-2026-6670,Insecure Direct Object Reference,High,8.1,ENG-FW-0071,Yes,Closed
VUL04424,CVE-2024-35983,SQL Injection,High,8.0,HR-SRV-0041,No,Won't Fix
VUL04425,CVE-2019-26676,Remote Code Execution,Critical,9.4,ENG-LAP-0063,No,Open
VUL04426,CVE-2022-94867,Sensitive Data Exposure,High,7.2,IT-SW-0144,Yes,Closed
VUL04427,CVE-2019-78719,Cross-Site Scripting (XSS),High,7.0,HR-PC-0097,Yes,Closed
VUL04428,CVE-2017-19565,Broken Authentication,High,7.6,SAL-SRV-0130,Yes,Closed
VUL04429,CVE-2018-5368,Weak Password Policy,High,8.7,OPS-RTR-0091,No,Open
VUL04430,CVE-2024-57190,Unpatched Software,Low,2.5,HR-DB-0107,Yes,In Progress
VUL04431,CVE-2021-30122,Security Misconfiguration,Low,2.6,OPS-SW-0074,No,Open
VUL04432,CVE-2025-86507,Path Traversal,Medium,6.1,FIN-PC-0096,Yes,Closed
VUL04433,CVE-2025-73606,Insecure Direct Object Reference,High,8.8,HR-FW-0039,Yes,Patched
VUL04434,CVE-2021-22596,Buffer Overflow,Critical,9.8,HR-FW-0095,Yes,In Progress
VUL04435,CVE-2024-57918,Path Traversal,Medium,5.7,SAL-SW-0027,No,In Progress
VUL04436,CVE-2016-22661,Insecure Deserialization,High,8.0,HR-MOB-0072,Yes,In Progress
VUL04437,CVE-2022-96897,Path Traversal,High,7.1,MKT-LAP-0073,Yes,Patched
VUL04438,CVE-2018-73516,Weak Password Policy,Medium,6.6,ENG-SW-0017,No,Won't Fix
VUL04439,CVE-2023-96745,Cross-Site Scripting (XSS),High,7.2,FIN-MOB-0073,Yes,Patched
VUL04440,CVE-2026-86519,Broken Authentication,Medium,5.5,FIN-FW-0044,Yes,In Progress
VUL04441,CVE-2015-34796,Insecure Direct Object Reference,High,8.7,IT-SW-0024,Yes,Closed
VUL04442,CVE-2024-48823,Remote Code Execution,Medium,4.1,LEG-SRV-0082,Yes,Patched
VUL04443,CVE-2022-96273,Security Misconfiguration,Low,2.5,FIN-FW-0009,Yes,Patched
VUL04444,CVE-2023-69479,Insecure Deserialization,High,8.6,MKT-SRV-0047,Yes,Patched
VUL04445,CVE-2017-18516,Missing Security Patch,Medium,4.3,SAL-RTR-0025,Yes,In Progress
VUL04446,CVE-2024-28003,Privilege Escalation,High,8.3,HR-IOT-0122,No,Open
VUL04447,CVE-2025-22914,Broken Authentication,High,7.2,OPS-MOB-0131,No,Won't Fix
VUL04448,CVE-2018-86377,Denial of Service,Critical,10.0,HR-RTR-0038,No,Open
VUL04449,CVE-2024-66331,Buffer Overflow,Low,1.2,SAL-MOB-0100,Yes,Closed
VUL04450,CVE-2019-61670,Insecure Deserialization,Low,2.7,HR-PRT-0044,Yes,Closed
VUL04451,CVE-2024-33874,Sensitive Data Exposure,Medium,4.8,IT-RTR-0045,Yes,In Progress
VUL04452,CVE-2021-51069,Path Traversal,Critical,9.1,MKT-RTR-0045,Yes,Closed
VUL04453,CVE-2017-2053,Broken Authentication,Critical,9.1,SAL-IOT-0089,Yes,In Progress
VUL04454,CVE-2015-80452,Sensitive Data Exposure,Medium,4.0,OPS-IOT-0067,No,In Progress
VUL04455,CVE-2016-63602,XML External Entity (XXE),Medium,6.1,ENG-LAP-0091,Yes,Patched
VUL04456,CVE-2016-73525,Sensitive Data Exposure,Medium,4.3,MKT-RTR-0066,Yes,Patched
VUL04457,CVE-2017-13519,Sensitive Data Exposure,Critical,9.7,SAL-SW-0052,No,Open
VUL04458,CVE-2024-30351,Privilege Escalation,Medium,5.2,FIN-SW-0081,No,Open
VUL04459,CVE-2022-37153,Broken Authentication,Low,2.3,LEG-IOT-0057,Yes,In Progress
VUL04460,CVE-2016-57085,Path Traversal,Medium,6.1,FIN-IOT-0006,Yes,In Progress
VUL04461,CVE-2023-32571,Privilege Escalation,High,7.7,SAL-PRT-0042,Yes,Patched
VUL04462,CVE-2025-31925,Server-Side Request Forgery (SSRF),High,7.3,IT-FW-0062,Yes,In Progress
VUL04463,CVE-2019-4517,Security Misconfiguration,Medium,4.7,OPS-IOT-0111,Yes,In Progress
VUL04464,CVE-2026-49931,SQL Injection,High,7.6,FIN-MOB-0108,Yes,Patched
VUL04465,CVE-2016-98028,Insecure Deserialization,Low,0.5,SAL-LAP-0076,Yes,In Progress
VUL04466,CVE-2019-56047,Cross-Site Scripting (XSS),Low,1.6,SAL-FW-0027,Yes,Patched
VUL04467,CVE-2023-24145,Denial of Service,High,7.5,SAL-PRT-0105,Yes,Patched
VUL04468,CVE-2024-91309,Remote Code Execution,Critical,10.0,IT-RTR-0009,No,In Progress
VUL04469,CVE-2023-15310,Command Injection,Medium,5.6,MKT-DB-0026,Yes,Patched
VUL04470,CVE-2026-41991,Sensitive Data Exposure,Medium,4.6,LEG-IOT-0047,Yes,Closed
VUL04471,CVE-2019-15067,Privilege Escalation,High,7.2,FIN-MOB-0021,Yes,Patched
VUL04472,CVE-2019-24985,Remote Code Execution,Low,3.8,LEG-RTR-0035,Yes,Closed
VUL04473,CVE-2018-65218,Missing Security Patch,Medium,5.3,OPS-SRV-0068,Yes,Closed
VUL04474,CVE-2016-12666,Cross-Site Scripting (XSS),Medium,6.8,IT-FW-0006,No,In Progress
VUL04475,CVE-2019-79381,Open Redirect,Critical,9.8,SAL-LAP-0002,No,Won't Fix
VUL04476,CVE-2019-67019,Server-Side Request Forgery (SSRF),High,8.6,OPS-SW-0067,No,In Progress
VUL04477,CVE-2026-41695,Insecure Direct Object Reference,Low,3.2,HR-LAP-0058,No,In Progress
VUL04478,CVE-2016-64944,Outdated SSL/TLS Configuration,High,8.2,LEG-MOB-0056,No,Won't Fix
VUL04479,CVE-2025-34114,Open Redirect,Medium,6.7,SAL-SRV-0037,Yes,In Progress
VUL04480,CVE-2025-96486,Outdated SSL/TLS Configuration,Critical,9.6,FIN-FW-0076,Yes,Closed
VUL04481,CVE-2023-7654,Outdated SSL/TLS Configuration,Low,0.4,MKT-FW-0012,Yes,Closed
VUL04482,CVE-2021-84097,XML External Entity (XXE),Medium,6.1,OPS-DB-0033,Yes,In Progress
VUL04483,CVE-2024-29275,SQL Injection,High,7.9,SAL-FW-0041,Yes,Closed
VUL04484,CVE-2025-14907,Privilege Escalation,Critical,9.9,LEG-MOB-0113,Yes,In Progress
VUL04485,CVE-2024-24148,Insecure Direct Object Reference,Low,2.3,ENG-PC-0057,No,Open
VUL04486,CVE-2023-75124,Server-Side Request Forgery (SSRF),High,8.9,LEG-SW-0097,No,Open
VUL04487,CVE-2017-23900,Open Redirect,Medium,6.1,SAL-MOB-0149,Yes,In Progress
VUL04488,CVE-2015-90520,Insecure Direct Object Reference,Critical,10.0,ENG-SRV-0094,No,In Progress
VUL04489,CVE-2015-84963,Broken Authentication,Critical,9.1,FIN-RTR-0056,No,Open
VUL04490,CVE-2016-9295,XML External Entity (XXE),Critical,10.0,HR-LAP-0048,No,Open
VUL04491,CVE-2022-13910,Open Redirect,High,8.7,ENG-RTR-0109,Yes,Closed
VUL04492,CVE-2015-98864,Insecure Direct Object Reference,Medium,6.5,IT-LAP-0138,Yes,In Progress
VUL04493,CVE-2019-69158,Cross-Site Scripting (XSS),Low,0.9,LEG-DB-0125,Yes,Patched
VUL04494,CVE-2025-54362,Privilege Escalation,Low,2.2,HR-DB-0004,Yes,Patched
VUL04495,CVE-2017-98162,Path Traversal,Low,0.9,ENG-SRV-0064,Yes,In Progress
VUL04496,CVE-2022-75772,Insecure Direct Object Reference,High,7.8,HR-PC-0118,Yes,Closed
VUL04497,CVE-2022-74974,Path Traversal,High,7.1,IT-MOB-0056,Yes,In Progress
VUL04498,CVE-2026-24513,Missing Security Patch,High,7.1,MKT-FW-0083,Yes,Patched
VUL04499,CVE-2017-1961,Security Misconfiguration,Medium,4.3,IT-PC-0109,No,In Progress
VUL04500,CVE-2018-93335,Unpatched Software,High,8.9,MKT-PC-0012,No,Open
VUL04501,CVE-2021-3731,XML External Entity (XXE),Low,2.5,OPS-RTR-0032,Yes,Closed
VUL04502,CVE-2023-74958,Security Misconfiguration,Medium,6.7,SAL-PC-0044,Yes,Patched
VUL04503,CVE-2025-53419,XML External Entity (XXE),High,7.8,SAL-PC-0037,Yes,Patched
VUL04504,CVE-2025-38418,Denial of Service,Medium,5.7,FIN-MOB-0068,Yes,Patched
VUL04505,CVE-2026-99265,Outdated SSL/TLS Configuration,Low,3.3,LEG-RTR-0105,Yes,In Progress
VUL04506,CVE-2023-39856,Remote Code Execution,High,7.1,ENG-FW-0058,Yes,In Progress
VUL04507,CVE-2019-8514,Open Redirect,High,8.1,HR-RTR-0034,No,In Progress
VUL04508,CVE-2020-41114,Server-Side Request Forgery (SSRF),High,8.6,MKT-PRT-0089,Yes,Closed
VUL04509,CVE-2018-49318,Missing Security Patch,Critical,9.6,MKT-RTR-0102,Yes,In Progress
VUL04510,CVE-2016-58651,Denial of Service,Low,1.4,OPS-DB-0085,Yes,Closed
VUL04511,CVE-2026-14688,Path Traversal,Low,0.3,HR-RTR-0001,Yes,Patched
VUL04512,CVE-2021-79551,Weak Password Policy,Low,3.8,ENG-LAP-0114,Yes,In Progress
VUL04513,CVE-2024-83817,Insecure Direct Object Reference,High,8.1,HR-SW-0098,No,Open
VUL04514,CVE-2022-97465,Cross-Site Scripting (XSS),Medium,6.5,MKT-FW-0119,Yes,In Progress
VUL04515,CVE-2017-33194,Outdated SSL/TLS Configuration,Medium,5.8,MKT-SRV-0063,Yes,In Progress
VUL04516,CVE-2025-39118,Outdated SSL/TLS Configuration,Medium,6.1,MKT-MOB-0080,No,Open
VUL04517,CVE-2016-53779,Missing Security Patch,High,8.9,LEG-RTR-0025,No,Open
VUL04518,CVE-2017-91787,Sensitive Data Exposure,Critical,9.4,ENG-IOT-0069,Yes,In Progress
VUL04519,CVE-2024-81167,Security Misconfiguration,High,8.4,MKT-DB-0054,No,Won't Fix
VUL04520,CVE-2018-51608,Denial of Service,Medium,5.5,LEG-PC-0095,No,Won't Fix
VUL04521,CVE-2023-61102,Insecure Direct Object Reference,High,7.7,SAL-DB-0102,Yes,Patched
VUL04522,CVE-2015-53919,XML External Entity (XXE),Low,0.7,IT-PRT-0078,Yes,Closed
VUL04523,CVE-2023-85129,Weak Password Policy,Critical,9.7,SAL-RTR-0070,No,In Progress
VUL04524,CVE-2018-33773,Open Redirect,Low,3.7,ENG-PRT-0036,Yes,Patched
VUL04525,CVE-2020-5386,Insecure Deserialization,High,7.9,LEG-LAP-0118,Yes,In Progress
VUL04526,CVE-2025-2126,Privilege Escalation,Low,1.4,HR-FW-0005,Yes,Patched
VUL04527,CVE-2026-45953,XML External Entity (XXE),Low,2.6,FIN-IOT-0064,Yes,Patched
VUL04528,CVE-2020-55321,Insecure Deserialization,Critical,9.4,ENG-RTR-0063,Yes,Closed
VUL04529,CVE-2019-90922,XML External Entity (XXE),High,7.8,MKT-MOB-0070,Yes,Patched
VUL04530,CVE-2021-33601,Cross-Site Scripting (XSS),High,8.7,IT-MOB-0053,Yes,Closed
VUL04531,CVE-2022-86895,XML External Entity (XXE),Medium,4.7,LEG-LAP-0037,No,In Progress
VUL04532,CVE-2026-38627,Weak Password Policy,High,8.9,MKT-RTR-0008,Yes,Closed
VUL04533,CVE-2026-67914,Insecure Deserialization,Medium,4.9,HR-FW-0006,Yes,Closed
VUL04534,CVE-2016-52670,Command Injection,Medium,5.8,MKT-DB-0037,Yes,In Progress
VUL04535,CVE-2022-64439,Remote Code Execution,Medium,6.7,IT-IOT-0079,Yes,Closed
VUL04536,CVE-2026-7889,SQL Injection,Low,2.7,MKT-RTR-0061,Yes,In Progress
VUL04537,CVE-2019-33488,Cross-Site Scripting (XSS),High,7.2,ENG-SRV-0036,No,In Progress
VUL04538,CVE-2017-58158,Security Misconfiguration,Critical,9.0,LEG-RTR-0110,Yes,Closed
VUL04539,CVE-2021-6876,Server-Side Request Forgery (SSRF),Low,2.2,OPS-LAP-0007,Yes,Patched
VUL04540,CVE-2016-92948,Weak Password Policy,High,7.1,IT-PC-0082,Yes,In Progress
VUL04541,CVE-2018-89939,Insecure Deserialization,Medium,5.6,LEG-RTR-0052,No,In Progress
VUL04542,CVE-2020-88583,Buffer Overflow,Critical,9.8,FIN-IOT-0059,Yes,Patched
VUL04543,CVE-2018-19434,Open Redirect,Low,2.0,ENG-MOB-0043,No,Won't Fix
VUL04544,CVE-2026-67660,Privilege Escalation,Medium,4.4,IT-LAP-0016,No,Open
VUL04545,CVE-2020-57179,Remote Code Execution,Critical,9.1,LEG-MOB-0038,No,In Progress
VUL04546,CVE-2015-24878,Insecure Direct Object Reference,Medium,4.3,MKT-PC-0024,Yes,In Progress
VUL04547,CVE-2025-12795,Weak Password Policy,Critical,9.1,OPS-RTR-0017,Yes,Patched
VUL04548,CVE-2023-28584,Command Injection,Medium,4.7,IT-MOB-0034,Yes,In Progress
VUL04549,CVE-2022-32113,Broken Authentication,Critical,9.4,OPS-IOT-0105,No,In Progress
VUL04550,CVE-2025-48393,Remote Code Execution,Critical,9.4,HR-PRT-0054,Yes,Closed
VUL04551,CVE-2024-16160,Outdated SSL/TLS Configuration,Critical,9.2,LEG-DB-0103,Yes,Closed
VUL04552,CVE-2015-35998,Open Redirect,High,7.5,MKT-DB-0097,Yes,Patched
VUL04553,CVE-2017-72549,Server-Side Request Forgery (SSRF),Low,0.8,HR-SRV-0090,No,In Progress
VUL04554,CVE-2024-12875,Sensitive Data Exposure,Medium,5.7,OPS-RTR-0027,Yes,In Progress
VUL04555,CVE-2018-88347,Unpatched Software,Medium,6.0,IT-PRT-0082,Yes,In Progress
VUL04556,CVE-2020-60673,Weak Password Policy,Medium,4.1,HR-RTR-0035,No,Won't Fix
VUL04557,CVE-2021-70598,Remote Code Execution,Medium,4.8,FIN-PRT-0042,Yes,Closed
VUL04558,CVE-2019-59279,Insecure Deserialization,Low,3.9,HR-SRV-0035,Yes,Closed
VUL04559,CVE-2020-39883,Buffer Overflow,Medium,5.4,MKT-PRT-0106,No,Open
VUL04560,CVE-2021-75126,Path Traversal,High,8.8,IT-LAP-0124,No,In Progress
VUL04561,CVE-2016-87923,Denial of Service,High,7.7,ENG-PC-0001,Yes,In Progress
VUL04562,CVE-2021-28520,Insecure Direct Object Reference,High,8.6,IT-LAP-0050,No,Open
VUL04563,CVE-2019-33999,Weak Password Policy,Medium,5.5,SAL-PRT-0049,Yes,Closed
VUL04564,CVE-2018-16888,SQL Injection,High,7.1,LEG-MOB-0105,No,Open
VUL04565,CVE-2026-42660,Broken Authentication,High,7.5,SAL-LAP-0076,Yes,Closed
VUL04566,CVE-2015-42297,Insecure Direct Object Reference,Critical,9.5,ENG-DB-0032,No,In Progress
VUL04567,CVE-2021-91845,Weak Password Policy,High,8.8,HR-PC-0005,Yes,Closed
VUL04568,CVE-2021-40668,Weak Password Policy,Medium,6.5,LEG-SRV-0032,Yes,Patched
VUL04569,CVE-2023-2041,Outdated SSL/TLS Configuration,Critical,9.6,OPS-MOB-0030,Yes,Patched
VUL04570,CVE-2023-11481,Buffer Overflow,High,8.2,FIN-LAP-0077,Yes,Closed
VUL04571,CVE-2026-99536,Outdated SSL/TLS Configuration,Medium,4.9,LEG-PRT-0077,No,Open
VUL04572,CVE-2021-28716,Command Injection,Medium,4.7,HR-PC-0036,No,In Progress
VUL04573,CVE-2022-67372,Insecure Deserialization,High,8.6,FIN-PRT-0023,No,Won't Fix
VUL04574,CVE-2015-89402,Remote Code Execution,Low,1.4,HR-MOB-0013,No,Open
VUL04575,CVE-2017-36171,Remote Code Execution,Low,2.0,MKT-SRV-0054,Yes,In Progress
VUL04576,CVE-2019-37687,Path Traversal,Medium,5.1,IT-PC-0109,Yes,Patched
VUL04577,CVE-2015-27335,Denial of Service,Critical,9.8,ENG-SW-0037,No,Won't Fix
VUL04578,CVE-2026-80848,Outdated SSL/TLS Configuration,Low,2.1,LEG-SW-0058,Yes,In Progress
VUL04579,CVE-2019-56984,Weak Password Policy,High,8.6,IT-PC-0022,No,In Progress
VUL04580,CVE-2015-19815,Insecure Direct Object Reference,Medium,6.7,HR-PC-0008,Yes,Closed
VUL04581,CVE-2026-69891,Denial of Service,High,8.6,MKT-RTR-0071,No,In Progress
VUL04582,CVE-2024-80985,Server-Side Request Forgery (SSRF),Low,1.0,ENG-PC-0037,No,In Progress
VUL04583,CVE-2015-8398,Privilege Escalation,Low,0.3,FIN-MOB-0062,No,In Progress
VUL04584,CVE-2024-53186,Weak Password Policy,Low,0.5,OPS-SW-0025,No,Won't Fix
VUL04585,CVE-2021-55666,Security Misconfiguration,High,8.7,OPS-PRT-0111,Yes,Patched
VUL04586,CVE-2023-65412,Security Misconfiguration,Medium,4.3,HR-SRV-0043,Yes,Closed
VUL04587,CVE-2021-54037,Path Traversal,Low,0.5,FIN-SW-0087,No,Open
VUL04588,CVE-2021-91816,Missing Security Patch,Low,0.8,ENG-PRT-0023,No,Open
VUL04589,CVE-2026-23492,SQL Injection,High,7.9,IT-MOB-0074,No,Won't Fix
VUL04590,CVE-2021-15534,Missing Security Patch,High,8.4,ENG-RTR-0104,No,Open
VUL04591,CVE-2021-47708,Path Traversal,Medium,4.7,LEG-DB-0025,No,Open
VUL04592,CVE-2016-52073,Server-Side Request Forgery (SSRF),Medium,4.3,IT-LAP-0099,No,Open
VUL04593,CVE-2015-69806,Missing Security Patch,High,7.9,OPS-IOT-0003,Yes,In Progress
VUL04594,CVE-2023-77083,Server-Side Request Forgery (SSRF),Medium,6.1,ENG-PRT-0012,No,In Progress
VUL04595,CVE-2020-54913,Cross-Site Scripting (XSS),Critical,9.2,FIN-SRV-0022,Yes,In Progress
VUL04596,CVE-2015-89227,Path Traversal,High,7.8,IT-RTR-0035,Yes,Closed
VUL04597,CVE-2015-71248,Sensitive Data Exposure,High,8.0,MKT-RTR-0060,No,Open
VUL04598,CVE-2026-51442,Missing Security Patch,Low,3.8,MKT-IOT-0039,No,Open
VUL04599,CVE-2015-35083,Command Injection,Low,0.8,MKT-FW-0114,No,In Progress
VUL04600,CVE-2021-63225,Open Redirect,Medium,6.3,LEG-PC-0080,Yes,Patched
VUL04601,CVE-2022-22082,Insecure Direct Object Reference,High,7.7,IT-RTR-0003,Yes,Closed
VUL04602,CVE-2020-55751,Server-Side Request Forgery (SSRF),Low,1.0,MKT-MOB-0039,Yes,In Progress
VUL04603,CVE-2024-85924,Path Traversal,High,8.0,OPS-PRT-0032,No,Won't Fix
VUL04604,CVE-2017-71699,Remote Code Execution,Low,0.7,LEG-PRT-0039,No,In Progress
VUL04605,CVE-2024-11329,Path Traversal,High,7.9,SAL-SRV-0095,No,Open
VUL04606,CVE-2015-38762,Server-Side Request Forgery (SSRF),Low,2.5,LEG-PC-0063,Yes,Patched
VUL04607,CVE-2022-75640,Denial of Service,Low,1.4,LEG-RTR-0120,No,Open
VUL04608,CVE-2018-24438,Command Injection,Critical,9.2,LEG-RTR-0047,Yes,In Progress
VUL04609,CVE-2026-48855,Server-Side Request Forgery (SSRF),Medium,5.6,LEG-DB-0109,No,In Progress
VUL04610,CVE-2019-99097,Broken Authentication,High,7.4,LEG-DB-0016,No,Won't Fix
VUL04611,CVE-2016-67169,Path Traversal,Medium,6.3,LEG-FW-0016,Yes,Closed
VUL04612,CVE-2024-14074,Server-Side Request Forgery (SSRF),Medium,5.0,FIN-LAP-0094,Yes,Closed
VUL04613,CVE-2020-59292,XML External Entity (XXE),Critical,9.8,MKT-DB-0007,Yes,In Progress
VUL04614,CVE-2022-91682,Cross-Site Scripting (XSS),Low,1.8,FIN-SRV-0051,Yes,In Progress
VUL04615,CVE-2017-99658,Missing Security Patch,Critical,9.2,LEG-PC-0059,Yes,In Progress
VUL04616,CVE-2026-84581,Open Redirect,High,8.2,MKT-SRV-0004,No,In Progress
VUL04617,CVE-2024-26356,Missing Security Patch,High,7.6,IT-LAP-0090,No,Won't Fix
VUL04618,CVE-2026-33404,Privilege Escalation,Medium,4.4,MKT-LAP-0093,No,Won't Fix
VUL04619,CVE-2016-56604,Insecure Deserialization,Low,3.0,LEG-IOT-0005,Yes,In Progress
VUL04620,CVE-2017-21665,SQL Injection,High,8.6,MKT-MOB-0098,Yes,In Progress
VUL04621,CVE-2015-24862,Unpatched Software,Medium,4.3,ENG-MOB-0018,Yes,Closed
VUL04622,CVE-2022-80134,Command Injection,Medium,6.7,LEG-MOB-0045,No,In Progress
VUL04623,CVE-2021-95908,Path Traversal,High,7.4,MKT-RTR-0061,No,Won't Fix
VUL04624,CVE-2021-19154,Security Misconfiguration,Medium,5.4,SAL-LAP-0014,Yes,In Progress
VUL04625,CVE-2023-41366,Weak Password Policy,High,8.4,OPS-FW-0013,No,Won't Fix
VUL04626,CVE-2024-3240,Sensitive Data Exposure,Critical,9.4,ENG-SRV-0066,No,In Progress
VUL04627,CVE-2016-81111,Outdated SSL/TLS Configuration,High,8.6,HR-FW-0117,No,Open
VUL04628,CVE-2018-42186,Server-Side Request Forgery (SSRF),High,8.4,IT-PC-0068,No,Open
VUL04629,CVE-2015-71904,Insecure Direct Object Reference,Critical,9.4,ENG-IOT-0006,Yes,Closed
VUL04630,CVE-2025-50991,Unpatched Software,Medium,4.7,LEG-SRV-0076,No,Won't Fix
VUL04631,CVE-2015-38519,Insecure Direct Object Reference,Medium,5.4,IT-LAP-0002,Yes,Patched
VUL04632,CVE-2019-6756,Server-Side Request Forgery (SSRF),High,7.3,MKT-FW-0107,No,In Progress
VUL04633,CVE-2022-13528,Open Redirect,Low,0.8,MKT-IOT-0036,No,Open
VUL04634,CVE-2017-3989,XML External Entity (XXE),Critical,9.9,SAL-DB-0016,Yes,Closed
VUL04635,CVE-2016-25843,Missing Security Patch,Medium,4.1,SAL-MOB-0121,Yes,In Progress
VUL04636,CVE-2018-95205,Server-Side Request Forgery (SSRF),High,7.0,ENG-SW-0056,No,Open
VUL04637,CVE-2022-77065,Path Traversal,Low,2.0,ENG-RTR-0048,Yes,Closed
VUL04638,CVE-2016-95557,Unpatched Software,Critical,9.3,FIN-MOB-0121,Yes,In Progress
VUL04639,CVE-2016-29279,Insecure Direct Object Reference,High,7.0,IT-SRV-0009,Yes,Closed
VUL04640,CVE-2018-33463,Sensitive Data Exposure,High,8.1,FIN-FW-0080,Yes,Closed
VUL04641,CVE-2018-6594,Missing Security Patch,Low,1.1,ENG-SW-0010,No,In Progress
VUL04642,CVE-2017-50864,Command Injection,Medium,5.8,ENG-MOB-0054,Yes,In Progress
VUL04643,CVE-2022-37754,Cross-Site Scripting (XSS),Low,1.5,MKT-MOB-0049,Yes,Patched
VUL04644,CVE-2024-48437,SQL Injection,Medium,4.6,HR-IOT-0025,No,In Progress
VUL04645,CVE-2022-89560,Sensitive Data Exposure,Low,1.2,LEG-IOT-0109,No,Open
VUL04646,CVE-2015-15359,Cross-Site Scripting (XSS),High,8.9,IT-MOB-0024,No,Won't Fix
VUL04647,CVE-2020-18172,Open Redirect,Medium,4.4,HR-IOT-0033,No,Open
VUL04648,CVE-2017-80098,SQL Injection,Medium,4.6,IT-DB-0061,No,Won't Fix
VUL04649,CVE-2020-5956,Privilege Escalation,Medium,4.5,SAL-IOT-0093,No,In Progress
VUL04650,CVE-2026-58973,Outdated SSL/TLS Configuration,Medium,4.5,IT-IOT-0025,Yes,Closed
VUL04651,CVE-2021-43666,Path Traversal,Medium,4.7,HR-SRV-0067,No,Open
VUL04652,CVE-2018-21790,Privilege Escalation,Low,2.6,IT-RTR-0101,Yes,Patched
VUL04653,CVE-2020-42845,XML External Entity (XXE),High,8.4,OPS-MOB-0051,No,Won't Fix
VUL04654,CVE-2019-14047,Command Injection,Critical,9.8,IT-IOT-0005,Yes,Closed
VUL04655,CVE-2025-29958,Broken Authentication,Low,3.3,FIN-IOT-0089,No,Open
VUL04656,CVE-2026-80385,Cross-Site Scripting (XSS),High,7.8,ENG-MOB-0106,Yes,Patched
VUL04657,CVE-2019-95245,Outdated SSL/TLS Configuration,Critical,9.9,MKT-FW-0089,Yes,In Progress
VUL04658,CVE-2026-55656,Remote Code Execution,Medium,5.5,OPS-SW-0052,Yes,Closed
VUL04659,CVE-2017-94839,Path Traversal,Medium,5.9,OPS-DB-0034,Yes,Closed
VUL04660,CVE-2019-58881,Privilege Escalation,Critical,9.3,OPS-PC-0124,No,In Progress
VUL04661,CVE-2019-39658,Insecure Direct Object Reference,Low,0.7,MKT-SRV-0038,Yes,Patched
VUL04662,CVE-2020-2786,Insecure Direct Object Reference,Medium,5.4,FIN-DB-0102,No,Won't Fix
VUL04663,CVE-2020-45784,SQL Injection,Low,0.9,LEG-IOT-0009,Yes,Closed
VUL04664,CVE-2016-41709,Outdated SSL/TLS Configuration,Medium,4.4,ENG-PC-0032,Yes,Closed
VUL04665,CVE-2023-87928,Weak Password Policy,Medium,5.6,SAL-DB-0069,Yes,Patched
VUL04666,CVE-2017-21438,Privilege Escalation,High,7.7,ENG-PC-0123,No,Open
VUL04667,CVE-2016-40603,Path Traversal,High,7.7,FIN-FW-0097,Yes,Patched
VUL04668,CVE-2023-22081,Unpatched Software,High,7.7,IT-RTR-0032,No,In Progress
VUL04669,CVE-2023-78312,Path Traversal,Medium,6.8,OPS-MOB-0122,No,Won't Fix
VUL04670,CVE-2026-32889,Missing Security Patch,Medium,6.7,HR-MOB-0019,No,In Progress
VUL04671,CVE-2018-46185,Insecure Deserialization,High,8.6,IT-PRT-0046,No,In Progress
VUL04672,CVE-2017-6586,Privilege Escalation,Medium,5.3,FIN-FW-0121,Yes,In Progress
VUL04673,CVE-2026-18019,Security Misconfiguration,Critical,9.2,LEG-PRT-0046,No,In Progress
VUL04674,CVE-2021-7393,XML External Entity (XXE),Low,0.5,LEG-LAP-0024,No,In Progress
VUL04675,CVE-2024-54852,Server-Side Request Forgery (SSRF),Medium,6.0,IT-IOT-0037,No,In Progress
VUL04676,CVE-2017-58195,Security Misconfiguration,Critical,9.4,SAL-PRT-0056,Yes,In Progress
VUL04677,CVE-2019-4437,Server-Side Request Forgery (SSRF),High,7.8,HR-IOT-0034,Yes,Closed
VUL04678,CVE-2025-97615,Missing Security Patch,Medium,4.7,ENG-SRV-0044,Yes,Closed
VUL04679,CVE-2020-2262,Insecure Direct Object Reference,Medium,4.5,OPS-FW-0022,Yes,Closed
VUL04680,CVE-2026-86959,Open Redirect,High,7.8,IT-PC-0035,No,In Progress
VUL04681,CVE-2016-98077,Cross-Site Scripting (XSS),Medium,6.4,ENG-LAP-0037,Yes,In Progress
VUL04682,CVE-2021-25203,Remote Code Execution,Critical,9.6,LEG-LAP-0101,Yes,In Progress
VUL04683,CVE-2018-99751,Server-Side Request Forgery (SSRF),Medium,6.5,FIN-LAP-0041,Yes,In Progress
VUL04684,CVE-2022-95458,Sensitive Data Exposure,Medium,4.1,SAL-MOB-0147,Yes,Patched
VUL04685,CVE-2026-34626,Security Misconfiguration,Medium,6.7,ENG-SW-0047,Yes,Patched
VUL04686,CVE-2022-24598,Buffer Overflow,High,7.6,SAL-SW-0085,Yes,Closed
VUL04687,CVE-2017-9886,Command Injection,Low,0.2,HR-DB-0112,Yes,Patched
VUL04688,CVE-2015-28177,Privilege Escalation,Medium,4.5,ENG-RTR-0100,No,Won't Fix
VUL04689,CVE-2016-36485,Command Injection,Medium,4.0,SAL-LAP-0039,Yes,In Progress
VUL04690,CVE-2023-61016,Open Redirect,High,8.7,LEG-LAP-0005,No,Open
VUL04691,CVE-2022-72438,Remote Code Execution,Critical,9.5,LEG-PRT-0094,Yes,In Progress
VUL04692,CVE-2018-14841,Buffer Overflow,High,7.0,OPS-IOT-0064,No,In Progress
VUL04693,CVE-2024-57884,Broken Authentication,Medium,6.3,LEG-LAP-0045,Yes,Patched
VUL04694,CVE-2021-20291,Remote Code Execution,Critical,9.3,ENG-SRV-0140,No,Open
VUL04695,CVE-2023-53917,SQL Injection,High,7.5,OPS-DB-0013,No,Open
VUL04696,CVE-2017-92225,Weak Password Policy,High,7.3,HR-SRV-0112,No,Open
VUL04697,CVE-2021-51811,Buffer Overflow,Medium,6.7,ENG-FW-0014,Yes,Patched
VUL04698,CVE-2026-46100,Insecure Deserialization,Medium,5.4,FIN-DB-0028,No,Open
VUL04699,CVE-2022-87487,Insecure Deserialization,Low,1.2,LEG-FW-0060,No,In Progress
VUL04700,CVE-2022-48404,Denial of Service,Medium,4.6,ENG-SRV-0006,Yes,In Progress
VUL04701,CVE-2018-21994,Privilege Escalation,Medium,6.2,ENG-IOT-0081,Yes,Closed
VUL04702,CVE-2015-26777,Command Injection,High,8.3,OPS-MOB-0027,Yes,In Progress
VUL04703,CVE-2017-10504,Command Injection,High,7.8,HR-IOT-0027,Yes,Patched
VUL04704,CVE-2023-10746,Open Redirect,High,7.3,ENG-SW-0078,Yes,Closed
VUL04705,CVE-2017-65640,Unpatched Software,High,7.8,SAL-FW-0090,No,Open
VUL04706,CVE-2020-72146,Remote Code Execution,Medium,6.2,LEG-RTR-0037,No,In Progress
VUL04707,CVE-2022-38332,Remote Code Execution,Medium,4.8,ENG-IOT-0079,Yes,Patched
VUL04708,CVE-2025-71683,Privilege Escalation,Critical,9.1,IT-IOT-0014,Yes,In Progress
VUL04709,CVE-2024-12831,XML External Entity (XXE),Critical,9.3,SAL-DB-0015,Yes,In Progress
VUL04710,CVE-2021-37252,Missing Security Patch,High,7.9,HR-IOT-0042,Yes,In Progress
VUL04711,CVE-2025-87634,Weak Password Policy,Medium,6.7,FIN-DB-0057,Yes,Patched
VUL04712,CVE-2016-95840,XML External Entity (XXE),Critical,9.1,LEG-DB-0082,Yes,In Progress
VUL04713,CVE-2025-12396,Denial of Service,Low,0.5,LEG-PC-0019,Yes,In Progress
VUL04714,CVE-2015-77417,Remote Code Execution,Low,3.6,LEG-SW-0058,No,Open
VUL04715,CVE-2020-68828,Privilege Escalation,Medium,5.0,SAL-LAP-0005,Yes,Patched
VUL04716,CVE-2018-7083,Open Redirect,High,7.1,HR-RTR-0016,No,In Progress
VUL04717,CVE-2018-54101,Privilege Escalation,Medium,5.3,FIN-FW-0053,No,In Progress
VUL04718,CVE-2017-13629,Insecure Direct Object Reference,Medium,4.9,SAL-RTR-0053,No,Open
VUL04719,CVE-2020-14747,Command Injection,Low,0.2,MKT-MOB-0066,Yes,Closed
VUL04720,CVE-2016-96643,Sensitive Data Exposure,Critical,9.1,LEG-LAP-0108,Yes,Patched
VUL04721,CVE-2024-86794,Path Traversal,Low,1.7,ENG-SRV-0084,Yes,In Progress
VUL04722,CVE-2023-94158,Command Injection,High,8.6,SAL-PC-0044,Yes,Closed
VUL04723,CVE-2023-13389,Insecure Direct Object Reference,Low,0.3,SAL-MOB-0027,Yes,Closed
VUL04724,CVE-2018-54760,Open Redirect,Critical,9.9,SAL-SRV-0064,No,In Progress
VUL04725,CVE-2018-70033,Unpatched Software,High,8.5,HR-MOB-0063,No,In Progress
VUL04726,CVE-2026-55697,Missing Security Patch,Low,0.4,SAL-RTR-0026,No,Open
VUL04727,CVE-2023-16904,XML External Entity (XXE),High,7.4,SAL-DB-0049,Yes,Patched
VUL04728,CVE-2017-56773,Server-Side Request Forgery (SSRF),Medium,4.9,FIN-PC-0105,Yes,Patched
VUL04729,CVE-2015-77959,Outdated SSL/TLS Configuration,Medium,6.2,OPS-FW-0056,Yes,Closed
VUL04730,CVE-2026-2445,Security Misconfiguration,Medium,5.2,SAL-SRV-0120,Yes,Closed
VUL04731,CVE-2017-62749,Path Traversal,Critical,9.3,FIN-MOB-0115,No,Won't Fix
VUL04732,CVE-2023-72802,Server-Side Request Forgery (SSRF),Medium,4.7,LEG-PC-0001,No,Won't Fix
VUL04733,CVE-2023-52927,Cross-Site Scripting (XSS),Low,2.7,IT-DB-0036,No,Won't Fix
VUL04734,CVE-2023-8874,Sensitive Data Exposure,Critical,9.0,IT-FW-0092,Yes,Patched
VUL04735,CVE-2015-69467,Missing Security Patch,High,7.6,LEG-DB-0064,Yes,Patched
VUL04736,CVE-2018-67486,Sensitive Data Exposure,Low,1.6,MKT-LAP-0100,No,Won't Fix
VUL04737,CVE-2022-26181,Privilege Escalation,Medium,5.9,MKT-RTR-0119,Yes,Closed
VUL04738,CVE-2019-39063,SQL Injection,Medium,6.4,MKT-RTR-0103,Yes,In Progress
VUL04739,CVE-2016-28922,Remote Code Execution,Critical,9.2,ENG-IOT-0109,No,Won't Fix
VUL04740,CVE-2018-36423,Privilege Escalation,Medium,5.9,HR-SRV-0099,No,Open
VUL04741,CVE-2020-40509,Privilege Escalation,Critical,9.6,OPS-MOB-0007,Yes,Closed
VUL04742,CVE-2026-68236,Outdated SSL/TLS Configuration,Low,1.9,HR-LAP-0077,Yes,Closed
VUL04743,CVE-2020-57250,Path Traversal,High,8.6,HR-PC-0001,Yes,In Progress
VUL04744,CVE-2019-30993,Denial of Service,Critical,9.9,FIN-MOB-0096,No,Open
VUL04745,CVE-2020-39891,Cross-Site Scripting (XSS),Low,0.9,HR-RTR-0058,No,Open
VUL04746,CVE-2020-25069,Missing Security Patch,High,7.1,LEG-PRT-0037,Yes,Closed
VUL04747,CVE-2024-54770,Security Misconfiguration,High,8.5,OPS-SW-0049,No,In Progress
VUL04748,CVE-2016-47278,Command Injection,High,7.6,IT-FW-0031,Yes,Closed
VUL04749,CVE-2024-26019,Buffer Overflow,Low,0.9,FIN-RTR-0024,No,Won't Fix
VUL04750,CVE-2016-5331,Weak Password Policy,Critical,9.6,MKT-DB-0108,No,In Progress
VUL04751,CVE-2017-51117,Open Redirect,Low,3.0,FIN-MOB-0027,Yes,In Progress
VUL04752,CVE-2020-88563,Security Misconfiguration,High,7.6,MKT-SRV-0041,No,In Progress
VUL04753,CVE-2018-70329,Command Injection,Critical,9.4,FIN-LAP-0056,Yes,In Progress
VUL04754,CVE-2015-34598,Security Misconfiguration,High,8.6,OPS-LAP-0120,Yes,Patched
VUL04755,CVE-2022-83631,Insecure Deserialization,Medium,5.9,ENG-SW-0079,No,In Progress
VUL04756,CVE-2015-32070,Open Redirect,Low,1.3,FIN-LAP-0014,Yes,Closed
VUL04757,CVE-2020-37542,Broken Authentication,Medium,4.5,OPS-FW-0046,No,Won't Fix
VUL04758,CVE-2015-34275,Privilege Escalation,Medium,5.4,ENG-IOT-0058,Yes,Patched
VUL04759,CVE-2023-21503,Open Redirect,Medium,5.2,FIN-SW-0030,No,Won't Fix
VUL04760,CVE-2022-9237,Missing Security Patch,Low,0.8,HR-IOT-0045,Yes,Closed
VUL04761,CVE-2023-83358,Server-Side Request Forgery (SSRF),Medium,4.3,MKT-PC-0009,No,Open
VUL04762,CVE-2017-29949,Security Misconfiguration,High,7.1,ENG-IOT-0016,No,Won't Fix
VUL04763,CVE-2024-22308,Insecure Deserialization,Medium,5.6,LEG-IOT-0003,Yes,Patched
VUL04764,CVE-2021-9734,Command Injection,Medium,5.4,LEG-DB-0125,No,In Progress
VUL04765,CVE-2022-57441,Broken Authentication,Medium,5.1,HR-PRT-0004,Yes,Patched
VUL04766,CVE-2019-47048,Insecure Deserialization,High,8.4,IT-SRV-0060,No,Won't Fix
VUL04767,CVE-2022-78529,Weak Password Policy,Low,1.2,MKT-SRV-0053,No,Open
VUL04768,CVE-2019-10905,Path Traversal,High,8.5,FIN-DB-0022,Yes,Closed
VUL04769,CVE-2021-78010,SQL Injection,Medium,6.1,HR-IOT-0092,No,Won't Fix
VUL04770,CVE-2023-84487,Security Misconfiguration,High,7.8,ENG-RTR-0095,No,In Progress
VUL04771,CVE-2016-54290,Missing Security Patch,Low,2.1,SAL-SW-0080,Yes,Closed
VUL04772,CVE-2025-83471,Remote Code Execution,Low,3.8,ENG-DB-0022,Yes,In Progress
VUL04773,CVE-2024-73875,Outdated SSL/TLS Configuration,High,7.7,FIN-PRT-0019,Yes,In Progress
VUL04774,CVE-2022-37998,Missing Security Patch,High,7.1,OPS-LAP-0074,Yes,In Progress
VUL04775,CVE-2019-32508,Buffer Overflow,Medium,6.8,ENG-SRV-0001,No,Open
VUL04776,CVE-2022-13535,Security Misconfiguration,Low,3.6,FIN-FW-0104,Yes,In Progress
VUL04777,CVE-2026-89834,Weak Password Policy,Medium,6.9,SAL-PC-0001,Yes,Closed
VUL04778,CVE-2017-64765,Denial of Service,Medium,6.0,SAL-RTR-0032,Yes,In Progress
VUL04779,CVE-2022-41625,Unpatched Software,High,8.8,SAL-SW-0079,No,In Progress
VUL04780,CVE-2018-59288,Cross-Site Scripting (XSS),Medium,6.4,SAL-MOB-0145,Yes,Closed
VUL04781,CVE-2024-99542,Denial of Service,Critical,9.1,LEG-SW-0055,Yes,In Progress
VUL04782,CVE-2024-22976,Unpatched Software,Medium,5.6,HR-SW-0063,Yes,Patched
VUL04783,CVE-2016-82132,Sensitive Data Exposure,Critical,9.8,MKT-MOB-0094,Yes,Closed
VUL04784,CVE-2019-58854,XML External Entity (XXE),Medium,4.2,LEG-MOB-0007,Yes,Closed
VUL04785,CVE-2019-71466,Remote Code Execution,Medium,5.2,LEG-RTR-0113,No,Open
VUL04786,CVE-2018-67551,Insecure Direct Object Reference,High,8.2,MKT-DB-0081,Yes,Patched
VUL04787,CVE-2015-66693,Sensitive Data Exposure,High,8.8,FIN-FW-0062,Yes,In Progress
VUL04788,CVE-2019-77803,Weak Password Policy,Low,0.7,LEG-SW-0049,No,Won't Fix
VUL04789,CVE-2025-75004,XML External Entity (XXE),Medium,4.0,SAL-LAP-0074,No,Open
VUL04790,CVE-2017-73017,Missing Security Patch,Low,0.2,LEG-MOB-0101,Yes,Patched
VUL04791,CVE-2025-84022,XML External Entity (XXE),Medium,5.0,LEG-LAP-0035,Yes,In Progress
VUL04792,CVE-2022-36507,Unpatched Software,Medium,4.9,MKT-DB-0048,No,Won't Fix
VUL04793,CVE-2025-89373,Weak Password Policy,Medium,5.7,ENG-PRT-0090,No,In Progress
VUL04794,CVE-2019-95555,Buffer Overflow,Medium,6.0,MKT-RTR-0101,No,Won't Fix
VUL04795,CVE-2020-87554,Remote Code Execution,High,8.4,FIN-LAP-0123,No,In Progress
VUL04796,CVE-2016-4271,XML External Entity (XXE),High,8.8,IT-SW-0109,No,Won't Fix
VUL04797,CVE-2026-57024,Privilege Escalation,Medium,4.4,SAL-IOT-0015,No,Won't Fix
VUL04798,CVE-2021-93326,SQL Injection,Low,1.6,LEG-MOB-0013,No,In Progress
VUL04799,CVE-2020-44604,Server-Side Request Forgery (SSRF),High,8.4,ENG-FW-0134,No,Won't Fix
VUL04800,CVE-2023-58141,Insecure Direct Object Reference,High,7.4,IT-FW-0103,No,Won't Fix
VUL04801,CVE-2023-57461,Security Misconfiguration,Medium,4.2,HR-RTR-0073,Yes,Patched
VUL04802,CVE-2015-77256,Missing Security Patch,Low,2.3,FIN-PC-0090,No,In Progress
VUL04803,CVE-2023-45206,Weak Password Policy,Medium,5.3,IT-SW-0050,Yes,In Progress
VUL04804,CVE-2018-19519,Missing Security Patch,High,8.2,SAL-FW-0093,No,In Progress
VUL04805,CVE-2021-30031,Sensitive Data Exposure,Low,2.0,IT-MOB-0029,No,Won't Fix
VUL04806,CVE-2024-25578,Insecure Direct Object Reference,Medium,4.8,MKT-DB-0116,No,Won't Fix
VUL04807,CVE-2021-2928,Missing Security Patch,Medium,6.4,ENG-PC-0106,No,In Progress
VUL04808,CVE-2018-50262,Command Injection,High,8.7,MKT-MOB-0047,Yes,Closed
VUL04809,CVE-2026-73475,Path Traversal,Low,0.9,SAL-MOB-0124,Yes,Patched
VUL04810,CVE-2020-74130,Missing Security Patch,Low,0.5,SAL-LAP-0088,Yes,In Progress
VUL04811,CVE-2020-37695,Insecure Direct Object Reference,Medium,4.6,ENG-LAP-0032,No,Won't Fix
VUL04812,CVE-2026-13746,Path Traversal,High,7.2,SAL-DB-0036,Yes,In Progress
VUL04813,CVE-2024-66618,Buffer Overflow,High,7.7,HR-PRT-0102,Yes,In Progress
VUL04814,CVE-2022-82485,Path Traversal,Medium,5.3,ENG-MOB-0080,Yes,Closed
VUL04815,CVE-2021-70663,Insecure Direct Object Reference,Low,2.0,SAL-RTR-0125,Yes,Patched
VUL04816,CVE-2024-9972,Open Redirect,High,8.6,LEG-DB-0015,Yes,Closed
VUL04817,CVE-2018-84563,Remote Code Execution,High,7.2,IT-SW-0100,Yes,Patched
VUL04818,CVE-2015-52027,Weak Password Policy,Medium,6.6,SAL-LAP-0031,Yes,In Progress
VUL04819,CVE-2018-92394,XML External Entity (XXE),Medium,4.4,FIN-IOT-0059,Yes,Closed
VUL04820,CVE-2019-47176,Missing Security Patch,Medium,6.7,LEG-DB-0107,No,In Progress
VUL04821,CVE-2022-58778,Broken Authentication,Medium,5.1,LEG-FW-0035,No,Won't Fix
VUL04822,CVE-2025-30042,Insecure Deserialization,Medium,5.5,SAL-SRV-0084,Yes,Patched
VUL04823,CVE-2015-41316,Weak Password Policy,Medium,6.6,LEG-PRT-0124,Yes,In Progress
VUL04824,CVE-2020-35656,Insecure Direct Object Reference,Medium,4.2,SAL-MOB-0014,Yes,Closed
VUL04825,CVE-2018-13001,Insecure Direct Object Reference,High,8.4,LEG-PC-0102,No,In Progress
VUL04826,CVE-2022-16288,Path Traversal,High,8.4,HR-FW-0072,No,Open
VUL04827,CVE-2025-30162,Open Redirect,Critical,9.8,HR-LAP-0037,Yes,In Progress
VUL04828,CVE-2022-66402,Missing Security Patch,Low,1.7,IT-RTR-0104,No,Won't Fix
VUL04829,CVE-2015-19018,SQL Injection,Critical,9.2,ENG-SRV-0062,Yes,In Progress
VUL04830,CVE-2017-52727,Outdated SSL/TLS Configuration,Critical,9.8,FIN-MOB-0021,No,Open
VUL04831,CVE-2017-11142,Privilege Escalation,Medium,4.3,ENG-SW-0016,Yes,Closed
VUL04832,CVE-2025-71164,Privilege Escalation,Medium,5.5,HR-PC-0076,Yes,Patched
VUL04833,CVE-2020-9038,Outdated SSL/TLS Configuration,High,8.3,LEG-PRT-0046,No,Won't Fix
VUL04834,CVE-2015-86088,Outdated SSL/TLS Configuration,Medium,5.8,LEG-SRV-0034,No,Won't Fix
VUL04835,CVE-2015-93549,Buffer Overflow,Medium,5.5,OPS-PC-0009,Yes,Patched
VUL04836,CVE-2019-47315,Sensitive Data Exposure,Low,3.6,FIN-MOB-0136,Yes,In Progress
VUL04837,CVE-2021-70155,Outdated SSL/TLS Configuration,Critical,9.8,OPS-PC-0027,Yes,Patched
VUL04838,CVE-2018-75998,Command Injection,High,8.0,SAL-DB-0078,No,Won't Fix
VUL04839,CVE-2018-85921,Insecure Direct Object Reference,Low,2.3,OPS-SRV-0078,Yes,In Progress
VUL04840,CVE-2017-27858,Broken Authentication,Low,3.4,ENG-PC-0090,Yes,Closed
VUL04841,CVE-2021-92306,Weak Password Policy,Critical,9.9,ENG-SW-0005,Yes,In Progress
VUL04842,CVE-2020-81295,Outdated SSL/TLS Configuration,Medium,6.0,HR-DB-0094,Yes,In Progress
VUL04843,CVE-2026-53473,Open Redirect,Critical,9.3,HR-FW-0076,No,In Progress
VUL04844,CVE-2021-67609,Cross-Site Scripting (XSS),Low,1.7,SAL-PRT-0023,Yes,Closed
VUL04845,CVE-2021-40235,XML External Entity (XXE),Low,1.4,OPS-PRT-0018,No,Open
VUL04846,CVE-2021-71882,Missing Security Patch,Low,3.5,MKT-SW-0034,Yes,Patched
VUL04847,CVE-2022-83446,Path Traversal,High,7.8,SAL-LAP-0056,Yes,Closed
VUL04848,CVE-2018-47508,Open Redirect,Medium,5.8,FIN-SW-0093,Yes,Patched
VUL04849,CVE-2019-47082,Insecure Deserialization,High,8.5,MKT-DB-0004,No,In Progress
VUL04850,CVE-2016-60840,Unpatched Software,High,7.6,HR-RTR-0066,No,Open
VUL04851,CVE-2018-95378,XML External Entity (XXE),High,8.1,IT-SRV-0021,Yes,Patched
VUL04852,CVE-2016-95324,Buffer Overflow,Medium,6.6,FIN-DB-0005,Yes,In Progress
VUL04853,CVE-2019-34653,XML External Entity (XXE),High,7.0,HR-MOB-0042,Yes,Closed
VUL04854,CVE-2016-95625,Privilege Escalation,Low,1.3,HR-MOB-0062,Yes,Patched
VUL04855,CVE-2022-71119,Cross-Site Scripting (XSS),Medium,6.9,ENG-PC-0027,Yes,In Progress
VUL04856,CVE-2019-53026,Outdated SSL/TLS Configuration,Low,1.0,FIN-SRV-0059,Yes,Patched
VUL04857,CVE-2018-70261,Weak Password Policy,Medium,6.0,ENG-LAP-0008,Yes,Patched
VUL04858,CVE-2023-82868,XML External Entity (XXE),High,7.9,FIN-PRT-0129,No,In Progress
VUL04859,CVE-2020-96873,Missing Security Patch,Low,0.5,HR-PC-0029,Yes,Patched
VUL04860,CVE-2018-11035,SQL Injection,Low,2.2,IT-IOT-0090,Yes,In Progress
VUL04861,CVE-2017-60843,Outdated SSL/TLS Configuration,Medium,4.1,LEG-MOB-0038,No,In Progress
VUL04862,CVE-2025-16697,Buffer Overflow,Low,0.1,IT-DB-0047,Yes,In Progress
VUL04863,CVE-2015-85832,XML External Entity (XXE),High,8.3,OPS-PC-0074,Yes,In Progress
VUL04864,CVE-2015-2617,XML External Entity (XXE),High,8.1,IT-PRT-0098,Yes,Closed
VUL04865,CVE-2023-61774,Denial of Service,High,8.0,OPS-PRT-0069,No,Won't Fix
VUL04866,CVE-2016-86240,Server-Side Request Forgery (SSRF),Low,3.8,LEG-SW-0015,Yes,Closed
VUL04867,CVE-2026-2468,Open Redirect,Medium,6.5,OPS-MOB-0035,No,Open
VUL04868,CVE-2025-60150,Server-Side Request Forgery (SSRF),Critical,9.3,MKT-IOT-0064,No,Open
VUL04869,CVE-2020-41365,Outdated SSL/TLS Configuration,Medium,5.5,OPS-LAP-0042,Yes,Patched
VUL04870,CVE-2019-97101,Cross-Site Scripting (XSS),High,7.6,OPS-PC-0055,No,Open
VUL04871,CVE-2026-33438,Weak Password Policy,Medium,6.3,HR-MOB-0039,Yes,In Progress
VUL04872,CVE-2024-62488,Remote Code Execution,High,7.5,FIN-MOB-0075,Yes,Closed
VUL04873,CVE-2016-17499,Server-Side Request Forgery (SSRF),Medium,4.4,ENG-SW-0126,Yes,Closed
VUL04874,CVE-2017-5740,Buffer Overflow,Medium,5.1,LEG-PRT-0014,Yes,In Progress
VUL04875,CVE-2017-82510,Command Injection,Medium,5.5,FIN-FW-0119,Yes,Closed
VUL04876,CVE-2021-48334,Command Injection,Low,0.6,FIN-IOT-0114,No,In Progress
VUL04877,CVE-2019-58430,Outdated SSL/TLS Configuration,Medium,6.3,ENG-MOB-0125,Yes,In Progress
VUL04878,CVE-2015-60391,Server-Side Request Forgery (SSRF),Low,1.5,ENG-MOB-0095,Yes,Patched
VUL04879,CVE-2016-40940,Denial of Service,Medium,4.4,ENG-LAP-0028,Yes,Patched
VUL04880,CVE-2017-88104,Denial of Service,High,7.4,SAL-SRV-0049,Yes,Patched
VUL04881,CVE-2024-40162,Command Injection,Medium,5.7,HR-PRT-0065,No,In Progress
VUL04882,CVE-2018-3725,Weak Password Policy,Medium,4.5,OPS-LAP-0063,Yes,Patched
VUL04883,CVE-2018-76070,Security Misconfiguration,Critical,9.6,HR-DB-0086,Yes,Patched
VUL04884,CVE-2017-2885,Privilege Escalation,Low,1.4,ENG-LAP-0047,Yes,Patched
VUL04885,CVE-2017-57041,Insecure Deserialization,Critical,9.3,OPS-SW-0123,No,Open
VUL04886,CVE-2020-58653,Server-Side Request Forgery (SSRF),Low,1.8,FIN-IOT-0006,Yes,Closed
VUL04887,CVE-2024-49885,Sensitive Data Exposure,Critical,9.3,LEG-SW-0079,Yes,In Progress
VUL04888,CVE-2017-53499,Cross-Site Scripting (XSS),Medium,4.9,SAL-PRT-0074,No,Open
VUL04889,CVE-2016-5480,Server-Side Request Forgery (SSRF),Low,3.1,LEG-IOT-0036,Yes,Patched
VUL04890,CVE-2025-76654,Privilege Escalation,Low,0.6,HR-IOT-0030,Yes,Patched
VUL04891,CVE-2018-86750,Missing Security Patch,High,7.9,OPS-FW-0047,No,Won't Fix
VUL04892,CVE-2020-26203,Broken Authentication,Medium,6.3,LEG-SRV-0035,Yes,Closed
VUL04893,CVE-2017-69129,Security Misconfiguration,Medium,5.5,LEG-LAP-0032,Yes,In Progress
VUL04894,CVE-2017-23536,Insecure Deserialization,Medium,5.9,OPS-PRT-0094,No,Open
VUL04895,CVE-2025-74790,Remote Code Execution,Low,3.8,MKT-PC-0052,Yes,In Progress
VUL04896,CVE-2026-24833,Server-Side Request Forgery (SSRF),Low,1.3,LEG-FW-0084,No,In Progress
VUL04897,CVE-2025-27323,Unpatched Software,Low,3.4,SAL-MOB-0007,No,Open
VUL04898,CVE-2023-93604,Open Redirect,Medium,4.1,FIN-DB-0057,No,Won't Fix
VUL04899,CVE-2026-95565,Sensitive Data Exposure,Medium,6.6,IT-SRV-0121,Yes,Closed
VUL04900,CVE-2023-39500,Broken Authentication,Low,0.6,MKT-DB-0048,Yes,In Progress
VUL04901,CVE-2019-87349,Sensitive Data Exposure,Medium,5.8,SAL-LAP-0009,Yes,Closed
VUL04902,CVE-2018-83354,Outdated SSL/TLS Configuration,High,8.3,ENG-IOT-0043,No,In Progress
VUL04903,CVE-2015-36590,Command Injection,High,8.8,SAL-SRV-0012,No,In Progress
VUL04904,CVE-2022-59558,Command Injection,Medium,6.5,FIN-FW-0049,Yes,In Progress
VUL04905,CVE-2016-32526,Buffer Overflow,Medium,6.5,LEG-PC-0078,Yes,In Progress
VUL04906,CVE-2025-63301,Remote Code Execution,Low,1.0,ENG-SW-0096,Yes,Closed
VUL04907,CVE-2024-4433,Path Traversal,Critical,9.0,OPS-SRV-0011,Yes,Closed
VUL04908,CVE-2017-96603,Path Traversal,High,8.0,SAL-SW-0017,No,Won't Fix
VUL04909,CVE-2022-57199,Insecure Direct Object Reference,High,7.1,HR-PRT-0028,No,Open
VUL04910,CVE-2018-11716,Insecure Deserialization,Medium,4.7,OPS-SW-0061,Yes,In Progress
VUL04911,CVE-2016-85605,Open Redirect,Critical,9.4,OPS-LAP-0009,Yes,Patched
VUL04912,CVE-2025-4707,SQL Injection,High,7.7,SAL-DB-0119,Yes,Closed
VUL04913,CVE-2025-66840,Cross-Site Scripting (XSS),Low,3.8,SAL-SW-0058,Yes,Patched
VUL04914,CVE-2025-58871,Denial of Service,High,8.5,ENG-DB-0060,Yes,In Progress
VUL04915,CVE-2015-73041,Insecure Deserialization,Low,2.1,LEG-PRT-0069,Yes,Closed
VUL04916,CVE-2018-18456,Open Redirect,Medium,6.3,MKT-LAP-0018,No,Won't Fix
VUL04917,CVE-2026-3853,Weak Password Policy,Medium,5.7,LEG-MOB-0021,No,Won't Fix
VUL04918,CVE-2026-58158,Cross-Site Scripting (XSS),Medium,6.6,FIN-FW-0069,No,In Progress
VUL04919,CVE-2017-92650,Broken Authentication,High,7.1,FIN-PRT-0032,No,In Progress
VUL04920,CVE-2023-1307,Insecure Deserialization,Medium,4.8,OPS-FW-0014,Yes,Patched
VUL04921,CVE-2021-60094,Missing Security Patch,Medium,5.0,MKT-LAP-0026,Yes,Patched
VUL04922,CVE-2018-73368,Unpatched Software,Low,1.7,OPS-SW-0073,Yes,Closed
VUL04923,CVE-2021-74784,XML External Entity (XXE),Medium,5.2,IT-MOB-0015,Yes,Patched
VUL04924,CVE-2018-67062,Sensitive Data Exposure,Medium,4.8,SAL-PRT-0028,Yes,In Progress
VUL04925,CVE-2026-11228,Open Redirect,Low,3.6,IT-FW-0045,Yes,In Progress
VUL04926,CVE-2016-93732,XML External Entity (XXE),High,7.6,IT-SW-0057,Yes,Closed
VUL04927,CVE-2016-54259,Insecure Deserialization,Medium,6.3,FIN-RTR-0067,No,Open
VUL04928,CVE-2018-63516,Server-Side Request Forgery (SSRF),Low,3.3,HR-PC-0010,Yes,Closed
VUL04929,CVE-2023-7642,Missing Security Patch,Medium,6.8,SAL-PRT-0076,Yes,In Progress
VUL04930,CVE-2016-80558,Path Traversal,Medium,6.3,FIN-MOB-0007,Yes,In Progress
VUL04931,CVE-2021-79379,Sensitive Data Exposure,Medium,5.4,LEG-PRT-0002,No,Won't Fix
VUL04932,CVE-2024-60188,Unpatched Software,Critical,9.9,OPS-MOB-0136,Yes,Patched
VUL04933,CVE-2023-99054,Weak Password Policy,Low,1.0,HR-RTR-0048,No,In Progress
VUL04934,CVE-2015-21128,Unpatched Software,High,7.5,HR-PC-0024,Yes,Patched
VUL04935,CVE-2015-14842,Buffer Overflow,High,7.1,ENG-PRT-0014,Yes,In Progress
VUL04936,CVE-2016-98300,Missing Security Patch,Medium,6.4,SAL-SRV-0011,No,Open
VUL04937,CVE-2023-89700,Buffer Overflow,Low,3.0,HR-RTR-0019,Yes,Closed
VUL04938,CVE-2017-64889,Cross-Site Scripting (XSS),Medium,4.0,LEG-DB-0061,No,Won't Fix
VUL04939,CVE-2023-47730,Server-Side Request Forgery (SSRF),Medium,5.9,OPS-RTR-0112,No,Won't Fix
VUL04940,CVE-2023-60016,SQL Injection,High,8.6,OPS-IOT-0037,No,In Progress
VUL04941,CVE-2021-99403,Privilege Escalation,Critical,9.4,MKT-SW-0011,No,Open
VUL04942,CVE-2023-82412,Denial of Service,Medium,5.6,ENG-MOB-0015,Yes,Closed
VUL04943,CVE-2019-12579,Cross-Site Scripting (XSS),High,7.7,SAL-MOB-0066,Yes,Patched
VUL04944,CVE-2025-23747,Remote Code Execution,Low,0.3,SAL-DB-0009,No,Open
VUL04945,CVE-2018-51846,Broken Authentication,Low,0.7,SAL-SRV-0016,Yes,In Progress
VUL04946,CVE-2020-71819,Insecure Deserialization,Low,0.9,FIN-MOB-0059,Yes,Patched
VUL04947,CVE-2023-79330,Unpatched Software,High,7.1,SAL-PRT-0034,Yes,In Progress
VUL04948,CVE-2022-21932,Path Traversal,High,8.2,IT-SW-0101,Yes,Patched
VUL04949,CVE-2023-26084,Open Redirect,High,8.9,LEG-FW-0073,No,In Progress
VUL04950,CVE-2023-58243,Insecure Deserialization,Medium,6.6,OPS-IOT-0026,No,Open
VUL04951,CVE-2026-30133,Server-Side Request Forgery (SSRF),High,7.8,FIN-DB-0039,Yes,Patched
VUL04952,CVE-2022-17396,Insecure Direct Object Reference,Medium,5.5,MKT-MOB-0017,Yes,Closed
VUL04953,CVE-2020-5623,Insecure Deserialization,Medium,6.1,SAL-DB-0033,No,Won't Fix
VUL04954,CVE-2020-40619,Denial of Service,Medium,5.4,SAL-PC-0026,Yes,Closed
VUL04955,CVE-2025-51527,Missing Security Patch,Critical,9.4,HR-RTR-0092,Yes,In Progress
VUL04956,CVE-2021-98740,Denial of Service,High,7.5,LEG-LAP-0021,No,Won't Fix
VUL04957,CVE-2022-1557,Privilege Escalation,High,8.7,HR-FW-0021,Yes,In Progress
VUL04958,CVE-2025-89630,XML External Entity (XXE),Medium,6.8,MKT-FW-0086,Yes,Patched
VUL04959,CVE-2015-2014,Broken Authentication,Medium,4.4,OPS-IOT-0115,Yes,Closed
VUL04960,CVE-2016-28887,Insecure Deserialization,Low,2.2,LEG-SW-0033,No,Open
VUL04961,CVE-2017-53243,Command Injection,High,8.8,SAL-FW-0115,Yes,Closed
VUL04962,CVE-2025-90212,Broken Authentication,High,8.0,SAL-PRT-0100,No,Won't Fix
VUL04963,CVE-2016-1992,Security Misconfiguration,High,8.6,ENG-PRT-0107,No,Open
VUL04964,CVE-2023-56918,SQL Injection,High,8.2,LEG-FW-0009,No,Won't Fix
VUL04965,CVE-2016-53164,Remote Code Execution,High,7.7,ENG-SW-0010,No,Won't Fix
VUL04966,CVE-2025-42979,Remote Code Execution,High,8.4,MKT-RTR-0108,Yes,Closed
VUL04967,CVE-2020-94370,Server-Side Request Forgery (SSRF),High,7.6,FIN-LAP-0108,No,Won't Fix
VUL04968,CVE-2020-53500,Security Misconfiguration,Low,1.8,HR-FW-0140,Yes,In Progress
VUL04969,CVE-2021-94702,Denial of Service,Medium,5.5,MKT-SW-0048,Yes,Patched
VUL04970,CVE-2025-68645,Sensitive Data Exposure,Low,0.2,FIN-SW-0036,Yes,Patched
VUL04971,CVE-2018-81817,Broken Authentication,Medium,5.0,SAL-LAP-0056,No,Open
VUL04972,CVE-2025-63747,Command Injection,Critical,9.7,ENG-FW-0021,No,Open
VUL04973,CVE-2022-5020,Denial of Service,High,7.1,FIN-LAP-0117,No,Won't Fix
VUL04974,CVE-2018-3459,Open Redirect,High,7.6,OPS-MOB-0131,Yes,In Progress
VUL04975,CVE-2026-22031,Insecure Direct Object Reference,High,7.3,IT-SW-0023,Yes,Patched
VUL04976,CVE-2022-85601,Remote Code Execution,High,7.9,ENG-MOB-0035,No,In Progress
VUL04977,CVE-2023-55309,Denial of Service,High,8.4,IT-SRV-0041,No,Won't Fix
VUL04978,CVE-2015-83175,XML External Entity (XXE),High,7.4,LEG-PRT-0103,Yes,Patched
VUL04979,CVE-2026-59266,Privilege Escalation,Medium,4.1,ENG-FW-0136,Yes,In Progress
VUL04980,CVE-2024-52107,Open Redirect,Medium,5.7,LEG-PRT-0130,No,Open
VUL04981,CVE-2022-41356,Weak Password Policy,Critical,9.5,HR-RTR-0082,Yes,In Progress
VUL04982,CVE-2018-19854,Buffer Overflow,High,8.8,LEG-FW-0105,Yes,In Progress
VUL04983,CVE-2022-35432,Path Traversal,Critical,10.0,LEG-RTR-0044,Yes,Closed
VUL04984,CVE-2023-5853,Missing Security Patch,Low,0.8,OPS-RTR-0062,No,Won't Fix
VUL04985,CVE-2026-7618,SQL Injection,Critical,9.8,OPS-LAP-0048,Yes,In Progress
VUL04986,CVE-2016-37088,Security Misconfiguration,Low,2.7,IT-LAP-0090,No,Open
VUL04987,CVE-2021-49323,XML External Entity (XXE),Medium,4.3,SAL-DB-0059,No,In Progress
VUL04988,CVE-2023-26073,SQL Injection,High,7.4,IT-LAP-0081,Yes,In Progress
VUL04989,CVE-2020-95676,Open Redirect,Medium,6.2,FIN-MOB-0002,No,Open
VUL04990,CVE-2020-26341,Outdated SSL/TLS Configuration,Medium,6.1,MKT-SRV-0008,No,Won't Fix
VUL04991,CVE-2023-81498,Open Redirect,High,8.8,HR-SRV-0112,Yes,Patched
VUL04992,CVE-2021-29530,Cross-Site Scripting (XSS),High,7.3,HR-DB-0021,No,Won't Fix
VUL04993,CVE-2020-46579,Command Injection,Medium,6.3,HR-MOB-0076,No,In Progress
VUL04994,CVE-2020-77184,Unpatched Software,Critical,9.9,OPS-MOB-0022,Yes,In Progress
VUL04995,CVE-2023-35083,Insecure Deserialization,Medium,4.9,FIN-RTR-0068,Yes,Closed
VUL04996,CVE-2016-12049,Security Misconfiguration,Low,0.2,MKT-PRT-0012,Yes,In Progress
VUL04997,CVE-2018-20348,Broken Authentication,Low,0.7,FIN-MOB-0058,Yes,In Progress
VUL04998,CVE-2019-77958,Server-Side Request Forgery (SSRF),High,7.8,FIN-IOT-0033,Yes,In Progress
VUL04999,CVE-2019-71187,Security Misconfiguration,High,8.7,LEG-MOB-0099,Yes,Closed
VUL05000,CVE-2020-79636,Security Misconfiguration,Low,0.5,MKT-SRV-0094,No,In Progress
VUL05001,CVE-2020-34921,Command Injection,High,8.6,FIN-SW-0119,Yes,Closed
VUL05002,CVE-2015-80532,Sensitive Data Exposure,High,8.1,FIN-PC-0039,Yes,Closed
VUL05003,CVE-2017-74071,Sensitive Data Exposure,Medium,4.5,ENG-PC-0032,No,Open
VUL05004,CVE-2020-7306,Unpatched Software,Medium,6.0,LEG-MOB-0067,No,In Progress
VUL05005,CVE-2018-96037,Insecure Deserialization,Critical,9.7,FIN-MOB-0119,Yes,In Progress
VUL05006,CVE-2018-78067,Cross-Site Scripting (XSS),High,8.7,OPS-RTR-0001,Yes,Closed
VUL05007,CVE-2022-93602,Open Redirect,Low,3.6,MKT-SW-0104,Yes,Patched
VUL05008,CVE-2016-51651,Unpatched Software,Critical,9.6,LEG-FW-0114,Yes,Patched
VUL05009,CVE-2021-43222,Privilege Escalation,Low,2.3,OPS-LAP-0046,No,In Progress
VUL05010,CVE-2019-2593,Insecure Direct Object Reference,Medium,4.8,ENG-PRT-0080,No,Won't Fix
VUL05011,CVE-2024-69894,Weak Password Policy,Low,1.4,IT-PRT-0070,Yes,Closed
VUL05012,CVE-2019-82955,Weak Password Policy,Low,1.1,HR-RTR-0018,Yes,In Progress
VUL05013,CVE-2016-27233,Open Redirect,Medium,6.5,MKT-DB-0045,No,In Progress
VUL05014,CVE-2018-2313,Weak Password Policy,Critical,9.3,IT-PC-0005,No,Won't Fix
VUL05015,CVE-2021-38426,Denial of Service,High,8.5,HR-PRT-0078,Yes,Patched
VUL05016,CVE-2023-67120,Open Redirect,High,7.8,ENG-PRT-0096,No,Won't Fix
VUL05017,CVE-2019-73842,Denial of Service,Medium,5.7,IT-DB-0122,No,Won't Fix
VUL05018,CVE-2024-29144,Outdated SSL/TLS Configuration,High,7.4,MKT-PRT-0017,No,Open
VUL05019,CVE-2017-60938,Privilege Escalation,Critical,9.9,ENG-FW-0140,Yes,Closed
VUL05020,CVE-2024-77062,Denial of Service,Medium,6.0,ENG-MOB-0014,Yes,Patched
VUL05021,CVE-2024-15147,Insecure Direct Object Reference,Critical,9.1,ENG-RTR-0096,No,Open
VUL05022,CVE-2020-31241,Outdated SSL/TLS Configuration,Low,2.4,FIN-PC-0023,No,Open
VUL05023,CVE-2026-1303,Security Misconfiguration,Medium,4.5,MKT-PRT-0026,Yes,Patched
VUL05024,CVE-2019-25816,Remote Code Execution,Medium,5.8,FIN-PRT-0010,No,In Progress
VUL05025,CVE-2021-68235,Sensitive Data Exposure,Low,1.1,OPS-FW-0120,No,In Progress
VUL05026,CVE-2022-3226,Sensitive Data Exposure,Medium,5.9,HR-IOT-0036,Yes,Closed
VUL05027,CVE-2021-43514,Open Redirect,Low,2.3,ENG-RTR-0024,Yes,Patched
VUL05028,CVE-2015-21675,Insecure Direct Object Reference,Medium,4.8,IT-IOT-0022,Yes,In Progress
VUL05029,CVE-2020-1518,Outdated SSL/TLS Configuration,Low,3.0,LEG-PC-0062,No,Won't Fix
VUL05030,CVE-2017-28300,Remote Code Execution,High,8.0,SAL-MOB-0076,Yes,Patched
VUL05031,CVE-2023-94473,Sensitive Data Exposure,High,8.4,ENG-SRV-0062,No,Open
VUL05032,CVE-2024-46039,Sensitive Data Exposure,Medium,5.4,OPS-DB-0040,No,Open
VUL05033,CVE-2020-97569,Server-Side Request Forgery (SSRF),Medium,6.9,HR-RTR-0035,Yes,Patched
VUL05034,CVE-2021-39841,Privilege Escalation,High,7.4,SAL-RTR-0073,No,Open
VUL05035,CVE-2026-3098,Denial of Service,High,7.3,LEG-PRT-0079,No,In Progress
VUL05036,CVE-2017-81253,Path Traversal,High,7.1,HR-IOT-0052,Yes,Closed
VUL05037,CVE-2020-87112,Security Misconfiguration,Critical,9.2,OPS-RTR-0014,Yes,Closed
VUL05038,CVE-2022-5245,SQL Injection,Medium,5.2,OPS-DB-0048,Yes,In Progress
VUL05039,CVE-2016-84250,Broken Authentication,Medium,4.1,SAL-PRT-0081,Yes,In Progress
VUL05040,CVE-2026-50109,Security Misconfiguration,Medium,5.1,LEG-FW-0109,No,In Progress
VUL05041,CVE-2021-58955,XML External Entity (XXE),Low,3.4,OPS-MOB-0091,No,Open
VUL05042,CVE-2018-89571,Denial of Service,Critical,9.6,LEG-PC-0042,Yes,In Progress
VUL05043,CVE-2017-82482,Server-Side Request Forgery (SSRF),Low,3.1,OPS-SW-0073,No,In Progress
VUL05044,CVE-2022-76502,Command Injection,High,7.4,SAL-SW-0067,Yes,In Progress
VUL05045,CVE-2020-93678,Sensitive Data Exposure,Critical,9.9,OPS-SW-0101,No,Won't Fix
VUL05046,CVE-2022-77945,Unpatched Software,Medium,6.7,IT-LAP-0013,No,Won't Fix
VUL05047,CVE-2026-58337,Insecure Deserialization,Medium,5.7,SAL-SRV-0011,Yes,Closed
VUL05048,CVE-2015-22023,Path Traversal,High,7.8,IT-RTR-0124,Yes,Closed
VUL05049,CVE-2018-15216,Sensitive Data Exposure,Low,3.0,SAL-PC-0055,Yes,Patched
VUL05050,CVE-2026-36526,Remote Code Execution,Medium,4.3,IT-PRT-0060,Yes,Closed
VUL05051,CVE-2026-87693,Cross-Site Scripting (XSS),High,8.3,LEG-MOB-0100,No,Open
VUL05052,CVE-2023-28741,XML External Entity (XXE),Critical,9.1,MKT-FW-0101,Yes,In Progress
VUL05053,CVE-2020-96186,Outdated SSL/TLS Configuration,Critical,9.8,ENG-PC-0043,Yes,Patched
VUL05054,CVE-2017-79239,Unpatched Software,Medium,5.5,IT-SRV-0115,Yes,In Progress
VUL05055,CVE-2018-57317,Cross-Site Scripting (XSS),Medium,5.1,FIN-RTR-0057,No,Won't Fix
VUL05056,CVE-2024-29263,SQL Injection,High,8.7,OPS-SW-0041,Yes,Closed
VUL05057,CVE-2025-66479,XML External Entity (XXE),Medium,6.0,MKT-PC-0077,No,Won't Fix
VUL05058,CVE-2019-63697,Remote Code Execution,Medium,6.1,SAL-PRT-0052,Yes,In Progress
VUL05059,CVE-2019-2704,Sensitive Data Exposure,High,7.8,OPS-MOB-0012,Yes,Patched
VUL05060,CVE-2019-48183,Outdated SSL/TLS Configuration,Low,2.8,ENG-MOB-0130,Yes,Closed
VUL05061,CVE-2016-30399,Missing Security Patch,High,8.8,ENG-SW-0080,Yes,In Progress
VUL05062,CVE-2019-98536,Insecure Deserialization,Low,1.5,LEG-DB-0053,No,Open
VUL05063,CVE-2016-79220,Denial of Service,Medium,6.0,HR-IOT-0041,No,Won't Fix
VUL05064,CVE-2019-2469,Command Injection,High,8.5,FIN-SW-0051,Yes,In Progress
VUL05065,CVE-2026-57175,Path Traversal,Low,2.0,SAL-LAP-0031,Yes,Patched
VUL05066,CVE-2019-50564,Unpatched Software,Critical,9.1,HR-DB-0009,No,Open
VUL05067,CVE-2023-99822,Weak Password Policy,High,8.3,MKT-PRT-0035,Yes,Closed
VUL05068,CVE-2022-4964,Command Injection,Medium,6.5,SAL-MOB-0007,No,Open
VUL05069,CVE-2020-1545,Insecure Deserialization,High,7.2,LEG-SW-0082,No,Open
VUL05070,CVE-2024-1558,Remote Code Execution,High,7.6,ENG-PRT-0001,Yes,In Progress
VUL05071,CVE-2025-59816,XML External Entity (XXE),High,8.5,FIN-RTR-0003,Yes,In Progress
VUL05072,CVE-2020-38018,Insecure Direct Object Reference,High,8.3,LEG-DB-0036,Yes,Patched
VUL05073,CVE-2022-13589,Sensitive Data Exposure,Low,2.8,HR-SRV-0086,No,Won't Fix
VUL05074,CVE-2020-23629,Outdated SSL/TLS Configuration,Low,0.5,OPS-DB-0042,Yes,Closed
VUL05075,CVE-2026-82994,Broken Authentication,Low,1.4,OPS-RTR-0064,No,In Progress
VUL05076,CVE-2021-34230,Insecure Deserialization,Medium,5.1,SAL-LAP-0002,No,In Progress
VUL05077,CVE-2023-88861,Security Misconfiguration,Low,3.9,HR-DB-0041,Yes,Patched
VUL05078,CVE-2018-54947,XML External Entity (XXE),Medium,4.5,IT-MOB-0025,Yes,Patched
VUL05079,CVE-2018-80050,Broken Authentication,Medium,4.1,ENG-PC-0096,No,In Progress
VUL05080,CVE-2018-21449,Server-Side Request Forgery (SSRF),Medium,6.0,ENG-FW-0046,Yes,In Progress
VUL05081,CVE-2023-34425,Command Injection,High,8.6,OPS-MOB-0114,Yes,Closed
VUL05082,CVE-2018-44119,Outdated SSL/TLS Configuration,Low,3.4,IT-PC-0077,Yes,Patched
VUL05083,CVE-2024-9440,XML External Entity (XXE),High,7.7,IT-PC-0084,No,Won't Fix
VUL05084,CVE-2019-25401,Unpatched Software,Low,3.4,SAL-PRT-0008,Yes,In Progress
VUL05085,CVE-2019-96080,Denial of Service,Low,1.1,LEG-SW-0002,Yes,Patched
VUL05086,CVE-2019-46004,Insecure Deserialization,Medium,5.8,LEG-FW-0024,No,In Progress
VUL05087,CVE-2018-33854,Buffer Overflow,High,7.8,HR-PRT-0052,Yes,Patched
VUL05088,CVE-2017-55482,Insecure Direct Object Reference,Medium,4.4,LEG-RTR-0060,No,In Progress
VUL05089,CVE-2017-87291,Remote Code Execution,Medium,6.7,OPS-SRV-0042,Yes,In Progress
VUL05090,CVE-2024-83497,Server-Side Request Forgery (SSRF),High,7.2,MKT-SW-0032,Yes,Patched
VUL05091,CVE-2025-7871,Sensitive Data Exposure,Medium,5.4,SAL-RTR-0029,No,Open
VUL05092,CVE-2024-85135,Privilege Escalation,Critical,9.3,MKT-RTR-0085,No,In Progress
VUL05093,CVE-2015-26495,Insecure Deserialization,Medium,5.1,IT-PRT-0075,No,Won't Fix
VUL05094,CVE-2026-1078,Command Injection,Medium,6.5,OPS-SW-0056,Yes,Closed
VUL05095,CVE-2023-47968,Remote Code Execution,Low,2.3,OPS-SRV-0030,No,In Progress
VUL05096,CVE-2019-58689,Insecure Direct Object Reference,Medium,4.1,MKT-PC-0084,No,Open
VUL05097,CVE-2026-79371,XML External Entity (XXE),Medium,5.8,HR-SW-0003,Yes,Closed
VUL05098,CVE-2025-78213,Unpatched Software,Medium,4.1,SAL-DB-0120,No,Won't Fix
VUL05099,CVE-2024-98052,Command Injection,High,8.5,IT-SRV-0013,Yes,In Progress
VUL05100,CVE-2020-2930,Security Misconfiguration,High,7.6,MKT-DB-0027,Yes,In Progress
VUL05101,CVE-2023-51985,Sensitive Data Exposure,Medium,5.6,FIN-FW-0004,Yes,Patched
VUL05102,CVE-2025-40743,Sensitive Data Exposure,Low,1.2,FIN-DB-0062,No,Won't Fix
VUL05103,CVE-2020-29870,Buffer Overflow,Low,1.6,IT-DB-0113,Yes,Patched
VUL05104,CVE-2017-55099,XML External Entity (XXE),Low,0.8,HR-FW-0131,Yes,Closed
VUL05105,CVE-2019-72483,Unpatched Software,Low,0.1,LEG-SW-0008,Yes,Closed
VUL05106,CVE-2017-44838,Weak Password Policy,Critical,9.3,IT-SRV-0055,No,Won't Fix
VUL05107,CVE-2023-4803,Insecure Deserialization,Low,1.9,LEG-MOB-0116,No,Open
VUL05108,CVE-2016-5330,Weak Password Policy,Medium,4.4,LEG-MOB-0034,Yes,Closed
VUL05109,CVE-2018-40909,Denial of Service,High,7.8,OPS-IOT-0028,Yes,In Progress
VUL05110,CVE-2026-97427,Buffer Overflow,Low,1.4,OPS-IOT-0022,No,Won't Fix
VUL05111,CVE-2024-45370,Outdated SSL/TLS Configuration,Low,1.6,FIN-PC-0003,No,In Progress
VUL05112,CVE-2015-31426,Privilege Escalation,Medium,6.3,SAL-FW-0087,No,In Progress
VUL05113,CVE-2026-13648,Security Misconfiguration,Low,1.0,SAL-RTR-0093,No,In Progress
VUL05114,CVE-2015-54611,Server-Side Request Forgery (SSRF),High,8.8,FIN-SRV-0117,No,Won't Fix
VUL05115,CVE-2020-92344,Insecure Deserialization,High,7.4,MKT-MOB-0070,Yes,In Progress
VUL05116,CVE-2026-19575,SQL Injection,Medium,6.0,SAL-SRV-0058,Yes,Closed
VUL05117,CVE-2020-51598,SQL Injection,High,8.6,IT-DB-0092,No,Won't Fix
VUL05118,CVE-2016-6423,Security Misconfiguration,Low,2.1,MKT-PC-0102,Yes,Patched
VUL05119,CVE-2026-11102,Broken Authentication,Medium,4.8,OPS-DB-0100,Yes,Closed
VUL05120,CVE-2025-39719,Insecure Deserialization,Medium,4.3,OPS-IOT-0002,No,Open
VUL05121,CVE-2026-40929,Missing Security Patch,Low,2.6,IT-MOB-0109,No,Won't Fix
VUL05122,CVE-2020-59324,Unpatched Software,Low,0.9,HR-RTR-0035,No,Won't Fix
VUL05123,CVE-2016-17684,Security Misconfiguration,High,8.5,MKT-LAP-0008,No,In Progress
VUL05124,CVE-2023-67082,Command Injection,Medium,6.8,IT-RTR-0127,Yes,Closed
VUL05125,CVE-2024-41507,Command Injection,Critical,9.5,LEG-RTR-0113,Yes,Patched
VUL05126,CVE-2017-25014,Unpatched Software,High,8.3,HR-SRV-0041,Yes,Patched
VUL05127,CVE-2021-26206,Insecure Direct Object Reference,Medium,6.6,FIN-PRT-0071,No,Open
VUL05128,CVE-2023-50360,Sensitive Data Exposure,Low,0.2,SAL-PRT-0036,Yes,In Progress
VUL05129,CVE-2017-19089,Outdated SSL/TLS Configuration,High,8.7,IT-SW-0081,Yes,Patched
VUL05130,CVE-2016-33886,Missing Security Patch,High,7.5,IT-RTR-0053,Yes,In Progress
VUL05131,CVE-2019-95743,Broken Authentication,Low,3.3,FIN-PRT-0090,No,Won't Fix
VUL05132,CVE-2018-80740,Privilege Escalation,Medium,4.9,LEG-PRT-0071,No,Open
VUL05133,CVE-2021-5465,Buffer Overflow,Medium,4.2,MKT-DB-0120,No,In Progress
VUL05134,CVE-2018-34959,Broken Authentication,High,8.6,LEG-IOT-0008,No,Open
VUL05135,CVE-2020-11118,Sensitive Data Exposure,High,7.8,MKT-SW-0119,Yes,Closed
VUL05136,CVE-2016-8070,Server-Side Request Forgery (SSRF),Medium,6.9,ENG-LAP-0046,No,In Progress
VUL05137,CVE-2016-38413,Missing Security Patch,High,8.9,MKT-PRT-0023,Yes,Closed
VUL05138,CVE-2024-9195,Missing Security Patch,Low,0.7,LEG-RTR-0004,Yes,Patched
VUL05139,CVE-2017-26296,Open Redirect,Medium,4.2,SAL-FW-0071,No,Open
VUL05140,CVE-2016-18623,Insecure Deserialization,Medium,4.3,MKT-SRV-0070,No,Open
VUL05141,CVE-2026-24312,Unpatched Software,Low,3.2,MKT-SRV-0023,No,Won't Fix
VUL05142,CVE-2017-94786,Missing Security Patch,High,8.5,ENG-PRT-0105,No,In Progress
VUL05143,CVE-2017-54731,Insecure Direct Object Reference,Medium,4.6,HR-MOB-0030,No,In Progress
VUL05144,CVE-2015-21168,Weak Password Policy,Medium,4.5,ENG-IOT-0046,Yes,Patched
VUL05145,CVE-2026-50986,Insecure Direct Object Reference,Low,3.2,FIN-LAP-0082,Yes,Closed
VUL05146,CVE-2017-2453,Broken Authentication,Medium,6.3,ENG-SW-0003,No,Won't Fix
VUL05147,CVE-2019-67531,Path Traversal,High,8.7,OPS-MOB-0049,Yes,Closed
VUL05148,CVE-2018-78445,Unpatched Software,High,8.7,LEG-PC-0051,No,In Progress
VUL05149,CVE-2020-70818,Server-Side Request Forgery (SSRF),Critical,9.3,FIN-DB-0093,Yes,Closed
VUL05150,CVE-2015-77679,Sensitive Data Exposure,High,7.5,IT-DB-0016,No,In Progress
VUL05151,CVE-2019-88800,Sensitive Data Exposure,High,7.1,ENG-DB-0088,Yes,Patched
VUL05152,CVE-2018-59127,Remote Code Execution,Medium,5.1,HR-PC-0133,No,Open
VUL05153,CVE-2022-72121,Outdated SSL/TLS Configuration,Medium,4.5,ENG-LAP-0105,Yes,In Progress
VUL05154,CVE-2018-35852,Command Injection,High,8.4,LEG-LAP-0096,No,Open
VUL05155,CVE-2026-63619,SQL Injection,Low,1.1,OPS-IOT-0093,Yes,Closed
VUL05156,CVE-2018-79845,Path Traversal,Medium,6.6,HR-IOT-0063,Yes,In Progress
VUL05157,CVE-2017-94344,Insecure Deserialization,Medium,5.7,LEG-PC-0095,Yes,Patched
VUL05158,CVE-2018-50107,Denial of Service,Low,0.5,ENG-IOT-0014,Yes,In Progress
VUL05159,CVE-2022-53585,Denial of Service,High,7.7,ENG-SRV-0077,No,In Progress
VUL05160,CVE-2015-71168,Weak Password Policy,Critical,9.9,FIN-MOB-0013,Yes,Patched
VUL05161,CVE-2023-44409,Sensitive Data Exposure,Critical,9.9,OPS-MOB-0054,Yes,Closed
VUL05162,CVE-2018-86478,Weak Password Policy,Medium,4.7,OPS-MOB-0087,Yes,Patched
VUL05163,CVE-2015-72468,Privilege Escalation,Medium,4.2,ENG-SRV-0148,Yes,In Progress
VUL05164,CVE-2017-38714,Insecure Direct Object Reference,High,8.3,FIN-MOB-0025,Yes,Closed
VUL05165,CVE-2017-22156,Insecure Deserialization,Medium,4.3,ENG-FW-0130,Yes,Patched
VUL05166,CVE-2025-6865,Missing Security Patch,High,8.5,IT-FW-0073,No,Won't Fix
VUL05167,CVE-2025-97641,Privilege Escalation,Medium,4.1,ENG-SRV-0039,Yes,Closed
VUL05168,CVE-2017-60880,Security Misconfiguration,Low,0.1,OPS-PC-0091,No,In Progress
VUL05169,CVE-2019-87037,Sensitive Data Exposure,Medium,6.5,HR-IOT-0106,Yes,Patched
VUL05170,CVE-2025-50456,Security Misconfiguration,Medium,5.4,FIN-PC-0058,No,Won't Fix
VUL05171,CVE-2017-46287,Broken Authentication,Medium,6.9,HR-RTR-0036,Yes,Closed
VUL05172,CVE-2018-47068,SQL Injection,High,8.8,SAL-SRV-0030,Yes,Closed
VUL05173,CVE-2019-13560,Weak Password Policy,Medium,6.0,MKT-PRT-0008,Yes,Patched
VUL05174,CVE-2017-51462,SQL Injection,Medium,4.5,FIN-PC-0109,Yes,Closed
VUL05175,CVE-2018-6346,Broken Authentication,Low,2.9,IT-SRV-0114,No,Open
VUL05176,CVE-2016-97732,Open Redirect,Low,0.7,SAL-RTR-0121,Yes,In Progress
VUL05177,CVE-2016-57275,Remote Code Execution,Critical,9.0,IT-SW-0001,Yes,Patched
VUL05178,CVE-2020-44698,Outdated SSL/TLS Configuration,Low,0.4,OPS-FW-0017,No,Won't Fix
VUL05179,CVE-2015-21051,Privilege Escalation,High,8.6,ENG-SRV-0028,Yes,Closed
VUL05180,CVE-2025-96930,Buffer Overflow,High,8.5,OPS-SRV-0005,No,Open
VUL05181,CVE-2019-4145,Denial of Service,High,7.9,IT-MOB-0033,Yes,Patched
VUL05182,CVE-2018-31910,Open Redirect,Low,0.1,HR-IOT-0066,Yes,In Progress
VUL05183,CVE-2017-66916,Buffer Overflow,Medium,6.7,IT-SRV-0097,Yes,Patched
VUL05184,CVE-2016-93013,Open Redirect,Critical,9.7,LEG-DB-0112,No,Open
VUL05185,CVE-2016-22058,Privilege Escalation,High,7.6,ENG-SW-0007,Yes,Patched
VUL05186,CVE-2023-73718,Outdated SSL/TLS Configuration,High,7.1,IT-PC-0091,Yes,Closed
VUL05187,CVE-2025-89226,Denial of Service,Medium,5.5,MKT-IOT-0059,No,In Progress
VUL05188,CVE-2023-90166,Unpatched Software,Medium,4.3,ENG-PC-0042,Yes,In Progress
VUL05189,CVE-2016-52175,Server-Side Request Forgery (SSRF),High,7.9,IT-PRT-0103,No,Won't Fix
VUL05190,CVE-2021-96134,SQL Injection,Medium,6.4,FIN-SRV-0115,Yes,Closed
VUL05191,CVE-2017-36093,Remote Code Execution,Critical,9.8,OPS-LAP-0108,No,Open
VUL05192,CVE-2019-43658,Privilege Escalation,Medium,4.1,FIN-LAP-0049,No,Open
VUL05193,CVE-2018-56938,Open Redirect,Low,2.1,OPS-IOT-0040,No,In Progress
VUL05194,CVE-2016-66062,Remote Code Execution,High,7.2,HR-PC-0002,No,Won't Fix
VUL05195,CVE-2017-38660,Security Misconfiguration,Medium,6.7,HR-PC-0095,Yes,In Progress
VUL05196,CVE-2025-1860,Open Redirect,High,8.5,OPS-IOT-0057,No,In Progress
VUL05197,CVE-2025-77446,XML External Entity (XXE),Low,2.4,HR-IOT-0076,No,In Progress
VUL05198,CVE-2022-36684,Security Misconfiguration,Critical,9.3,HR-RTR-0038,Yes,Closed
VUL05199,CVE-2018-58752,Buffer Overflow,Medium,5.4,IT-FW-0111,No,Open
VUL05200,CVE-2018-8030,Path Traversal,Medium,5.5,ENG-PRT-0128,Yes,Closed
VUL05201,CVE-2023-14186,Open Redirect,Critical,9.8,LEG-DB-0017,Yes,Closed
VUL05202,CVE-2021-29510,Insecure Deserialization,Low,0.8,LEG-SW-0045,No,In Progress
VUL05203,CVE-2016-31158,Buffer Overflow,Low,3.5,ENG-RTR-0071,No,Won't Fix
VUL05204,CVE-2017-43069,Unpatched Software,Low,3.4,LEG-IOT-0088,Yes,Closed
VUL05205,CVE-2017-59048,Server-Side Request Forgery (SSRF),Low,0.9,HR-SW-0107,Yes,In Progress
VUL05206,CVE-2017-42270,Insecure Deserialization,Medium,6.3,HR-SW-0083,No,In Progress
VUL05207,CVE-2015-36069,Missing Security Patch,High,7.9,OPS-PC-0068,Yes,Closed
VUL05208,CVE-2018-9617,Outdated SSL/TLS Configuration,Medium,4.5,IT-MOB-0097,No,In Progress
VUL05209,CVE-2016-17782,Open Redirect,High,7.1,FIN-RTR-0028,Yes,In Progress
VUL05210,CVE-2020-96741,Insecure Direct Object Reference,Critical,9.3,FIN-LAP-0046,Yes,In Progress
VUL05211,CVE-2018-54483,Buffer Overflow,Medium,4.4,OPS-PRT-0082,Yes,Closed
VUL05212,CVE-2018-38192,Cross-Site Scripting (XSS),Medium,5.0,LEG-FW-0072,Yes,Closed
VUL05213,CVE-2018-83049,Open Redirect,High,8.8,MKT-SW-0068,No,Won't Fix
VUL05214,CVE-2019-46755,Server-Side Request Forgery (SSRF),Critical,9.8,SAL-PRT-0003,Yes,In Progress
VUL05215,CVE-2022-54801,Command Injection,Low,2.7,OPS-DB-0106,Yes,Closed
VUL05216,CVE-2022-25704,Path Traversal,Low,2.3,HR-DB-0056,No,Open
VUL05217,CVE-2021-11367,Open Redirect,Low,0.5,MKT-FW-0080,No,In Progress
VUL05218,CVE-2026-78251,Security Misconfiguration,Medium,4.2,SAL-RTR-0051,Yes,Closed
VUL05219,CVE-2017-99927,Path Traversal,High,7.3,ENG-IOT-0106,Yes,In Progress
VUL05220,CVE-2016-87985,Cross-Site Scripting (XSS),Medium,4.1,HR-PC-0082,Yes,Closed
VUL05221,CVE-2016-18768,Missing Security Patch,High,7.9,HR-LAP-0021,Yes,Closed
VUL05222,CVE-2021-75111,Cross-Site Scripting (XSS),Medium,4.4,SAL-PC-0093,Yes,In Progress
VUL05223,CVE-2023-77667,Missing Security Patch,Low,0.3,HR-DB-0022,Yes,In Progress
VUL05224,CVE-2023-17734,Server-Side Request Forgery (SSRF),Medium,5.9,MKT-IOT-0081,No,Won't Fix
VUL05225,CVE-2015-65765,Privilege Escalation,Critical,9.2,ENG-PC-0034,Yes,Closed
VUL05226,CVE-2023-89330,Denial of Service,High,7.2,ENG-MOB-0091,Yes,In Progress
VUL05227,CVE-2022-15460,Insecure Direct Object Reference,Medium,4.1,ENG-DB-0061,No,Open
VUL05228,CVE-2021-42628,Outdated SSL/TLS Configuration,Low,0.9,HR-DB-0082,Yes,Patched
VUL05229,CVE-2016-16115,Weak Password Policy,Low,1.6,HR-PC-0120,Yes,In Progress
VUL05230,CVE-2016-81637,Sensitive Data Exposure,Medium,4.8,MKT-FW-0118,Yes,In Progress
VUL05231,CVE-2015-76202,SQL Injection,High,7.7,HR-MOB-0089,Yes,In Progress
VUL05232,CVE-2015-34494,Weak Password Policy,Medium,5.7,MKT-SW-0105,No,Open
VUL05233,CVE-2024-1230,Insecure Deserialization,Medium,6.1,LEG-SW-0068,No,In Progress
VUL05234,CVE-2024-12183,Outdated SSL/TLS Configuration,Medium,4.9,HR-FW-0136,Yes,In Progress
VUL05235,CVE-2018-89863,Buffer Overflow,Low,1.2,SAL-DB-0013,Yes,Patched
VUL05236,CVE-2022-34027,Outdated SSL/TLS Configuration,High,8.2,LEG-SRV-0018,Yes,In Progress
VUL05237,CVE-2020-37546,Denial of Service,Medium,4.1,SAL-PC-0008,No,Open
VUL05238,CVE-2020-68424,Weak Password Policy,Medium,6.8,IT-FW-0014,No,Won't Fix
VUL05239,CVE-2019-49843,SQL Injection,Critical,9.4,FIN-SRV-0036,Yes,Patched
VUL05240,CVE-2019-67739,Buffer Overflow,High,7.8,HR-RTR-0086,No,Open
VUL05241,CVE-2017-76262,XML External Entity (XXE),High,8.1,ENG-LAP-0105,Yes,In Progress
VUL05242,CVE-2019-26443,Buffer Overflow,Critical,9.8,FIN-SW-0025,Yes,Patched
VUL05243,CVE-2021-61439,Missing Security Patch,High,8.4,SAL-PRT-0072,No,Open
VUL05244,CVE-2025-83083,Cross-Site Scripting (XSS),Low,3.6,OPS-PC-0113,Yes,Closed
VUL05245,CVE-2023-94471,Sensitive Data Exposure,Medium,4.9,SAL-SRV-0089,Yes,In Progress
VUL05246,CVE-2026-10504,Outdated SSL/TLS Configuration,Medium,6.1,IT-DB-0057,No,Won't Fix
VUL05247,CVE-2022-69092,Denial of Service,Medium,6.1,OPS-DB-0057,No,In Progress
VUL05248,CVE-2015-79035,Broken Authentication,Critical,9.1,OPS-FW-0123,No,Won't Fix
VUL05249,CVE-2026-15365,Unpatched Software,High,8.7,FIN-FW-0115,Yes,Closed
VUL05250,CVE-2020-20111,Server-Side Request Forgery (SSRF),High,7.6,FIN-LAP-0024,Yes,In Progress
VUL05251,CVE-2021-86176,Command Injection,High,7.4,IT-RTR-0114,Yes,In Progress
VUL05252,CVE-2025-15085,Command Injection,High,7.1,HR-PRT-0087,Yes,In Progress
VUL05253,CVE-2016-39350,Buffer Overflow,Low,3.9,IT-PRT-0102,No,Won't Fix
VUL05254,CVE-2024-65748,Outdated SSL/TLS Configuration,Medium,5.8,FIN-DB-0007,Yes,Closed
VUL05255,CVE-2022-42965,Open Redirect,Low,1.6,ENG-FW-0109,Yes,Patched
VUL05256,CVE-2015-1436,SQL Injection,High,7.1,LEG-MOB-0112,No,In Progress
VUL05257,CVE-2020-54922,Path Traversal,High,8.4,SAL-MOB-0001,Yes,In Progress
VUL05258,CVE-2022-36042,Command Injection,Medium,6.3,MKT-PC-0076,Yes,In Progress
VUL05259,CVE-2017-18599,XML External Entity (XXE),High,8.0,LEG-LAP-0095,No,Won't Fix
VUL05260,CVE-2018-81412,Sensitive Data Exposure,Medium,4.8,SAL-RTR-0029,No,Open
VUL05261,CVE-2015-69738,Cross-Site Scripting (XSS),Low,0.2,ENG-PC-0024,Yes,Closed
VUL05262,CVE-2024-15987,Remote Code Execution,Critical,9.1,OPS-MOB-0144,No,In Progress
VUL05263,CVE-2026-2332,Buffer Overflow,High,7.5,FIN-LAP-0074,No,Won't Fix
VUL05264,CVE-2020-53152,Cross-Site Scripting (XSS),Low,3.7,ENG-LAP-0014,No,In Progress
VUL05265,CVE-2023-26802,Weak Password Policy,Medium,4.1,FIN-SW-0081,Yes,Patched
VUL05266,CVE-2021-57177,Path Traversal,Low,3.3,LEG-SW-0072,No,Open
VUL05267,CVE-2017-54652,Denial of Service,Medium,4.6,LEG-IOT-0004,Yes,Closed
VUL05268,CVE-2018-19443,Outdated SSL/TLS Configuration,Medium,4.3,FIN-SW-0046,No,In Progress
VUL05269,CVE-2021-29574,Path Traversal,Low,2.6,IT-SRV-0112,No,Won't Fix
VUL05270,CVE-2026-4188,Denial of Service,Medium,6.6,FIN-DB-0076,No,Won't Fix
VUL05271,CVE-2020-83170,Server-Side Request Forgery (SSRF),Medium,4.8,LEG-SRV-0043,Yes,Closed
VUL05272,CVE-2021-94885,Denial of Service,Critical,10.0,LEG-MOB-0101,Yes,Closed
VUL05273,CVE-2026-76755,Privilege Escalation,Medium,6.4,SAL-RTR-0128,Yes,Patched
VUL05274,CVE-2025-81188,SQL Injection,High,7.5,ENG-DB-0055,No,Open
VUL05275,CVE-2017-31168,XML External Entity (XXE),Low,3.1,IT-MOB-0084,Yes,Patched
VUL05276,CVE-2020-25515,Outdated SSL/TLS Configuration,Medium,5.8,IT-FW-0017,No,In Progress
VUL05277,CVE-2019-32410,Weak Password Policy,Low,3.7,IT-IOT-0041,No,Won't Fix
VUL05278,CVE-2024-73529,Path Traversal,High,8.7,FIN-PC-0011,Yes,In Progress
VUL05279,CVE-2022-76003,Missing Security Patch,High,8.1,IT-DB-0080,Yes,In Progress
VUL05280,CVE-2025-34205,Command Injection,High,8.1,SAL-MOB-0067,No,Won't Fix
VUL05281,CVE-2019-91262,Buffer Overflow,Medium,6.7,HR-SRV-0076,Yes,In Progress
VUL05282,CVE-2022-14629,Buffer Overflow,Low,1.7,LEG-MOB-0033,Yes,Closed
VUL05283,CVE-2015-28370,Privilege Escalation,Medium,5.1,ENG-MOB-0041,Yes,Closed
VUL05284,CVE-2026-12225,Buffer Overflow,Low,3.2,FIN-SW-0023,No,Open
VUL05285,CVE-2026-46923,Cross-Site Scripting (XSS),Critical,9.2,IT-FW-0056,Yes,In Progress
VUL05286,CVE-2021-27897,SQL Injection,Medium,5.9,FIN-MOB-0006,Yes,Closed
VUL05287,CVE-2023-44758,Cross-Site Scripting (XSS),Low,2.4,MKT-PRT-0008,Yes,Patched
VUL05288,CVE-2024-4923,Missing Security Patch,High,7.5,OPS-DB-0052,No,In Progress
VUL05289,CVE-2023-75660,Open Redirect,Medium,6.6,MKT-MOB-0102,Yes,In Progress
VUL05290,CVE-2022-81795,Remote Code Execution,High,7.4,LEG-SW-0116,Yes,In Progress
VUL05291,CVE-2025-17778,Broken Authentication,Medium,4.2,ENG-FW-0026,Yes,Closed
VUL05292,CVE-2015-51459,Privilege Escalation,Medium,4.1,ENG-PC-0055,Yes,In Progress
VUL05293,CVE-2020-16843,Buffer Overflow,High,8.8,FIN-DB-0031,No,In Progress
VUL05294,CVE-2017-57393,Weak Password Policy,Medium,4.7,LEG-LAP-0028,No,Won't Fix
VUL05295,CVE-2019-15365,Security Misconfiguration,Critical,10.0,SAL-RTR-0115,Yes,In Progress
VUL05296,CVE-2018-82760,Command Injection,Medium,4.9,LEG-SRV-0039,Yes,Closed
VUL05297,CVE-2015-46095,Outdated SSL/TLS Configuration,Medium,5.9,HR-PRT-0091,Yes,In Progress
VUL05298,CVE-2016-47124,Outdated SSL/TLS Configuration,Low,2.3,ENG-SW-0013,Yes,Closed
VUL05299,CVE-2026-50068,Security Misconfiguration,High,7.9,HR-MOB-0076,Yes,Patched
VUL05300,CVE-2026-37618,Outdated SSL/TLS Configuration,Low,3.3,IT-FW-0127,No,In Progress
VUL05301,CVE-2021-1966,Insecure Direct Object Reference,Medium,4.5,FIN-SRV-0028,Yes,Closed
VUL05302,CVE-2019-7211,Path Traversal,Medium,5.0,IT-IOT-0049,No,Open
VUL05303,CVE-2021-2945,Broken Authentication,Medium,5.7,FIN-LAP-0066,Yes,Patched
VUL05304,CVE-2015-99599,Buffer Overflow,Medium,5.3,ENG-LAP-0034,No,Won't Fix
VUL05305,CVE-2020-82150,Cross-Site Scripting (XSS),Medium,4.6,LEG-SW-0039,Yes,In Progress
VUL05306,CVE-2026-51796,Path Traversal,Medium,5.3,HR-PC-0109,Yes,Closed
VUL05307,CVE-2020-76166,Buffer Overflow,Medium,5.2,OPS-MOB-0043,No,Won't Fix
VUL05308,CVE-2020-11387,Cross-Site Scripting (XSS),High,7.8,ENG-LAP-0103,Yes,In Progress
VUL05309,CVE-2022-26069,SQL Injection,Critical,9.9,SAL-FW-0018,No,In Progress
VUL05310,CVE-2016-44329,Insecure Direct Object Reference,Medium,5.6,HR-PC-0034,No,Won't Fix
VUL05311,CVE-2016-64101,Path Traversal,High,8.6,HR-PRT-0090,Yes,In Progress
VUL05312,CVE-2025-6344,Cross-Site Scripting (XSS),High,7.9,LEG-RTR-0061,No,In Progress
VUL05313,CVE-2022-65133,Insecure Direct Object Reference,Low,1.4,OPS-LAP-0064,Yes,Patched
VUL05314,CVE-2017-87967,Broken Authentication,Critical,9.5,HR-DB-0102,Yes,In Progress
VUL05315,CVE-2023-12069,Weak Password Policy,High,8.3,FIN-SRV-0033,Yes,Patched
VUL05316,CVE-2023-29877,Unpatched Software,Medium,5.6,FIN-PC-0105,No,Open
VUL05317,CVE-2026-94761,Open Redirect,High,7.1,ENG-MOB-0090,Yes,Patched
VUL05318,CVE-2023-19953,Weak Password Policy,Critical,9.5,FIN-FW-0103,Yes,In Progress
VUL05319,CVE-2021-13372,Sensitive Data Exposure,Medium,5.7,ENG-RTR-0110,Yes,Patched
VUL05320,CVE-2017-21437,Security Misconfiguration,Low,1.2,SAL-RTR-0068,Yes,In Progress
VUL05321,CVE-2016-22002,Insecure Deserialization,Medium,6.0,LEG-SW-0014,Yes,Patched
VUL05322,CVE-2015-14770,XML External Entity (XXE),Low,1.1,IT-IOT-0124,Yes,In Progress
VUL05323,CVE-2025-52284,Command Injection,High,8.5,HR-LAP-0045,Yes,Patched
VUL05324,CVE-2018-22443,Insecure Deserialization,Medium,4.5,LEG-DB-0020,No,Open
VUL05325,CVE-2026-52337,Insecure Direct Object Reference,Critical,9.4,MKT-MOB-0019,No,In Progress
VUL05326,CVE-2016-40035,Path Traversal,Low,2.4,IT-DB-0116,Yes,Patched
VUL05327,CVE-2020-89336,Insecure Direct Object Reference,High,7.8,FIN-LAP-0088,Yes,Closed
VUL05328,CVE-2025-93106,Broken Authentication,Low,3.8,HR-PRT-0025,No,Open
VUL05329,CVE-2021-65746,Command Injection,Medium,5.8,FIN-SW-0032,Yes,Closed
VUL05330,CVE-2017-50815,Cross-Site Scripting (XSS),Low,2.4,LEG-DB-0074,Yes,In Progress
VUL05331,CVE-2015-78001,Outdated SSL/TLS Configuration,Medium,6.9,HR-RTR-0053,Yes,Closed
VUL05332,CVE-2021-77304,Insecure Deserialization,High,7.7,OPS-LAP-0048,No,In Progress
VUL05333,CVE-2017-79644,SQL Injection,Low,3.1,ENG-SW-0005,No,Won't Fix
VUL05334,CVE-2026-7182,Denial of Service,Medium,5.6,ENG-LAP-0009,No,Won't Fix
VUL05335,CVE-2022-77092,Insecure Direct Object Reference,Low,0.8,HR-FW-0074,Yes,Closed
VUL05336,CVE-2018-87546,Insecure Direct Object Reference,Low,2.9,HR-IOT-0057,Yes,Closed
VUL05337,CVE-2018-2376,Privilege Escalation,Medium,6.6,OPS-DB-0070,No,In Progress
VUL05338,CVE-2018-10912,Cross-Site Scripting (XSS),Low,2.2,IT-SRV-0075,Yes,Patched
VUL05339,CVE-2026-83477,SQL Injection,Medium,6.5,SAL-FW-0050,Yes,Closed
VUL05340,CVE-2021-46720,Missing Security Patch,Low,3.8,OPS-FW-0060,Yes,Patched
VUL05341,CVE-2017-26931,Unpatched Software,Medium,6.5,OPS-SW-0114,Yes,In Progress
VUL05342,CVE-2025-51180,Outdated SSL/TLS Configuration,Medium,5.3,SAL-PC-0109,No,In Progress
VUL05343,CVE-2016-70875,Command Injection,Medium,5.8,ENG-FW-0053,No,Won't Fix
VUL05344,CVE-2024-27037,Sensitive Data Exposure,Low,2.7,MKT-PC-0096,No,Won't Fix
VUL05345,CVE-2018-33893,Buffer Overflow,Critical,9.7,HR-LAP-0017,Yes,Closed
VUL05346,CVE-2019-68359,Server-Side Request Forgery (SSRF),High,7.6,MKT-DB-0008,No,Won't Fix
VUL05347,CVE-2021-79053,Weak Password Policy,High,8.7,OPS-FW-0116,No,Open
VUL05348,CVE-2019-11743,Server-Side Request Forgery (SSRF),Medium,4.9,FIN-PRT-0028,Yes,Patched
VUL05349,CVE-2019-17041,Sensitive Data Exposure,High,8.5,OPS-FW-0097,Yes,In Progress
VUL05350,CVE-2018-1720,Privilege Escalation,High,8.2,SAL-IOT-0065,No,Won't Fix
VUL05351,CVE-2022-9002,SQL Injection,High,8.2,FIN-SRV-0003,Yes,In Progress
VUL05352,CVE-2017-59723,Unpatched Software,Low,1.5,ENG-SRV-0064,No,Won't Fix
VUL05353,CVE-2015-29976,Buffer Overflow,Medium,6.2,LEG-MOB-0113,No,Open
VUL05354,CVE-2023-98148,Server-Side Request Forgery (SSRF),High,7.9,FIN-PC-0043,Yes,Patched
VUL05355,CVE-2019-76982,Security Misconfiguration,Medium,5.9,HR-IOT-0010,Yes,Closed
VUL05356,CVE-2019-27986,Server-Side Request Forgery (SSRF),High,7.9,MKT-FW-0067,No,Won't Fix
VUL05357,CVE-2023-69494,Privilege Escalation,Medium,6.5,OPS-MOB-0075,No,In Progress
VUL05358,CVE-2019-51450,Privilege Escalation,High,8.0,OPS-DB-0095,No,Open
VUL05359,CVE-2018-63336,Weak Password Policy,Medium,4.6,OPS-RTR-0096,No,Won't Fix
VUL05360,CVE-2016-47049,SQL Injection,High,8.4,MKT-SRV-0056,No,Open
VUL05361,CVE-2015-99374,Server-Side Request Forgery (SSRF),Low,1.2,OPS-LAP-0015,Yes,Patched
VUL05362,CVE-2015-59103,Weak Password Policy,Medium,6.9,LEG-PC-0010,No,In Progress
VUL05363,CVE-2016-94859,Remote Code Execution,Critical,9.8,SAL-RTR-0107,Yes,Patched
VUL05364,CVE-2024-20984,Broken Authentication,High,7.3,IT-IOT-0035,Yes,In Progress
VUL05365,CVE-2024-62083,Open Redirect,Medium,4.8,IT-DB-0063,Yes,In Progress
VUL05366,CVE-2022-8549,Path Traversal,Low,0.5,IT-PC-0109,Yes,Patched
VUL05367,CVE-2023-10907,XML External Entity (XXE),Low,0.4,IT-SRV-0112,No,In Progress
VUL05368,CVE-2017-69736,Weak Password Policy,Medium,6.7,ENG-PRT-0116,Yes,Closed
VUL05369,CVE-2023-45677,Open Redirect,Low,3.9,LEG-DB-0092,Yes,Closed
VUL05370,CVE-2026-87299,Path Traversal,High,7.3,IT-SRV-0053,No,Won't Fix
VUL05371,CVE-2016-74624,Cross-Site Scripting (XSS),High,8.7,MKT-PC-0110,No,In Progress
VUL05372,CVE-2018-15045,Denial of Service,Low,2.9,LEG-FW-0018,Yes,In Progress
VUL05373,CVE-2026-33222,XML External Entity (XXE),Low,0.2,OPS-RTR-0109,Yes,Patched
VUL05374,CVE-2026-47936,Insecure Deserialization,Medium,6.5,ENG-PC-0093,No,In Progress
VUL05375,CVE-2020-85368,Missing Security Patch,High,8.5,ENG-PC-0034,Yes,Closed
VUL05376,CVE-2018-83394,Sensitive Data Exposure,Medium,5.3,IT-FW-0009,Yes,Closed
VUL05377,CVE-2020-35822,XML External Entity (XXE),Low,0.7,ENG-SW-0111,No,In Progress
VUL05378,CVE-2025-18288,Outdated SSL/TLS Configuration,High,8.8,FIN-SW-0063,Yes,In Progress
VUL05379,CVE-2015-56090,Buffer Overflow,High,7.5,LEG-PRT-0068,Yes,Patched
VUL05380,CVE-2024-11526,Unpatched Software,Low,0.8,FIN-FW-0057,No,Open
VUL05381,CVE-2024-67518,Path Traversal,High,7.9,MKT-PRT-0036,No,In Progress
VUL05382,CVE-2015-47255,Privilege Escalation,High,8.5,FIN-MOB-0079,Yes,Closed
VUL05383,CVE-2015-59840,Outdated SSL/TLS Configuration,Critical,9.1,ENG-LAP-0105,Yes,Patched
VUL05384,CVE-2023-50212,SQL Injection,Low,1.7,OPS-MOB-0024,Yes,Patched
VUL05385,CVE-2025-7319,Unpatched Software,High,7.2,FIN-MOB-0096,No,Open
VUL05386,CVE-2017-12181,Insecure Direct Object Reference,Medium,5.2,SAL-MOB-0091,Yes,In Progress
VUL05387,CVE-2015-83785,Command Injection,High,8.0,LEG-SW-0072,No,In Progress
VUL05388,CVE-2023-12922,Denial of Service,Critical,9.0,LEG-PRT-0055,No,Open
VUL05389,CVE-2019-53665,Server-Side Request Forgery (SSRF),High,7.4,OPS-RTR-0062,No,In Progress
VUL05390,CVE-2024-55455,Broken Authentication,Medium,4.8,OPS-FW-0078,Yes,In Progress
VUL05391,CVE-2016-74063,Server-Side Request Forgery (SSRF),High,7.9,ENG-SW-0103,No,Won't Fix
VUL05392,CVE-2021-39466,Remote Code Execution,Medium,6.3,IT-MOB-0110,Yes,Patched
VUL05393,CVE-2026-1141,Buffer Overflow,High,7.8,IT-RTR-0113,No,Open
VUL05394,CVE-2016-27075,Security Misconfiguration,Medium,5.9,LEG-DB-0008,Yes,Closed
VUL05395,CVE-2024-50284,Path Traversal,Medium,5.8,HR-FW-0134,Yes,Closed
VUL05396,CVE-2016-32513,Command Injection,High,8.3,IT-LAP-0051,Yes,Patched
VUL05397,CVE-2026-74614,Outdated SSL/TLS Configuration,High,7.3,MKT-FW-0038,No,Open
VUL05398,CVE-2015-16427,Unpatched Software,Medium,6.0,ENG-FW-0065,No,Won't Fix
VUL05399,CVE-2018-92460,Open Redirect,High,8.3,OPS-DB-0036,Yes,Closed
VUL05400,CVE-2017-22040,Cross-Site Scripting (XSS),Medium,4.2,OPS-SRV-0083,Yes,Patched
VUL05401,CVE-2016-35589,Broken Authentication,Low,1.7,ENG-PC-0042,Yes,Patched
VUL05402,CVE-2018-93138,XML External Entity (XXE),Medium,5.8,FIN-SRV-0029,No,Won't Fix
VUL05403,CVE-2023-48570,Sensitive Data Exposure,High,8.8,OPS-IOT-0083,Yes,In Progress
VUL05404,CVE-2016-10231,Privilege Escalation,High,7.4,OPS-IOT-0069,Yes,Patched
VUL05405,CVE-2026-6589,Sensitive Data Exposure,High,7.0,OPS-PC-0103,No,Open
VUL05406,CVE-2015-51899,Insecure Deserialization,High,7.8,ENG-PC-0007,Yes,Patched
VUL05407,CVE-2021-22792,Command Injection,High,8.4,MKT-MOB-0101,Yes,Patched
VUL05408,CVE-2025-30652,Weak Password Policy,Critical,9.8,ENG-DB-0026,No,Won't Fix
VUL05409,CVE-2016-58136,Missing Security Patch,Medium,5.9,IT-MOB-0104,No,Won't Fix
VUL05410,CVE-2020-42967,Missing Security Patch,High,7.7,SAL-SW-0011,No,Open
VUL05411,CVE-2016-92896,Open Redirect,Medium,4.6,SAL-SW-0030,Yes,Closed
VUL05412,CVE-2026-27954,Open Redirect,Medium,4.5,IT-FW-0104,Yes,In Progress
VUL05413,CVE-2021-82653,SQL Injection,Medium,5.8,IT-SRV-0019,No,Open
VUL05414,CVE-2016-21635,Cross-Site Scripting (XSS),Low,3.1,IT-IOT-0009,No,In Progress
VUL05415,CVE-2024-50768,Denial of Service,Low,2.6,LEG-SW-0068,Yes,Patched
VUL05416,CVE-2019-85649,Weak Password Policy,High,7.5,LEG-LAP-0049,No,In Progress
VUL05417,CVE-2015-15239,Server-Side Request Forgery (SSRF),Medium,4.2,HR-IOT-0103,Yes,Patched
VUL05418,CVE-2023-89042,Denial of Service,Medium,6.8,HR-SRV-0076,Yes,In Progress
VUL05419,CVE-2018-48226,XML External Entity (XXE),High,7.3,IT-MOB-0096,Yes,Closed
VUL05420,CVE-2016-87298,Security Misconfiguration,Low,1.9,ENG-FW-0070,Yes,Closed
VUL05421,CVE-2026-18418,Insecure Deserialization,High,8.8,HR-FW-0009,Yes,Closed
VUL05422,CVE-2026-26227,Buffer Overflow,Medium,6.7,OPS-DB-0039,No,Open
VUL05423,CVE-2015-99799,Buffer Overflow,Low,0.4,OPS-RTR-0036,Yes,Patched
VUL05424,CVE-2016-20714,Weak Password Policy,Medium,6.1,SAL-FW-0052,No,In Progress
VUL05425,CVE-2023-4961,Unpatched Software,Low,2.5,SAL-SW-0001,No,Won't Fix
VUL05426,CVE-2020-81344,Insecure Direct Object Reference,High,8.0,LEG-FW-0067,Yes,In Progress
VUL05427,CVE-2024-33205,Broken Authentication,Medium,5.1,SAL-LAP-0043,No,In Progress
VUL05428,CVE-2015-94231,Remote Code Execution,Low,2.9,OPS-SW-0011,Yes,In Progress
VUL05429,CVE-2015-18974,Weak Password Policy,Low,0.9,LEG-IOT-0103,No,Open
VUL05430,CVE-2025-66168,Security Misconfiguration,High,8.5,SAL-MOB-0076,No,Won't Fix
VUL05431,CVE-2024-40294,Insecure Deserialization,High,7.6,MKT-LAP-0058,Yes,In Progress
VUL05432,CVE-2019-66788,Command Injection,High,8.1,ENG-FW-0054,No,Open
VUL05433,CVE-2017-82334,Unpatched Software,Medium,6.1,IT-LAP-0064,Yes,In Progress
VUL05434,CVE-2023-75992,Insecure Direct Object Reference,Low,1.5,HR-DB-0079,No,Open
VUL05435,CVE-2018-29763,Insecure Deserialization,Low,3.0,HR-SW-0121,Yes,Closed
VUL05436,CVE-2017-5122,Weak Password Policy,Medium,6.5,FIN-MOB-0004,Yes,Patched
VUL05437,CVE-2015-15327,Command Injection,Medium,5.5,MKT-MOB-0070,Yes,Closed
VUL05438,CVE-2023-15081,Broken Authentication,Medium,4.7,IT-LAP-0102,Yes,Patched
VUL05439,CVE-2024-83986,SQL Injection,Critical,9.5,MKT-IOT-0043,Yes,Patched
VUL05440,CVE-2016-89421,Denial of Service,Low,0.8,IT-DB-0032,Yes,Patched
VUL05441,CVE-2022-37439,Insecure Deserialization,High,8.0,HR-SW-0111,No,Won't Fix
VUL05442,CVE-2021-37321,Remote Code Execution,Critical,9.5,HR-LAP-0126,Yes,In Progress
VUL05443,CVE-2026-79229,Path Traversal,High,8.8,OPS-PRT-0042,Yes,Closed
VUL05444,CVE-2022-46292,Outdated SSL/TLS Configuration,High,8.8,ENG-DB-0082,Yes,Patched
VUL05445,CVE-2017-37313,Remote Code Execution,Medium,4.9,FIN-SW-0070,No,Open
VUL05446,CVE-2023-60056,Privilege Escalation,High,8.4,LEG-SW-0014,No,In Progress
VUL05447,CVE-2026-83453,Security Misconfiguration,Low,3.2,SAL-FW-0104,Yes,In Progress
VUL05448,CVE-2017-27428,SQL Injection,Medium,5.5,SAL-MOB-0129,Yes,Closed
VUL05449,CVE-2025-38955,Broken Authentication,Low,2.5,OPS-FW-0036,No,Won't Fix
VUL05450,CVE-2021-23691,Weak Password Policy,Medium,6.6,IT-MOB-0026,No,In Progress
VUL05451,CVE-2019-83109,Insecure Deserialization,Medium,5.4,FIN-SRV-0115,Yes,Patched
VUL05452,CVE-2015-31248,Outdated SSL/TLS Configuration,High,7.3,IT-SW-0009,No,Won't Fix
VUL05453,CVE-2026-37806,Open Redirect,High,7.2,OPS-SW-0011,Yes,In Progress
VUL05454,CVE-2017-54976,Unpatched Software,Medium,5.3,OPS-IOT-0064,Yes,Closed
VUL05455,CVE-2016-46591,Unpatched Software,High,8.2,FIN-PC-0084,Yes,Patched
VUL05456,CVE-2023-17566,Privilege Escalation,Medium,4.2,IT-RTR-0102,No,Open
VUL05457,CVE-2017-61062,SQL Injection,Medium,4.5,OPS-SRV-0018,Yes,In Progress
VUL05458,CVE-2018-75346,Unpatched Software,Low,3.3,MKT-RTR-0102,No,In Progress
VUL05459,CVE-2019-58963,Sensitive Data Exposure,Medium,5.0,FIN-FW-0080,Yes,In Progress
VUL05460,CVE-2015-13955,Buffer Overflow,High,7.1,LEG-SW-0081,No,Open
VUL05461,CVE-2026-30041,Server-Side Request Forgery (SSRF),Low,3.4,SAL-SRV-0023,No,Won't Fix
VUL05462,CVE-2017-21350,SQL Injection,High,8.4,LEG-SW-0045,Yes,Closed
VUL05463,CVE-2021-58933,Missing Security Patch,High,8.0,IT-DB-0075,No,Won't Fix
VUL05464,CVE-2020-10053,SQL Injection,Critical,9.6,OPS-MOB-0007,Yes,Closed
VUL05465,CVE-2021-89390,Missing Security Patch,Low,3.5,HR-SRV-0060,Yes,Patched
VUL05466,CVE-2020-44684,Weak Password Policy,Medium,6.0,IT-FW-0113,Yes,Patched
VUL05467,CVE-2018-93233,Remote Code Execution,Low,1.5,HR-PC-0041,Yes,Closed
VUL05468,CVE-2026-49831,Broken Authentication,Critical,9.1,HR-FW-0099,No,Open
VUL05469,CVE-2024-12785,Insecure Deserialization,Critical,9.2,HR-SW-0009,Yes,Patched
VUL05470,CVE-2022-70832,Privilege Escalation,Low,1.0,LEG-SRV-0087,Yes,Closed
VUL05471,CVE-2024-99076,Privilege Escalation,Medium,5.8,SAL-MOB-0058,No,In Progress
VUL05472,CVE-2026-39249,Weak Password Policy,Medium,6.5,HR-RTR-0042,No,In Progress
VUL05473,CVE-2026-4005,Sensitive Data Exposure,High,7.9,OPS-SW-0106,No,Open
VUL05474,CVE-2025-76785,Server-Side Request Forgery (SSRF),Medium,5.3,OPS-MOB-0083,Yes,Patched
VUL05475,CVE-2022-72023,Insecure Deserialization,Low,2.6,LEG-IOT-0027,No,Open
VUL05476,CVE-2025-89661,Insecure Direct Object Reference,Medium,4.4,SAL-MOB-0143,Yes,Closed
VUL05477,CVE-2018-38723,Cross-Site Scripting (XSS),Medium,4.3,IT-LAP-0068,Yes,Patched
VUL05478,CVE-2020-17283,Broken Authentication,High,7.9,LEG-PRT-0057,Yes,Patched
VUL05479,CVE-2019-22553,Cross-Site Scripting (XSS),Medium,4.6,HR-RTR-0021,Yes,In Progress
VUL05480,CVE-2023-43242,Outdated SSL/TLS Configuration,High,7.2,HR-IOT-0121,No,Won't Fix
VUL05481,CVE-2016-85410,Path Traversal,Medium,4.1,ENG-RTR-0061,Yes,In Progress
VUL05482,CVE-2026-3919,Denial of Service,Critical,9.3,ENG-RTR-0104,No,Open
VUL05483,CVE-2015-24091,Open Redirect,High,8.3,SAL-SW-0039,Yes,In Progress
VUL05484,CVE-2020-85492,Security Misconfiguration,Critical,9.3,OPS-MOB-0104,No,Open
VUL05485,CVE-2015-8922,Cross-Site Scripting (XSS),Medium,6.3,FIN-PC-0116,No,In Progress
VUL05486,CVE-2021-42035,Insecure Deserialization,Low,0.2,OPS-SRV-0050,No,Won't Fix
VUL05487,CVE-2022-93537,Missing Security Patch,Medium,6.0,FIN-IOT-0008,No,Open
VUL05488,CVE-2026-99720,Buffer Overflow,Low,3.5,MKT-RTR-0112,No,Open
VUL05489,CVE-2019-49409,Broken Authentication,Low,0.3,ENG-RTR-0037,No,In Progress
VUL05490,CVE-2015-82698,Security Misconfiguration,Medium,5.3,LEG-FW-0097,Yes,Closed
VUL05491,CVE-2015-40240,Sensitive Data Exposure,Low,0.3,ENG-RTR-0070,No,In Progress
VUL05492,CVE-2025-7060,Server-Side Request Forgery (SSRF),Medium,5.8,FIN-SW-0110,No,In Progress
VUL05493,CVE-2017-44678,Outdated SSL/TLS Configuration,Low,1.2,MKT-SW-0100,No,In Progress
VUL05494,CVE-2020-70887,Denial of Service,High,7.8,SAL-PC-0052,No,In Progress
VUL05495,CVE-2018-62950,Outdated SSL/TLS Configuration,Medium,4.5,MKT-PC-0005,Yes,Patched
VUL05496,CVE-2021-6486,Command Injection,Medium,4.7,IT-PRT-0052,Yes,Patched
VUL05497,CVE-2016-68461,Remote Code Execution,Medium,5.8,OPS-SRV-0064,Yes,Closed
VUL05498,CVE-2018-39638,Open Redirect,Critical,10.0,OPS-FW-0008,Yes,Closed
VUL05499,CVE-2025-58753,Missing Security Patch,High,7.1,SAL-SW-0019,Yes,Closed
VUL05500,CVE-2025-71179,XML External Entity (XXE),Medium,5.1,HR-FW-0099,No,Open
VUL05501,CVE-2015-55791,Unpatched Software,High,7.1,ENG-SW-0101,Yes,Patched
VUL05502,CVE-2020-92987,Insecure Deserialization,High,7.8,OPS-SRV-0012,Yes,Patched
VUL05503,CVE-2022-14379,Security Misconfiguration,Medium,4.0,LEG-PRT-0050,Yes,In Progress
VUL05504,CVE-2022-81809,Path Traversal,Medium,6.7,HR-DB-0072,Yes,Closed
VUL05505,CVE-2021-21167,Remote Code Execution,Critical,9.2,OPS-PC-0034,No,Open
VUL05506,CVE-2020-1317,XML External Entity (XXE),Medium,4.4,FIN-DB-0085,No,In Progress
VUL05507,CVE-2024-99976,Unpatched Software,Low,1.0,FIN-FW-0014,No,Won't Fix
VUL05508,CVE-2025-58369,Denial of Service,High,8.7,HR-FW-0099,No,In Progress
VUL05509,CVE-2020-50838,Security Misconfiguration,Medium,6.4,FIN-IOT-0001,No,In Progress
VUL05510,CVE-2018-15868,Security Misconfiguration,Critical,9.1,ENG-SRV-0116,No,Won't Fix
VUL05511,CVE-2019-73083,Security Misconfiguration,High,8.3,HR-SRV-0103,No,In Progress
VUL05512,CVE-2016-77904,Unpatched Software,Medium,5.0,FIN-RTR-0010,No,Won't Fix
VUL05513,CVE-2026-9618,Insecure Deserialization,Critical,9.2,SAL-SW-0050,Yes,Patched
VUL05514,CVE-2020-41922,Buffer Overflow,High,7.1,MKT-MOB-0011,Yes,In Progress
VUL05515,CVE-2021-79136,SQL Injection,High,7.5,HR-SRV-0087,Yes,Patched
VUL05516,CVE-2019-64114,Insecure Direct Object Reference,High,7.5,OPS-IOT-0034,No,In Progress
VUL05517,CVE-2021-47838,Weak Password Policy,Low,3.2,MKT-SW-0094,No,In Progress
VUL05518,CVE-2016-34690,Path Traversal,Medium,4.7,IT-MOB-0034,Yes,In Progress
VUL05519,CVE-2016-18217,Outdated SSL/TLS Configuration,Critical,9.6,SAL-SRV-0106,No,In Progress
VUL05520,CVE-2018-79573,Cross-Site Scripting (XSS),Low,1.1,LEG-PRT-0128,No,Open
VUL05521,CVE-2019-50835,Path Traversal,High,7.6,FIN-SW-0018,Yes,Patched
VUL05522,CVE-2018-59602,Sensitive Data Exposure,Medium,5.8,HR-LAP-0027,Yes,Closed
VUL05523,CVE-2020-57764,SQL Injection,Low,2.4,IT-SW-0084,Yes,In Progress
VUL05524,CVE-2020-8433,Security Misconfiguration,Medium,4.9,MKT-SRV-0029,Yes,Patched
VUL05525,CVE-2020-59356,Path Traversal,Medium,4.2,MKT-SW-0018,Yes,Patched
VUL05526,CVE-2016-81188,Insecure Direct Object Reference,Low,3.0,LEG-RTR-0029,No,Won't Fix
VUL05527,CVE-2018-77794,Missing Security Patch,Medium,6.3,HR-DB-0080,No,Open
VUL05528,CVE-2017-87370,Security Misconfiguration,Medium,5.4,FIN-RTR-0084,No,Open
VUL05529,CVE-2022-1081,Missing Security Patch,Medium,6.1,SAL-LAP-0068,Yes,Closed
VUL05530,CVE-2021-11487,Remote Code Execution,Medium,4.1,ENG-MOB-0129,Yes,In Progress
VUL05531,CVE-2025-25228,Privilege Escalation,Low,1.2,ENG-MOB-0114,Yes,Closed
VUL05532,CVE-2026-31494,Sensitive Data Exposure,High,7.9,LEG-PRT-0127,No,Won't Fix
VUL05533,CVE-2021-11155,Insecure Deserialization,Medium,4.6,OPS-FW-0057,Yes,Closed
VUL05534,CVE-2017-42902,Outdated SSL/TLS Configuration,Medium,4.4,OPS-SW-0107,Yes,Closed
VUL05535,CVE-2022-14186,Sensitive Data Exposure,High,7.5,HR-DB-0019,No,Won't Fix
VUL05536,CVE-2026-59327,Remote Code Execution,High,8.2,SAL-PRT-0086,Yes,Closed
VUL05537,CVE-2021-85400,Remote Code Execution,Low,2.3,FIN-PRT-0016,Yes,In Progress
VUL05538,CVE-2015-88246,SQL Injection,High,8.5,MKT-MOB-0022,Yes,In Progress
VUL05539,CVE-2018-52558,Open Redirect,Medium,4.3,ENG-SRV-0113,No,Open
VUL05540,CVE-2026-14486,SQL Injection,Medium,6.0,FIN-DB-0083,Yes,In Progress
VUL05541,CVE-2021-27334,Server-Side Request Forgery (SSRF),High,7.8,OPS-RTR-0058,Yes,Patched
VUL05542,CVE-2025-37709,Insecure Deserialization,High,7.5,FIN-SW-0075,No,In Progress
VUL05543,CVE-2022-93972,Outdated SSL/TLS Configuration,Critical,9.8,FIN-RTR-0020,Yes,Patched
VUL05544,CVE-2026-24176,XML External Entity (XXE),Low,1.8,OPS-SRV-0069,No,Open
VUL05545,CVE-2025-14133,Open Redirect,Medium,6.7,FIN-SRV-0029,Yes,Closed
VUL05546,CVE-2024-5928,Buffer Overflow,Critical,9.2,SAL-PRT-0072,No,Open
VUL05547,CVE-2017-5559,Missing Security Patch,High,8.3,FIN-RTR-0050,Yes,Closed
VUL05548,CVE-2023-24894,Path Traversal,Critical,9.2,FIN-IOT-0112,No,In Progress
VUL05549,CVE-2024-65430,Server-Side Request Forgery (SSRF),High,8.6,LEG-FW-0079,No,Open
VUL05550,CVE-2022-27805,Path Traversal,Low,2.6,FIN-IOT-0120,Yes,In Progress
VUL05551,CVE-2018-60090,Unpatched Software,Medium,6.8,LEG-MOB-0073,Yes,In Progress
VUL05552,CVE-2021-58797,Command Injection,Low,0.4,OPS-FW-0062,Yes,Closed
VUL05553,CVE-2024-81639,Cross-Site Scripting (XSS),Low,1.6,SAL-PC-0028,Yes,Patched
VUL05554,CVE-2021-19079,Privilege Escalation,Critical,9.5,SAL-IOT-0082,No,Won't Fix
VUL05555,CVE-2021-39104,Cross-Site Scripting (XSS),High,7.1,SAL-LAP-0068,Yes,Closed
VUL05556,CVE-2021-54862,Insecure Deserialization,Medium,6.1,FIN-RTR-0075,Yes,In Progress
VUL05557,CVE-2022-59682,Insecure Direct Object Reference,Low,1.2,ENG-LAP-0066,Yes,Patched
VUL05558,CVE-2022-61441,Denial of Service,Medium,5.6,MKT-RTR-0025,No,In Progress
VUL05559,CVE-2018-20730,Security Misconfiguration,Critical,9.6,OPS-IOT-0098,Yes,In Progress
VUL05560,CVE-2024-63545,Path Traversal,Low,3.7,MKT-SW-0047,Yes,Closed
VUL05561,CVE-2020-31369,XML External Entity (XXE),Low,3.3,LEG-LAP-0059,Yes,Patched
VUL05562,CVE-2020-85452,Sensitive Data Exposure,Medium,6.0,IT-DB-0111,Yes,Closed
VUL05563,CVE-2024-66278,SQL Injection,Medium,5.9,IT-SW-0072,No,Won't Fix
VUL05564,CVE-2016-59015,Sensitive Data Exposure,High,8.3,ENG-PRT-0103,Yes,Closed
VUL05565,CVE-2016-51220,Path Traversal,Medium,6.7,LEG-RTR-0032,Yes,In Progress
VUL05566,CVE-2025-98238,Command Injection,Low,0.3,ENG-FW-0009,Yes,Closed
VUL05567,CVE-2021-51398,Unpatched Software,High,8.6,MKT-DB-0031,No,Open
VUL05568,CVE-2017-62367,Open Redirect,High,8.6,LEG-PC-0117,Yes,Patched
VUL05569,CVE-2016-69765,Remote Code Execution,High,7.8,ENG-RTR-0025,No,Won't Fix
VUL05570,CVE-2025-84680,Security Misconfiguration,High,7.0,LEG-SW-0090,Yes,In Progress
VUL05571,CVE-2021-84534,Security Misconfiguration,Low,0.9,MKT-RTR-0063,No,In Progress
VUL05572,CVE-2024-70241,Weak Password Policy,High,8.1,FIN-MOB-0028,Yes,In Progress
VUL05573,CVE-2017-44029,Outdated SSL/TLS Configuration,Medium,4.5,MKT-DB-0054,Yes,Patched
VUL05574,CVE-2025-59056,Missing Security Patch,Medium,5.0,HR-SW-0119,Yes,Closed
VUL05575,CVE-2015-16921,Insecure Direct Object Reference,Medium,4.2,SAL-PRT-0055,No,Open
VUL05576,CVE-2018-98586,Server-Side Request Forgery (SSRF),High,8.1,MKT-DB-0105,Yes,In Progress
VUL05577,CVE-2021-4477,SQL Injection,High,8.2,ENG-PRT-0115,Yes,In Progress
VUL05578,CVE-2018-3623,Insecure Deserialization,High,8.0,HR-FW-0014,Yes,Patched
VUL05579,CVE-2015-72859,Open Redirect,Medium,6.7,HR-DB-0064,No,Open
VUL05580,CVE-2022-16493,Broken Authentication,High,8.2,LEG-LAP-0084,No,In Progress
VUL05581,CVE-2021-46380,Weak Password Policy,Low,2.1,LEG-DB-0050,No,In Progress
VUL05582,CVE-2022-56326,Denial of Service,Medium,6.8,LEG-RTR-0118,Yes,In Progress
VUL05583,CVE-2016-1664,Remote Code Execution,Low,1.2,LEG-DB-0121,No,In Progress
VUL05584,CVE-2020-12630,Path Traversal,Critical,9.8,IT-PC-0083,No,Won't Fix
VUL05585,CVE-2017-77640,Server-Side Request Forgery (SSRF),High,8.7,HR-IOT-0112,Yes,Closed
VUL05586,CVE-2020-23089,Remote Code Execution,Low,3.2,IT-DB-0052,Yes,Patched
VUL05587,CVE-2018-22321,Broken Authentication,Medium,4.4,OPS-PRT-0002,Yes,Patched
VUL05588,CVE-2015-9579,Insecure Deserialization,Critical,9.7,HR-PC-0058,No,Open
VUL05589,CVE-2016-68693,Missing Security Patch,High,7.1,HR-DB-0027,Yes,Closed
VUL05590,CVE-2018-94411,Denial of Service,Low,1.4,IT-FW-0053,Yes,Patched
VUL05591,CVE-2016-3083,XML External Entity (XXE),Medium,6.4,HR-PRT-0058,Yes,Closed
VUL05592,CVE-2021-30520,Path Traversal,Low,1.9,ENG-SW-0112,No,Open
VUL05593,CVE-2023-40493,Weak Password Policy,Critical,10.0,HR-SRV-0092,Yes,Closed
VUL05594,CVE-2016-15746,Missing Security Patch,Low,1.5,MKT-SW-0119,Yes,Closed
VUL05595,CVE-2026-41169,Remote Code Execution,Medium,5.5,MKT-PRT-0038,Yes,Patched
VUL05596,CVE-2026-90812,Broken Authentication,Medium,4.6,OPS-MOB-0114,Yes,In Progress
VUL05597,CVE-2021-85211,Remote Code Execution,High,8.4,FIN-LAP-0042,No,Won't Fix
VUL05598,CVE-2022-1303,Insecure Deserialization,High,7.6,FIN-FW-0067,Yes,Closed
VUL05599,CVE-2022-85021,SQL Injection,Low,0.8,ENG-FW-0047,Yes,Patched
VUL05600,CVE-2025-95448,Broken Authentication,Low,1.8,IT-SRV-0129,Yes,In Progress
VUL05601,CVE-2015-11003,Sensitive Data Exposure,Medium,5.0,HR-RTR-0039,No,In Progress
VUL05602,CVE-2018-55341,Insecure Deserialization,Low,2.6,HR-IOT-0104,No,In Progress
VUL05603,CVE-2020-28336,Command Injection,Low,1.9,MKT-SW-0062,No,Open
VUL05604,CVE-2022-90698,SQL Injection,Low,2.7,ENG-LAP-0015,Yes,In Progress
VUL05605,CVE-2021-39007,Weak Password Policy,High,8.6,IT-LAP-0106,No,In Progress
VUL05606,CVE-2023-48345,SQL Injection,Low,1.3,FIN-FW-0054,No,In Progress
VUL05607,CVE-2023-99169,Command Injection,Medium,6.1,IT-SRV-0055,No,In Progress
VUL05608,CVE-2025-71822,Open Redirect,Low,3.5,OPS-SRV-0068,Yes,Closed
VUL05609,CVE-2023-52570,Unpatched Software,High,8.2,LEG-SW-0114,No,Open
VUL05610,CVE-2020-87855,Missing Security Patch,Critical,9.9,IT-RTR-0029,Yes,Patched
VUL05611,CVE-2015-61543,Command Injection,Medium,4.2,IT-IOT-0061,Yes,Patched
VUL05612,CVE-2019-15035,Broken Authentication,Low,2.3,FIN-PRT-0103,Yes,Closed
VUL05613,CVE-2024-63812,Privilege Escalation,High,8.8,SAL-MOB-0019,Yes,In Progress
VUL05614,CVE-2019-95663,Insecure Deserialization,High,7.7,MKT-SRV-0010,Yes,Closed
VUL05615,CVE-2017-26735,Weak Password Policy,Critical,9.7,HR-LAP-0083,Yes,Closed
VUL05616,CVE-2018-59973,XML External Entity (XXE),High,8.1,LEG-RTR-0117,Yes,In Progress
VUL05617,CVE-2026-38184,Broken Authentication,Medium,6.7,SAL-RTR-0098,Yes,In Progress
VUL05618,CVE-2021-55202,Insecure Deserialization,Medium,5.8,MKT-MOB-0118,No,In Progress
VUL05619,CVE-2022-89682,Security Misconfiguration,High,8.0,ENG-SRV-0065,Yes,Patched
VUL05620,CVE-2015-25189,SQL Injection,High,7.5,HR-DB-0004,No,In Progress
VUL05621,CVE-2015-44544,Insecure Deserialization,Medium,5.9,FIN-DB-0026,Yes,In Progress
VUL05622,CVE-2024-75594,Unpatched Software,Low,2.2,ENG-RTR-0023,No,Open
VUL05623,CVE-2023-4060,XML External Entity (XXE),High,8.2,OPS-RTR-0015,Yes,Closed
VUL05624,CVE-2022-93246,Broken Authentication,High,8.6,LEG-RTR-0076,Yes,In Progress
VUL05625,CVE-2017-38396,Broken Authentication,Medium,4.9,LEG-SW-0056,Yes,Closed
VUL05626,CVE-2022-83635,Path Traversal,High,7.5,FIN-SRV-0039,No,Won't Fix
VUL05627,CVE-2025-12218,Cross-Site Scripting (XSS),Medium,6.8,OPS-FW-0090,Yes,In Progress
VUL05628,CVE-2017-16936,XML External Entity (XXE),Low,3.4,FIN-PRT-0118,Yes,In Progress
VUL05629,CVE-2021-8242,Insecure Deserialization,Low,3.5,OPS-PC-0090,No,Won't Fix
VUL05630,CVE-2023-69394,XML External Entity (XXE),Critical,9.3,MKT-LAP-0072,Yes,In Progress
VUL05631,CVE-2017-73756,Buffer Overflow,High,7.9,ENG-SRV-0055,No,Open
VUL05632,CVE-2018-40335,Sensitive Data Exposure,Low,3.0,SAL-PC-0053,Yes,Closed
VUL05633,CVE-2020-76894,Open Redirect,Medium,4.8,HR-SRV-0077,No,Open
VUL05634,CVE-2016-96693,SQL Injection,Low,2.0,HR-SRV-0017,No,In Progress
VUL05635,CVE-2026-74899,Privilege Escalation,Low,3.9,MKT-PRT-0061,Yes,In Progress
VUL05636,CVE-2023-18994,Remote Code Execution,Medium,4.5,HR-PRT-0091,No,Open
VUL05637,CVE-2022-6750,Outdated SSL/TLS Configuration,Critical,9.2,SAL-PRT-0119,Yes,Patched
VUL05638,CVE-2017-60632,Buffer Overflow,High,8.6,FIN-MOB-0097,No,Won't Fix
VUL05639,CVE-2026-7984,Command Injection,High,7.7,HR-LAP-0016,Yes,Closed
VUL05640,CVE-2016-65101,Security Misconfiguration,Low,2.9,MKT-SRV-0076,No,Won't Fix
VUL05641,CVE-2016-99512,Insecure Deserialization,Critical,9.4,OPS-FW-0085,No,Won't Fix
VUL05642,CVE-2018-77094,Server-Side Request Forgery (SSRF),Medium,4.9,FIN-LAP-0095,No,Won't Fix
VUL05643,CVE-2023-1448,Outdated SSL/TLS Configuration,Medium,5.0,IT-LAP-0134,Yes,Patched
VUL05644,CVE-2026-58797,Security Misconfiguration,High,8.3,IT-LAP-0102,No,In Progress
VUL05645,CVE-2015-23464,Unpatched Software,High,8.3,SAL-IOT-0033,No,Won't Fix
VUL05646,CVE-2026-65767,Insecure Direct Object Reference,Medium,5.1,ENG-MOB-0060,Yes,Closed
VUL05647,CVE-2018-67548,Open Redirect,Medium,6.1,OPS-SW-0084,No,In Progress
VUL05648,CVE-2022-76872,Weak Password Policy,Medium,4.6,OPS-DB-0100,No,In Progress
VUL05649,CVE-2019-36704,SQL Injection,Low,2.1,MKT-SRV-0017,No,Won't Fix
VUL05650,CVE-2024-34142,Outdated SSL/TLS Configuration,Low,2.5,SAL-PC-0010,Yes,Patched
VUL05651,CVE-2021-29077,Privilege Escalation,Low,1.5,OPS-PC-0080,Yes,Patched
VUL05652,CVE-2017-92017,Buffer Overflow,High,7.4,LEG-PC-0057,No,In Progress
VUL05653,CVE-2025-31709,Server-Side Request Forgery (SSRF),Medium,6.7,OPS-PC-0034,No,Open
VUL05654,CVE-2026-88576,Buffer Overflow,Low,3.2,FIN-RTR-0019,No,Open
VUL05655,CVE-2018-81397,Buffer Overflow,Medium,4.4,OPS-IOT-0022,Yes,In Progress
VUL05656,CVE-2023-47629,Path Traversal,High,8.4,IT-SRV-0021,Yes,In Progress
VUL05657,CVE-2021-8288,Security Misconfiguration,High,8.1,LEG-PC-0027,Yes,In Progress
VUL05658,CVE-2023-37759,Privilege Escalation,Medium,6.2,ENG-MOB-0112,No,In Progress
VUL05659,CVE-2024-19763,Security Misconfiguration,Medium,6.1,IT-SW-0140,No,Open
VUL05660,CVE-2020-42616,Server-Side Request Forgery (SSRF),Medium,4.9,ENG-RTR-0005,No,In Progress
VUL05661,CVE-2020-68432,Outdated SSL/TLS Configuration,High,8.4,LEG-MOB-0033,No,Won't Fix
VUL05662,CVE-2025-67437,Sensitive Data Exposure,Critical,10.0,OPS-SRV-0065,Yes,Patched
VUL05663,CVE-2016-53953,Remote Code Execution,Medium,4.3,SAL-FW-0018,No,In Progress
VUL05664,CVE-2025-86784,Command Injection,Medium,5.1,IT-LAP-0040,No,Won't Fix
VUL05665,CVE-2023-4423,Broken Authentication,Medium,4.1,MKT-MOB-0057,Yes,In Progress
VUL05666,CVE-2021-95001,Insecure Direct Object Reference,High,8.9,IT-MOB-0060,Yes,In Progress
VUL05667,CVE-2024-96173,Sensitive Data Exposure,High,8.1,MKT-MOB-0102,Yes,In Progress
VUL05668,CVE-2019-78375,Denial of Service,Medium,5.5,HR-RTR-0054,No,In Progress
VUL05669,CVE-2018-16102,Insecure Deserialization,Low,3.8,LEG-PRT-0120,Yes,In Progress
VUL05670,CVE-2022-57460,Denial of Service,Medium,5.9,ENG-MOB-0062,No,Open
VUL05671,CVE-2024-22200,Broken Authentication,Critical,9.5,SAL-FW-0033,Yes,Patched
VUL05672,CVE-2022-1719,Sensitive Data Exposure,High,8.9,MKT-FW-0074,Yes,In Progress
VUL05673,CVE-2021-35702,Insecure Direct Object Reference,Medium,5.2,SAL-DB-0085,No,Open
VUL05674,CVE-2018-27064,Server-Side Request Forgery (SSRF),High,7.8,MKT-FW-0011,No,Open
VUL05675,CVE-2017-41607,Sensitive Data Exposure,Low,3.0,ENG-RTR-0041,Yes,Closed
VUL05676,CVE-2016-35151,Security Misconfiguration,Medium,6.4,HR-LAP-0131,Yes,Patched
VUL05677,CVE-2015-3718,Server-Side Request Forgery (SSRF),Medium,6.4,ENG-SRV-0098,Yes,Closed
VUL05678,CVE-2019-8308,Server-Side Request Forgery (SSRF),Medium,6.4,ENG-RTR-0119,No,Open
VUL05679,CVE-2024-3709,Buffer Overflow,Low,2.6,ENG-SW-0039,No,Won't Fix
VUL05680,CVE-2016-21323,Buffer Overflow,Low,1.4,SAL-MOB-0135,Yes,Patched
VUL05681,CVE-2024-62475,Sensitive Data Exposure,Low,0.9,FIN-DB-0101,No,Open
VUL05682,CVE-2025-70053,SQL Injection,Low,3.0,SAL-SW-0083,Yes,Patched
VUL05683,CVE-2025-81699,Command Injection,Low,3.4,HR-MOB-0096,Yes,Patched
VUL05684,CVE-2022-93301,Path Traversal,Medium,6.8,OPS-SW-0085,Yes,In Progress
VUL05685,CVE-2022-10484,SQL Injection,High,7.4,IT-DB-0124,Yes,Patched
VUL05686,CVE-2018-16838,Insecure Direct Object Reference,Critical,9.4,FIN-RTR-0044,Yes,Closed
VUL05687,CVE-2023-6314,Cross-Site Scripting (XSS),Medium,5.3,SAL-RTR-0095,Yes,Patched
VUL05688,CVE-2025-53768,Security Misconfiguration,Medium,4.0,OPS-SW-0063,Yes,Closed
VUL05689,CVE-2016-64041,Broken Authentication,High,8.5,OPS-MOB-0030,Yes,Closed
VUL05690,CVE-2024-72867,Server-Side Request Forgery (SSRF),Low,0.4,OPS-PC-0120,Yes,Patched
VUL05691,CVE-2015-66091,Open Redirect,High,8.3,SAL-SRV-0100,No,Won't Fix
VUL05692,CVE-2026-90012,Cross-Site Scripting (XSS),Medium,6.2,ENG-IOT-0091,Yes,Patched
VUL05693,CVE-2020-2364,Command Injection,High,8.0,OPS-PRT-0008,Yes,Patched
VUL05694,CVE-2020-26265,Unpatched Software,Low,1.6,HR-RTR-0086,No,Won't Fix
VUL05695,CVE-2021-14436,Broken Authentication,Medium,5.9,SAL-FW-0107,Yes,Patched
VUL05696,CVE-2021-39595,Outdated SSL/TLS Configuration,Critical,9.1,FIN-LAP-0095,No,Won't Fix
VUL05697,CVE-2020-30074,SQL Injection,High,8.6,FIN-MOB-0051,Yes,In Progress
VUL05698,CVE-2017-91262,SQL Injection,High,7.6,HR-DB-0014,Yes,In Progress
VUL05699,CVE-2016-91690,Cross-Site Scripting (XSS),Critical,9.9,FIN-LAP-0013,Yes,Closed
VUL05700,CVE-2015-27735,Insecure Deserialization,High,8.7,HR-SRV-0029,Yes,In Progress
VUL05701,CVE-2019-65080,Broken Authentication,Medium,4.9,HR-SRV-0110,Yes,Closed
VUL05702,CVE-2025-76355,SQL Injection,Low,0.3,LEG-IOT-0110,No,Won't Fix
VUL05703,CVE-2019-39359,Outdated SSL/TLS Configuration,Critical,9.6,ENG-DB-0099,Yes,Closed
VUL05704,CVE-2018-45825,Broken Authentication,Low,3.7,FIN-PRT-0024,Yes,In Progress
VUL05705,CVE-2015-5145,Denial of Service,Medium,5.8,HR-FW-0083,Yes,Patched
VUL05706,CVE-2026-29568,Path Traversal,Medium,6.3,IT-DB-0004,Yes,Patched
VUL05707,CVE-2018-44520,Cross-Site Scripting (XSS),High,7.9,MKT-RTR-0022,Yes,Patched
VUL05708,CVE-2026-25581,Denial of Service,Critical,9.8,ENG-LAP-0083,Yes,Closed
VUL05709,CVE-2017-57871,Missing Security Patch,Medium,5.2,IT-MOB-0005,Yes,Closed
VUL05710,CVE-2021-20952,Cross-Site Scripting (XSS),Medium,4.3,SAL-DB-0022,Yes,Closed
VUL05711,CVE-2020-40180,Cross-Site Scripting (XSS),Low,0.6,FIN-FW-0103,No,In Progress
VUL05712,CVE-2024-30759,Cross-Site Scripting (XSS),Medium,5.3,LEG-IOT-0075,Yes,In Progress
VUL05713,CVE-2021-60008,Server-Side Request Forgery (SSRF),Medium,5.6,ENG-MOB-0125,Yes,Closed
VUL05714,CVE-2020-58512,Sensitive Data Exposure,Medium,4.3,IT-FW-0030,Yes,In Progress
VUL05715,CVE-2024-11163,Cross-Site Scripting (XSS),Medium,4.3,HR-DB-0013,Yes,In Progress
VUL05716,CVE-2018-13572,Outdated SSL/TLS Configuration,High,7.8,MKT-RTR-0046,No,In Progress
VUL05717,CVE-2017-12818,Missing Security Patch,Critical,9.9,ENG-PRT-0107,No,Won't Fix
VUL05718,CVE-2023-41759,Privilege Escalation,Medium,5.5,HR-PRT-0047,No,In Progress
VUL05719,CVE-2018-48496,Unpatched Software,Low,3.3,MKT-MOB-0085,No,Won't Fix
VUL05720,CVE-2016-20661,Unpatched Software,Low,2.0,MKT-IOT-0064,No,In Progress
VUL05721,CVE-2016-77179,Unpatched Software,Medium,5.7,LEG-IOT-0049,Yes,Patched
VUL05722,CVE-2022-85232,Privilege Escalation,Critical,9.5,LEG-PRT-0089,Yes,Closed
VUL05723,CVE-2025-50676,Unpatched Software,High,7.5,SAL-PC-0074,No,In Progress
VUL05724,CVE-2024-5451,Path Traversal,Medium,5.5,OPS-MOB-0010,Yes,In Progress
VUL05725,CVE-2026-93492,Unpatched Software,Medium,6.8,FIN-IOT-0064,Yes,Patched
VUL05726,CVE-2022-34284,Path Traversal,Medium,6.2,FIN-IOT-0119,No,In Progress
VUL05727,CVE-2017-12243,Command Injection,Medium,4.5,OPS-FW-0125,Yes,In Progress
VUL05728,CVE-2016-79207,Sensitive Data Exposure,Medium,4.3,IT-SW-0094,No,Open
VUL05729,CVE-2020-35996,Weak Password Policy,High,7.7,IT-RTR-0019,Yes,Closed
VUL05730,CVE-2024-47038,Unpatched Software,High,8.5,ENG-IOT-0078,Yes,In Progress
VUL05731,CVE-2015-3476,Insecure Direct Object Reference,Medium,6.4,OPS-IOT-0050,Yes,Patched
VUL05732,CVE-2025-92963,Command Injection,Medium,4.2,MKT-IOT-0006,Yes,Patched
VUL05733,CVE-2016-83809,Privilege Escalation,Low,2.4,MKT-SW-0004,No,In Progress
VUL05734,CVE-2017-54714,Outdated SSL/TLS Configuration,Critical,9.4,ENG-FW-0075,No,Won't Fix
VUL05735,CVE-2021-83753,Privilege Escalation,Medium,4.1,SAL-DB-0077,No,Won't Fix
VUL05736,CVE-2026-27014,Insecure Deserialization,Critical,9.7,SAL-LAP-0041,No,Open
VUL05737,CVE-2015-90987,Open Redirect,High,8.5,SAL-PC-0098,Yes,Closed
VUL05738,CVE-2015-72768,Missing Security Patch,High,8.6,FIN-LAP-0072,Yes,Patched
VUL05739,CVE-2023-50584,Unpatched Software,High,7.5,OPS-FW-0064,No,In Progress
VUL05740,CVE-2016-5128,Sensitive Data Exposure,Medium,6.1,ENG-LAP-0013,Yes,Patched
VUL05741,CVE-2017-20850,Cross-Site Scripting (XSS),Medium,5.3,ENG-PRT-0010,Yes,Patched
VUL05742,CVE-2018-67735,Insecure Deserialization,High,8.6,IT-RTR-0005,No,In Progress
VUL05743,CVE-2018-97048,Denial of Service,Medium,6.8,SAL-PC-0054,No,Won't Fix
VUL05744,CVE-2019-50998,Cross-Site Scripting (XSS),High,7.5,ENG-MOB-0110,No,In Progress
VUL05745,CVE-2018-34171,XML External Entity (XXE),Medium,6.2,SAL-PRT-0034,Yes,In Progress
VUL05746,CVE-2020-74668,XML External Entity (XXE),High,7.4,IT-RTR-0095,Yes,Patched
VUL05747,CVE-2021-92179,Outdated SSL/TLS Configuration,Medium,6.8,ENG-SW-0091,Yes,Patched
VUL05748,CVE-2021-22312,Denial of Service,Critical,9.7,HR-RTR-0101,No,Open
VUL05749,CVE-2017-40190,Privilege Escalation,Low,3.7,OPS-FW-0046,No,Open
VUL05750,CVE-2017-31739,Security Misconfiguration,Medium,6.7,FIN-PRT-0018,Yes,In Progress
VUL05751,CVE-2026-58607,Security Misconfiguration,High,7.2,IT-LAP-0019,No,In Progress
VUL05752,CVE-2023-65056,Insecure Deserialization,High,7.1,OPS-PRT-0074,No,In Progress
VUL05753,CVE-2022-27214,Unpatched Software,Medium,5.6,HR-SW-0033,Yes,Patched
VUL05754,CVE-2016-37147,Cross-Site Scripting (XSS),Critical,9.2,OPS-PC-0083,Yes,Patched
VUL05755,CVE-2023-16206,Denial of Service,High,8.8,HR-FW-0013,Yes,Closed
VUL05756,CVE-2025-99168,Broken Authentication,Medium,6.1,ENG-RTR-0046,Yes,In Progress
VUL05757,CVE-2024-13723,Open Redirect,Medium,4.1,MKT-SRV-0014,No,Open
VUL05758,CVE-2026-20534,SQL Injection,High,8.8,LEG-SW-0112,No,Open
VUL05759,CVE-2025-16642,XML External Entity (XXE),High,7.7,OPS-PC-0020,No,Open
VUL05760,CVE-2026-75344,Path Traversal,Medium,6.6,LEG-SRV-0069,Yes,Patched
VUL05761,CVE-2023-6591,Remote Code Execution,Low,1.0,HR-SRV-0022,Yes,Patched
VUL05762,CVE-2026-43676,XML External Entity (XXE),Medium,5.7,HR-IOT-0086,Yes,Closed
VUL05763,CVE-2020-90329,Path Traversal,Medium,5.6,SAL-MOB-0090,Yes,Patched
VUL05764,CVE-2025-58791,Insecure Deserialization,Critical,9.5,SAL-LAP-0075,No,In Progress
VUL05765,CVE-2021-87237,Weak Password Policy,Low,2.4,SAL-MOB-0020,Yes,In Progress
VUL05766,CVE-2019-87524,Weak Password Policy,Medium,6.7,FIN-MOB-0015,Yes,Closed
VUL05767,CVE-2020-99066,Privilege Escalation,Medium,5.3,ENG-PC-0032,Yes,In Progress
VUL05768,CVE-2021-44767,XML External Entity (XXE),Medium,5.0,SAL-FW-0100,No,In Progress
VUL05769,CVE-2018-64553,Insecure Direct Object Reference,Medium,6.2,LEG-FW-0050,No,Open
VUL05770,CVE-2019-8141,Insecure Direct Object Reference,High,8.4,MKT-LAP-0027,No,Open
VUL05771,CVE-2015-99973,SQL Injection,Medium,6.3,HR-SW-0062,No,Won't Fix
VUL05772,CVE-2023-78213,Privilege Escalation,Medium,6.3,SAL-DB-0042,No,Open
VUL05773,CVE-2017-58434,Insecure Deserialization,Medium,6.7,OPS-IOT-0042,No,Open
VUL05774,CVE-2017-93022,Remote Code Execution,Low,0.5,FIN-SRV-0045,No,Open
VUL05775,CVE-2019-13355,Outdated SSL/TLS Configuration,Medium,6.6,MKT-PC-0009,No,Open
VUL05776,CVE-2020-61288,Outdated SSL/TLS Configuration,Medium,6.6,FIN-RTR-0022,No,Open
VUL05777,CVE-2016-50041,Open Redirect,Medium,4.4,HR-SW-0094,No,Open
VUL05778,CVE-2023-64250,XML External Entity (XXE),Low,0.6,SAL-PC-0038,No,Won't Fix
VUL05779,CVE-2015-7196,Insecure Deserialization,Medium,4.6,OPS-PRT-0121,Yes,Closed
VUL05780,CVE-2016-82422,Weak Password Policy,Critical,9.5,FIN-MOB-0081,Yes,Closed
VUL05781,CVE-2020-89078,Security Misconfiguration,Critical,9.1,OPS-SRV-0029,Yes,Closed
VUL05782,CVE-2024-64660,Outdated SSL/TLS Configuration,High,7.6,SAL-FW-0033,No,In Progress
VUL05783,CVE-2020-31471,Server-Side Request Forgery (SSRF),Low,0.7,FIN-PRT-0026,Yes,Patched
VUL05784,CVE-2020-57122,Insecure Deserialization,High,7.1,FIN-LAP-0026,Yes,Closed
VUL05785,CVE-2024-59789,Outdated SSL/TLS Configuration,High,7.9,OPS-IOT-0013,No,Open
VUL05786,CVE-2019-81319,Security Misconfiguration,Medium,5.7,SAL-MOB-0018,Yes,Closed
VUL05787,CVE-2017-68657,Weak Password Policy,High,7.2,FIN-FW-0002,No,In Progress
VUL05788,CVE-2026-8279,Broken Authentication,Low,2.9,FIN-PC-0010,Yes,Closed
VUL05789,CVE-2022-56878,Server-Side Request Forgery (SSRF),Critical,9.6,FIN-FW-0035,Yes,Closed
VUL05790,CVE-2021-6638,Command Injection,Critical,9.6,SAL-DB-0049,Yes,Closed
VUL05791,CVE-2025-30778,Unpatched Software,Low,1.3,ENG-DB-0017,Yes,Patched
VUL05792,CVE-2025-54389,Denial of Service,Low,0.9,OPS-PC-0056,No,Open
VUL05793,CVE-2020-68146,Insecure Direct Object Reference,High,8.7,IT-PC-0016,Yes,Closed
VUL05794,CVE-2019-5406,SQL Injection,Low,0.7,FIN-LAP-0118,Yes,In Progress
VUL05795,CVE-2020-2130,Missing Security Patch,Critical,9.2,ENG-PRT-0104,Yes,Patched
VUL05796,CVE-2026-45043,Insecure Direct Object Reference,Critical,9.2,LEG-RTR-0097,No,Won't Fix
VUL05797,CVE-2015-8234,Server-Side Request Forgery (SSRF),Low,1.9,SAL-MOB-0059,No,Open
VUL05798,CVE-2015-41201,Command Injection,Low,2.9,IT-LAP-0131,Yes,Closed
VUL05799,CVE-2023-97146,Insecure Direct Object Reference,Medium,4.4,SAL-IOT-0090,No,Won't Fix
VUL05800,CVE-2021-59722,Outdated SSL/TLS Configuration,Medium,6.2,ENG-RTR-0032,No,Won't Fix
VUL05801,CVE-2026-58087,Path Traversal,Medium,5.3,HR-LAP-0020,No,In Progress
VUL05802,CVE-2022-90047,Outdated SSL/TLS Configuration,Critical,9.2,HR-LAP-0128,No,Won't Fix
VUL05803,CVE-2017-99232,Path Traversal,Medium,5.7,ENG-DB-0041,No,In Progress
VUL05804,CVE-2021-72032,Server-Side Request Forgery (SSRF),Medium,5.7,FIN-LAP-0078,Yes,Closed
VUL05805,CVE-2017-9306,XML External Entity (XXE),Medium,4.3,FIN-RTR-0091,Yes,In Progress
VUL05806,CVE-2021-15517,Broken Authentication,High,8.4,IT-IOT-0027,Yes,Closed
VUL05807,CVE-2018-9279,Insecure Direct Object Reference,Medium,4.2,ENG-LAP-0081,No,In Progress
VUL05808,CVE-2022-69389,Denial of Service,Low,3.0,SAL-RTR-0026,No,Open
VUL05809,CVE-2018-63438,Remote Code Execution,Medium,6.8,OPS-MOB-0115,Yes,Patched
VUL05810,CVE-2019-40444,Insecure Direct Object Reference,Low,3.3,FIN-LAP-0102,Yes,In Progress
VUL05811,CVE-2015-38043,Open Redirect,High,8.0,LEG-PRT-0087,Yes,Patched
VUL05812,CVE-2015-86206,Broken Authentication,Medium,4.3,OPS-RTR-0107,Yes,Closed
VUL05813,CVE-2019-55448,Server-Side Request Forgery (SSRF),High,8.6,SAL-PC-0041,Yes,Closed
VUL05814,CVE-2018-96056,Outdated SSL/TLS Configuration,Medium,5.9,MKT-SW-0052,No,Open
VUL05815,CVE-2021-26784,Remote Code Execution,Low,2.1,ENG-SRV-0066,No,In Progress
VUL05816,CVE-2022-46467,XML External Entity (XXE),High,8.7,OPS-MOB-0096,Yes,In Progress
VUL05817,CVE-2022-25048,Open Redirect,High,8.8,LEG-PC-0055,No,Open
VUL05818,CVE-2019-3607,Remote Code Execution,Medium,4.5,SAL-MOB-0033,Yes,Patched
VUL05819,CVE-2020-62314,XML External Entity (XXE),Medium,4.6,LEG-RTR-0007,Yes,In Progress
VUL05820,CVE-2018-84626,Weak Password Policy,Medium,6.7,LEG-PRT-0062,Yes,In Progress
VUL05821,CVE-2016-81711,Buffer Overflow,High,8.4,HR-MOB-0047,Yes,In Progress
VUL05822,CVE-2026-49911,Outdated SSL/TLS Configuration,High,8.4,SAL-SW-0079,Yes,In Progress
VUL05823,CVE-2020-93975,Cross-Site Scripting (XSS),Medium,6.8,LEG-DB-0058,No,Won't Fix
VUL05824,CVE-2021-78240,Insecure Deserialization,Low,3.0,MKT-PC-0056,No,Open
VUL05825,CVE-2018-60636,Command Injection,High,8.8,ENG-RTR-0065,Yes,Closed
VUL05826,CVE-2018-57465,Security Misconfiguration,High,7.9,IT-IOT-0096,No,Won't Fix
VUL05827,CVE-2019-84305,Open Redirect,Medium,5.3,OPS-IOT-0091,No,Won't Fix
VUL05828,CVE-2020-71527,Broken Authentication,High,8.1,HR-SRV-0090,Yes,Closed
VUL05829,CVE-2020-98882,Denial of Service,Critical,9.9,FIN-DB-0085,Yes,In Progress
VUL05830,CVE-2015-87025,Open Redirect,High,7.6,SAL-SRV-0123,Yes,Closed
VUL05831,CVE-2017-45164,Server-Side Request Forgery (SSRF),Low,2.8,HR-MOB-0044,Yes,Closed
VUL05832,CVE-2026-53630,Open Redirect,Low,2.8,LEG-IOT-0063,No,Won't Fix
VUL05833,CVE-2018-82137,Path Traversal,High,8.2,FIN-DB-0049,Yes,Closed
VUL05834,CVE-2023-98900,Outdated SSL/TLS Configuration,Low,2.0,OPS-FW-0089,Yes,Patched
VUL05835,CVE-2017-84331,Insecure Deserialization,Medium,5.2,SAL-LAP-0091,No,Open
VUL05836,CVE-2026-2887,Unpatched Software,Critical,9.5,ENG-IOT-0057,No,In Progress
VUL05837,CVE-2020-27714,Cross-Site Scripting (XSS),Medium,5.1,FIN-PC-0022,Yes,In Progress
VUL05838,CVE-2022-73019,Server-Side Request Forgery (SSRF),Low,3.9,MKT-SW-0052,Yes,Closed
VUL05839,CVE-2019-92825,Buffer Overflow,Low,2.5,OPS-SW-0043,Yes,In Progress
VUL05840,CVE-2016-20870,Insecure Direct Object Reference,Medium,6.2,HR-SRV-0003,No,Open
VUL05841,CVE-2024-49232,Sensitive Data Exposure,High,8.5,ENG-RTR-0098,Yes,Patched
VUL05842,CVE-2025-17495,Security Misconfiguration,High,8.5,ENG-PC-0057,Yes,Patched
VUL05843,CVE-2022-73997,XML External Entity (XXE),Medium,4.2,OPS-RTR-0021,No,In Progress
VUL05844,CVE-2022-67131,Server-Side Request Forgery (SSRF),Low,3.6,ENG-DB-0033,No,In Progress
VUL05845,CVE-2015-4451,Insecure Deserialization,Medium,6.2,MKT-PRT-0045,No,Won't Fix
VUL05846,CVE-2021-6794,XML External Entity (XXE),Medium,4.6,OPS-IOT-0074,Yes,In Progress
VUL05847,CVE-2026-79239,Weak Password Policy,Medium,5.8,SAL-DB-0001,Yes,Closed
VUL05848,CVE-2021-50046,Outdated SSL/TLS Configuration,Medium,4.8,SAL-LAP-0038,No,Won't Fix
VUL05849,CVE-2019-76534,Denial of Service,Medium,4.5,HR-MOB-0050,Yes,Closed
VUL05850,CVE-2017-96263,Insecure Deserialization,High,7.1,LEG-PRT-0015,No,Open
VUL05851,CVE-2020-1086,XML External Entity (XXE),Low,2.1,LEG-IOT-0021,Yes,In Progress
VUL05852,CVE-2022-93267,SQL Injection,Medium,5.3,ENG-SRV-0005,Yes,In Progress
VUL05853,CVE-2023-78417,SQL Injection,Low,0.9,OPS-FW-0062,Yes,Patched
VUL05854,CVE-2019-91143,Weak Password Policy,Low,1.7,LEG-DB-0004,No,Open
VUL05855,CVE-2020-64064,Weak Password Policy,Medium,6.9,HR-DB-0039,No,Won't Fix
VUL05856,CVE-2018-29257,Cross-Site Scripting (XSS),Medium,4.0,ENG-DB-0018,Yes,Closed
VUL05857,CVE-2018-80316,Denial of Service,High,7.3,LEG-MOB-0093,Yes,Patched
VUL05858,CVE-2018-9693,Sensitive Data Exposure,Critical,9.7,FIN-DB-0110,No,Open
VUL05859,CVE-2015-91587,SQL Injection,High,7.8,MKT-IOT-0066,No,In Progress
VUL05860,CVE-2016-9180,XML External Entity (XXE),Medium,6.8,SAL-MOB-0061,Yes,In Progress
VUL05861,CVE-2018-25557,Cross-Site Scripting (XSS),Medium,4.4,ENG-IOT-0005,Yes,Closed
VUL05862,CVE-2023-71443,Unpatched Software,Low,0.6,IT-MOB-0011,Yes,Patched
VUL05863,CVE-2020-15763,Denial of Service,Low,2.4,FIN-MOB-0122,Yes,Closed
VUL05864,CVE-2019-86359,SQL Injection,Medium,4.1,SAL-FW-0106,No,In Progress
VUL05865,CVE-2024-74924,Remote Code Execution,Critical,9.7,ENG-RTR-0010,No,Won't Fix
VUL05866,CVE-2016-8157,Privilege Escalation,Low,2.5,ENG-IOT-0009,Yes,Closed
VUL05867,CVE-2020-5241,Path Traversal,Medium,4.1,MKT-MOB-0020,Yes,Patched
VUL05868,CVE-2022-96426,Weak Password Policy,Medium,6.5,FIN-FW-0115,No,Open
VUL05869,CVE-2015-33791,Buffer Overflow,Medium,6.2,MKT-MOB-0114,Yes,Closed
VUL05870,CVE-2025-54164,Open Redirect,Low,0.1,OPS-FW-0042,No,Open
VUL05871,CVE-2016-96499,Buffer Overflow,Medium,5.4,ENG-RTR-0108,No,In Progress
VUL05872,CVE-2022-84332,Buffer Overflow,Medium,4.5,ENG-SW-0016,No,Won't Fix
VUL05873,CVE-2024-73956,Cross-Site Scripting (XSS),Critical,9.4,FIN-FW-0113,Yes,Patched
VUL05874,CVE-2018-35139,Command Injection,Low,3.5,IT-MOB-0094,Yes,Closed
VUL05875,CVE-2016-84886,Outdated SSL/TLS Configuration,High,8.7,IT-PRT-0034,Yes,In Progress
VUL05876,CVE-2024-19152,Server-Side Request Forgery (SSRF),High,7.3,IT-PRT-0024,No,Won't Fix
VUL05877,CVE-2016-68188,SQL Injection,Medium,6.6,SAL-FW-0025,No,Open
VUL05878,CVE-2022-31975,Privilege Escalation,Critical,9.1,SAL-PRT-0128,Yes,Closed
VUL05879,CVE-2023-74895,XML External Entity (XXE),High,7.8,SAL-MOB-0006,Yes,In Progress
VUL05880,CVE-2023-1983,Buffer Overflow,Low,1.2,FIN-LAP-0118,Yes,In Progress
VUL05881,CVE-2020-19392,SQL Injection,High,8.5,FIN-MOB-0068,Yes,In Progress
VUL05882,CVE-2023-17757,Insecure Deserialization,Medium,6.1,IT-SRV-0128,Yes,Patched
VUL05883,CVE-2022-69055,Broken Authentication,Medium,4.9,ENG-RTR-0082,No,In Progress
VUL05884,CVE-2023-30419,Command Injection,High,8.7,FIN-SW-0092,No,Open
VUL05885,CVE-2019-36227,Cross-Site Scripting (XSS),High,8.7,FIN-RTR-0065,No,Open
VUL05886,CVE-2015-61712,Server-Side Request Forgery (SSRF),Medium,6.5,FIN-SRV-0127,No,Open
VUL05887,CVE-2022-37544,Unpatched Software,Low,0.3,LEG-PC-0110,Yes,Patched
VUL05888,CVE-2016-5851,Insecure Deserialization,High,8.6,HR-MOB-0047,Yes,Patched
VUL05889,CVE-2024-55598,Path Traversal,Critical,9.1,ENG-FW-0048,Yes,In Progress
VUL05890,CVE-2017-56642,Missing Security Patch,Low,1.3,SAL-PRT-0015,No,Won't Fix
VUL05891,CVE-2020-67432,Cross-Site Scripting (XSS),Medium,4.7,IT-PC-0011,Yes,Closed
VUL05892,CVE-2023-66665,Cross-Site Scripting (XSS),High,8.4,LEG-MOB-0042,No,In Progress
VUL05893,CVE-2016-46387,Outdated SSL/TLS Configuration,Low,0.3,IT-IOT-0077,No,In Progress
VUL05894,CVE-2020-23480,Command Injection,Medium,5.5,OPS-PC-0142,No,Won't Fix
VUL05895,CVE-2026-26196,Denial of Service,High,7.8,ENG-LAP-0005,Yes,Closed
VUL05896,CVE-2022-82962,Denial of Service,Medium,4.3,LEG-SW-0028,Yes,In Progress
VUL05897,CVE-2026-14740,Weak Password Policy,Medium,5.2,OPS-MOB-0036,Yes,Patched
VUL05898,CVE-2019-57876,Missing Security Patch,High,7.9,HR-IOT-0088,No,Open
VUL05899,CVE-2024-65651,Server-Side Request Forgery (SSRF),Critical,9.8,LEG-SW-0108,No,Open
VUL05900,CVE-2017-18955,Broken Authentication,High,7.8,ENG-SRV-0029,Yes,Patched
VUL05901,CVE-2018-52996,Buffer Overflow,Medium,4.5,LEG-IOT-0111,No,Open
VUL05902,CVE-2020-62855,Outdated SSL/TLS Configuration,Critical,9.4,ENG-MOB-0024,Yes,Closed
VUL05903,CVE-2021-70402,XML External Entity (XXE),Low,3.2,LEG-PRT-0119,Yes,Closed
VUL05904,CVE-2020-42937,Insecure Direct Object Reference,Low,0.2,MKT-MOB-0027,Yes,Patched
VUL05905,CVE-2016-20878,Insecure Direct Object Reference,Critical,9.3,ENG-SRV-0095,No,Open
VUL05906,CVE-2020-2977,Remote Code Execution,High,7.7,LEG-FW-0006,No,Won't Fix
VUL05907,CVE-2022-66132,Denial of Service,Low,1.9,SAL-SRV-0021,Yes,Closed
VUL05908,CVE-2018-49274,Unpatched Software,High,7.1,FIN-PC-0067,Yes,Closed
VUL05909,CVE-2015-62736,Cross-Site Scripting (XSS),High,7.9,LEG-FW-0070,No,Open
VUL05910,CVE-2021-56196,Remote Code Execution,High,8.5,IT-PRT-0029,Yes,In Progress
VUL05911,CVE-2023-54963,Open Redirect,Medium,5.5,IT-SRV-0054,No,Won't Fix
VUL05912,CVE-2016-84956,Server-Side Request Forgery (SSRF),Medium,5.9,OPS-PC-0124,Yes,In Progress
VUL05913,CVE-2022-46655,Cross-Site Scripting (XSS),Low,2.7,MKT-DB-0045,Yes,Closed
VUL05914,CVE-2025-79958,Unpatched Software,High,7.1,OPS-IOT-0068,No,Won't Fix
VUL05915,CVE-2021-36417,Insecure Deserialization,Medium,6.6,SAL-IOT-0026,Yes,Patched
VUL05916,CVE-2020-60671,Missing Security Patch,Medium,6.2,ENG-PC-0118,Yes,In Progress
VUL05917,CVE-2019-62265,SQL Injection,Medium,4.7,SAL-FW-0040,Yes,Patched
VUL05918,CVE-2017-91627,Sensitive Data Exposure,Medium,5.0,HR-FW-0096,No,In Progress
VUL05919,CVE-2015-87595,Insecure Direct Object Reference,Medium,4.4,MKT-DB-0100,Yes,Closed
VUL05920,CVE-2018-17717,Insecure Direct Object Reference,Low,1.9,MKT-RTR-0045,Yes,Closed
VUL05921,CVE-2017-44199,SQL Injection,High,7.4,FIN-DB-0099,Yes,Patched
VUL05922,CVE-2015-70906,Path Traversal,Medium,5.9,IT-RTR-0019,No,Won't Fix
VUL05923,CVE-2020-61315,Server-Side Request Forgery (SSRF),Critical,9.8,OPS-FW-0031,No,Won't Fix
VUL05924,CVE-2020-71818,Insecure Deserialization,Medium,5.8,FIN-PRT-0035,No,Open
VUL05925,CVE-2017-56732,Denial of Service,Medium,4.5,FIN-MOB-0113,No,Won't Fix
VUL05926,CVE-2023-93328,Buffer Overflow,Medium,5.0,FIN-FW-0072,Yes,Patched
VUL05927,CVE-2024-91911,SQL Injection,Medium,5.6,SAL-SRV-0079,No,Won't Fix
VUL05928,CVE-2015-82174,Unpatched Software,High,7.6,HR-FW-0064,No,Won't Fix
VUL05929,CVE-2026-62000,Insecure Deserialization,Medium,5.1,MKT-FW-0029,Yes,In Progress
VUL05930,CVE-2026-35943,Command Injection,Low,2.4,FIN-IOT-0089,Yes,Closed
VUL05931,CVE-2025-43757,XML External Entity (XXE),Low,0.2,ENG-MOB-0051,Yes,Patched
VUL05932,CVE-2019-60368,Missing Security Patch,Low,2.2,SAL-SW-0091,Yes,Closed
VUL05933,CVE-2018-99942,Insecure Deserialization,High,8.2,SAL-FW-0094,No,Open
VUL05934,CVE-2019-43911,Missing Security Patch,Medium,5.6,OPS-PC-0117,Yes,Patched
VUL05935,CVE-2020-86297,Sensitive Data Exposure,Low,0.7,IT-RTR-0077,Yes,Patched
VUL05936,CVE-2026-7195,Outdated SSL/TLS Configuration,Critical,9.5,HR-PRT-0103,No,In Progress
VUL05937,CVE-2019-77490,Path Traversal,High,7.8,OPS-FW-0096,No,Won't Fix
VUL05938,CVE-2022-69423,Sensitive Data Exposure,Medium,4.2,IT-IOT-0024,Yes,In Progress
VUL05939,CVE-2019-77386,Server-Side Request Forgery (SSRF),Medium,4.5,OPS-PC-0020,No,Won't Fix
VUL05940,CVE-2023-52896,Missing Security Patch,High,7.0,SAL-PC-0056,No,Open
VUL05941,CVE-2019-71579,SQL Injection,Medium,5.1,HR-FW-0128,Yes,Patched
VUL05942,CVE-2022-61267,Broken Authentication,Low,1.1,ENG-PRT-0016,Yes,Patched
VUL05943,CVE-2019-52198,Outdated SSL/TLS Configuration,Critical,10.0,IT-SW-0125,Yes,In Progress
VUL05944,CVE-2018-47915,Privilege Escalation,Low,1.0,LEG-LAP-0007,Yes,In Progress
VUL05945,CVE-2026-7804,Server-Side Request Forgery (SSRF),Medium,5.0,SAL-IOT-0017,Yes,Patched
VUL05946,CVE-2015-2528,Security Misconfiguration,Low,0.1,MKT-SRV-0073,No,In Progress
VUL05947,CVE-2015-25899,Denial of Service,High,7.1,HR-MOB-0039,Yes,Closed
VUL05948,CVE-2017-48733,Server-Side Request Forgery (SSRF),Critical,9.6,HR-MOB-0033,No,Open
VUL05949,CVE-2018-47973,Missing Security Patch,Low,1.9,IT-SW-0049,No,In Progress
VUL05950,CVE-2024-75595,Server-Side Request Forgery (SSRF),High,7.9,ENG-SRV-0009,Yes,In Progress
VUL05951,CVE-2017-75689,Buffer Overflow,Low,2.4,MKT-SW-0047,Yes,Closed
VUL05952,CVE-2017-62110,Cross-Site Scripting (XSS),High,7.5,MKT-MOB-0104,Yes,Patched
VUL05953,CVE-2026-80346,Remote Code Execution,Medium,5.3,LEG-DB-0089,Yes,In Progress
VUL05954,CVE-2022-55289,Privilege Escalation,Medium,4.8,ENG-LAP-0002,Yes,Patched
VUL05955,CVE-2021-7182,Outdated SSL/TLS Configuration,Medium,6.0,ENG-IOT-0034,Yes,In Progress
VUL05956,CVE-2019-69248,Unpatched Software,High,7.7,HR-SRV-0039,Yes,Closed
VUL05957,CVE-2019-26892,Outdated SSL/TLS Configuration,Low,0.7,HR-IOT-0055,Yes,Patched
VUL05958,CVE-2020-64723,Missing Security Patch,Medium,6.1,HR-SW-0105,No,Won't Fix
VUL05959,CVE-2019-31039,Unpatched Software,Low,2.0,MKT-RTR-0102,Yes,In Progress
VUL05960,CVE-2021-91823,Security Misconfiguration,High,7.6,ENG-PC-0075,Yes,In Progress
VUL05961,CVE-2021-16538,Server-Side Request Forgery (SSRF),Low,1.4,LEG-DB-0096,Yes,Closed
VUL05962,CVE-2015-16762,Weak Password Policy,Medium,5.1,ENG-PRT-0074,No,Won't Fix
VUL05963,CVE-2026-23292,Server-Side Request Forgery (SSRF),High,7.6,ENG-DB-0118,Yes,In Progress
VUL05964,CVE-2022-29982,Broken Authentication,Low,2.4,MKT-DB-0099,No,Open
VUL05965,CVE-2020-4317,Broken Authentication,High,8.8,LEG-PC-0083,Yes,Patched
VUL05966,CVE-2019-91216,Command Injection,Medium,4.1,HR-RTR-0042,No,In Progress
VUL05967,CVE-2024-16828,Remote Code Execution,Medium,6.3,SAL-PRT-0052,Yes,Closed
VUL05968,CVE-2015-56567,Denial of Service,Medium,4.0,SAL-DB-0016,Yes,Patched
VUL05969,CVE-2020-21121,Denial of Service,High,7.1,ENG-IOT-0070,Yes,In Progress
VUL05970,CVE-2018-52356,Security Misconfiguration,Medium,6.4,LEG-PC-0073,Yes,Patched
VUL05971,CVE-2015-65579,Cross-Site Scripting (XSS),Medium,5.2,ENG-FW-0120,Yes,In Progress
VUL05972,CVE-2015-6898,Path Traversal,Low,2.5,OPS-IOT-0114,No,In Progress
VUL05973,CVE-2023-25116,Broken Authentication,High,7.5,MKT-RTR-0119,Yes,Patched
VUL05974,CVE-2026-76997,Privilege Escalation,Medium,6.6,SAL-FW-0092,No,In Progress
VUL05975,CVE-2026-42974,Security Misconfiguration,Low,3.1,HR-IOT-0072,Yes,Patched
VUL05976,CVE-2024-95608,Insecure Direct Object Reference,High,8.8,ENG-SRV-0021,Yes,In Progress
VUL05977,CVE-2026-29236,Insecure Direct Object Reference,Medium,6.0,OPS-SRV-0039,No,Open
VUL05978,CVE-2019-99349,Path Traversal,Medium,5.4,SAL-SW-0052,Yes,Patched
VUL05979,CVE-2019-5949,Path Traversal,Medium,4.9,SAL-FW-0040,No,Won't Fix
VUL05980,CVE-2024-36518,Path Traversal,High,7.8,FIN-DB-0003,No,Open
VUL05981,CVE-2017-13245,Server-Side Request Forgery (SSRF),Medium,4.9,ENG-PRT-0080,No,Won't Fix
VUL05982,CVE-2021-65331,Missing Security Patch,Medium,5.4,HR-SRV-0056,No,In Progress
VUL05983,CVE-2017-29519,Server-Side Request Forgery (SSRF),High,8.3,FIN-SRV-0108,No,Open
VUL05984,CVE-2019-39244,Outdated SSL/TLS Configuration,Low,3.2,FIN-IOT-0016,Yes,Patched
VUL05985,CVE-2022-26106,XML External Entity (XXE),Medium,4.1,FIN-SRV-0104,No,Open
VUL05986,CVE-2025-86364,Insecure Direct Object Reference,High,7.9,LEG-IOT-0094,Yes,In Progress
VUL05987,CVE-2020-45113,Weak Password Policy,High,8.0,LEG-RTR-0106,No,In Progress
VUL05988,CVE-2020-42820,Command Injection,Medium,6.5,OPS-PRT-0045,No,Won't Fix
VUL05989,CVE-2019-45890,Broken Authentication,Medium,6.1,HR-SW-0126,No,Open
VUL05990,CVE-2026-42081,Insecure Deserialization,Medium,4.0,HR-PRT-0075,Yes,In Progress
VUL05991,CVE-2020-62550,XML External Entity (XXE),High,7.1,ENG-PC-0111,Yes,In Progress
VUL05992,CVE-2022-42752,Open Redirect,Low,1.6,FIN-MOB-0056,Yes,Patched
VUL05993,CVE-2021-51718,Cross-Site Scripting (XSS),Medium,6.9,SAL-IOT-0050,No,Won't Fix
VUL05994,CVE-2019-61288,Privilege Escalation,High,7.9,HR-SRV-0072,Yes,In Progress
VUL05995,CVE-2020-85022,Privilege Escalation,High,8.3,OPS-FW-0107,No,Open
VUL05996,CVE-2025-56116,Sensitive Data Exposure,Medium,4.3,HR-RTR-0065,Yes,Patched
VUL05997,CVE-2018-78316,Weak Password Policy,High,7.2,ENG-PRT-0059,No,In Progress
VUL05998,CVE-2016-39277,Remote Code Execution,High,8.3,OPS-PC-0081,No,Open
VUL05999,CVE-2025-40458,Path Traversal,Low,1.0,HR-DB-0088,No,Won't Fix
VUL06000,CVE-2025-11524,Open Redirect,Low,0.8,ENG-SW-0034,Yes,Closed
VUL06001,CVE-2021-29585,Missing Security Patch,High,7.7,FIN-LAP-0104,No,Won't Fix
VUL06002,CVE-2023-96346,Denial of Service,Medium,5.5,OPS-RTR-0099,No,Open
VUL06003,CVE-2022-80001,Denial of Service,Critical,9.9,MKT-IOT-0076,Yes,In Progress
VUL06004,CVE-2022-79251,SQL Injection,High,7.2,IT-SW-0106,Yes,Closed
VUL06005,CVE-2020-31242,Denial of Service,Medium,6.4,ENG-PC-0023,Yes,In Progress
VUL06006,CVE-2023-75952,Path Traversal,Medium,6.4,FIN-SW-0002,Yes,In Progress
VUL06007,CVE-2020-23852,Denial of Service,Medium,6.0,FIN-SRV-0104,Yes,Closed
VUL06008,CVE-2020-83437,Insecure Deserialization,Medium,4.1,FIN-IOT-0083,Yes,Closed
VUL06009,CVE-2022-79796,Path Traversal,High,8.9,IT-IOT-0090,No,In Progress
VUL06010,CVE-2025-95122,Security Misconfiguration,Medium,4.2,MKT-RTR-0084,No,In Progress
VUL06011,CVE-2022-39050,Server-Side Request Forgery (SSRF),High,8.5,HR-SRV-0090,No,In Progress
VUL06012,CVE-2016-53297,SQL Injection,Medium,6.2,SAL-SRV-0093,Yes,In Progress
VUL06013,CVE-2024-54323,Privilege Escalation,Medium,5.7,LEG-LAP-0017,Yes,In Progress
VUL06014,CVE-2024-3890,Path Traversal,Low,1.3,OPS-MOB-0137,Yes,Closed
VUL06015,CVE-2015-38456,Sensitive Data Exposure,Medium,5.1,HR-MOB-0023,No,In Progress
VUL06016,CVE-2019-96855,Sensitive Data Exposure,Critical,9.4,LEG-SW-0121,Yes,In Progress
VUL06017,CVE-2017-59616,Privilege Escalation,Medium,4.8,FIN-DB-0050,No,Won't Fix
VUL06018,CVE-2023-12212,Security Misconfiguration,High,7.6,SAL-SW-0090,Yes,In Progress
VUL06019,CVE-2023-86979,Broken Authentication,Medium,5.9,SAL-MOB-0147,No,In Progress
VUL06020,CVE-2020-63707,Missing Security Patch,Medium,6.8,IT-SW-0067,Yes,Patched
VUL06021,CVE-2019-80927,Insecure Deserialization,Medium,5.5,FIN-IOT-0077,Yes,In Progress
VUL06022,CVE-2026-37280,Open Redirect,Low,1.5,MKT-SW-0069,Yes,In Progress
VUL06023,CVE-2026-56149,SQL Injection,Medium,4.7,IT-PRT-0063,Yes,Closed
VUL06024,CVE-2017-61894,Insecure Direct Object Reference,High,7.6,IT-PRT-0032,Yes,Closed
VUL06025,CVE-2019-68522,SQL Injection,High,7.8,OPS-RTR-0056,No,Won't Fix
VUL06026,CVE-2016-73532,Broken Authentication,Medium,6.9,IT-FW-0018,Yes,Patched
VUL06027,CVE-2026-12919,Buffer Overflow,High,7.5,MKT-PRT-0053,Yes,Closed
VUL06028,CVE-2026-35786,Denial of Service,Medium,5.7,ENG-MOB-0068,No,Open
VUL06029,CVE-2019-11566,Broken Authentication,Critical,9.5,FIN-SW-0096,Yes,In Progress
VUL06030,CVE-2017-74689,Missing Security Patch,Low,1.5,SAL-SRV-0037,No,Open
VUL06031,CVE-2023-8700,Buffer Overflow,Medium,4.3,MKT-LAP-0049,Yes,Closed
VUL06032,CVE-2016-24121,Denial of Service,Critical,9.1,HR-SW-0050,No,Won't Fix
VUL06033,CVE-2023-31733,SQL Injection,High,7.1,SAL-FW-0008,No,Won't Fix
VUL06034,CVE-2026-63784,Broken Authentication,Medium,5.4,MKT-LAP-0112,Yes,Patched
VUL06035,CVE-2016-40469,Path Traversal,Medium,6.8,MKT-LAP-0112,No,In Progress
VUL06036,CVE-2021-77168,Path Traversal,Low,1.5,LEG-FW-0006,Yes,Patched
VUL06037,CVE-2016-34660,Cross-Site Scripting (XSS),Medium,5.2,LEG-SRV-0056,No,Won't Fix
VUL06038,CVE-2026-45982,Outdated SSL/TLS Configuration,Critical,9.0,LEG-SRV-0084,No,In Progress
VUL06039,CVE-2016-13621,Path Traversal,High,8.2,MKT-DB-0090,Yes,In Progress
VUL06040,CVE-2023-73059,Command Injection,Medium,5.2,FIN-FW-0112,No,Won't Fix
VUL06041,CVE-2024-29650,Remote Code Execution,Medium,6.5,IT-DB-0051,Yes,Patched
VUL06042,CVE-2025-82628,Broken Authentication,Medium,6.1,MKT-SW-0081,Yes,In Progress
VUL06043,CVE-2023-59594,Server-Side Request Forgery (SSRF),Low,2.8,MKT-DB-0053,No,Open
VUL06044,CVE-2024-6807,SQL Injection,Critical,9.0,MKT-LAP-0016,No,In Progress
VUL06045,CVE-2022-34851,Open Redirect,Low,1.1,LEG-DB-0117,No,In Progress
VUL06046,CVE-2019-42495,Security Misconfiguration,High,7.4,OPS-IOT-0025,No,In Progress
VUL06047,CVE-2019-78162,Insecure Direct Object Reference,Low,3.4,ENG-SRV-0016,No,Won't Fix
VUL06048,CVE-2017-43649,Insecure Direct Object Reference,High,7.7,HR-LAP-0016,No,In Progress
VUL06049,CVE-2020-43056,Missing Security Patch,Medium,4.5,ENG-DB-0007,Yes,Patched
VUL06050,CVE-2021-74038,Sensitive Data Exposure,Critical,9.0,LEG-LAP-0033,Yes,Patched
VUL06051,CVE-2024-59238,Weak Password Policy,Low,1.6,IT-SW-0117,Yes,Patched
VUL06052,CVE-2023-36416,Broken Authentication,Critical,9.8,FIN-IOT-0075,No,Won't Fix
VUL06053,CVE-2016-46573,Path Traversal,High,7.1,IT-PRT-0002,Yes,In Progress
VUL06054,CVE-2019-64390,Path Traversal,High,8.2,IT-LAP-0060,No,Won't Fix
VUL06055,CVE-2021-23857,Privilege Escalation,Medium,5.4,IT-PRT-0093,Yes,Patched
VUL06056,CVE-2018-52946,Weak Password Policy,Medium,4.8,LEG-LAP-0103,Yes,Closed
VUL06057,CVE-2021-19690,Insecure Deserialization,Medium,6.7,OPS-FW-0025,No,In Progress
VUL06058,CVE-2019-43118,Missing Security Patch,High,8.0,FIN-FW-0043,Yes,Patched
VUL06059,CVE-2015-68110,Path Traversal,Critical,9.8,MKT-DB-0069,Yes,Closed
VUL06060,CVE-2021-30793,Open Redirect,Medium,5.0,IT-SW-0089,Yes,Closed
VUL06061,CVE-2023-15572,Outdated SSL/TLS Configuration,Critical,9.7,FIN-DB-0060,Yes,Patched
VUL06062,CVE-2018-20327,Insecure Deserialization,Medium,5.8,OPS-SRV-0049,Yes,Closed
VUL06063,CVE-2022-7507,Security Misconfiguration,Medium,5.6,SAL-MOB-0116,Yes,Closed
VUL06064,CVE-2017-5436,Insecure Direct Object Reference,Medium,5.3,FIN-IOT-0069,No,Won't Fix
VUL06065,CVE-2016-41907,Privilege Escalation,Low,0.8,ENG-PC-0088,No,In Progress
VUL06066,CVE-2024-41295,Denial of Service,Medium,4.3,OPS-PRT-0098,Yes,Patched
VUL06067,CVE-2019-29924,Insecure Deserialization,Low,2.8,FIN-PRT-0083,Yes,Closed
VUL06068,CVE-2017-42782,Buffer Overflow,Low,2.4,OPS-FW-0057,No,Open
VUL06069,CVE-2017-27965,SQL Injection,Medium,4.9,HR-PRT-0041,Yes,In Progress
VUL06070,CVE-2024-29445,Unpatched Software,Low,0.7,SAL-SRV-0082,Yes,In Progress
VUL06071,CVE-2025-48526,Insecure Deserialization,Critical,9.0,FIN-RTR-0096,Yes,In Progress
VUL06072,CVE-2019-54246,Cross-Site Scripting (XSS),Medium,5.4,SAL-LAP-0083,No,Open
VUL06073,CVE-2017-66368,Insecure Direct Object Reference,High,7.2,OPS-LAP-0043,No,In Progress
VUL06074,CVE-2016-29563,Weak Password Policy,High,7.3,LEG-LAP-0029,Yes,In Progress
VUL06075,CVE-2017-25815,Unpatched Software,Low,2.4,LEG-FW-0047,No,Won't Fix
VUL06076,CVE-2022-77047,Cross-Site Scripting (XSS),Medium,4.5,LEG-IOT-0071,Yes,Closed
VUL06077,CVE-2026-37930,Insecure Deserialization,Low,1.2,OPS-SW-0033,Yes,Closed
VUL06078,CVE-2026-99257,Sensitive Data Exposure,Medium,6.1,LEG-MOB-0075,Yes,In Progress
VUL06079,CVE-2018-78203,Cross-Site Scripting (XSS),Low,2.8,IT-PRT-0028,Yes,Patched
VUL06080,CVE-2025-17225,Unpatched Software,Medium,6.1,IT-RTR-0085,Yes,Closed
VUL06081,CVE-2016-48096,Insecure Deserialization,Medium,5.5,MKT-SW-0065,No,Won't Fix
VUL06082,CVE-2025-84614,XML External Entity (XXE),High,7.7,MKT-LAP-0022,Yes,Patched
VUL06083,CVE-2020-29872,SQL Injection,High,7.1,IT-IOT-0002,Yes,Patched
VUL06084,CVE-2017-61421,Missing Security Patch,Low,1.5,MKT-LAP-0001,No,Won't Fix
VUL06085,CVE-2017-33961,Outdated SSL/TLS Configuration,High,7.1,SAL-FW-0121,Yes,Closed
VUL06086,CVE-2020-25816,Remote Code Execution,High,7.4,HR-PRT-0085,Yes,Closed
VUL06087,CVE-2026-67095,Path Traversal,Medium,5.3,SAL-SW-0054,Yes,Closed
VUL06088,CVE-2024-52809,Security Misconfiguration,High,8.1,MKT-FW-0093,No,Open
VUL06089,CVE-2023-92771,Security Misconfiguration,High,7.8,FIN-DB-0015,No,Open
VUL06090,CVE-2020-35540,Path Traversal,Critical,9.1,ENG-MOB-0098,Yes,Closed
VUL06091,CVE-2018-68801,Weak Password Policy,High,7.4,SAL-FW-0102,No,In Progress
VUL06092,CVE-2023-55065,Insecure Direct Object Reference,Medium,6.1,SAL-PC-0110,No,In Progress
VUL06093,CVE-2016-92939,Sensitive Data Exposure,Critical,9.9,ENG-MOB-0064,No,Won't Fix
VUL06094,CVE-2022-68958,Path Traversal,Medium,6.4,SAL-SRV-0045,No,In Progress
VUL06095,CVE-2015-57669,Cross-Site Scripting (XSS),Low,0.1,IT-DB-0070,Yes,In Progress
VUL06096,CVE-2019-7494,SQL Injection,Medium,5.4,LEG-RTR-0046,Yes,Patched
VUL06097,CVE-2026-37353,Weak Password Policy,Low,2.8,SAL-RTR-0051,No,In Progress
VUL06098,CVE-2019-17579,SQL Injection,High,8.7,HR-LAP-0012,No,Won't Fix
VUL06099,CVE-2023-47090,Insecure Deserialization,High,7.4,HR-PRT-0021,Yes,Closed
VUL06100,CVE-2024-35317,Broken Authentication,Low,1.2,IT-PC-0055,No,In Progress
VUL06101,CVE-2023-56178,Command Injection,High,8.7,ENG-RTR-0091,No,In Progress
VUL06102,CVE-2018-81128,Outdated SSL/TLS Configuration,Medium,4.7,HR-LAP-0014,No,Won't Fix
VUL06103,CVE-2026-29875,Missing Security Patch,Low,0.2,HR-MOB-0030,Yes,Patched
VUL06104,CVE-2015-4088,Denial of Service,Critical,9.5,HR-FW-0090,No,Open
VUL06105,CVE-2026-64532,Buffer Overflow,High,8.8,MKT-FW-0028,Yes,In Progress
VUL06106,CVE-2015-82003,Cross-Site Scripting (XSS),Critical,9.9,FIN-SRV-0038,Yes,Patched
VUL06107,CVE-2017-75216,Server-Side Request Forgery (SSRF),Critical,9.2,MKT-LAP-0103,No,Open
VUL06108,CVE-2019-68983,Insecure Deserialization,Medium,4.3,IT-MOB-0028,Yes,Patched
VUL06109,CVE-2026-63274,Sensitive Data Exposure,High,8.8,MKT-DB-0031,No,In Progress
VUL06110,CVE-2016-58681,Cross-Site Scripting (XSS),High,8.9,FIN-LAP-0103,Yes,Patched
VUL06111,CVE-2015-77372,Broken Authentication,Critical,9.3,MKT-SW-0095,Yes,Patched
VUL06112,CVE-2018-16724,Outdated SSL/TLS Configuration,Medium,5.1,FIN-MOB-0019,No,In Progress
VUL06113,CVE-2019-56276,Sensitive Data Exposure,Medium,6.4,MKT-DB-0030,No,Won't Fix
VUL06114,CVE-2015-49854,XML External Entity (XXE),High,8.1,FIN-PRT-0029,No,Open
VUL06115,CVE-2017-82821,Unpatched Software,Medium,4.2,LEG-PRT-0115,No,Open
VUL06116,CVE-2022-6227,Denial of Service,Low,2.1,LEG-RTR-0073,Yes,In Progress
VUL06117,CVE-2025-35675,Server-Side Request Forgery (SSRF),Critical,9.2,HR-SW-0095,Yes,Patched
VUL06118,CVE-2015-95345,Path Traversal,Low,2.0,SAL-FW-0012,Yes,Closed
VUL06119,CVE-2018-27535,Security Misconfiguration,High,8.0,OPS-IOT-0005,Yes,Patched
VUL06120,CVE-2019-30277,Unpatched Software,Medium,6.5,OPS-MOB-0086,Yes,Closed
VUL06121,CVE-2016-80378,Path Traversal,Medium,6.1,MKT-SW-0058,Yes,In Progress
VUL06122,CVE-2016-24461,SQL Injection,Medium,4.6,ENG-FW-0124,Yes,Patched
VUL06123,CVE-2024-35716,Command Injection,Medium,5.5,LEG-SW-0059,Yes,Patched
VUL06124,CVE-2017-89873,Command Injection,Low,0.4,LEG-IOT-0024,Yes,In Progress
VUL06125,CVE-2021-70539,Insecure Direct Object Reference,High,7.0,ENG-SW-0099,No,In Progress
VUL06126,CVE-2016-60450,Denial of Service,Medium,5.1,SAL-SW-0062,No,Won't Fix
VUL06127,CVE-2019-54445,Broken Authentication,Low,1.2,HR-DB-0099,No,In Progress
VUL06128,CVE-2015-66900,Outdated SSL/TLS Configuration,Critical,9.9,IT-MOB-0008,No,In Progress
VUL06129,CVE-2022-24997,Path Traversal,Low,1.0,SAL-MOB-0040,Yes,In Progress
VUL06130,CVE-2020-17931,Insecure Direct Object Reference,Low,1.8,HR-SW-0104,Yes,In Progress
VUL06131,CVE-2018-31346,Insecure Direct Object Reference,Medium,6.4,FIN-LAP-0045,Yes,Closed
VUL06132,CVE-2019-67717,Insecure Deserialization,Medium,6.5,HR-IOT-0044,Yes,Patched
VUL06133,CVE-2020-26872,Command Injection,Medium,5.5,OPS-IOT-0003,No,Open
VUL06134,CVE-2015-6862,Sensitive Data Exposure,Medium,6.1,OPS-RTR-0007,No,Open
VUL06135,CVE-2018-22335,Server-Side Request Forgery (SSRF),High,8.1,FIN-FW-0107,No,Open
VUL06136,CVE-2026-5310,Weak Password Policy,High,8.8,ENG-SRV-0017,No,Won't Fix
VUL06137,CVE-2020-18188,Buffer Overflow,Medium,6.7,HR-SW-0099,No,Won't Fix
VUL06138,CVE-2018-46190,Broken Authentication,Low,1.9,SAL-IOT-0046,No,Won't Fix
VUL06139,CVE-2026-33463,Denial of Service,Medium,4.1,ENG-SRV-0097,Yes,Closed
VUL06140,CVE-2015-42577,Weak Password Policy,High,7.2,SAL-SRV-0058,Yes,Patched
VUL06141,CVE-2021-61533,SQL Injection,Medium,5.5,HR-MOB-0095,No,Won't Fix
VUL06142,CVE-2022-93094,XML External Entity (XXE),High,8.7,MKT-FW-0099,No,Open
VUL06143,CVE-2025-70123,Cross-Site Scripting (XSS),High,7.8,SAL-PRT-0074,Yes,Closed
VUL06144,CVE-2025-19400,Open Redirect,High,7.4,ENG-SW-0073,Yes,In Progress
VUL06145,CVE-2016-55201,Denial of Service,Medium,5.3,MKT-LAP-0069,Yes,Patched
VUL06146,CVE-2018-51001,Cross-Site Scripting (XSS),Medium,5.9,HR-RTR-0053,Yes,Closed
VUL06147,CVE-2026-91237,Missing Security Patch,High,7.9,OPS-FW-0059,No,Open
VUL06148,CVE-2015-31189,Broken Authentication,Medium,4.1,LEG-LAP-0093,Yes,In Progress
VUL06149,CVE-2024-29152,Insecure Direct Object Reference,Low,3.6,IT-IOT-0023,No,Won't Fix
VUL06150,CVE-2024-86106,Open Redirect,Low,3.8,ENG-LAP-0105,No,Won't Fix
VUL06151,CVE-2026-22145,Server-Side Request Forgery (SSRF),Low,3.2,SAL-FW-0020,Yes,Patched
VUL06152,CVE-2018-18352,Privilege Escalation,Medium,4.9,HR-DB-0017,Yes,Patched
VUL06153,CVE-2019-63802,Insecure Direct Object Reference,High,7.6,OPS-RTR-0092,Yes,Patched
VUL06154,CVE-2019-13519,Cross-Site Scripting (XSS),Medium,4.9,MKT-MOB-0087,Yes,Closed
VUL06155,CVE-2018-80991,Denial of Service,High,8.6,IT-DB-0041,Yes,Patched
VUL06156,CVE-2025-47619,Insecure Deserialization,Low,3.5,HR-MOB-0004,No,Open
VUL06157,CVE-2021-32074,Unpatched Software,Critical,9.9,IT-RTR-0098,Yes,In Progress
VUL06158,CVE-2020-8169,Open Redirect,Critical,9.7,OPS-FW-0019,No,Open
VUL06159,CVE-2018-3663,Unpatched Software,High,8.3,LEG-FW-0021,No,Open
VUL06160,CVE-2020-32764,Insecure Direct Object Reference,Low,3.2,LEG-SW-0102,No,Open
VUL06161,CVE-2019-69368,Security Misconfiguration,Low,2.0,FIN-PRT-0065,No,Open
VUL06162,CVE-2017-82359,Command Injection,Medium,6.5,ENG-PRT-0021,Yes,Closed
VUL06163,CVE-2021-24794,Buffer Overflow,High,7.1,IT-SW-0003,Yes,Patched
VUL06164,CVE-2015-56126,Open Redirect,Critical,9.1,MKT-FW-0094,No,Won't Fix
VUL06165,CVE-2017-4078,Remote Code Execution,Medium,4.1,ENG-DB-0118,Yes,Patched
VUL06166,CVE-2024-69740,Privilege Escalation,High,7.2,OPS-PRT-0090,Yes,Closed
VUL06167,CVE-2020-85600,Command Injection,Medium,5.7,OPS-PRT-0104,No,In Progress
VUL06168,CVE-2025-50307,Command Injection,High,7.2,HR-FW-0018,Yes,In Progress
VUL06169,CVE-2018-32856,Remote Code Execution,Medium,6.6,IT-SRV-0049,No,In Progress
VUL06170,CVE-2026-85797,Sensitive Data Exposure,Medium,6.0,SAL-PC-0096,Yes,Closed
VUL06171,CVE-2016-55401,Sensitive Data Exposure,Critical,9.5,LEG-SRV-0103,Yes,Closed
VUL06172,CVE-2022-2655,Security Misconfiguration,Medium,6.2,ENG-PC-0079,Yes,Closed
VUL06173,CVE-2016-74608,Open Redirect,Low,1.6,MKT-SW-0116,Yes,Closed
VUL06174,CVE-2017-2662,Unpatched Software,Low,2.4,MKT-FW-0030,Yes,Closed
VUL06175,CVE-2023-91927,Open Redirect,Low,2.9,ENG-SRV-0002,Yes,Closed
VUL06176,CVE-2017-5371,Weak Password Policy,Medium,4.3,OPS-DB-0030,Yes,In Progress
VUL06177,CVE-2021-29775,Remote Code Execution,High,8.2,ENG-LAP-0031,No,Open
VUL06178,CVE-2019-98600,Security Misconfiguration,High,7.4,SAL-MOB-0120,No,Open
VUL06179,CVE-2019-36703,Insecure Direct Object Reference,Low,0.7,MKT-SRV-0063,Yes,In Progress
VUL06180,CVE-2020-22073,Open Redirect,Low,3.3,ENG-DB-0070,Yes,In Progress
VUL06181,CVE-2026-64904,Insecure Direct Object Reference,Medium,4.1,ENG-MOB-0053,Yes,Closed
VUL06182,CVE-2016-82344,Weak Password Policy,High,8.3,FIN-SW-0126,Yes,Patched
VUL06183,CVE-2016-66943,Command Injection,High,7.5,ENG-FW-0017,No,In Progress
VUL06184,CVE-2025-75175,Insecure Direct Object Reference,Medium,6.7,OPS-DB-0006,Yes,Closed
VUL06185,CVE-2025-84294,Path Traversal,Low,3.0,LEG-SRV-0058,Yes,In Progress
VUL06186,CVE-2022-24387,Path Traversal,Medium,6.2,SAL-DB-0073,No,Won't Fix
VUL06187,CVE-2026-51549,XML External Entity (XXE),Critical,9.9,LEG-PRT-0060,Yes,Patched
VUL06188,CVE-2019-61229,Command Injection,Medium,6.8,ENG-PC-0012,No,Won't Fix
VUL06189,CVE-2024-99339,Insecure Deserialization,Medium,6.0,SAL-PC-0042,No,Won't Fix
VUL06190,CVE-2023-93899,Security Misconfiguration,Medium,4.9,MKT-PRT-0007,No,In Progress
VUL06191,CVE-2020-91580,Broken Authentication,Critical,9.8,IT-LAP-0080,Yes,Closed
VUL06192,CVE-2025-32015,Insecure Deserialization,Low,1.0,SAL-MOB-0050,Yes,Closed
VUL06193,CVE-2018-34914,Insecure Direct Object Reference,Low,1.2,OPS-SW-0118,Yes,Closed
VUL06194,CVE-2015-10855,Buffer Overflow,Medium,5.1,ENG-IOT-0090,Yes,Patched
VUL06195,CVE-2018-46891,Denial of Service,Low,1.5,FIN-SRV-0106,Yes,Closed
VUL06196,CVE-2018-22253,Cross-Site Scripting (XSS),High,7.9,SAL-MOB-0102,No,In Progress
VUL06197,CVE-2019-19820,Privilege Escalation,Low,3.4,OPS-MOB-0092,Yes,Patched
VUL06198,CVE-2017-82370,Remote Code Execution,High,8.8,OPS-FW-0080,Yes,Patched
VUL06199,CVE-2024-90778,Server-Side Request Forgery (SSRF),Low,1.8,LEG-IOT-0098,Yes,Patched
VUL06200,CVE-2019-9179,Denial of Service,High,7.1,HR-SRV-0039,Yes,In Progress
VUL06201,CVE-2016-84681,Open Redirect,Medium,6.6,LEG-PC-0051,Yes,In Progress
VUL06202,CVE-2023-79578,SQL Injection,Low,2.9,MKT-LAP-0014,Yes,In Progress
VUL06203,CVE-2017-42593,Security Misconfiguration,Low,0.5,HR-DB-0042,Yes,Closed
VUL06204,CVE-2016-38364,Insecure Deserialization,High,8.1,IT-PRT-0097,Yes,In Progress
VUL06205,CVE-2016-33650,Sensitive Data Exposure,Medium,5.8,LEG-PRT-0132,Yes,Patched
VUL06206,CVE-2016-49014,Insecure Deserialization,Medium,6.2,OPS-SW-0107,No,Won't Fix
VUL06207,CVE-2024-13486,Outdated SSL/TLS Configuration,Medium,4.7,ENG-PC-0093,Yes,Closed
VUL06208,CVE-2020-1334,Sensitive Data Exposure,Low,2.8,OPS-PC-0100,No,In Progress
VUL06209,CVE-2015-50419,Outdated SSL/TLS Configuration,Critical,9.1,IT-MOB-0035,Yes,Patched
VUL06210,CVE-2022-89208,SQL Injection,Critical,9.6,SAL-RTR-0086,No,Won't Fix
VUL06211,CVE-2020-33229,Broken Authentication,Critical,9.1,HR-PRT-0090,Yes,In Progress
VUL06212,CVE-2017-18834,Open Redirect,Low,0.3,MKT-LAP-0007,Yes,In Progress
VUL06213,CVE-2024-83994,Weak Password Policy,High,8.2,FIN-RTR-0045,Yes,Closed
VUL06214,CVE-2026-42633,Security Misconfiguration,Medium,6.8,IT-DB-0033,Yes,Patched
VUL06215,CVE-2023-68754,Insecure Deserialization,High,8.1,SAL-PRT-0131,No,Open
VUL06216,CVE-2019-43137,Remote Code Execution,Low,2.9,SAL-MOB-0059,Yes,Patched
VUL06217,CVE-2018-49869,Unpatched Software,Medium,6.6,OPS-MOB-0126,Yes,Closed
VUL06218,CVE-2025-49689,Privilege Escalation,Medium,4.5,MKT-DB-0095,No,In Progress
VUL06219,CVE-2022-43438,Missing Security Patch,High,8.1,OPS-RTR-0103,Yes,In Progress
VUL06220,CVE-2019-90211,Sensitive Data Exposure,High,7.6,IT-DB-0017,Yes,In Progress
VUL06221,CVE-2019-59982,Path Traversal,Low,3.2,IT-SRV-0116,Yes,In Progress
VUL06222,CVE-2019-61611,SQL Injection,Low,2.3,FIN-FW-0123,Yes,Patched
VUL06223,CVE-2019-9767,Command Injection,High,7.0,ENG-IOT-0071,No,Open
VUL06224,CVE-2021-82937,Cross-Site Scripting (XSS),Low,1.2,ENG-RTR-0058,Yes,Patched
VUL06225,CVE-2017-82115,Insecure Direct Object Reference,Low,0.7,IT-DB-0108,Yes,In Progress
VUL06226,CVE-2024-15804,Remote Code Execution,Medium,4.0,SAL-MOB-0074,No,Won't Fix
VUL06227,CVE-2017-24006,Command Injection,Medium,4.9,LEG-IOT-0106,Yes,In Progress
VUL06228,CVE-2026-17600,Unpatched Software,Medium,5.5,IT-PC-0044,No,Open
VUL06229,CVE-2018-50504,Denial of Service,Medium,6.4,HR-SRV-0068,Yes,In Progress
VUL06230,CVE-2019-40168,Privilege Escalation,High,8.4,LEG-DB-0094,Yes,Closed
VUL06231,CVE-2017-86950,Security Misconfiguration,Medium,5.1,ENG-SW-0050,Yes,Closed
VUL06232,CVE-2024-10371,Command Injection,Low,0.7,IT-FW-0006,No,In Progress
VUL06233,CVE-2021-89166,Path Traversal,Medium,4.1,FIN-PC-0067,Yes,Closed
VUL06234,CVE-2020-28578,Missing Security Patch,Low,3.2,IT-SRV-0125,Yes,Closed
VUL06235,CVE-2016-65440,Buffer Overflow,Medium,6.2,OPS-FW-0113,No,In Progress
VUL06236,CVE-2026-16279,Buffer Overflow,High,8.5,LEG-DB-0065,Yes,In Progress
VUL06237,CVE-2018-27816,Denial of Service,Medium,4.6,ENG-FW-0076,Yes,Patched
VUL06238,CVE-2015-47188,Command Injection,Medium,6.4,SAL-PC-0066,No,In Progress
VUL06239,CVE-2015-34156,Weak Password Policy,High,8.7,SAL-SRV-0037,Yes,Closed
VUL06240,CVE-2018-33390,XML External Entity (XXE),Critical,9.4,IT-RTR-0092,Yes,In Progress
VUL06241,CVE-2019-95446,Security Misconfiguration,Medium,4.9,IT-PRT-0025,No,Open
VUL06242,CVE-2020-15443,Unpatched Software,Critical,9.1,OPS-RTR-0041,Yes,Closed
VUL06243,CVE-2019-22682,XML External Entity (XXE),Low,3.0,ENG-MOB-0108,Yes,Closed
VUL06244,CVE-2022-89498,Path Traversal,Medium,6.6,MKT-LAP-0029,No,Open
VUL06245,CVE-2021-34968,Server-Side Request Forgery (SSRF),Medium,6.3,ENG-PRT-0010,Yes,Closed
VUL06246,CVE-2016-89876,Open Redirect,High,8.3,IT-IOT-0126,Yes,In Progress
VUL06247,CVE-2016-28078,Denial of Service,Medium,6.2,LEG-DB-0018,Yes,Patched
VUL06248,CVE-2016-54930,Remote Code Execution,High,8.1,IT-DB-0030,Yes,Closed
VUL06249,CVE-2021-29258,Security Misconfiguration,Medium,4.3,IT-IOT-0121,Yes,Patched
VUL06250,CVE-2026-14083,Cross-Site Scripting (XSS),High,7.5,FIN-RTR-0008,No,In Progress
VUL06251,CVE-2020-9756,XML External Entity (XXE),High,7.3,MKT-LAP-0034,Yes,In Progress
VUL06252,CVE-2017-61478,Privilege Escalation,Low,2.2,SAL-LAP-0054,No,Open
VUL06253,CVE-2018-97633,Cross-Site Scripting (XSS),Medium,4.9,LEG-SW-0031,No,Open
VUL06254,CVE-2018-91905,Privilege Escalation,Low,1.7,FIN-LAP-0039,No,Open
VUL06255,CVE-2019-17390,Command Injection,Medium,6.3,HR-SW-0087,No,Won't Fix
VUL06256,CVE-2023-68069,Insecure Direct Object Reference,Medium,6.3,IT-SW-0015,No,Won't Fix
VUL06257,CVE-2017-29270,Weak Password Policy,Low,3.8,OPS-SW-0049,No,Open
VUL06258,CVE-2016-56332,Unpatched Software,Medium,4.7,OPS-LAP-0008,No,Open
VUL06259,CVE-2026-30493,Unpatched Software,Critical,9.8,FIN-RTR-0089,No,Won't Fix
VUL06260,CVE-2025-85261,Insecure Direct Object Reference,Low,2.9,ENG-IOT-0062,Yes,Patched
VUL06261,CVE-2023-4843,Privilege Escalation,Medium,4.0,MKT-SRV-0054,Yes,Closed
VUL06262,CVE-2017-79820,Unpatched Software,Medium,4.2,LEG-DB-0126,No,Open
VUL06263,CVE-2024-5980,Missing Security Patch,High,8.7,HR-PC-0030,Yes,In Progress
VUL06264,CVE-2019-46993,Open Redirect,Low,0.2,OPS-PRT-0101,No,Won't Fix
VUL06265,CVE-2025-96196,Sensitive Data Exposure,Low,3.2,IT-DB-0099,No,Open
VUL06266,CVE-2015-10112,Denial of Service,Low,1.5,ENG-SRV-0144,Yes,In Progress
VUL06267,CVE-2016-97981,Outdated SSL/TLS Configuration,Medium,6.7,OPS-PC-0024,No,Open
VUL06268,CVE-2019-40554,Buffer Overflow,High,7.7,SAL-RTR-0018,Yes,Closed
VUL06269,CVE-2023-61242,Insecure Deserialization,High,7.1,HR-PRT-0052,Yes,In Progress
VUL06270,CVE-2025-26264,Sensitive Data Exposure,Critical,9.3,ENG-MOB-0126,Yes,In Progress
VUL06271,CVE-2018-39789,Buffer Overflow,High,7.9,OPS-SRV-0078,No,Won't Fix
VUL06272,CVE-2015-53028,Broken Authentication,Medium,4.6,MKT-DB-0029,No,In Progress
VUL06273,CVE-2022-33329,Unpatched Software,High,7.5,MKT-PC-0107,No,Open
VUL06274,CVE-2016-53662,Security Misconfiguration,High,7.4,SAL-IOT-0027,Yes,Patched
VUL06275,CVE-2022-40628,Remote Code Execution,Medium,4.8,LEG-SRV-0019,Yes,Patched
VUL06276,CVE-2018-39933,Sensitive Data Exposure,Medium,5.8,LEG-LAP-0070,No,Open
VUL06277,CVE-2022-18936,Sensitive Data Exposure,Critical,9.5,IT-SW-0038,No,Open
VUL06278,CVE-2019-44552,Outdated SSL/TLS Configuration,High,7.0,HR-LAP-0126,Yes,In Progress
VUL06279,CVE-2017-34954,SQL Injection,High,7.8,LEG-FW-0104,No,In Progress
VUL06280,CVE-2025-81941,Insecure Direct Object Reference,Medium,5.4,LEG-DB-0015,Yes,In Progress
VUL06281,CVE-2016-42434,Outdated SSL/TLS Configuration,High,8.3,HR-SW-0077,Yes,Closed
VUL06282,CVE-2024-66652,Denial of Service,High,8.8,IT-FW-0068,Yes,Patched
VUL06283,CVE-2024-87477,Outdated SSL/TLS Configuration,Medium,5.3,MKT-LAP-0017,No,Won't Fix
VUL06284,CVE-2022-34622,Unpatched Software,Low,2.8,LEG-MOB-0009,No,In Progress
VUL06285,CVE-2026-49177,Command Injection,Medium,6.1,FIN-PRT-0057,Yes,Closed
VUL06286,CVE-2017-93706,Open Redirect,Low,1.5,IT-MOB-0019,No,In Progress
VUL06287,CVE-2024-51452,XML External Entity (XXE),Low,2.0,SAL-SRV-0104,Yes,Closed
VUL06288,CVE-2016-5294,Open Redirect,Medium,6.7,FIN-MOB-0027,No,In Progress
VUL06289,CVE-2019-77789,Weak Password Policy,Medium,5.9,FIN-IOT-0095,No,Won't Fix
VUL06290,CVE-2021-68379,Command Injection,Medium,5.7,MKT-MOB-0028,No,Won't Fix
VUL06291,CVE-2017-80893,Server-Side Request Forgery (SSRF),High,7.3,HR-FW-0149,No,In Progress
VUL06292,CVE-2018-85497,Weak Password Policy,Medium,4.7,HR-DB-0053,Yes,Closed
VUL06293,CVE-2022-43062,Unpatched Software,Critical,9.6,LEG-MOB-0088,Yes,Closed
VUL06294,CVE-2020-29785,Security Misconfiguration,High,7.7,ENG-LAP-0094,No,Won't Fix
VUL06295,CVE-2025-52498,Insecure Direct Object Reference,Medium,6.3,SAL-FW-0008,No,Won't Fix
VUL06296,CVE-2022-33504,Missing Security Patch,High,7.6,MKT-RTR-0093,Yes,Closed
VUL06297,CVE-2020-98383,Broken Authentication,Medium,5.9,OPS-SW-0057,No,In Progress
VUL06298,CVE-2023-4834,Path Traversal,High,8.3,FIN-IOT-0015,No,In Progress
VUL06299,CVE-2026-88278,Weak Password Policy,Medium,6.0,IT-LAP-0111,Yes,In Progress
VUL06300,CVE-2015-8060,Broken Authentication,High,7.5,ENG-RTR-0065,Yes,Closed
VUL06301,CVE-2022-58382,Insecure Deserialization,Low,0.4,ENG-PRT-0071,No,In Progress
VUL06302,CVE-2016-70675,Command Injection,Medium,5.4,SAL-DB-0078,No,Won't Fix
VUL06303,CVE-2016-17351,SQL Injection,Medium,5.9,ENG-IOT-0109,No,Won't Fix
VUL06304,CVE-2026-34733,Cross-Site Scripting (XSS),Low,1.8,HR-IOT-0024,No,Won't Fix
VUL06305,CVE-2018-56736,Server-Side Request Forgery (SSRF),Critical,9.4,LEG-LAP-0046,No,In Progress
VUL06306,CVE-2024-67901,Insecure Deserialization,Low,0.3,MKT-PC-0007,Yes,Patched
VUL06307,CVE-2019-85010,Sensitive Data Exposure,Low,2.9,HR-MOB-0087,No,In Progress
VUL06308,CVE-2018-5240,Weak Password Policy,High,7.1,FIN-PRT-0072,No,Won't Fix
VUL06309,CVE-2020-13482,Remote Code Execution,High,7.8,MKT-RTR-0068,No,Won't Fix
VUL06310,CVE-2017-75487,Open Redirect,Low,1.1,FIN-PRT-0087,Yes,In Progress
VUL06311,CVE-2025-73960,Sensitive Data Exposure,Medium,4.6,FIN-MOB-0064,Yes,Patched
VUL06312,CVE-2023-68054,Broken Authentication,High,7.5,SAL-PC-0001,No,Won't Fix
VUL06313,CVE-2022-10240,Buffer Overflow,Medium,5.7,MKT-RTR-0110,No,Open
VUL06314,CVE-2019-67938,Privilege Escalation,High,7.5,HR-SRV-0049,No,In Progress
VUL06315,CVE-2017-18468,Cross-Site Scripting (XSS),Low,0.2,OPS-IOT-0046,No,Won't Fix
VUL06316,CVE-2015-62509,Sensitive Data Exposure,Critical,9.3,ENG-MOB-0131,No,Won't Fix
VUL06317,CVE-2017-98054,Weak Password Policy,Medium,6.3,HR-IOT-0038,Yes,Patched
VUL06318,CVE-2015-55264,Outdated SSL/TLS Configuration,High,7.9,SAL-MOB-0059,Yes,Closed
VUL06319,CVE-2021-69371,Open Redirect,Critical,9.4,LEG-DB-0112,Yes,In Progress
VUL06320,CVE-2019-57850,SQL Injection,High,8.6,ENG-PC-0061,Yes,Closed
VUL06321,CVE-2015-64682,Sensitive Data Exposure,Medium,6.4,LEG-FW-0095,Yes,Patched
VUL06322,CVE-2019-24688,Security Misconfiguration,Low,2.0,IT-DB-0107,Yes,Closed
VUL06323,CVE-2021-2416,Path Traversal,High,8.0,IT-FW-0002,Yes,In Progress
VUL06324,CVE-2017-18007,Insecure Direct Object Reference,Critical,9.5,OPS-DB-0101,Yes,Patched
VUL06325,CVE-2025-78098,Open Redirect,Medium,4.0,OPS-FW-0126,Yes,In Progress
VUL06326,CVE-2020-80938,Path Traversal,High,8.9,IT-MOB-0083,Yes,In Progress
VUL06327,CVE-2024-95599,Command Injection,Critical,9.3,FIN-SW-0088,Yes,Patched
VUL06328,CVE-2017-61990,Buffer Overflow,High,8.1,OPS-FW-0132,Yes,Closed
VUL06329,CVE-2026-87571,Denial of Service,High,8.2,OPS-PC-0137,Yes,Closed
VUL06330,CVE-2026-22789,Command Injection,High,7.6,OPS-PC-0018,No,In Progress
VUL06331,CVE-2019-1947,Outdated SSL/TLS Configuration,Medium,6.4,LEG-RTR-0081,Yes,In Progress
VUL06332,CVE-2026-17071,SQL Injection,Low,1.7,HR-LAP-0080,No,Open
VUL06333,CVE-2024-99770,Security Misconfiguration,Medium,4.3,SAL-SRV-0042,Yes,Patched
VUL06334,CVE-2018-89639,Insecure Deserialization,Medium,5.2,HR-DB-0109,Yes,Closed
VUL06335,CVE-2021-58339,Command Injection,Low,0.6,MKT-FW-0123,Yes,Closed
VUL06336,CVE-2015-78936,XML External Entity (XXE),Critical,10.0,ENG-FW-0042,Yes,Closed
VUL06337,CVE-2015-80824,Cross-Site Scripting (XSS),Medium,6.0,SAL-IOT-0090,No,Won't Fix
VUL06338,CVE-2025-8771,Cross-Site Scripting (XSS),Medium,6.6,IT-RTR-0054,Yes,Closed
VUL06339,CVE-2022-48027,Security Misconfiguration,Low,0.5,FIN-PRT-0038,Yes,In Progress
VUL06340,CVE-2015-52315,Remote Code Execution,Low,3.4,IT-FW-0034,No,Open
VUL06341,CVE-2020-66623,Buffer Overflow,Low,3.1,FIN-PRT-0122,No,Open
VUL06342,CVE-2016-81932,Security Misconfiguration,High,7.2,FIN-SRV-0029,Yes,Closed
VUL06343,CVE-2019-40170,Buffer Overflow,High,7.2,FIN-MOB-0090,Yes,In Progress
VUL06344,CVE-2017-18154,Weak Password Policy,Critical,9.2,MKT-SRV-0074,No,In Progress
VUL06345,CVE-2023-11860,Security Misconfiguration,Medium,6.6,ENG-SRV-0049,Yes,In Progress
VUL06346,CVE-2021-51609,Server-Side Request Forgery (SSRF),Medium,4.3,SAL-FW-0018,Yes,In Progress
VUL06347,CVE-2018-99101,Unpatched Software,Low,1.8,SAL-PC-0044,Yes,Patched
VUL06348,CVE-2017-37594,Buffer Overflow,Critical,9.1,SAL-MOB-0056,No,In Progress
VUL06349,CVE-2022-99906,Weak Password Policy,Critical,9.8,SAL-MOB-0062,No,Won't Fix
VUL06350,CVE-2017-31625,Security Misconfiguration,Medium,5.6,HR-SRV-0072,No,Open
VUL06351,CVE-2026-48279,Privilege Escalation,Low,2.1,OPS-SRV-0068,No,Open
VUL06352,CVE-2020-7977,Missing Security Patch,High,8.3,MKT-RTR-0035,No,Open
VUL06353,CVE-2021-66660,Broken Authentication,High,7.5,SAL-IOT-0046,No,Open
VUL06354,CVE-2024-37663,Missing Security Patch,High,7.4,MKT-PC-0067,Yes,Closed
VUL06355,CVE-2023-56888,Privilege Escalation,Medium,4.7,MKT-MOB-0088,Yes,Closed
VUL06356,CVE-2021-84870,Path Traversal,Critical,9.5,OPS-IOT-0091,Yes,Closed
VUL06357,CVE-2022-72401,Sensitive Data Exposure,High,8.4,OPS-DB-0111,No,Won't Fix
VUL06358,CVE-2022-62135,Insecure Direct Object Reference,Medium,4.7,IT-MOB-0055,Yes,In Progress
VUL06359,CVE-2024-70696,Denial of Service,High,8.4,OPS-IOT-0090,No,Open
VUL06360,CVE-2026-32807,Privilege Escalation,Critical,9.9,FIN-PC-0019,Yes,Closed
VUL06361,CVE-2020-56264,Server-Side Request Forgery (SSRF),Medium,5.8,SAL-PRT-0128,Yes,Closed
VUL06362,CVE-2017-43704,Open Redirect,Medium,4.6,IT-FW-0066,No,Won't Fix
VUL06363,CVE-2017-48607,Denial of Service,Low,3.4,MKT-SW-0017,Yes,In Progress
VUL06364,CVE-2024-61632,SQL Injection,High,7.7,ENG-IOT-0028,No,Open
VUL06365,CVE-2025-61161,Server-Side Request Forgery (SSRF),High,7.5,LEG-IOT-0111,Yes,Closed
VUL06366,CVE-2024-82444,Server-Side Request Forgery (SSRF),Medium,6.0,SAL-MOB-0124,Yes,In Progress
VUL06367,CVE-2025-76979,Remote Code Execution,Medium,6.7,FIN-DB-0032,Yes,In Progress
VUL06368,CVE-2022-16007,Broken Authentication,High,7.6,MKT-FW-0096,No,Won't Fix
VUL06369,CVE-2019-49049,Open Redirect,Critical,9.3,IT-FW-0045,Yes,Patched
VUL06370,CVE-2015-87056,SQL Injection,Medium,5.0,FIN-FW-0081,Yes,Patched
VUL06371,CVE-2015-3768,Insecure Direct Object Reference,Medium,4.6,HR-RTR-0018,Yes,In Progress
VUL06372,CVE-2024-2427,Broken Authentication,Medium,4.1,HR-DB-0042,No,In Progress
VUL06373,CVE-2020-59715,Server-Side Request Forgery (SSRF),High,8.4,IT-SRV-0056,No,In Progress
VUL06374,CVE-2025-92645,Sensitive Data Exposure,High,7.5,ENG-PC-0070,Yes,Closed
VUL06375,CVE-2022-73300,Security Misconfiguration,High,7.0,IT-MOB-0094,Yes,Closed
VUL06376,CVE-2020-11705,Unpatched Software,High,8.9,OPS-PC-0014,Yes,Closed
VUL06377,CVE-2023-92559,Missing Security Patch,Medium,4.5,LEG-RTR-0032,No,Won't Fix
VUL06378,CVE-2020-19810,XML External Entity (XXE),Medium,5.2,FIN-SW-0033,No,Open
VUL06379,CVE-2015-23562,Command Injection,Critical,9.7,LEG-FW-0034,Yes,In Progress
VUL06380,CVE-2026-13801,SQL Injection,High,8.6,IT-DB-0076,No,Open
VUL06381,CVE-2022-85206,Path Traversal,High,7.7,HR-PRT-0036,Yes,Patched
VUL06382,CVE-2021-50973,Cross-Site Scripting (XSS),High,7.3,HR-PC-0012,Yes,Patched
VUL06383,CVE-2019-5574,Outdated SSL/TLS Configuration,High,7.8,MKT-PRT-0088,Yes,Patched
VUL06384,CVE-2015-30457,SQL Injection,Medium,4.2,OPS-PRT-0074,Yes,In Progress
VUL06385,CVE-2025-43783,Weak Password Policy,Medium,6.1,OPS-PC-0013,No,Won't Fix
VUL06386,CVE-2017-49225,Missing Security Patch,High,8.5,FIN-MOB-0028,No,Open
VUL06387,CVE-2017-98767,SQL Injection,High,7.8,FIN-SW-0043,Yes,In Progress
VUL06388,CVE-2018-26443,Server-Side Request Forgery (SSRF),Medium,6.5,LEG-SRV-0054,Yes,In Progress
VUL06389,CVE-2019-35578,Remote Code Execution,Low,1.2,IT-IOT-0015,No,Open
VUL06390,CVE-2025-19212,Sensitive Data Exposure,Low,2.7,ENG-RTR-0107,Yes,Patched
VUL06391,CVE-2020-58183,Privilege Escalation,Critical,9.5,MKT-MOB-0005,Yes,Closed
VUL06392,CVE-2020-1711,Insecure Direct Object Reference,High,8.8,FIN-SW-0114,Yes,Closed
VUL06393,CVE-2019-84098,Buffer Overflow,High,8.7,ENG-DB-0109,No,Open
VUL06394,CVE-2023-95878,Missing Security Patch,Medium,6.7,IT-DB-0004,Yes,Closed
VUL06395,CVE-2026-77390,Weak Password Policy,Critical,9.8,SAL-IOT-0030,No,Won't Fix
VUL06396,CVE-2026-72588,Sensitive Data Exposure,Low,2.1,OPS-PRT-0105,No,In Progress
VUL06397,CVE-2018-60740,Weak Password Policy,High,7.2,OPS-FW-0114,No,Open
VUL06398,CVE-2021-97137,Sensitive Data Exposure,Medium,6.3,ENG-IOT-0049,Yes,Patched
VUL06399,CVE-2021-93707,Unpatched Software,Medium,6.5,FIN-MOB-0054,Yes,In Progress
VUL06400,CVE-2019-36452,Security Misconfiguration,High,7.1,OPS-SRV-0027,No,Won't Fix
VUL06401,CVE-2018-81831,Insecure Direct Object Reference,Medium,6.9,IT-RTR-0064,Yes,Closed
VUL06402,CVE-2020-82742,Missing Security Patch,Critical,9.2,LEG-RTR-0030,Yes,In Progress
VUL06403,CVE-2021-14216,Outdated SSL/TLS Configuration,Medium,6.0,OPS-PC-0110,Yes,Patched
VUL06404,CVE-2022-12941,Server-Side Request Forgery (SSRF),High,7.6,MKT-MOB-0121,Yes,In Progress
VUL06405,CVE-2018-8853,Security Misconfiguration,Critical,9.8,HR-RTR-0088,Yes,In Progress
VUL06406,CVE-2025-96707,Buffer Overflow,High,8.0,HR-FW-0089,No,Open
VUL06407,CVE-2016-45444,Outdated SSL/TLS Configuration,High,8.2,LEG-LAP-0064,No,Open
VUL06408,CVE-2021-18372,Broken Authentication,Low,2.4,ENG-SRV-0048,Yes,Closed
VUL06409,CVE-2023-14766,XML External Entity (XXE),Low,3.0,OPS-MOB-0034,No,Open
VUL06410,CVE-2017-86812,Weak Password Policy,Medium,5.5,OPS-LAP-0098,Yes,Patched
VUL06411,CVE-2016-46166,Unpatched Software,Low,1.7,FIN-DB-0077,Yes,Patched
VUL06412,CVE-2020-35561,Denial of Service,Medium,5.7,OPS-PC-0104,No,Won't Fix
VUL06413,CVE-2022-22704,Missing Security Patch,Medium,5.3,IT-PRT-0021,Yes,Patched
VUL06414,CVE-2018-28325,Weak Password Policy,High,7.3,ENG-PRT-0092,Yes,In Progress
VUL06415,CVE-2025-95006,Command Injection,Critical,9.1,FIN-PC-0129,Yes,Patched
VUL06416,CVE-2022-8626,Denial of Service,Medium,4.1,IT-SRV-0103,No,Open
VUL06417,CVE-2025-99300,XML External Entity (XXE),Low,1.8,SAL-MOB-0050,Yes,Closed
VUL06418,CVE-2024-11586,Weak Password Policy,Medium,4.5,ENG-FW-0002,No,Won't Fix
VUL06419,CVE-2020-9168,Weak Password Policy,Critical,9.8,FIN-IOT-0036,Yes,In Progress
VUL06420,CVE-2015-98751,Broken Authentication,Low,0.2,MKT-LAP-0110,Yes,Patched
VUL06421,CVE-2016-49084,Remote Code Execution,High,8.4,MKT-PC-0111,No,Open
VUL06422,CVE-2020-93632,Missing Security Patch,Critical,9.3,HR-DB-0006,No,Open
VUL06423,CVE-2015-61632,Buffer Overflow,Medium,6.6,FIN-LAP-0088,Yes,In Progress
VUL06424,CVE-2017-48849,Missing Security Patch,Low,2.9,SAL-RTR-0070,Yes,Closed
VUL06425,CVE-2015-72695,Security Misconfiguration,Medium,5.3,MKT-FW-0001,Yes,Patched
VUL06426,CVE-2025-71493,Command Injection,Low,1.4,FIN-MOB-0058,Yes,Patched
VUL06427,CVE-2023-70676,Privilege Escalation,Low,0.8,MKT-FW-0040,No,Open
VUL06428,CVE-2019-21570,Buffer Overflow,Medium,4.5,LEG-LAP-0016,Yes,Closed
VUL06429,CVE-2018-81072,Open Redirect,High,7.4,FIN-PRT-0088,Yes,Closed
VUL06430,CVE-2024-28923,Remote Code Execution,High,8.0,LEG-MOB-0071,No,Open
VUL06431,CVE-2021-92370,Buffer Overflow,Low,0.2,FIN-LAP-0051,Yes,Closed
VUL06432,CVE-2015-29725,Insecure Direct Object Reference,Low,2.8,HR-PC-0132,Yes,In Progress
VUL06433,CVE-2026-25248,Remote Code Execution,High,7.6,LEG-IOT-0060,Yes,Closed
VUL06434,CVE-2022-57928,Weak Password Policy,Low,2.8,HR-SW-0125,No,Open
VUL06435,CVE-2018-51570,Path Traversal,Low,0.4,FIN-FW-0028,No,Open
VUL06436,CVE-2018-41046,Broken Authentication,Medium,4.2,MKT-MOB-0054,No,Open
VUL06437,CVE-2021-3701,Insecure Direct Object Reference,Low,3.9,MKT-LAP-0089,Yes,Closed
VUL06438,CVE-2019-60171,Buffer Overflow,Medium,5.1,FIN-FW-0040,No,Open
VUL06439,CVE-2025-88184,Insecure Direct Object Reference,Low,3.4,OPS-SRV-0011,No,Won't Fix
VUL06440,CVE-2015-17031,Remote Code Execution,Medium,6.8,MKT-DB-0086,Yes,Patched
VUL06441,CVE-2020-73943,Security Misconfiguration,High,8.7,HR-SW-0096,No,Open
VUL06442,CVE-2026-54595,Security Misconfiguration,Medium,6.4,OPS-FW-0115,Yes,Closed
VUL06443,CVE-2018-38481,Command Injection,Medium,6.9,ENG-SW-0080,No,In Progress
VUL06444,CVE-2016-27249,Remote Code Execution,Medium,6.8,ENG-RTR-0003,Yes,In Progress
VUL06445,CVE-2017-19819,Open Redirect,Medium,6.6,FIN-IOT-0023,No,Won't Fix
VUL06446,CVE-2021-32252,Unpatched Software,Low,3.2,OPS-RTR-0002,Yes,Patched
VUL06447,CVE-2023-25721,Sensitive Data Exposure,High,7.9,HR-PRT-0074,No,Won't Fix
VUL06448,CVE-2016-49651,XML External Entity (XXE),High,7.8,ENG-IOT-0066,Yes,In Progress
VUL06449,CVE-2017-25942,Insecure Deserialization,Critical,9.6,HR-PRT-0070,Yes,Patched
VUL06450,CVE-2019-80206,Missing Security Patch,Low,0.6,SAL-PC-0050,Yes,In Progress
VUL06451,CVE-2020-49569,Path Traversal,Low,1.5,IT-LAP-0083,Yes,In Progress
VUL06452,CVE-2022-69161,Cross-Site Scripting (XSS),Medium,4.8,OPS-PRT-0121,Yes,Patched
VUL06453,CVE-2017-83147,Insecure Direct Object Reference,Medium,4.4,ENG-MOB-0031,No,Won't Fix
VUL06454,CVE-2019-70639,SQL Injection,Medium,6.7,HR-SW-0097,Yes,Patched
VUL06455,CVE-2017-52976,Cross-Site Scripting (XSS),Medium,5.3,OPS-MOB-0138,Yes,Closed
VUL06456,CVE-2025-17711,Open Redirect,Medium,6.5,LEG-MOB-0092,Yes,Patched
VUL06457,CVE-2020-7565,Server-Side Request Forgery (SSRF),High,8.8,OPS-RTR-0041,Yes,Patched
VUL06458,CVE-2022-56399,Insecure Direct Object Reference,High,7.8,OPS-RTR-0042,No,In Progress
VUL06459,CVE-2017-1043,Insecure Direct Object Reference,High,7.7,MKT-PC-0062,Yes,Closed
VUL06460,CVE-2026-9859,Path Traversal,Medium,6.2,IT-SW-0009,Yes,Patched
VUL06461,CVE-2024-66479,Denial of Service,High,7.1,FIN-PC-0129,No,Won't Fix
VUL06462,CVE-2025-83386,Insecure Direct Object Reference,Low,2.2,OPS-MOB-0059,Yes,In Progress
VUL06463,CVE-2021-1434,Sensitive Data Exposure,High,8.5,IT-RTR-0011,No,Won't Fix
VUL06464,CVE-2017-73664,Open Redirect,Medium,5.6,MKT-DB-0099,No,Open
VUL06465,CVE-2021-50351,Unpatched Software,Critical,9.4,OPS-PC-0138,No,In Progress
VUL06466,CVE-2018-12693,Sensitive Data Exposure,Medium,6.8,FIN-FW-0070,Yes,Patched
VUL06467,CVE-2020-7622,Security Misconfiguration,High,7.6,SAL-PRT-0060,No,In Progress
VUL06468,CVE-2022-17670,Outdated SSL/TLS Configuration,Low,0.8,SAL-MOB-0011,Yes,Closed
VUL06469,CVE-2020-36051,Broken Authentication,Low,2.1,IT-DB-0103,Yes,Patched
VUL06470,CVE-2020-84938,Server-Side Request Forgery (SSRF),Low,1.1,SAL-DB-0070,Yes,In Progress
VUL06471,CVE-2023-83080,Insecure Deserialization,High,7.6,FIN-PRT-0063,No,In Progress
VUL06472,CVE-2026-29151,Insecure Deserialization,High,7.4,ENG-DB-0002,No,Won't Fix
VUL06473,CVE-2022-77679,XML External Entity (XXE),Medium,5.0,MKT-SW-0031,No,Won't Fix
VUL06474,CVE-2017-42623,Security Misconfiguration,Medium,5.8,MKT-IOT-0012,Yes,Closed
VUL06475,CVE-2026-88079,Outdated SSL/TLS Configuration,Medium,4.1,IT-FW-0115,No,In Progress
VUL06476,CVE-2020-11336,Denial of Service,Medium,5.6,OPS-MOB-0096,Yes,Closed
VUL06477,CVE-2020-97762,Insecure Direct Object Reference,Critical,9.9,MKT-MOB-0001,No,Open
VUL06478,CVE-2026-12062,Server-Side Request Forgery (SSRF),High,8.2,FIN-RTR-0011,Yes,In Progress
VUL06479,CVE-2025-10698,Buffer Overflow,Low,3.3,SAL-DB-0047,Yes,In Progress
VUL06480,CVE-2019-56117,Open Redirect,Medium,6.1,SAL-PRT-0124,Yes,Closed
VUL06481,CVE-2026-26044,Weak Password Policy,Medium,4.5,MKT-SW-0065,No,In Progress
VUL06482,CVE-2022-95147,Cross-Site Scripting (XSS),Low,0.4,IT-FW-0099,Yes,In Progress
VUL06483,CVE-2022-73668,Broken Authentication,Critical,9.4,OPS-PRT-0016,Yes,Closed
VUL06484,CVE-2018-46533,SQL Injection,Low,3.0,LEG-LAP-0076,No,Open
VUL06485,CVE-2020-72269,XML External Entity (XXE),Medium,4.3,OPS-PRT-0051,No,Open
VUL06486,CVE-2023-43240,Weak Password Policy,Critical,9.6,HR-RTR-0089,Yes,Closed
VUL06487,CVE-2025-59502,Insecure Direct Object Reference,Medium,5.6,SAL-LAP-0097,No,Won't Fix
VUL06488,CVE-2016-46807,Broken Authentication,Critical,9.9,LEG-PC-0092,No,Open
VUL06489,CVE-2015-25324,Unpatched Software,Medium,4.6,ENG-DB-0016,Yes,In Progress
VUL06490,CVE-2016-63709,Missing Security Patch,Medium,5.6,MKT-DB-0071,No,In Progress
VUL06491,CVE-2025-41849,Weak Password Policy,High,8.8,LEG-DB-0078,Yes,In Progress
VUL06492,CVE-2016-11855,Denial of Service,High,7.4,HR-PC-0112,No,Open
VUL06493,CVE-2026-2088,SQL Injection,Low,2.5,ENG-IOT-0107,Yes,In Progress
VUL06494,CVE-2022-24060,Path Traversal,Low,3.2,HR-FW-0037,No,Won't Fix
VUL06495,CVE-2021-46949,Privilege Escalation,Medium,5.5,ENG-IOT-0021,Yes,In Progress
VUL06496,CVE-2015-6185,Buffer Overflow,Medium,4.1,SAL-LAP-0100,Yes,Patched
VUL06497,CVE-2026-99127,Path Traversal,High,7.3,FIN-IOT-0083,Yes,Patched
VUL06498,CVE-2023-3050,Security Misconfiguration,High,7.9,SAL-DB-0067,No,In Progress
VUL06499,CVE-2020-97376,Command Injection,High,7.1,ENG-DB-0028,Yes,Patched
VUL06500,CVE-2018-34109,Outdated SSL/TLS Configuration,Low,0.2,LEG-DB-0120,Yes,In Progress
VUL06501,CVE-2024-64233,Insecure Direct Object Reference,High,8.0,IT-LAP-0090,Yes,Patched
VUL06502,CVE-2023-94335,Insecure Deserialization,Low,1.0,IT-PC-0086,No,Won't Fix
VUL06503,CVE-2022-8675,Path Traversal,High,7.8,OPS-FW-0127,Yes,Patched
VUL06504,CVE-2020-89337,Security Misconfiguration,Low,0.8,HR-MOB-0064,Yes,Closed
VUL06505,CVE-2023-76122,Denial of Service,Medium,6.3,FIN-PRT-0090,No,Open
VUL06506,CVE-2022-91637,Weak Password Policy,Critical,9.7,LEG-SRV-0026,Yes,In Progress
VUL06507,CVE-2015-44236,Server-Side Request Forgery (SSRF),High,8.8,MKT-DB-0006,No,Won't Fix
VUL06508,CVE-2016-85692,Broken Authentication,High,8.8,FIN-SW-0116,Yes,In Progress
VUL06509,CVE-2022-39360,Path Traversal,High,7.9,ENG-SRV-0113,No,In Progress
VUL06510,CVE-2024-95703,Denial of Service,High,8.1,SAL-MOB-0056,No,Open
VUL06511,CVE-2017-60717,Cross-Site Scripting (XSS),Medium,6.7,HR-RTR-0002,Yes,In Progress
VUL06512,CVE-2021-66163,Security Misconfiguration,High,8.8,OPS-LAP-0082,Yes,In Progress
VUL06513,CVE-2017-7590,XML External Entity (XXE),High,7.9,IT-LAP-0132,Yes,Patched
VUL06514,CVE-2026-85419,Denial of Service,Medium,4.0,MKT-PC-0125,No,Won't Fix
VUL06515,CVE-2026-69961,Unpatched Software,Medium,6.1,IT-PC-0067,No,Open
VUL06516,CVE-2016-27253,Insecure Deserialization,Critical,9.7,LEG-SW-0094,Yes,In Progress
VUL06517,CVE-2016-81743,Path Traversal,Critical,9.6,LEG-MOB-0108,Yes,In Progress
VUL06518,CVE-2020-94398,Remote Code Execution,Medium,6.1,FIN-SW-0031,Yes,Closed
VUL06519,CVE-2025-43059,Unpatched Software,High,8.2,HR-PRT-0004,Yes,Closed
VUL06520,CVE-2018-32821,Command Injection,Low,3.7,OPS-SRV-0065,Yes,In Progress
VUL06521,CVE-2015-86102,Missing Security Patch,Low,0.7,SAL-MOB-0022,No,Open
VUL06522,CVE-2025-36199,Insecure Deserialization,High,7.3,MKT-PC-0101,Yes,In Progress
VUL06523,CVE-2024-10275,Broken Authentication,High,8.8,IT-DB-0077,No,Won't Fix
VUL06524,CVE-2024-47364,SQL Injection,Medium,4.3,OPS-SRV-0070,No,Open
VUL06525,CVE-2017-2026,Missing Security Patch,Low,1.5,SAL-RTR-0009,Yes,Closed
VUL06526,CVE-2019-78807,Insecure Deserialization,Low,1.7,HR-IOT-0028,No,Won't Fix
VUL06527,CVE-2026-31422,Command Injection,Medium,6.0,SAL-MOB-0131,Yes,Patched
VUL06528,CVE-2020-94654,XML External Entity (XXE),Medium,5.3,ENG-PRT-0015,No,Won't Fix
VUL06529,CVE-2016-82109,Outdated SSL/TLS Configuration,Critical,9.8,ENG-PC-0084,Yes,Closed
VUL06530,CVE-2025-74712,Buffer Overflow,Critical,9.4,SAL-PRT-0006,Yes,In Progress
VUL06531,CVE-2019-40357,Open Redirect,Medium,5.6,ENG-RTR-0014,Yes,Patched
VUL06532,CVE-2015-10820,Outdated SSL/TLS Configuration,Medium,6.2,FIN-DB-0009,Yes,Patched
VUL06533,CVE-2023-82175,Path Traversal,High,7.5,MKT-PRT-0027,No,Open
VUL06534,CVE-2022-24144,Weak Password Policy,High,8.0,HR-RTR-0038,Yes,In Progress
VUL06535,CVE-2026-69551,Server-Side Request Forgery (SSRF),Critical,9.9,FIN-IOT-0087,Yes,Closed
VUL06536,CVE-2023-7211,Broken Authentication,High,7.4,SAL-MOB-0074,Yes,Patched
VUL06537,CVE-2025-48263,Path Traversal,High,8.1,OPS-SRV-0061,No,Won't Fix
VUL06538,CVE-2016-12182,Remote Code Execution,Low,1.1,FIN-DB-0054,Yes,In Progress
VUL06539,CVE-2021-60258,Server-Side Request Forgery (SSRF),Low,1.6,IT-PRT-0016,Yes,Closed
VUL06540,CVE-2023-76850,Insecure Direct Object Reference,Low,2.4,FIN-MOB-0014,Yes,Closed
VUL06541,CVE-2018-43841,Denial of Service,Critical,9.6,SAL-LAP-0102,Yes,In Progress
VUL06542,CVE-2021-55317,Security Misconfiguration,Medium,6.3,LEG-RTR-0013,No,Open
VUL06543,CVE-2020-18611,Unpatched Software,Medium,4.1,ENG-SRV-0013,Yes,Patched
VUL06544,CVE-2019-30316,Remote Code Execution,High,8.7,OPS-PRT-0005,Yes,Closed
VUL06545,CVE-2022-38454,Insecure Direct Object Reference,Low,1.5,LEG-MOB-0042,No,Open
VUL06546,CVE-2015-32892,Buffer Overflow,Medium,5.4,HR-FW-0004,Yes,Closed
VUL06547,CVE-2018-68784,Outdated SSL/TLS Configuration,Medium,6.1,FIN-RTR-0012,Yes,Patched
VUL06548,CVE-2019-16409,Sensitive Data Exposure,Low,2.9,LEG-PC-0083,Yes,Patched
VUL06549,CVE-2015-26481,Privilege Escalation,High,7.6,MKT-LAP-0017,No,In Progress
VUL06550,CVE-2019-51970,SQL Injection,Medium,6.0,SAL-SRV-0083,Yes,In Progress
VUL06551,CVE-2023-75581,SQL Injection,Medium,4.5,ENG-SW-0101,Yes,Closed
VUL06552,CVE-2026-14506,Command Injection,Critical,9.6,HR-RTR-0094,Yes,Closed
VUL06553,CVE-2015-65254,Unpatched Software,High,8.2,OPS-MOB-0097,Yes,Patched
VUL06554,CVE-2024-13198,Server-Side Request Forgery (SSRF),High,8.4,HR-PC-0136,No,Open
VUL06555,CVE-2024-29507,Denial of Service,High,8.5,FIN-PRT-0040,No,Open
VUL06556,CVE-2015-78533,Remote Code Execution,High,8.8,OPS-PC-0099,No,Open
VUL06557,CVE-2022-67327,Missing Security Patch,Medium,5.6,HR-SW-0021,Yes,In Progress
VUL06558,CVE-2024-12438,Buffer Overflow,High,7.8,ENG-MOB-0083,Yes,Closed
VUL06559,CVE-2016-4769,Broken Authentication,High,8.4,OPS-LAP-0117,No,Open
VUL06560,CVE-2022-52308,Path Traversal,Medium,6.2,OPS-DB-0100,No,In Progress
VUL06561,CVE-2016-35535,Weak Password Policy,Critical,9.6,MKT-DB-0054,No,Won't Fix
VUL06562,CVE-2016-63140,Remote Code Execution,High,7.5,IT-FW-0075,Yes,Patched
VUL06563,CVE-2018-47188,Security Misconfiguration,Medium,5.4,ENG-PRT-0004,No,Won't Fix
VUL06564,CVE-2019-20567,Buffer Overflow,Medium,6.1,MKT-PRT-0043,No,Open
VUL06565,CVE-2021-97599,Command Injection,High,8.5,FIN-DB-0101,Yes,Closed
VUL06566,CVE-2025-29803,Open Redirect,Medium,6.2,SAL-FW-0123,Yes,In Progress
VUL06567,CVE-2016-78616,Path Traversal,Medium,6.9,FIN-IOT-0051,No,Open
VUL06568,CVE-2019-85998,Insecure Direct Object Reference,Medium,4.0,LEG-IOT-0003,No,In Progress
VUL06569,CVE-2018-83797,Privilege Escalation,Low,3.0,LEG-PRT-0012,No,Open
VUL06570,CVE-2024-63747,Remote Code Execution,Low,2.9,IT-LAP-0032,Yes,In Progress
VUL06571,CVE-2016-81542,Privilege Escalation,Critical,9.5,HR-LAP-0030,Yes,Closed
VUL06572,CVE-2024-6476,Unpatched Software,Medium,4.3,LEG-SW-0012,Yes,Patched
VUL06573,CVE-2026-28815,Privilege Escalation,High,7.1,IT-DB-0032,No,In Progress
VUL06574,CVE-2020-14454,Denial of Service,Low,1.8,SAL-PC-0083,No,Open
VUL06575,CVE-2026-2452,Server-Side Request Forgery (SSRF),Low,3.7,IT-RTR-0006,Yes,In Progress
VUL06576,CVE-2025-32468,Open Redirect,Critical,9.5,LEG-DB-0082,Yes,In Progress
VUL06577,CVE-2017-45941,Insecure Deserialization,Medium,5.1,SAL-FW-0098,Yes,Closed
VUL06578,CVE-2015-27072,Privilege Escalation,High,8.7,OPS-SRV-0044,No,In Progress
VUL06579,CVE-2016-11837,XML External Entity (XXE),Medium,4.8,MKT-MOB-0118,Yes,In Progress
VUL06580,CVE-2017-40913,XML External Entity (XXE),Low,0.9,OPS-RTR-0011,No,Won't Fix
VUL06581,CVE-2017-26377,Broken Authentication,High,8.4,HR-PRT-0018,Yes,Patched
VUL06582,CVE-2021-55113,Broken Authentication,Low,2.5,IT-RTR-0010,Yes,Patched
VUL06583,CVE-2020-75732,Buffer Overflow,Medium,5.9,MKT-MOB-0035,Yes,Closed
VUL06584,CVE-2022-70867,Buffer Overflow,Medium,5.9,MKT-RTR-0060,No,Won't Fix
VUL06585,CVE-2016-69562,XML External Entity (XXE),Low,0.7,OPS-RTR-0103,Yes,In Progress
VUL06586,CVE-2022-97813,Privilege Escalation,Low,1.7,LEG-RTR-0073,Yes,Closed
VUL06587,CVE-2020-41783,Weak Password Policy,High,7.4,ENG-PC-0097,Yes,Closed
VUL06588,CVE-2026-7347,Missing Security Patch,High,8.3,IT-DB-0072,Yes,Patched
VUL06589,CVE-2016-39323,Insecure Direct Object Reference,Low,3.0,FIN-PC-0083,No,Won't Fix
VUL06590,CVE-2025-9100,Sensitive Data Exposure,High,8.4,FIN-FW-0112,Yes,Patched
VUL06591,CVE-2015-47061,Command Injection,Low,2.5,HR-PC-0017,Yes,Closed
VUL06592,CVE-2023-78909,Cross-Site Scripting (XSS),Medium,4.4,HR-PRT-0080,Yes,Closed
VUL06593,CVE-2025-16861,Path Traversal,Low,3.2,IT-IOT-0099,No,Open
VUL06594,CVE-2016-85287,Remote Code Execution,High,8.9,OPS-PC-0056,Yes,Patched
VUL06595,CVE-2015-98032,Cross-Site Scripting (XSS),Medium,4.6,OPS-PRT-0086,Yes,Patched
VUL06596,CVE-2022-92968,Cross-Site Scripting (XSS),High,7.4,LEG-RTR-0056,Yes,Patched
VUL06597,CVE-2026-43211,Insecure Deserialization,High,7.7,HR-RTR-0081,No,In Progress
VUL06598,CVE-2018-32268,SQL Injection,Low,3.0,ENG-MOB-0066,Yes,Patched
VUL06599,CVE-2015-45741,Insecure Direct Object Reference,Low,2.5,SAL-MOB-0150,No,Open
VUL06600,CVE-2023-51654,Open Redirect,Medium,4.0,OPS-PRT-0070,Yes,Closed
VUL06601,CVE-2022-23272,Sensitive Data Exposure,High,8.5,IT-IOT-0009,Yes,Patched
VUL06602,CVE-2025-5722,Weak Password Policy,Medium,6.9,SAL-MOB-0133,Yes,Closed
VUL06603,CVE-2025-4689,Server-Side Request Forgery (SSRF),Low,0.7,ENG-FW-0102,No,In Progress
VUL06604,CVE-2017-23583,Insecure Deserialization,Critical,9.6,ENG-LAP-0032,No,Open
VUL06605,CVE-2021-77368,SQL Injection,Critical,9.2,SAL-PRT-0041,Yes,Patched
VUL06606,CVE-2026-72038,Missing Security Patch,Medium,4.1,MKT-PRT-0018,Yes,Closed
VUL06607,CVE-2020-48298,Broken Authentication,Low,3.6,IT-PC-0010,No,Open
VUL06608,CVE-2024-22288,Open Redirect,Medium,5.0,HR-LAP-0063,Yes,Patched
VUL06609,CVE-2025-7854,Sensitive Data Exposure,Medium,5.3,OPS-SRV-0073,No,In Progress
VUL06610,CVE-2024-73244,XML External Entity (XXE),Medium,5.2,LEG-SW-0072,No,Won't Fix
VUL06611,CVE-2024-74662,Insecure Direct Object Reference,High,8.2,FIN-RTR-0079,Yes,Patched
VUL06612,CVE-2024-32390,Cross-Site Scripting (XSS),High,7.4,LEG-LAP-0056,Yes,In Progress
VUL06613,CVE-2024-27258,Outdated SSL/TLS Configuration,Medium,6.2,MKT-IOT-0089,No,Open
VUL06614,CVE-2023-90859,Outdated SSL/TLS Configuration,Medium,6.5,SAL-RTR-0054,No,Open
VUL06615,CVE-2025-4857,Path Traversal,High,7.4,OPS-SRV-0082,No,Open
VUL06616,CVE-2026-41307,Broken Authentication,Medium,5.3,MKT-RTR-0042,No,In Progress
VUL06617,CVE-2026-83553,Insecure Direct Object Reference,Medium,4.8,MKT-DB-0093,No,In Progress
VUL06618,CVE-2019-97510,Unpatched Software,Medium,4.0,ENG-DB-0014,No,Open
VUL06619,CVE-2020-37754,Broken Authentication,Medium,4.4,IT-LAP-0134,Yes,Patched
VUL06620,CVE-2026-56231,Remote Code Execution,High,8.5,OPS-MOB-0011,Yes,In Progress
VUL06621,CVE-2018-35033,Sensitive Data Exposure,Medium,6.1,FIN-MOB-0123,No,Won't Fix
VUL06622,CVE-2018-52048,Command Injection,Medium,5.6,MKT-PC-0023,Yes,Patched
VUL06623,CVE-2016-33398,SQL Injection,Critical,9.5,ENG-LAP-0018,Yes,Patched
VUL06624,CVE-2026-56756,Privilege Escalation,Medium,6.6,LEG-MOB-0093,Yes,Closed
VUL06625,CVE-2015-62522,Remote Code Execution,High,7.5,HR-LAP-0111,No,Won't Fix
VUL06626,CVE-2015-10740,Broken Authentication,Medium,6.9,IT-SW-0066,No,Open
VUL06627,CVE-2020-54965,Missing Security Patch,High,7.2,FIN-FW-0094,Yes,Closed
VUL06628,CVE-2016-61458,Buffer Overflow,Low,1.6,ENG-SRV-0106,Yes,In Progress
VUL06629,CVE-2018-24267,Path Traversal,Medium,5.3,LEG-DB-0026,Yes,In Progress
VUL06630,CVE-2021-8799,Security Misconfiguration,High,8.1,LEG-LAP-0006,No,In Progress
VUL06631,CVE-2020-67647,Open Redirect,High,7.7,IT-MOB-0081,No,In Progress
VUL06632,CVE-2020-41963,Denial of Service,Medium,5.7,IT-LAP-0127,Yes,Closed
VUL06633,CVE-2016-25443,Cross-Site Scripting (XSS),Medium,6.2,SAL-PRT-0045,Yes,Closed
VUL06634,CVE-2020-11036,Cross-Site Scripting (XSS),High,8.1,OPS-DB-0025,No,Open
VUL06635,CVE-2021-97004,Remote Code Execution,Critical,9.2,FIN-PC-0113,Yes,Closed
VUL06636,CVE-2023-67703,Insecure Direct Object Reference,High,8.9,ENG-DB-0023,Yes,Patched
VUL06637,CVE-2022-10086,Unpatched Software,High,8.7,FIN-LAP-0113,Yes,Patched
VUL06638,CVE-2016-19100,Insecure Deserialization,High,8.7,IT-PRT-0116,No,In Progress
VUL06639,CVE-2025-76180,Outdated SSL/TLS Configuration,Low,0.5,ENG-LAP-0036,Yes,In Progress
VUL06640,CVE-2015-62682,Cross-Site Scripting (XSS),Low,0.5,MKT-DB-0038,Yes,In Progress
VUL06641,CVE-2025-36508,Privilege Escalation,High,7.3,SAL-LAP-0004,No,In Progress
VUL06642,CVE-2019-42371,Privilege Escalation,High,7.5,OPS-DB-0058,Yes,Patched
VUL06643,CVE-2026-35197,Buffer Overflow,Medium,4.5,SAL-RTR-0074,No,Won't Fix
VUL06644,CVE-2022-3484,Outdated SSL/TLS Configuration,Medium,5.4,IT-FW-0122,Yes,In Progress
VUL06645,CVE-2024-88032,Privilege Escalation,Low,1.2,SAL-PC-0091,Yes,Patched
VUL06646,CVE-2020-52632,Insecure Deserialization,Medium,5.9,SAL-MOB-0061,No,Open
VUL06647,CVE-2019-93969,Insecure Direct Object Reference,Medium,5.9,OPS-FW-0055,No,Won't Fix
VUL06648,CVE-2020-39249,Weak Password Policy,Medium,5.3,LEG-DB-0123,No,Won't Fix
VUL06649,CVE-2024-51119,Security Misconfiguration,Medium,6.6,ENG-SRV-0148,Yes,Patched
VUL06650,CVE-2020-46419,Insecure Direct Object Reference,Low,0.3,ENG-FW-0014,No,Open
VUL06651,CVE-2020-2397,Path Traversal,Medium,6.6,FIN-SW-0097,No,Won't Fix
VUL06652,CVE-2018-53169,Open Redirect,Medium,6.4,IT-DB-0045,No,Open
VUL06653,CVE-2021-79921,Insecure Direct Object Reference,Low,2.1,HR-FW-0076,Yes,Closed
VUL06654,CVE-2023-45951,SQL Injection,Medium,6.5,OPS-MOB-0004,Yes,Closed
VUL06655,CVE-2019-71893,Remote Code Execution,Critical,9.1,SAL-PRT-0005,No,Open
VUL06656,CVE-2019-19929,XML External Entity (XXE),Low,1.6,ENG-LAP-0037,Yes,Patched
VUL06657,CVE-2023-13263,Remote Code Execution,High,8.7,HR-LAP-0037,Yes,Patched
VUL06658,CVE-2023-83660,Security Misconfiguration,High,7.2,MKT-PRT-0049,Yes,Patched
VUL06659,CVE-2016-35380,Broken Authentication,Medium,5.3,OPS-LAP-0096,No,In Progress
VUL06660,CVE-2025-79613,XML External Entity (XXE),High,8.7,ENG-SW-0105,No,In Progress
VUL06661,CVE-2024-45653,Buffer Overflow,Low,1.1,FIN-PRT-0019,No,In Progress
VUL06662,CVE-2017-35320,Buffer Overflow,High,8.6,MKT-DB-0122,No,Won't Fix
VUL06663,CVE-2024-30021,Unpatched Software,High,8.7,HR-RTR-0070,No,In Progress
VUL06664,CVE-2021-86106,Unpatched Software,Low,3.8,LEG-PRT-0035,No,Won't Fix
VUL06665,CVE-2022-26817,XML External Entity (XXE),High,8.9,IT-SRV-0028,No,Won't Fix
VUL06666,CVE-2021-18832,Remote Code Execution,Medium,6.3,OPS-FW-0011,Yes,In Progress
VUL06667,CVE-2015-19026,Broken Authentication,Low,2.3,OPS-PC-0122,Yes,Closed
VUL06668,CVE-2024-52726,Insecure Direct Object Reference,Medium,4.8,IT-MOB-0123,Yes,Closed
VUL06669,CVE-2021-28633,Cross-Site Scripting (XSS),High,8.3,IT-DB-0001,Yes,Closed
VUL06670,CVE-2020-74488,Missing Security Patch,Low,2.5,IT-FW-0022,No,In Progress
VUL06671,CVE-2019-71647,Cross-Site Scripting (XSS),Critical,9.6,ENG-SW-0040,No,In Progress
VUL06672,CVE-2019-50681,Unpatched Software,High,8.1,SAL-DB-0106,Yes,Closed
VUL06673,CVE-2019-53391,Remote Code Execution,High,7.1,HR-LAP-0007,No,Open
VUL06674,CVE-2016-68446,Path Traversal,High,8.0,FIN-PRT-0030,Yes,Patched
VUL06675,CVE-2020-44354,Server-Side Request Forgery (SSRF),Medium,4.1,OPS-DB-0016,Yes,In Progress
VUL06676,CVE-2016-8748,Buffer Overflow,Medium,6.4,SAL-LAP-0006,No,Open
VUL06677,CVE-2016-82354,Unpatched Software,Low,0.3,FIN-PRT-0041,Yes,Closed
VUL06678,CVE-2024-9191,Broken Authentication,Low,0.9,FIN-DB-0075,Yes,Patched
VUL06679,CVE-2022-83873,XML External Entity (XXE),Critical,9.4,FIN-LAP-0073,No,In Progress
VUL06680,CVE-2020-88278,Unpatched Software,High,7.0,LEG-FW-0029,No,In Progress
VUL06681,CVE-2020-4769,Open Redirect,Medium,5.6,LEG-DB-0060,No,Won't Fix
VUL06682,CVE-2020-11621,Remote Code Execution,High,7.4,LEG-RTR-0097,No,Won't Fix
VUL06683,CVE-2024-45023,Path Traversal,Medium,5.0,LEG-PRT-0119,No,Open
VUL06684,CVE-2019-58096,Cross-Site Scripting (XSS),Low,2.3,SAL-PRT-0090,No,Won't Fix
VUL06685,CVE-2017-92373,Outdated SSL/TLS Configuration,Medium,6.3,HR-FW-0034,No,In Progress
VUL06686,CVE-2021-92365,SQL Injection,Medium,4.7,MKT-IOT-0033,No,Open
VUL06687,CVE-2023-9246,Security Misconfiguration,High,7.8,MKT-IOT-0004,Yes,Closed
VUL06688,CVE-2017-69116,Sensitive Data Exposure,Medium,6.3,OPS-PRT-0002,No,In Progress
VUL06689,CVE-2015-13749,Sensitive Data Exposure,High,7.4,ENG-RTR-0014,Yes,Closed
VUL06690,CVE-2019-77275,Insecure Direct Object Reference,High,8.2,OPS-PRT-0056,Yes,In Progress
VUL06691,CVE-2019-49294,Cross-Site Scripting (XSS),High,7.8,FIN-LAP-0067,Yes,In Progress
VUL06692,CVE-2021-21862,Denial of Service,High,7.4,IT-DB-0075,Yes,Closed
VUL06693,CVE-2021-23373,Privilege Escalation,Medium,4.5,ENG-PRT-0049,Yes,Patched
VUL06694,CVE-2019-99374,Missing Security Patch,High,7.1,LEG-PRT-0024,Yes,In Progress
VUL06695,CVE-2025-89087,Privilege Escalation,Medium,5.5,ENG-LAP-0057,Yes,In Progress
VUL06696,CVE-2023-3348,Unpatched Software,Medium,4.3,MKT-PC-0103,Yes,Patched
VUL06697,CVE-2024-89542,Outdated SSL/TLS Configuration,High,7.6,MKT-SW-0070,Yes,Closed
VUL06698,CVE-2025-61723,Server-Side Request Forgery (SSRF),Critical,9.3,SAL-PC-0038,Yes,Closed
VUL06699,CVE-2022-10878,Command Injection,High,7.9,IT-SW-0025,Yes,In Progress
VUL06700,CVE-2019-39273,Buffer Overflow,Low,0.1,ENG-SW-0045,No,Open
VUL06701,CVE-2019-13937,Remote Code Execution,High,8.8,SAL-IOT-0054,Yes,Closed
VUL06702,CVE-2018-60484,Sensitive Data Exposure,Low,3.8,ENG-DB-0014,No,In Progress
VUL06703,CVE-2026-63487,Buffer Overflow,High,7.4,HR-IOT-0075,Yes,Closed
VUL06704,CVE-2016-62551,Weak Password Policy,Medium,5.6,SAL-RTR-0039,No,Open
VUL06705,CVE-2023-1453,Open Redirect,High,8.6,ENG-MOB-0112,No,In Progress
VUL06706,CVE-2022-17998,Insecure Direct Object Reference,High,8.2,SAL-DB-0111,No,Won't Fix
VUL06707,CVE-2024-49730,Sensitive Data Exposure,Medium,4.8,OPS-IOT-0043,Yes,Patched
VUL06708,CVE-2018-51430,Server-Side Request Forgery (SSRF),Medium,6.1,HR-DB-0083,No,Open
VUL06709,CVE-2024-97545,Outdated SSL/TLS Configuration,High,8.2,ENG-SW-0006,Yes,In Progress
VUL06710,CVE-2015-60804,Privilege Escalation,High,7.8,OPS-DB-0061,Yes,In Progress
VUL06711,CVE-2024-70042,Remote Code Execution,Medium,6.2,OPS-IOT-0064,Yes,Closed
VUL06712,CVE-2017-95795,Path Traversal,High,8.6,FIN-SRV-0081,Yes,Closed
VUL06713,CVE-2019-97876,Insecure Deserialization,High,7.6,LEG-PRT-0004,Yes,Closed
VUL06714,CVE-2017-90649,Open Redirect,Critical,9.3,OPS-PRT-0057,Yes,Patched
VUL06715,CVE-2015-30745,Insecure Direct Object Reference,High,7.0,OPS-SW-0052,Yes,Closed
VUL06716,CVE-2020-90046,Outdated SSL/TLS Configuration,Medium,5.4,HR-SW-0063,No,Open
VUL06717,CVE-2021-99344,Outdated SSL/TLS Configuration,High,8.1,SAL-PC-0108,No,Open
VUL06718,CVE-2022-47491,XML External Entity (XXE),High,8.7,MKT-PC-0036,Yes,Closed
VUL06719,CVE-2018-29203,Outdated SSL/TLS Configuration,Low,0.2,OPS-RTR-0084,Yes,Patched
VUL06720,CVE-2015-27449,Path Traversal,Critical,9.4,SAL-RTR-0091,Yes,In Progress
VUL06721,CVE-2018-57524,Path Traversal,Critical,9.5,IT-PRT-0056,Yes,Patched
VUL06722,CVE-2015-30489,Path Traversal,Low,3.7,IT-SW-0042,Yes,Patched
VUL06723,CVE-2017-90481,Outdated SSL/TLS Configuration,Medium,5.6,LEG-IOT-0068,Yes,Patched
VUL06724,CVE-2015-89722,Outdated SSL/TLS Configuration,High,7.6,LEG-PC-0043,No,Open
VUL06725,CVE-2019-93289,Outdated SSL/TLS Configuration,Medium,6.1,IT-LAP-0087,No,Open
VUL06726,CVE-2020-15109,Server-Side Request Forgery (SSRF),High,7.4,OPS-LAP-0056,Yes,Patched
VUL06727,CVE-2019-67592,Outdated SSL/TLS Configuration,Critical,10.0,HR-IOT-0052,No,Open
VUL06728,CVE-2026-13848,Path Traversal,High,7.5,ENG-PC-0084,Yes,In Progress
VUL06729,CVE-2018-70096,Insecure Deserialization,Medium,6.4,SAL-DB-0051,No,Open
VUL06730,CVE-2017-99857,SQL Injection,Medium,4.8,LEG-SW-0085,Yes,Patched
VUL06731,CVE-2023-87224,Remote Code Execution,High,8.2,FIN-SW-0126,Yes,Closed
VUL06732,CVE-2017-49166,Remote Code Execution,High,8.2,LEG-DB-0098,Yes,Closed
VUL06733,CVE-2019-55532,Open Redirect,Low,3.8,FIN-PC-0067,Yes,Patched
VUL06734,CVE-2015-16721,Missing Security Patch,Critical,9.9,LEG-SRV-0101,Yes,In Progress
VUL06735,CVE-2026-82668,Broken Authentication,Medium,4.1,IT-PC-0028,No,Won't Fix
VUL06736,CVE-2020-9384,Sensitive Data Exposure,Medium,6.2,SAL-MOB-0021,No,Won't Fix
VUL06737,CVE-2021-82148,Command Injection,Medium,4.7,LEG-FW-0032,Yes,In Progress
VUL06738,CVE-2015-99894,Denial of Service,Medium,5.8,ENG-PC-0051,Yes,Closed
VUL06739,CVE-2019-96634,Insecure Deserialization,Critical,9.2,MKT-IOT-0097,Yes,In Progress
VUL06740,CVE-2023-4079,Sensitive Data Exposure,Low,0.1,OPS-PC-0127,Yes,In Progress
VUL06741,CVE-2018-79496,Insecure Direct Object Reference,Medium,4.2,HR-IOT-0047,No,Won't Fix
VUL06742,CVE-2016-42186,Privilege Escalation,Low,2.6,FIN-LAP-0110,Yes,Patched
VUL06743,CVE-2026-68454,Sensitive Data Exposure,Critical,9.1,ENG-LAP-0003,Yes,Patched
VUL06744,CVE-2023-58087,Open Redirect,Low,2.6,ENG-PRT-0004,No,Open
VUL06745,CVE-2025-51832,Unpatched Software,Low,1.9,SAL-LAP-0044,Yes,In Progress
VUL06746,CVE-2025-84274,Outdated SSL/TLS Configuration,Low,2.9,FIN-DB-0081,No,Open
VUL06747,CVE-2019-63374,Unpatched Software,Critical,9.2,LEG-FW-0042,No,Won't Fix
VUL06748,CVE-2021-32130,Remote Code Execution,Medium,4.5,IT-IOT-0060,Yes,Closed
VUL06749,CVE-2022-54342,Privilege Escalation,High,8.3,LEG-IOT-0107,Yes,In Progress
VUL06750,CVE-2021-77793,Unpatched Software,Critical,9.4,LEG-IOT-0106,Yes,Patched
VUL06751,CVE-2021-48873,Missing Security Patch,High,8.0,ENG-FW-0010,Yes,Closed
VUL06752,CVE-2018-69031,Denial of Service,High,7.3,ENG-MOB-0082,Yes,Closed
VUL06753,CVE-2023-38034,Open Redirect,Medium,6.3,ENG-SW-0120,Yes,Patched
VUL06754,CVE-2016-41095,Insecure Direct Object Reference,Low,2.4,ENG-MOB-0139,No,Won't Fix
VUL06755,CVE-2016-75311,Security Misconfiguration,Medium,4.9,ENG-SRV-0143,Yes,Patched
VUL06756,CVE-2022-35510,Denial of Service,Low,3.6,HR-LAP-0097,No,In Progress
VUL06757,CVE-2023-18091,XML External Entity (XXE),Medium,5.0,OPS-IOT-0029,Yes,Patched
VUL06758,CVE-2017-60451,XML External Entity (XXE),Medium,6.1,FIN-IOT-0090,No,Won't Fix
VUL06759,CVE-2015-37692,XML External Entity (XXE),Low,2.2,ENG-LAP-0113,No,Open
VUL06760,CVE-2026-71782,Buffer Overflow,High,7.6,MKT-FW-0071,No,Won't Fix
VUL06761,CVE-2020-96192,Remote Code Execution,Low,0.8,OPS-SW-0127,Yes,In Progress
VUL06762,CVE-2022-43030,Server-Side Request Forgery (SSRF),Medium,5.2,LEG-MOB-0001,Yes,In Progress
VUL06763,CVE-2019-76038,Sensitive Data Exposure,Critical,9.1,IT-RTR-0059,No,Open
VUL06764,CVE-2018-7860,Cross-Site Scripting (XSS),High,7.7,SAL-FW-0039,Yes,Closed
VUL06765,CVE-2015-36708,Path Traversal,High,7.0,ENG-SRV-0128,No,Open
VUL06766,CVE-2021-86002,SQL Injection,High,7.4,HR-LAP-0037,No,Won't Fix
VUL06767,CVE-2016-95777,Cross-Site Scripting (XSS),Critical,9.3,LEG-SRV-0072,Yes,In Progress
VUL06768,CVE-2019-81448,Weak Password Policy,Critical,9.3,IT-SRV-0112,No,In Progress
VUL06769,CVE-2015-58844,Open Redirect,High,8.9,HR-LAP-0114,Yes,Patched
VUL06770,CVE-2026-90423,Denial of Service,Medium,5.3,HR-PC-0076,No,Open
VUL06771,CVE-2018-1106,Missing Security Patch,Medium,5.3,ENG-PC-0091,No,Won't Fix
VUL06772,CVE-2020-65440,Security Misconfiguration,Critical,9.2,FIN-IOT-0066,No,Won't Fix
VUL06773,CVE-2017-34867,Buffer Overflow,High,7.5,SAL-SW-0080,Yes,Patched
VUL06774,CVE-2019-41505,Denial of Service,Medium,4.1,OPS-FW-0010,Yes,Patched
VUL06775,CVE-2024-15323,Insecure Deserialization,High,8.3,MKT-MOB-0048,No,Open
VUL06776,CVE-2016-88951,Cross-Site Scripting (XSS),Critical,9.4,MKT-SW-0002,Yes,Closed
VUL06777,CVE-2023-24433,Remote Code Execution,Medium,4.6,LEG-PRT-0058,Yes,Closed
VUL06778,CVE-2019-12686,Server-Side Request Forgery (SSRF),Medium,6.1,LEG-PC-0075,Yes,Closed
VUL06779,CVE-2018-84464,Denial of Service,Low,0.2,HR-LAP-0035,No,Open
VUL06780,CVE-2022-97135,Outdated SSL/TLS Configuration,Medium,4.6,SAL-MOB-0024,Yes,Patched
VUL06781,CVE-2025-93701,Denial of Service,High,8.4,LEG-FW-0055,Yes,In Progress
VUL06782,CVE-2016-2238,XML External Entity (XXE),High,8.0,MKT-DB-0055,No,Won't Fix
VUL06783,CVE-2015-82498,Cross-Site Scripting (XSS),High,8.1,OPS-PRT-0104,No,In Progress
VUL06784,CVE-2018-79945,Denial of Service,Critical,9.8,FIN-SW-0079,No,In Progress
VUL06785,CVE-2019-52717,Buffer Overflow,High,7.0,OPS-DB-0057,No,Open
VUL06786,CVE-2020-16457,Privilege Escalation,High,7.1,LEG-SRV-0053,Yes,In Progress
VUL06787,CVE-2025-50184,Command Injection,Medium,5.6,IT-SRV-0016,Yes,Patched
VUL06788,CVE-2016-95890,Server-Side Request Forgery (SSRF),High,7.2,OPS-RTR-0052,No,Won't Fix
VUL06789,CVE-2023-66558,Buffer Overflow,Low,0.4,SAL-PRT-0047,Yes,Closed
VUL06790,CVE-2019-93640,Security Misconfiguration,Medium,6.5,SAL-SW-0094,No,Open
VUL06791,CVE-2021-67802,Open Redirect,High,8.4,ENG-SW-0102,Yes,In Progress
VUL06792,CVE-2026-73961,Server-Side Request Forgery (SSRF),Medium,5.9,SAL-IOT-0068,No,Won't Fix
VUL06793,CVE-2018-4731,Sensitive Data Exposure,High,7.6,MKT-RTR-0065,Yes,Patched
VUL06794,CVE-2021-38185,Missing Security Patch,Critical,9.0,IT-DB-0009,Yes,Patched
VUL06795,CVE-2019-62564,Server-Side Request Forgery (SSRF),High,8.6,IT-DB-0123,Yes,Patched
VUL06796,CVE-2017-42147,XML External Entity (XXE),Medium,6.7,OPS-PRT-0092,No,In Progress
VUL06797,CVE-2018-6621,Command Injection,High,8.7,LEG-FW-0061,Yes,Closed
VUL06798,CVE-2024-94703,Insecure Direct Object Reference,Low,0.4,ENG-LAP-0101,Yes,In Progress
VUL06799,CVE-2017-31306,SQL Injection,High,8.7,OPS-FW-0131,Yes,Patched
VUL06800,CVE-2021-54705,XML External Entity (XXE),Medium,4.2,OPS-SW-0068,Yes,Patched
VUL06801,CVE-2022-74738,Missing Security Patch,Medium,5.4,LEG-LAP-0005,Yes,In Progress
VUL06802,CVE-2021-50656,Sensitive Data Exposure,High,8.5,LEG-DB-0126,No,In Progress
VUL06803,CVE-2026-9586,SQL Injection,Low,2.6,HR-SW-0073,Yes,Patched
VUL06804,CVE-2025-4665,SQL Injection,Medium,5.6,FIN-PRT-0016,Yes,Closed
VUL06805,CVE-2020-40024,Open Redirect,High,8.7,MKT-PC-0105,No,Won't Fix
VUL06806,CVE-2025-34905,Missing Security Patch,High,8.2,ENG-DB-0104,Yes,Closed
VUL06807,CVE-2017-46694,Sensitive Data Exposure,High,8.6,LEG-LAP-0088,No,In Progress
VUL06808,CVE-2023-53233,Insecure Deserialization,Medium,6.4,LEG-SRV-0001,No,In Progress
VUL06809,CVE-2018-90849,Insecure Direct Object Reference,Low,0.4,HR-RTR-0006,Yes,Closed
VUL06810,CVE-2023-74996,Broken Authentication,Medium,5.6,HR-PRT-0093,Yes,Patched
VUL06811,CVE-2026-42670,Unpatched Software,Medium,6.2,MKT-LAP-0078,No,In Progress
VUL06812,CVE-2026-28693,Security Misconfiguration,Critical,9.5,FIN-SRV-0058,No,Won't Fix
VUL06813,CVE-2024-9951,Server-Side Request Forgery (SSRF),High,8.6,IT-PC-0103,No,Open
VUL06814,CVE-2015-25892,Security Misconfiguration,Critical,9.3,SAL-FW-0020,Yes,Closed
VUL06815,CVE-2022-55449,Weak Password Policy,High,7.1,IT-MOB-0113,No,Won't Fix
VUL06816,CVE-2018-31440,Privilege Escalation,High,7.9,FIN-LAP-0087,No,Won't Fix
VUL06817,CVE-2019-14558,Security Misconfiguration,Low,1.1,IT-SW-0110,No,Won't Fix
VUL06818,CVE-2022-36152,Missing Security Patch,High,7.6,MKT-PC-0092,Yes,Patched
VUL06819,CVE-2025-53985,SQL Injection,Critical,9.1,IT-LAP-0056,Yes,Closed
VUL06820,CVE-2023-98255,Path Traversal,High,7.6,OPS-DB-0070,No,Open
VUL06821,CVE-2022-45624,Path Traversal,Medium,4.0,IT-RTR-0071,Yes,In Progress
VUL06822,CVE-2017-30918,SQL Injection,Critical,9.9,IT-DB-0063,No,In Progress
VUL06823,CVE-2023-61315,Broken Authentication,High,8.2,IT-FW-0001,Yes,In Progress
VUL06824,CVE-2018-3059,Security Misconfiguration,Medium,6.0,IT-DB-0077,Yes,Patched
VUL06825,CVE-2019-68214,Unpatched Software,Low,1.7,SAL-SRV-0068,No,Won't Fix
VUL06826,CVE-2022-98863,Buffer Overflow,Low,1.4,ENG-LAP-0103,Yes,Patched
VUL06827,CVE-2025-64654,Weak Password Policy,Medium,6.9,FIN-DB-0014,Yes,In Progress
VUL06828,CVE-2026-48472,Path Traversal,Low,0.1,SAL-SW-0055,Yes,Closed
VUL06829,CVE-2026-18960,Cross-Site Scripting (XSS),Low,2.4,IT-RTR-0060,No,In Progress
VUL06830,CVE-2025-28797,Sensitive Data Exposure,Medium,4.8,SAL-IOT-0057,No,In Progress
VUL06831,CVE-2025-27874,Remote Code Execution,Critical,9.4,SAL-PC-0067,No,Won't Fix
VUL06832,CVE-2026-70344,Unpatched Software,High,8.9,ENG-MOB-0030,Yes,In Progress
VUL06833,CVE-2022-57060,Sensitive Data Exposure,High,8.3,IT-DB-0057,Yes,Closed
VUL06834,CVE-2021-44623,SQL Injection,Medium,5.5,ENG-SW-0083,No,In Progress
VUL06835,CVE-2024-39485,Unpatched Software,Critical,9.9,MKT-FW-0027,Yes,Closed
VUL06836,CVE-2026-62698,Open Redirect,Low,1.0,IT-RTR-0125,Yes,Closed
VUL06837,CVE-2026-56424,Denial of Service,High,8.5,LEG-DB-0034,Yes,In Progress
VUL06838,CVE-2024-92499,Server-Side Request Forgery (SSRF),Medium,6.5,FIN-PC-0094,Yes,Patched
VUL06839,CVE-2021-6291,Unpatched Software,Low,2.3,IT-PRT-0107,No,Won't Fix
VUL06840,CVE-2019-72916,Privilege Escalation,High,8.0,OPS-MOB-0096,Yes,In Progress
VUL06841,CVE-2022-45944,Buffer Overflow,Medium,6.0,OPS-SW-0028,Yes,Patched
VUL06842,CVE-2022-6638,Outdated SSL/TLS Configuration,High,7.8,IT-PC-0088,Yes,Closed
VUL06843,CVE-2026-75459,Missing Security Patch,Critical,9.7,ENG-DB-0104,Yes,In Progress
VUL06844,CVE-2016-28242,Sensitive Data Exposure,Medium,5.6,LEG-FW-0040,Yes,Patched
VUL06845,CVE-2017-23716,SQL Injection,Low,0.2,SAL-PC-0023,No,Open
VUL06846,CVE-2022-42403,Outdated SSL/TLS Configuration,Medium,5.8,SAL-MOB-0062,Yes,In Progress
VUL06847,CVE-2018-71479,Missing Security Patch,Medium,5.3,OPS-FW-0056,Yes,Closed
VUL06848,CVE-2021-79611,Sensitive Data Exposure,High,8.8,LEG-LAP-0042,No,Open
VUL06849,CVE-2023-13375,Path Traversal,Medium,4.0,HR-MOB-0043,Yes,In Progress
VUL06850,CVE-2017-30726,Outdated SSL/TLS Configuration,Medium,5.4,ENG-LAP-0021,No,Open
VUL06851,CVE-2018-60584,SQL Injection,High,7.5,IT-SW-0016,Yes,Closed
VUL06852,CVE-2021-31440,Path Traversal,Medium,6.1,MKT-FW-0058,Yes,Patched
VUL06853,CVE-2022-21708,Outdated SSL/TLS Configuration,Medium,6.8,ENG-DB-0107,Yes,Closed
VUL06854,CVE-2022-45924,Insecure Deserialization,Medium,4.9,ENG-DB-0120,No,Open
VUL06855,CVE-2019-38657,Security Misconfiguration,Medium,4.2,HR-DB-0045,Yes,Closed
VUL06856,CVE-2015-48915,Path Traversal,High,8.4,LEG-FW-0115,Yes,Patched
VUL06857,CVE-2025-16423,Remote Code Execution,Medium,5.1,IT-LAP-0083,Yes,In Progress
VUL06858,CVE-2024-3312,Weak Password Policy,Medium,6.7,HR-IOT-0022,No,Open
VUL06859,CVE-2023-59326,Weak Password Policy,Medium,6.1,LEG-SRV-0044,No,Open
VUL06860,CVE-2026-71564,Outdated SSL/TLS Configuration,High,8.5,OPS-RTR-0088,Yes,Closed
VUL06861,CVE-2018-87106,Insecure Deserialization,Low,2.6,MKT-PC-0056,Yes,Patched
VUL06862,CVE-2024-20952,Insecure Deserialization,Medium,6.5,MKT-DB-0054,Yes,Patched
VUL06863,CVE-2017-11597,Privilege Escalation,Medium,6.8,SAL-SW-0116,Yes,In Progress
VUL06864,CVE-2018-50352,SQL Injection,Critical,9.6,FIN-PRT-0042,Yes,Patched
VUL06865,CVE-2016-45718,Outdated SSL/TLS Configuration,High,8.3,MKT-LAP-0107,Yes,In Progress
VUL06866,CVE-2024-11478,Insecure Deserialization,High,8.8,LEG-RTR-0069,Yes,In Progress
VUL06867,CVE-2019-96474,Unpatched Software,Low,3.6,IT-PC-0068,Yes,Patched
VUL06868,CVE-2025-86402,Buffer Overflow,Medium,5.5,OPS-PC-0045,Yes,Closed
VUL06869,CVE-2020-31995,Open Redirect,Medium,6.1,ENG-SRV-0066,Yes,In Progress
VUL06870,CVE-2025-66946,Sensitive Data Exposure,Low,0.4,IT-LAP-0088,Yes,Closed
VUL06871,CVE-2018-38119,Weak Password Policy,Medium,4.5,FIN-PRT-0029,Yes,Closed
VUL06872,CVE-2015-66168,Insecure Direct Object Reference,Medium,4.8,ENG-RTR-0114,Yes,In Progress
VUL06873,CVE-2023-29696,Command Injection,Medium,5.2,LEG-RTR-0061,No,Open
VUL06874,CVE-2016-99974,Privilege Escalation,Medium,5.9,HR-PRT-0004,Yes,Patched
VUL06875,CVE-2020-94839,Denial of Service,Medium,5.4,IT-PC-0109,Yes,Patched
VUL06876,CVE-2023-57656,SQL Injection,Critical,9.8,OPS-PC-0098,No,Won't Fix
VUL06877,CVE-2017-63625,Buffer Overflow,High,7.8,HR-PC-0060,No,Won't Fix
VUL06878,CVE-2024-85208,Cross-Site Scripting (XSS),Medium,4.5,MKT-RTR-0081,Yes,Closed
VUL06879,CVE-2022-5435,SQL Injection,Critical,9.7,SAL-SRV-0061,No,In Progress
VUL06880,CVE-2017-19083,Open Redirect,High,7.1,FIN-IOT-0105,No,Open
VUL06881,CVE-2026-14838,Path Traversal,Low,0.9,SAL-IOT-0071,No,Open
VUL06882,CVE-2025-99697,Insecure Deserialization,High,7.3,OPS-LAP-0102,No,In Progress
VUL06883,CVE-2018-66604,Sensitive Data Exposure,Low,3.7,FIN-IOT-0117,No,Won't Fix
VUL06884,CVE-2023-17078,Buffer Overflow,Medium,4.2,ENG-LAP-0108,No,Won't Fix
VUL06885,CVE-2022-8196,Denial of Service,High,8.5,SAL-MOB-0034,No,Open
VUL06886,CVE-2020-31941,Open Redirect,Low,1.7,OPS-SW-0050,No,Open
VUL06887,CVE-2018-72070,Broken Authentication,Medium,4.6,ENG-DB-0064,No,Open
VUL06888,CVE-2026-19517,Missing Security Patch,Medium,5.7,SAL-SRV-0116,Yes,In Progress
VUL06889,CVE-2024-60896,Server-Side Request Forgery (SSRF),High,7.4,ENG-IOT-0061,Yes,Closed
VUL06890,CVE-2026-17222,Security Misconfiguration,Medium,5.4,HR-MOB-0013,No,In Progress
VUL06891,CVE-2021-90480,Cross-Site Scripting (XSS),Critical,9.4,LEG-SRV-0102,No,Won't Fix
VUL06892,CVE-2026-96796,Missing Security Patch,Medium,4.6,FIN-LAP-0070,No,Open
VUL06893,CVE-2020-60138,Server-Side Request Forgery (SSRF),Medium,6.7,ENG-SRV-0005,Yes,In Progress
VUL06894,CVE-2019-92511,Privilege Escalation,Medium,5.7,OPS-SRV-0058,Yes,In Progress
VUL06895,CVE-2019-90868,Insecure Deserialization,High,7.5,IT-FW-0084,No,Won't Fix
VUL06896,CVE-2015-40283,Insecure Deserialization,Medium,5.2,FIN-LAP-0051,Yes,Patched
VUL06897,CVE-2021-66135,Insecure Direct Object Reference,Medium,6.4,HR-RTR-0026,Yes,Patched
VUL06898,CVE-2025-66637,Sensitive Data Exposure,Medium,4.4,LEG-SW-0069,Yes,Patched
VUL06899,CVE-2016-79263,Unpatched Software,Low,1.2,IT-IOT-0120,No,In Progress
VUL06900,CVE-2015-31367,Remote Code Execution,Low,2.5,IT-SRV-0129,Yes,Closed
VUL06901,CVE-2026-93941,Insecure Direct Object Reference,Medium,4.1,SAL-MOB-0097,Yes,Closed
VUL06902,CVE-2021-21869,Remote Code Execution,High,8.6,ENG-SRV-0086,Yes,Patched
VUL06903,CVE-2019-22461,Command Injection,Medium,5.5,IT-IOT-0006,Yes,In Progress
VUL06904,CVE-2024-84744,Broken Authentication,Medium,6.3,MKT-LAP-0029,No,Open
VUL06905,CVE-2024-21850,Weak Password Policy,Medium,4.5,OPS-RTR-0014,No,Open
VUL06906,CVE-2020-33589,Denial of Service,Critical,9.3,ENG-LAP-0100,Yes,Closed
VUL06907,CVE-2026-2746,Denial of Service,Medium,4.1,MKT-SRV-0064,Yes,Closed
VUL06908,CVE-2018-65377,Sensitive Data Exposure,Medium,5.4,OPS-RTR-0070,Yes,In Progress
VUL06909,CVE-2024-74789,Outdated SSL/TLS Configuration,High,7.3,FIN-MOB-0008,No,In Progress
VUL06910,CVE-2017-19482,Open Redirect,Critical,9.2,OPS-IOT-0086,Yes,Patched
VUL06911,CVE-2019-85540,Broken Authentication,Medium,6.4,ENG-RTR-0116,No,Won't Fix
VUL06912,CVE-2018-61546,Buffer Overflow,Medium,4.8,MKT-SRV-0017,No,Won't Fix
VUL06913,CVE-2017-74627,Privilege Escalation,Medium,5.3,HR-SW-0026,No,Won't Fix
VUL06914,CVE-2025-70307,Broken Authentication,Medium,4.3,OPS-PC-0022,No,Open
VUL06915,CVE-2022-44820,Buffer Overflow,Low,1.7,MKT-MOB-0103,No,In Progress
VUL06916,CVE-2018-87183,Insecure Deserialization,High,7.8,HR-MOB-0089,Yes,Closed
VUL06917,CVE-2018-99552,Weak Password Policy,Medium,6.6,ENG-MOB-0073,Yes,Closed
VUL06918,CVE-2017-72235,Cross-Site Scripting (XSS),Medium,5.4,FIN-IOT-0117,No,In Progress
VUL06919,CVE-2020-90509,Broken Authentication,Medium,4.2,OPS-MOB-0003,Yes,Patched
VUL06920,CVE-2025-48440,Denial of Service,High,8.7,IT-IOT-0006,No,Open
VUL06921,CVE-2024-5545,Insecure Deserialization,Medium,5.7,IT-LAP-0109,Yes,Closed
VUL06922,CVE-2023-77523,Server-Side Request Forgery (SSRF),Medium,6.3,SAL-PC-0028,Yes,Patched
VUL06923,CVE-2018-38870,Weak Password Policy,Medium,6.8,OPS-PRT-0099,Yes,Patched
VUL06924,CVE-2021-18188,Path Traversal,Critical,10.0,IT-SRV-0121,No,Won't Fix
VUL06925,CVE-2018-1306,Path Traversal,High,8.6,HR-MOB-0007,Yes,In Progress
VUL06926,CVE-2025-10233,Missing Security Patch,Medium,4.9,IT-PC-0066,No,In Progress
VUL06927,CVE-2016-4972,Denial of Service,High,8.2,IT-LAP-0041,No,Won't Fix
VUL06928,CVE-2020-53665,Denial of Service,Low,2.6,HR-PRT-0033,Yes,In Progress
VUL06929,CVE-2018-20864,Security Misconfiguration,Low,1.4,SAL-RTR-0122,Yes,Patched
VUL06930,CVE-2019-54897,Weak Password Policy,Medium,4.1,ENG-DB-0042,Yes,Patched
VUL06931,CVE-2015-49468,Weak Password Policy,Critical,9.5,IT-RTR-0068,Yes,Patched
VUL06932,CVE-2026-16644,Insecure Deserialization,Medium,5.4,MKT-SRV-0110,Yes,Closed
VUL06933,CVE-2021-86916,Insecure Deserialization,Low,0.5,LEG-FW-0088,Yes,Patched
VUL06934,CVE-2024-45484,Open Redirect,High,8.8,HR-PC-0083,Yes,Patched
VUL06935,CVE-2024-87034,Missing Security Patch,High,8.1,IT-PRT-0094,Yes,Patched
VUL06936,CVE-2017-73707,Insecure Deserialization,High,8.2,LEG-DB-0108,Yes,In Progress
VUL06937,CVE-2018-88191,Outdated SSL/TLS Configuration,Medium,4.6,SAL-PC-0040,No,In Progress
VUL06938,CVE-2019-83909,Open Redirect,Medium,4.9,MKT-FW-0110,Yes,Closed
VUL06939,CVE-2025-41284,Path Traversal,High,7.6,IT-SW-0031,Yes,Patched
VUL06940,CVE-2025-23963,Weak Password Policy,Medium,5.0,LEG-RTR-0082,No,Open
VUL06941,CVE-2025-10339,Denial of Service,Medium,6.2,LEG-PC-0002,No,Open
VUL06942,CVE-2015-98492,Path Traversal,Low,1.4,FIN-IOT-0021,Yes,Closed
VUL06943,CVE-2021-25191,Insecure Deserialization,Medium,6.2,MKT-PRT-0096,Yes,Closed
VUL06944,CVE-2016-50445,Broken Authentication,Low,1.4,IT-SW-0101,No,In Progress
VUL06945,CVE-2015-87062,Sensitive Data Exposure,Low,3.7,ENG-PC-0068,Yes,Closed
VUL06946,CVE-2024-10050,Insecure Direct Object Reference,Low,3.3,ENG-SRV-0098,No,Won't Fix
VUL06947,CVE-2024-49648,Insecure Direct Object Reference,Critical,9.8,MKT-PC-0097,No,Open
VUL06948,CVE-2018-36523,Broken Authentication,Critical,9.5,OPS-SRV-0073,Yes,Patched
VUL06949,CVE-2023-17036,Insecure Direct Object Reference,High,8.6,SAL-FW-0125,Yes,Closed
VUL06950,CVE-2016-56803,Buffer Overflow,High,7.1,MKT-SW-0017,Yes,Closed
VUL06951,CVE-2026-91645,Sensitive Data Exposure,High,8.9,LEG-MOB-0080,Yes,Patched
VUL06952,CVE-2020-95728,Buffer Overflow,Medium,4.6,HR-SRV-0011,Yes,Patched
VUL06953,CVE-2025-43175,Server-Side Request Forgery (SSRF),High,7.8,MKT-PC-0094,Yes,In Progress
VUL06954,CVE-2022-57256,Sensitive Data Exposure,High,8.6,IT-IOT-0111,No,In Progress
VUL06955,CVE-2026-66038,Weak Password Policy,Critical,9.9,OPS-PRT-0096,Yes,In Progress
VUL06956,CVE-2023-71178,Command Injection,Medium,4.6,FIN-MOB-0124,Yes,In Progress
VUL06957,CVE-2026-79912,Outdated SSL/TLS Configuration,Medium,6.4,OPS-IOT-0049,Yes,Patched
VUL06958,CVE-2019-17503,Insecure Deserialization,High,8.3,LEG-LAP-0105,Yes,Closed
VUL06959,CVE-2018-94995,Unpatched Software,Low,1.2,OPS-SW-0085,No,In Progress
VUL06960,CVE-2021-76131,Path Traversal,High,8.4,OPS-SW-0047,Yes,Patched
VUL06961,CVE-2026-33714,Server-Side Request Forgery (SSRF),Critical,9.3,ENG-PC-0009,Yes,Closed
VUL06962,CVE-2016-63089,Cross-Site Scripting (XSS),Medium,6.1,OPS-RTR-0015,No,In Progress
VUL06963,CVE-2017-40793,Buffer Overflow,Medium,4.2,ENG-FW-0099,No,Open
VUL06964,CVE-2020-88636,Insecure Direct Object Reference,Medium,5.4,OPS-RTR-0084,Yes,In Progress
VUL06965,CVE-2023-38828,Open Redirect,Low,3.6,ENG-SRV-0042,No,Won't Fix
VUL06966,CVE-2018-70938,Remote Code Execution,High,8.0,SAL-MOB-0081,Yes,Patched
VUL06967,CVE-2019-19091,Missing Security Patch,Medium,4.5,ENG-MOB-0078,Yes,Closed
VUL06968,CVE-2023-99662,Path Traversal,High,8.0,OPS-PRT-0081,No,Won't Fix
VUL06969,CVE-2017-29236,Unpatched Software,Critical,9.6,ENG-FW-0095,No,Won't Fix
VUL06970,CVE-2025-93109,Remote Code Execution,Low,1.4,OPS-IOT-0070,Yes,Closed
VUL06971,CVE-2022-60207,Remote Code Execution,High,8.2,SAL-PC-0076,Yes,In Progress
VUL06972,CVE-2024-14372,Command Injection,Medium,5.5,SAL-PRT-0010,Yes,Closed
VUL06973,CVE-2022-8795,XML External Entity (XXE),Low,1.1,HR-PRT-0033,No,Open
VUL06974,CVE-2017-54034,Insecure Deserialization,Medium,5.9,MKT-RTR-0010,No,Open
VUL06975,CVE-2023-85994,SQL Injection,Medium,5.0,MKT-RTR-0053,Yes,Patched
VUL06976,CVE-2016-91646,Server-Side Request Forgery (SSRF),Medium,4.7,MKT-FW-0026,Yes,Patched
VUL06977,CVE-2021-91832,Buffer Overflow,High,8.0,HR-IOT-0050,Yes,Patched
VUL06978,CVE-2020-75536,Command Injection,Medium,4.7,LEG-RTR-0002,Yes,Patched
VUL06979,CVE-2026-94005,Denial of Service,Medium,5.4,HR-PRT-0009,Yes,In Progress
VUL06980,CVE-2015-80737,Security Misconfiguration,Low,3.8,SAL-MOB-0130,Yes,Closed
VUL06981,CVE-2026-61767,Open Redirect,Low,0.7,ENG-PC-0116,Yes,Patched
VUL06982,CVE-2020-95436,Denial of Service,Low,2.5,FIN-FW-0068,Yes,Patched
VUL06983,CVE-2021-33245,Security Misconfiguration,High,8.4,LEG-DB-0059,Yes,Closed
VUL06984,CVE-2020-56296,Privilege Escalation,Medium,5.4,ENG-RTR-0085,No,In Progress
VUL06985,CVE-2026-4449,Security Misconfiguration,Medium,4.1,MKT-PC-0085,No,In Progress
VUL06986,CVE-2017-75029,Broken Authentication,Low,1.1,IT-FW-0042,Yes,In Progress
VUL06987,CVE-2021-12042,Server-Side Request Forgery (SSRF),Low,3.0,SAL-LAP-0086,No,In Progress
VUL06988,CVE-2019-57688,Remote Code Execution,Medium,4.7,ENG-MOB-0064,No,Open
VUL06989,CVE-2025-41227,Cross-Site Scripting (XSS),High,7.0,OPS-SRV-0042,Yes,Patched
VUL06990,CVE-2015-31773,Weak Password Policy,High,8.6,LEG-RTR-0055,No,Won't Fix
VUL06991,CVE-2020-51635,XML External Entity (XXE),High,8.3,IT-PC-0012,Yes,In Progress
VUL06992,CVE-2019-20741,Broken Authentication,Medium,5.0,IT-FW-0126,Yes,Closed
VUL06993,CVE-2020-35043,Outdated SSL/TLS Configuration,Low,2.6,OPS-MOB-0123,Yes,Patched
VUL06994,CVE-2018-98178,Cross-Site Scripting (XSS),Critical,9.3,LEG-SRV-0018,Yes,Patched
VUL06995,CVE-2018-83006,Cross-Site Scripting (XSS),Low,2.0,LEG-SW-0012,Yes,Closed
VUL06996,CVE-2015-29933,Weak Password Policy,High,7.4,FIN-MOB-0002,Yes,Patched
VUL06997,CVE-2023-32100,Command Injection,Low,2.7,FIN-PRT-0072,Yes,In Progress
VUL06998,CVE-2017-9378,SQL Injection,High,8.2,MKT-SRV-0061,Yes,In Progress
VUL06999,CVE-2022-25287,Sensitive Data Exposure,Critical,9.2,LEG-SRV-0054,No,Won't Fix
VUL07000,CVE-2020-42653,Buffer Overflow,Medium,4.1,ENG-PRT-0096,Yes,Closed
VUL07001,CVE-2018-14918,Cross-Site Scripting (XSS),Critical,9.9,IT-FW-0130,Yes,Closed
VUL07002,CVE-2015-47066,Path Traversal,High,8.0,ENG-SW-0034,Yes,Patched
VUL07003,CVE-2026-94219,Broken Authentication,Critical,9.7,HR-PRT-0070,No,Open
VUL07004,CVE-2025-63851,Unpatched Software,Medium,5.4,LEG-DB-0108,No,Won't Fix
VUL07005,CVE-2024-40624,Weak Password Policy,Medium,5.4,SAL-SW-0005,Yes,Patched
VUL07006,CVE-2018-2268,Cross-Site Scripting (XSS),Critical,10.0,HR-MOB-0024,Yes,Closed
VUL07007,CVE-2023-52721,Unpatched Software,High,7.5,FIN-SW-0127,Yes,Patched
VUL07008,CVE-2019-28796,Server-Side Request Forgery (SSRF),Critical,9.1,ENG-RTR-0121,Yes,In Progress
VUL07009,CVE-2017-60850,Insecure Deserialization,High,7.9,SAL-PC-0056,No,Open
VUL07010,CVE-2024-86643,Path Traversal,Medium,4.1,LEG-PC-0039,Yes,Closed
VUL07011,CVE-2016-18771,Insecure Deserialization,Low,2.0,LEG-IOT-0057,Yes,In Progress
VUL07012,CVE-2025-46255,Open Redirect,Low,0.6,ENG-PRT-0020,Yes,In Progress
VUL07013,CVE-2021-72587,Missing Security Patch,High,7.5,MKT-PC-0104,Yes,Patched
VUL07014,CVE-2015-39696,Insecure Deserialization,High,8.6,FIN-PRT-0078,Yes,In Progress
VUL07015,CVE-2022-55702,Privilege Escalation,Low,1.7,OPS-SW-0099,Yes,Closed
VUL07016,CVE-2015-78202,Cross-Site Scripting (XSS),Low,1.8,FIN-LAP-0102,Yes,Closed
VUL07017,CVE-2026-39087,Outdated SSL/TLS Configuration,Low,0.7,SAL-LAP-0018,Yes,In Progress
VUL07018,CVE-2016-60213,Cross-Site Scripting (XSS),Critical,9.3,OPS-IOT-0013,No,Won't Fix
VUL07019,CVE-2017-12127,Unpatched Software,High,7.8,MKT-SW-0049,Yes,In Progress
VUL07020,CVE-2015-77682,Privilege Escalation,High,8.6,HR-SRV-0090,Yes,In Progress
VUL07021,CVE-2022-39976,Buffer Overflow,Medium,5.6,HR-DB-0106,No,In Progress
VUL07022,CVE-2020-22588,Security Misconfiguration,Low,3.1,LEG-PC-0020,Yes,Closed
VUL07023,CVE-2022-35410,Broken Authentication,High,8.8,LEG-FW-0017,Yes,Closed
VUL07024,CVE-2025-70357,Path Traversal,High,7.2,OPS-LAP-0043,No,In Progress
VUL07025,CVE-2024-80381,Outdated SSL/TLS Configuration,Critical,9.5,IT-PRT-0090,No,In Progress
VUL07026,CVE-2022-90872,Denial of Service,High,8.3,ENG-PC-0098,Yes,Patched
VUL07027,CVE-2022-60498,Path Traversal,Medium,5.8,MKT-RTR-0104,No,Won't Fix
VUL07028,CVE-2020-62666,Sensitive Data Exposure,Medium,4.2,OPS-DB-0007,Yes,Closed
VUL07029,CVE-2026-37198,Buffer Overflow,High,8.7,IT-PC-0057,Yes,In Progress
VUL07030,CVE-2026-88249,SQL Injection,High,7.4,FIN-DB-0028,Yes,Patched
VUL07031,CVE-2020-60925,Sensitive Data Exposure,Medium,6.9,SAL-SRV-0059,Yes,In Progress
VUL07032,CVE-2020-92469,Outdated SSL/TLS Configuration,Critical,9.1,MKT-RTR-0048,Yes,Patched
VUL07033,CVE-2022-97171,Privilege Escalation,Medium,5.1,SAL-IOT-0054,Yes,Patched
VUL07034,CVE-2017-2747,Path Traversal,Critical,9.8,MKT-PC-0049,No,Won't Fix
VUL07035,CVE-2026-2560,SQL Injection,Medium,5.9,ENG-PC-0117,Yes,Closed
VUL07036,CVE-2020-63986,SQL Injection,High,8.5,FIN-DB-0044,No,Open
VUL07037,CVE-2021-5642,Outdated SSL/TLS Configuration,High,8.3,ENG-DB-0086,Yes,Patched
VUL07038,CVE-2020-8983,Unpatched Software,Medium,6.7,OPS-PRT-0046,Yes,Patched
VUL07039,CVE-2023-8605,Path Traversal,High,8.1,IT-SRV-0081,No,In Progress
VUL07040,CVE-2026-98474,Command Injection,Critical,9.4,LEG-SRV-0065,Yes,Patched
VUL07041,CVE-2017-87323,SQL Injection,Medium,6.7,ENG-PC-0026,Yes,In Progress
VUL07042,CVE-2020-82357,Weak Password Policy,Medium,6.2,FIN-MOB-0095,Yes,Patched
VUL07043,CVE-2017-44362,Outdated SSL/TLS Configuration,Medium,6.2,IT-DB-0084,Yes,Patched
VUL07044,CVE-2024-24419,Weak Password Policy,Medium,6.6,IT-DB-0034,Yes,Closed
VUL07045,CVE-2015-33994,XML External Entity (XXE),Low,0.9,MKT-PRT-0026,Yes,In Progress
VUL07046,CVE-2015-17419,Missing Security Patch,Medium,5.9,OPS-LAP-0037,No,In Progress
VUL07047,CVE-2017-84032,Broken Authentication,High,8.1,SAL-SW-0009,Yes,In Progress
VUL07048,CVE-2015-31806,Cross-Site Scripting (XSS),High,7.4,LEG-SW-0122,Yes,Closed
VUL07049,CVE-2021-14103,Outdated SSL/TLS Configuration,Medium,5.3,OPS-DB-0083,Yes,Patched
VUL07050,CVE-2024-76372,Open Redirect,Medium,4.7,LEG-PRT-0026,Yes,Patched
VUL07051,CVE-2019-79266,Open Redirect,High,8.7,MKT-RTR-0054,No,In Progress
VUL07052,CVE-2020-57417,Broken Authentication,Critical,9.1,HR-DB-0085,Yes,In Progress
VUL07053,CVE-2023-99366,Remote Code Execution,High,7.1,ENG-SRV-0071,Yes,In Progress
VUL07054,CVE-2018-7847,Command Injection,High,7.5,HR-FW-0141,Yes,In Progress
VUL07055,CVE-2015-66529,Missing Security Patch,High,7.6,OPS-SRV-0080,No,Open
VUL07056,CVE-2020-71217,SQL Injection,Medium,5.4,OPS-SW-0007,Yes,Closed
VUL07057,CVE-2021-73211,Server-Side Request Forgery (SSRF),Medium,5.2,LEG-FW-0113,Yes,Closed
VUL07058,CVE-2016-21667,Missing Security Patch,High,7.9,HR-IOT-0069,Yes,Closed
VUL07059,CVE-2024-4314,Insecure Deserialization,Medium,4.3,IT-SW-0019,No,In Progress
VUL07060,CVE-2022-77302,Server-Side Request Forgery (SSRF),Medium,5.5,IT-SRV-0032,No,In Progress
VUL07061,CVE-2022-22443,Unpatched Software,High,8.0,SAL-MOB-0024,No,Won't Fix
VUL07062,CVE-2023-72486,Path Traversal,High,8.1,OPS-LAP-0032,Yes,Closed
VUL07063,CVE-2021-86457,Outdated SSL/TLS Configuration,Medium,6.2,ENG-DB-0076,No,Won't Fix
VUL07064,CVE-2016-62432,Remote Code Execution,High,7.4,HR-PRT-0044,No,Won't Fix
VUL07065,CVE-2019-97319,Open Redirect,Critical,9.1,SAL-IOT-0038,Yes,In Progress
VUL07066,CVE-2017-3216,Command Injection,Medium,5.6,ENG-PRT-0061,No,Won't Fix
VUL07067,CVE-2023-66737,Unpatched Software,Medium,4.7,IT-MOB-0119,Yes,Closed
VUL07068,CVE-2016-87105,Cross-Site Scripting (XSS),Medium,6.1,HR-IOT-0076,Yes,Patched
VUL07069,CVE-2016-96015,Open Redirect,Low,2.2,FIN-PRT-0012,Yes,Closed
VUL07070,CVE-2016-2138,XML External Entity (XXE),High,8.9,IT-RTR-0096,No,Open
VUL07071,CVE-2021-69032,Security Misconfiguration,Low,1.9,SAL-DB-0036,Yes,In Progress
VUL07072,CVE-2025-93564,Cross-Site Scripting (XSS),Medium,4.2,IT-RTR-0025,No,Won't Fix
VUL07073,CVE-2022-48068,SQL Injection,High,7.9,IT-MOB-0071,No,In Progress
VUL07074,CVE-2025-12575,Denial of Service,Low,2.1,ENG-SRV-0017,No,Won't Fix
VUL07075,CVE-2022-94156,Weak Password Policy,Medium,5.8,OPS-PC-0141,Yes,Closed
VUL07076,CVE-2026-60458,Insecure Deserialization,Medium,5.7,FIN-RTR-0082,Yes,Closed
VUL07077,CVE-2020-9138,Buffer Overflow,Low,0.7,OPS-PRT-0032,No,Won't Fix
VUL07078,CVE-2026-55734,Privilege Escalation,Medium,6.3,MKT-DB-0106,No,Won't Fix
VUL07079,CVE-2023-29767,Broken Authentication,Low,2.5,ENG-SRV-0107,Yes,Patched
VUL07080,CVE-2021-89392,Missing Security Patch,High,7.3,ENG-IOT-0048,No,In Progress
VUL07081,CVE-2017-52233,Open Redirect,Medium,6.1,ENG-SRV-0143,Yes,Patched
VUL07082,CVE-2019-4050,Outdated SSL/TLS Configuration,High,8.4,MKT-FW-0079,No,In Progress
VUL07083,CVE-2018-79563,Insecure Deserialization,Medium,5.2,LEG-SW-0121,No,In Progress
VUL07084,CVE-2017-78135,Denial of Service,Low,3.0,FIN-DB-0018,Yes,Closed
VUL07085,CVE-2022-8848,Outdated SSL/TLS Configuration,High,8.3,MKT-LAP-0061,No,Open
VUL07086,CVE-2019-21455,Cross-Site Scripting (XSS),High,7.3,OPS-PRT-0077,No,In Progress
VUL07087,CVE-2021-12866,Command Injection,Critical,9.7,IT-IOT-0019,No,Won't Fix
VUL07088,CVE-2022-57594,Path Traversal,High,8.1,OPS-MOB-0105,No,In Progress
VUL07089,CVE-2015-99903,Cross-Site Scripting (XSS),Medium,4.7,LEG-PC-0116,Yes,In Progress
VUL07090,CVE-2021-80043,Cross-Site Scripting (XSS),High,8.4,IT-LAP-0137,Yes,In Progress
VUL07091,CVE-2019-41561,Privilege Escalation,High,8.4,HR-IOT-0067,Yes,Closed
VUL07092,CVE-2020-56559,Cross-Site Scripting (XSS),Low,3.7,ENG-SRV-0128,No,In Progress
VUL07093,CVE-2017-65294,Unpatched Software,Medium,6.1,OPS-SW-0089,No,In Progress
VUL07094,CVE-2022-93780,Insecure Deserialization,Medium,5.9,IT-DB-0096,Yes,Closed
VUL07095,CVE-2016-46228,Unpatched Software,High,8.1,FIN-DB-0018,Yes,Closed
VUL07096,CVE-2015-61075,Command Injection,Medium,5.9,HR-SW-0107,No,Open
VUL07097,CVE-2015-97542,Security Misconfiguration,Medium,5.9,ENG-IOT-0049,No,Won't Fix
VUL07098,CVE-2022-71668,Outdated SSL/TLS Configuration,High,7.8,LEG-LAP-0104,Yes,In Progress
VUL07099,CVE-2015-30620,Weak Password Policy,Medium,4.7,FIN-MOB-0113,Yes,Closed
VUL07100,CVE-2019-46098,Denial of Service,Medium,5.7,LEG-PRT-0090,No,In Progress
VUL07101,CVE-2016-50295,Security Misconfiguration,Low,2.9,FIN-IOT-0049,No,Open
VUL07102,CVE-2025-89176,Remote Code Execution,High,8.0,ENG-LAP-0093,No,Won't Fix
VUL07103,CVE-2019-76252,Weak Password Policy,High,7.7,HR-MOB-0068,Yes,Closed
VUL07104,CVE-2025-94377,Outdated SSL/TLS Configuration,Medium,5.1,MKT-SW-0011,No,In Progress
VUL07105,CVE-2024-37055,XML External Entity (XXE),Medium,5.3,SAL-RTR-0011,Yes,Closed
VUL07106,CVE-2023-21438,Open Redirect,Medium,5.3,ENG-SRV-0049,Yes,Closed
VUL07107,CVE-2022-39665,Command Injection,High,8.5,SAL-PRT-0001,Yes,In Progress
VUL07108,CVE-2019-62235,Cross-Site Scripting (XSS),Medium,6.8,MKT-MOB-0081,No,In Progress
VUL07109,CVE-2023-5660,XML External Entity (XXE),Low,1.5,SAL-SW-0014,No,Open
VUL07110,CVE-2026-63535,Path Traversal,High,8.5,MKT-FW-0064,Yes,Closed
VUL07111,CVE-2023-93886,Buffer Overflow,Critical,9.5,ENG-FW-0036,Yes,Patched
VUL07112,CVE-2019-12826,SQL Injection,Medium,5.8,SAL-FW-0019,No,Open
VUL07113,CVE-2020-72350,Sensitive Data Exposure,Medium,4.0,MKT-PC-0033,Yes,In Progress
VUL07114,CVE-2018-4518,XML External Entity (XXE),Critical,9.5,OPS-PC-0066,No,Open
VUL07115,CVE-2017-92211,Path Traversal,Medium,5.5,SAL-DB-0030,No,Open
VUL07116,CVE-2018-8588,Insecure Direct Object Reference,Medium,5.9,ENG-PC-0085,Yes,Closed
VUL07117,CVE-2026-83126,Server-Side Request Forgery (SSRF),Low,3.4,MKT-MOB-0064,No,In Progress
VUL07118,CVE-2017-45505,Buffer Overflow,High,7.4,FIN-MOB-0090,No,Open
VUL07119,CVE-2017-9182,Insecure Direct Object Reference,High,7.8,LEG-SRV-0030,No,In Progress
VUL07120,CVE-2015-89789,XML External Entity (XXE),High,8.8,IT-DB-0123,No,Open
VUL07121,CVE-2016-51669,Unpatched Software,Low,2.1,HR-IOT-0071,No,In Progress
VUL07122,CVE-2023-93279,Command Injection,High,8.5,SAL-SRV-0125,Yes,In Progress
VUL07123,CVE-2020-42305,SQL Injection,High,7.3,IT-IOT-0052,No,In Progress
VUL07124,CVE-2015-25170,XML External Entity (XXE),Medium,5.9,ENG-IOT-0048,Yes,Closed
VUL07125,CVE-2015-24699,Sensitive Data Exposure,Medium,6.4,OPS-PRT-0102,Yes,Patched
VUL07126,CVE-2024-63469,Remote Code Execution,High,7.1,IT-DB-0042,Yes,Patched
VUL07127,CVE-2016-8494,Privilege Escalation,Medium,6.3,MKT-LAP-0016,Yes,Closed
VUL07128,CVE-2017-8622,Outdated SSL/TLS Configuration,High,7.2,SAL-MOB-0110,No,In Progress
VUL07129,CVE-2018-83479,Sensitive Data Exposure,Medium,6.6,MKT-DB-0067,Yes,Patched
VUL07130,CVE-2021-12804,Insecure Deserialization,High,8.0,ENG-SRV-0015,Yes,Closed
VUL07131,CVE-2020-4272,Buffer Overflow,Medium,4.8,LEG-DB-0099,No,In Progress
VUL07132,CVE-2025-5212,Cross-Site Scripting (XSS),Medium,5.4,HR-RTR-0087,No,Won't Fix
VUL07133,CVE-2015-47197,Insecure Direct Object Reference,High,7.5,FIN-FW-0109,Yes,Patched
VUL07134,CVE-2020-52589,Denial of Service,Medium,4.3,SAL-IOT-0050,Yes,Patched
VUL07135,CVE-2018-55260,Security Misconfiguration,Critical,9.7,FIN-MOB-0046,Yes,Closed
VUL07136,CVE-2024-25168,Path Traversal,High,8.3,ENG-DB-0007,Yes,Patched
VUL07137,CVE-2023-49774,Unpatched Software,High,7.1,HR-RTR-0082,No,In Progress
VUL07138,CVE-2019-20148,Cross-Site Scripting (XSS),Low,2.5,OPS-MOB-0002,Yes,Closed
VUL07139,CVE-2025-29005,Privilege Escalation,Medium,4.9,SAL-LAP-0022,Yes,In Progress
VUL07140,CVE-2021-86148,Buffer Overflow,Medium,6.7,LEG-LAP-0031,No,Open
VUL07141,CVE-2023-49151,XML External Entity (XXE),Low,0.2,HR-MOB-0022,No,In Progress
VUL07142,CVE-2018-74915,XML External Entity (XXE),Medium,6.4,IT-MOB-0058,No,In Progress
VUL07143,CVE-2025-96739,Outdated SSL/TLS Configuration,Medium,4.2,SAL-MOB-0057,Yes,Patched
VUL07144,CVE-2022-90218,Denial of Service,Medium,4.4,IT-DB-0041,No,Won't Fix
VUL07145,CVE-2020-42192,Open Redirect,High,7.2,MKT-IOT-0005,No,Open
VUL07146,CVE-2021-86815,Command Injection,High,7.3,MKT-LAP-0045,Yes,In Progress
VUL07147,CVE-2015-14789,Insecure Deserialization,Medium,5.5,LEG-PC-0013,Yes,Closed
VUL07148,CVE-2023-70250,Remote Code Execution,Critical,9.6,HR-PRT-0011,Yes,Patched
VUL07149,CVE-2025-48562,Weak Password Policy,High,7.7,IT-SRV-0021,Yes,Closed
VUL07150,CVE-2017-39090,Denial of Service,Critical,9.5,FIN-MOB-0137,Yes,Patched
VUL07151,CVE-2024-57216,XML External Entity (XXE),Low,1.2,LEG-SW-0020,No,Open
VUL07152,CVE-2025-37691,SQL Injection,Critical,9.5,IT-MOB-0055,No,In Progress
VUL07153,CVE-2024-26776,Path Traversal,Medium,5.8,MKT-IOT-0036,No,Open
VUL07154,CVE-2015-13861,Server-Side Request Forgery (SSRF),High,8.6,IT-LAP-0065,Yes,Patched
VUL07155,CVE-2023-85362,Unpatched Software,Critical,9.5,FIN-DB-0065,Yes,In Progress
VUL07156,CVE-2018-83903,Unpatched Software,Critical,9.6,SAL-PC-0086,Yes,Patched
VUL07157,CVE-2015-64355,XML External Entity (XXE),High,8.4,FIN-PRT-0002,No,Won't Fix
VUL07158,CVE-2018-35695,Command Injection,High,8.4,SAL-DB-0107,Yes,Patched
VUL07159,CVE-2021-16228,Open Redirect,High,8.2,FIN-MOB-0134,No,Won't Fix
VUL07160,CVE-2015-95744,Security Misconfiguration,Low,0.6,OPS-MOB-0005,No,Won't Fix
VUL07161,CVE-2017-94043,Denial of Service,Critical,9.2,OPS-SW-0084,Yes,Patched
VUL07162,CVE-2026-32260,Privilege Escalation,High,7.2,FIN-MOB-0038,No,In Progress
VUL07163,CVE-2015-69219,Sensitive Data Exposure,High,8.6,ENG-RTR-0053,Yes,Patched
VUL07164,CVE-2015-6199,Command Injection,Low,3.5,LEG-SW-0028,Yes,Closed
VUL07165,CVE-2019-18216,Cross-Site Scripting (XSS),Low,2.7,SAL-SRV-0064,No,In Progress
VUL07166,CVE-2015-49398,XML External Entity (XXE),Medium,5.7,OPS-PC-0023,No,Won't Fix
VUL07167,CVE-2019-96685,SQL Injection,Medium,5.3,ENG-DB-0005,No,Open
VUL07168,CVE-2017-21685,Privilege Escalation,Medium,4.8,ENG-SW-0115,No,In Progress
VUL07169,CVE-2022-34043,XML External Entity (XXE),High,8.5,LEG-DB-0086,Yes,Patched
VUL07170,CVE-2024-93557,Remote Code Execution,Medium,5.9,MKT-PRT-0090,Yes,Closed
VUL07171,CVE-2022-74460,Command Injection,High,8.4,FIN-PC-0012,No,Won't Fix
VUL07172,CVE-2021-85861,Command Injection,High,7.5,FIN-IOT-0119,Yes,In Progress
VUL07173,CVE-2021-41547,Insecure Direct Object Reference,High,8.4,ENG-SRV-0001,No,In Progress
VUL07174,CVE-2024-29363,Cross-Site Scripting (XSS),Low,0.5,FIN-PRT-0034,No,Won't Fix
VUL07175,CVE-2017-93677,Insecure Direct Object Reference,Medium,6.4,FIN-MOB-0049,Yes,Patched
VUL07176,CVE-2025-86660,Insecure Direct Object Reference,Medium,4.7,ENG-SRV-0003,No,Won't Fix
VUL07177,CVE-2025-68962,Remote Code Execution,Medium,5.4,ENG-RTR-0006,No,Open
VUL07178,CVE-2022-82362,Security Misconfiguration,High,7.2,SAL-PC-0054,Yes,In Progress
VUL07179,CVE-2015-61533,Sensitive Data Exposure,Critical,9.2,OPS-MOB-0100,Yes,Closed
VUL07180,CVE-2017-39534,Missing Security Patch,Medium,4.2,OPS-SW-0021,Yes,Closed
VUL07181,CVE-2020-81662,Insecure Deserialization,Low,1.6,OPS-MOB-0009,Yes,In Progress
VUL07182,CVE-2020-59970,Server-Side Request Forgery (SSRF),Medium,6.5,OPS-SW-0049,Yes,In Progress
VUL07183,CVE-2018-92720,Command Injection,Medium,5.5,MKT-RTR-0031,Yes,In Progress
VUL07184,CVE-2022-77991,Broken Authentication,Medium,6.7,OPS-FW-0099,Yes,Patched
VUL07185,CVE-2016-8490,Missing Security Patch,High,7.9,MKT-RTR-0090,Yes,Patched
VUL07186,CVE-2024-50310,Cross-Site Scripting (XSS),Low,1.7,ENG-SW-0096,Yes,Patched
VUL07187,CVE-2018-3893,Unpatched Software,Medium,5.8,MKT-DB-0065,Yes,Patched
VUL07188,CVE-2026-97182,Denial of Service,Medium,6.0,HR-LAP-0100,Yes,In Progress
VUL07189,CVE-2025-65674,Insecure Direct Object Reference,High,7.0,FIN-MOB-0006,No,Open
VUL07190,CVE-2023-34735,Insecure Direct Object Reference,High,7.4,ENG-SW-0027,Yes,Closed
VUL07191,CVE-2017-36052,Weak Password Policy,Low,3.4,FIN-DB-0016,Yes,Patched
VUL07192,CVE-2023-57649,Buffer Overflow,High,7.7,OPS-PC-0135,Yes,In Progress
VUL07193,CVE-2023-28102,Command Injection,High,8.8,MKT-MOB-0108,Yes,In Progress
VUL07194,CVE-2019-90392,Insecure Deserialization,Medium,5.3,FIN-SRV-0028,No,In Progress
VUL07195,CVE-2022-2391,Server-Side Request Forgery (SSRF),High,7.2,LEG-PC-0026,Yes,In Progress
VUL07196,CVE-2020-15818,Weak Password Policy,High,8.6,IT-DB-0106,No,Open
VUL07197,CVE-2015-36970,Open Redirect,High,8.3,LEG-MOB-0119,Yes,In Progress
VUL07198,CVE-2021-96840,Insecure Direct Object Reference,Low,2.7,SAL-DB-0019,Yes,Closed
VUL07199,CVE-2025-57709,Open Redirect,Low,0.9,FIN-MOB-0064,No,Open
VUL07200,CVE-2018-35544,Missing Security Patch,High,7.3,MKT-SW-0038,No,Won't Fix
VUL07201,CVE-2017-78815,SQL Injection,Critical,9.3,LEG-PC-0003,Yes,In Progress
VUL07202,CVE-2023-87376,Broken Authentication,High,7.7,ENG-RTR-0069,No,Won't Fix
VUL07203,CVE-2017-95286,Command Injection,High,8.9,MKT-MOB-0003,Yes,In Progress
VUL07204,CVE-2026-11802,Command Injection,Medium,4.2,IT-PC-0070,Yes,In Progress
VUL07205,CVE-2026-36491,Privilege Escalation,High,7.6,LEG-SRV-0026,Yes,Closed
VUL07206,CVE-2024-87955,Remote Code Execution,Low,1.3,FIN-IOT-0076,Yes,Patched
VUL07207,CVE-2015-95617,Outdated SSL/TLS Configuration,Low,1.6,OPS-PRT-0010,Yes,Closed
VUL07208,CVE-2022-62707,Cross-Site Scripting (XSS),Medium,5.1,OPS-SRV-0063,Yes,Closed
VUL07209,CVE-2022-25757,Privilege Escalation,High,8.3,FIN-RTR-0071,No,Won't Fix
VUL07210,CVE-2018-75943,Insecure Deserialization,Medium,4.5,FIN-LAP-0107,Yes,In Progress
VUL07211,CVE-2024-25377,Sensitive Data Exposure,Medium,5.4,MKT-DB-0015,No,In Progress
VUL07212,CVE-2026-31808,Sensitive Data Exposure,Medium,5.9,OPS-SRV-0050,Yes,Closed
VUL07213,CVE-2015-71958,Weak Password Policy,Medium,6.1,SAL-SRV-0006,Yes,Closed
VUL07214,CVE-2016-77430,Security Misconfiguration,Medium,5.9,MKT-DB-0005,Yes,Closed
VUL07215,CVE-2016-70169,Broken Authentication,High,7.5,HR-RTR-0029,Yes,In Progress
VUL07216,CVE-2015-30068,Command Injection,High,7.5,LEG-RTR-0011,No,In Progress
VUL07217,CVE-2017-99887,Missing Security Patch,High,8.6,LEG-PRT-0001,No,Open
VUL07218,CVE-2023-3794,Path Traversal,Medium,6.1,IT-RTR-0001,Yes,Patched
VUL07219,CVE-2021-84175,Broken Authentication,High,7.1,MKT-RTR-0102,Yes,In Progress
VUL07220,CVE-2022-69244,Insecure Deserialization,Medium,4.1,IT-RTR-0012,No,In Progress
VUL07221,CVE-2022-69323,SQL Injection,Critical,9.5,SAL-RTR-0033,Yes,Patched
VUL07222,CVE-2025-90986,Broken Authentication,Medium,6.0,HR-MOB-0113,No,Won't Fix
VUL07223,CVE-2023-1952,Command Injection,Medium,5.7,SAL-IOT-0057,Yes,Closed
VUL07224,CVE-2019-4693,Privilege Escalation,Medium,5.2,OPS-DB-0047,No,In Progress
VUL07225,CVE-2026-67967,Command Injection,High,8.2,ENG-SW-0102,Yes,Closed
VUL07226,CVE-2022-39912,Insecure Direct Object Reference,Medium,6.8,OPS-PRT-0004,No,Won't Fix
VUL07227,CVE-2018-67274,Broken Authentication,Medium,5.8,MKT-SW-0099,No,In Progress
VUL07228,CVE-2021-24981,Buffer Overflow,Low,2.3,HR-DB-0023,Yes,Patched
VUL07229,CVE-2026-61669,XML External Entity (XXE),Critical,9.7,ENG-SRV-0144,Yes,Patched
VUL07230,CVE-2021-78495,XML External Entity (XXE),High,7.6,SAL-LAP-0095,Yes,In Progress
VUL07231,CVE-2024-3850,Path Traversal,Low,2.7,SAL-MOB-0061,Yes,Closed
VUL07232,CVE-2019-33284,Denial of Service,High,7.4,HR-LAP-0098,No,In Progress
VUL07233,CVE-2023-97005,Weak Password Policy,High,7.6,FIN-IOT-0019,Yes,Closed
VUL07234,CVE-2025-54512,XML External Entity (XXE),High,7.7,FIN-RTR-0089,Yes,In Progress
VUL07235,CVE-2018-17284,Weak Password Policy,High,8.7,FIN-SW-0001,No,Open
VUL07236,CVE-2016-36099,Cross-Site Scripting (XSS),Medium,4.1,OPS-DB-0091,No,Open
VUL07237,CVE-2020-44514,Outdated SSL/TLS Configuration,Medium,6.2,IT-DB-0023,Yes,Closed
VUL07238,CVE-2018-43293,Remote Code Execution,Low,0.9,MKT-PC-0066,Yes,In Progress
VUL07239,CVE-2020-72933,Cross-Site Scripting (XSS),Medium,5.5,MKT-LAP-0066,Yes,Patched
VUL07240,CVE-2018-58183,Denial of Service,Medium,6.7,HR-LAP-0043,Yes,In Progress
VUL07241,CVE-2023-87321,Path Traversal,Medium,6.2,IT-IOT-0017,No,Won't Fix
VUL07242,CVE-2017-2786,Sensitive Data Exposure,High,7.3,IT-SW-0005,No,In Progress
VUL07243,CVE-2026-54092,Cross-Site Scripting (XSS),High,7.5,FIN-RTR-0022,No,Won't Fix
VUL07244,CVE-2025-26774,Missing Security Patch,High,8.8,SAL-MOB-0146,Yes,Patched
VUL07245,CVE-2026-85355,Command Injection,Critical,9.0,FIN-SW-0064,Yes,Closed
VUL07246,CVE-2018-18636,Broken Authentication,Low,3.4,FIN-FW-0079,No,In Progress
VUL07247,CVE-2015-4245,Privilege Escalation,Medium,5.2,MKT-SW-0005,Yes,In Progress
VUL07248,CVE-2024-41774,Privilege Escalation,Critical,9.5,ENG-PRT-0009,Yes,Closed
VUL07249,CVE-2026-45859,Server-Side Request Forgery (SSRF),Low,2.7,HR-FW-0023,No,Won't Fix
VUL07250,CVE-2023-30733,Insecure Direct Object Reference,Medium,6.6,FIN-SW-0002,No,Won't Fix
VUL07251,CVE-2019-81347,Sensitive Data Exposure,High,7.5,OPS-PRT-0062,Yes,Patched
VUL07252,CVE-2018-22288,Buffer Overflow,Medium,5.2,OPS-FW-0018,Yes,In Progress
VUL07253,CVE-2020-33281,Insecure Direct Object Reference,High,7.4,MKT-LAP-0023,No,In Progress
VUL07254,CVE-2019-23795,Buffer Overflow,High,8.8,SAL-IOT-0034,Yes,Closed
VUL07255,CVE-2016-29881,Broken Authentication,Medium,6.2,SAL-DB-0098,Yes,Closed
VUL07256,CVE-2017-26405,Denial of Service,High,8.8,OPS-SW-0054,Yes,Closed
VUL07257,CVE-2024-39599,Missing Security Patch,Low,1.6,FIN-RTR-0084,No,Open
VUL07258,CVE-2026-71537,Denial of Service,Medium,5.2,FIN-RTR-0069,Yes,In Progress
VUL07259,CVE-2025-24850,Server-Side Request Forgery (SSRF),Medium,5.9,FIN-FW-0042,Yes,Closed
VUL07260,CVE-2020-42259,Remote Code Execution,Medium,5.1,LEG-SW-0062,No,In Progress
VUL07261,CVE-2023-62573,Unpatched Software,Medium,5.5,OPS-DB-0023,Yes,Closed
VUL07262,CVE-2020-11052,Missing Security Patch,Low,1.2,ENG-LAP-0047,Yes,Patched
VUL07263,CVE-2020-12130,Path Traversal,Medium,6.7,LEG-RTR-0088,No,In Progress
VUL07264,CVE-2016-94968,Sensitive Data Exposure,Low,3.6,HR-PC-0029,Yes,Patched
VUL07265,CVE-2016-81163,Path Traversal,Medium,5.3,FIN-FW-0019,Yes,In Progress
VUL07266,CVE-2026-14464,Remote Code Execution,Critical,9.8,HR-SW-0113,Yes,Patched
VUL07267,CVE-2015-82522,Path Traversal,Low,0.5,IT-MOB-0122,Yes,Patched
VUL07268,CVE-2026-68918,XML External Entity (XXE),High,8.7,IT-LAP-0052,Yes,Patched
VUL07269,CVE-2016-91738,Cross-Site Scripting (XSS),High,8.7,HR-SW-0067,No,Open
VUL07270,CVE-2015-45471,Remote Code Execution,High,7.7,MKT-RTR-0080,Yes,In Progress
VUL07271,CVE-2022-4357,Cross-Site Scripting (XSS),Medium,4.9,LEG-LAP-0108,No,Open
VUL07272,CVE-2023-39475,Insecure Direct Object Reference,Medium,5.4,MKT-LAP-0086,No,In Progress
VUL07273,CVE-2016-6927,Broken Authentication,Low,0.5,LEG-SW-0109,Yes,In Progress
VUL07274,CVE-2025-81210,Cross-Site Scripting (XSS),High,7.4,OPS-IOT-0019,Yes,Closed
VUL07275,CVE-2025-25512,Insecure Deserialization,Critical,9.8,LEG-PC-0045,Yes,Closed
VUL07276,CVE-2022-32871,Remote Code Execution,Medium,5.9,HR-SW-0024,Yes,Closed
VUL07277,CVE-2017-32098,Broken Authentication,Low,0.5,FIN-DB-0046,Yes,In Progress
VUL07278,CVE-2016-96456,Weak Password Policy,High,7.6,IT-SRV-0027,No,Won't Fix
VUL07279,CVE-2020-14488,Outdated SSL/TLS Configuration,Low,1.0,HR-PRT-0055,Yes,Patched
VUL07280,CVE-2017-11807,XML External Entity (XXE),Medium,6.0,IT-FW-0116,Yes,In Progress
VUL07281,CVE-2015-20114,Privilege Escalation,Low,3.7,IT-LAP-0092,Yes,Patched
VUL07282,CVE-2026-19695,Denial of Service,Low,3.4,SAL-PC-0086,No,Open
VUL07283,CVE-2024-32274,Sensitive Data Exposure,High,7.4,ENG-PC-0032,Yes,In Progress
VUL07284,CVE-2023-12707,SQL Injection,High,7.9,SAL-SRV-0014,No,Won't Fix
VUL07285,CVE-2019-48257,XML External Entity (XXE),Medium,4.7,HR-PRT-0067,Yes,In Progress
VUL07286,CVE-2025-69682,Privilege Escalation,Critical,9.1,MKT-PRT-0078,Yes,Closed
VUL07287,CVE-2017-93129,Weak Password Policy,Low,3.0,MKT-SW-0075,Yes,In Progress
VUL07288,CVE-2025-65661,Server-Side Request Forgery (SSRF),Medium,4.6,LEG-PRT-0021,No,Won't Fix
VUL07289,CVE-2017-20136,Command Injection,High,8.4,HR-LAP-0083,Yes,In Progress
VUL07290,CVE-2026-83392,Privilege Escalation,High,8.7,MKT-RTR-0105,Yes,Patched
VUL07291,CVE-2015-64639,Cross-Site Scripting (XSS),High,7.2,OPS-PC-0098,Yes,Closed
VUL07292,CVE-2026-52245,Server-Side Request Forgery (SSRF),Low,1.9,FIN-SRV-0020,Yes,In Progress
VUL07293,CVE-2024-38826,Remote Code Execution,Medium,6.8,SAL-SW-0065,No,Open
VUL07294,CVE-2016-89427,Buffer Overflow,Low,3.3,ENG-PC-0091,No,In Progress
VUL07295,CVE-2025-29966,Buffer Overflow,Medium,4.4,OPS-IOT-0107,Yes,Closed
VUL07296,CVE-2022-88728,Privilege Escalation,High,8.0,LEG-PRT-0114,No,Open
VUL07297,CVE-2026-1144,SQL Injection,High,7.9,FIN-SRV-0052,Yes,Closed
VUL07298,CVE-2023-50185,Security Misconfiguration,Critical,10.0,SAL-MOB-0045,No,Open
VUL07299,CVE-2018-1878,Buffer Overflow,Medium,6.1,IT-DB-0124,No,Open
VUL07300,CVE-2026-50737,XML External Entity (XXE),Low,0.4,HR-PRT-0021,Yes,Patched
VUL07301,CVE-2018-17900,Denial of Service,High,8.7,HR-PRT-0010,No,In Progress
VUL07302,CVE-2021-95809,Insecure Deserialization,Critical,9.0,HR-SW-0032,Yes,Patched
VUL07303,CVE-2018-85287,Server-Side Request Forgery (SSRF),Critical,9.0,SAL-SRV-0003,Yes,Patched
VUL07304,CVE-2023-44922,Open Redirect,Low,3.4,FIN-PC-0056,No,Won't Fix
VUL07305,CVE-2020-69052,SQL Injection,Low,1.7,OPS-SRV-0028,Yes,In Progress
VUL07306,CVE-2026-71228,Insecure Deserialization,Medium,6.8,IT-PRT-0015,Yes,In Progress
VUL07307,CVE-2026-23601,Server-Side Request Forgery (SSRF),Medium,6.2,IT-DB-0029,Yes,In Progress
VUL07308,CVE-2018-10393,Missing Security Patch,Medium,6.1,LEG-RTR-0020,Yes,Patched
VUL07309,CVE-2022-91454,Broken Authentication,Critical,9.4,IT-SW-0124,Yes,In Progress
VUL07310,CVE-2023-18424,Privilege Escalation,Medium,4.8,FIN-MOB-0100,Yes,Closed
VUL07311,CVE-2021-14474,Privilege Escalation,Low,2.9,SAL-LAP-0002,Yes,In Progress
VUL07312,CVE-2025-76713,Insecure Deserialization,Low,3.9,IT-FW-0093,No,In Progress
VUL07313,CVE-2015-31839,Unpatched Software,High,7.8,IT-FW-0056,No,Won't Fix
VUL07314,CVE-2024-75633,Buffer Overflow,Critical,9.3,HR-LAP-0048,Yes,Closed
VUL07315,CVE-2025-38554,Broken Authentication,Critical,9.3,FIN-PC-0105,No,Won't Fix
VUL07316,CVE-2018-80195,Command Injection,Critical,9.6,SAL-MOB-0107,Yes,In Progress
VUL07317,CVE-2026-91360,Unpatched Software,Critical,9.1,LEG-MOB-0009,No,In Progress
VUL07318,CVE-2023-66218,Denial of Service,High,8.8,FIN-SW-0003,No,Won't Fix
VUL07319,CVE-2024-12623,SQL Injection,Low,2.0,MKT-LAP-0062,No,In Progress
VUL07320,CVE-2020-34337,XML External Entity (XXE),Critical,9.3,SAL-PRT-0050,Yes,Closed
VUL07321,CVE-2022-28448,Buffer Overflow,Medium,4.1,SAL-SRV-0002,Yes,Closed
VUL07322,CVE-2015-74837,Security Misconfiguration,High,7.0,MKT-PRT-0113,Yes,Patched
VUL07323,CVE-2015-75040,SQL Injection,High,7.9,ENG-IOT-0064,Yes,Patched
VUL07324,CVE-2020-69991,SQL Injection,Low,2.7,LEG-SW-0032,Yes,Closed
VUL07325,CVE-2025-93501,Remote Code Execution,High,8.8,OPS-FW-0070,No,Open
VUL07326,CVE-2021-81663,Buffer Overflow,Low,3.7,IT-PC-0032,Yes,Patched
VUL07327,CVE-2021-65475,Insecure Deserialization,Medium,6.4,ENG-SW-0009,No,Open
VUL07328,CVE-2017-52832,Outdated SSL/TLS Configuration,Low,0.5,OPS-SRV-0020,Yes,Patched
VUL07329,CVE-2025-54533,Broken Authentication,Medium,6.6,IT-DB-0013,Yes,In Progress
VUL07330,CVE-2025-87596,Cross-Site Scripting (XSS),High,7.9,ENG-IOT-0054,No,In Progress
VUL07331,CVE-2025-90908,Open Redirect,Medium,6.7,HR-MOB-0051,Yes,Patched
VUL07332,CVE-2015-10533,Insecure Direct Object Reference,High,7.9,IT-PRT-0102,Yes,In Progress
VUL07333,CVE-2024-29601,Privilege Escalation,Medium,4.5,LEG-SRV-0082,Yes,Patched
VUL07334,CVE-2026-81712,Remote Code Execution,Critical,9.9,MKT-IOT-0092,Yes,In Progress
VUL07335,CVE-2019-9835,Path Traversal,Medium,5.4,LEG-PC-0006,Yes,Patched
VUL07336,CVE-2019-70127,Unpatched Software,Low,3.0,HR-SRV-0015,Yes,Patched
VUL07337,CVE-2017-41517,Security Misconfiguration,High,8.1,LEG-IOT-0101,Yes,Closed
VUL07338,CVE-2019-32607,SQL Injection,High,7.9,OPS-FW-0026,No,In Progress
VUL07339,CVE-2026-58908,Insecure Deserialization,High,7.2,ENG-PRT-0069,Yes,In Progress
VUL07340,CVE-2016-67159,Sensitive Data Exposure,Low,1.8,IT-LAP-0037,Yes,Closed
VUL07341,CVE-2024-13283,Security Misconfiguration,Low,3.2,IT-SW-0105,Yes,Patched
VUL07342,CVE-2021-53148,XML External Entity (XXE),High,7.1,FIN-RTR-0081,No,Open
VUL07343,CVE-2025-8246,Security Misconfiguration,Medium,4.9,HR-IOT-0034,No,Open
VUL07344,CVE-2016-16380,Denial of Service,Critical,9.5,MKT-PRT-0054,Yes,In Progress
VUL07345,CVE-2020-41657,Cross-Site Scripting (XSS),High,7.4,FIN-MOB-0118,No,Open
VUL07346,CVE-2019-59267,Unpatched Software,Medium,5.1,LEG-PC-0015,No,In Progress
VUL07347,CVE-2020-31746,Insecure Direct Object Reference,Critical,9.2,FIN-LAP-0092,No,In Progress
VUL07348,CVE-2024-24596,Insecure Direct Object Reference,High,7.5,ENG-DB-0100,No,Open
VUL07349,CVE-2021-9303,Sensitive Data Exposure,High,7.5,OPS-SRV-0006,Yes,Patched
VUL07350,CVE-2019-96339,Open Redirect,Low,3.6,FIN-RTR-0011,No,In Progress
VUL07351,CVE-2016-4823,Path Traversal,Medium,4.7,OPS-SRV-0096,Yes,Closed
VUL07352,CVE-2026-99697,Security Misconfiguration,Medium,5.2,SAL-RTR-0003,No,Won't Fix
VUL07353,CVE-2025-75775,Server-Side Request Forgery (SSRF),Critical,9.1,IT-FW-0050,Yes,In Progress
VUL07354,CVE-2015-18095,Insecure Deserialization,High,7.5,OPS-MOB-0051,Yes,Patched
VUL07355,CVE-2025-71737,Privilege Escalation,Medium,6.2,FIN-SRV-0122,No,Won't Fix
VUL07356,CVE-2021-57665,Open Redirect,Critical,9.7,OPS-RTR-0083,No,In Progress
VUL07357,CVE-2024-69173,Command Injection,Medium,6.5,HR-IOT-0057,No,Open
VUL07358,CVE-2026-65435,Remote Code Execution,High,8.0,HR-PC-0046,Yes,Closed
VUL07359,CVE-2024-40414,SQL Injection,High,8.6,FIN-FW-0115,Yes,Closed
VUL07360,CVE-2023-9635,Remote Code Execution,High,8.1,SAL-SW-0017,No,Won't Fix
VUL07361,CVE-2024-1919,Buffer Overflow,High,8.3,OPS-PC-0064,No,Won't Fix
VUL07362,CVE-2017-39961,Outdated SSL/TLS Configuration,High,7.3,ENG-LAP-0095,Yes,Closed
VUL07363,CVE-2025-74349,Unpatched Software,Medium,6.0,ENG-FW-0082,Yes,Closed
VUL07364,CVE-2023-29861,Path Traversal,Medium,4.8,IT-RTR-0082,Yes,Closed
VUL07365,CVE-2015-56473,Insecure Direct Object Reference,Critical,9.2,FIN-DB-0064,No,In Progress
VUL07366,CVE-2022-24799,Remote Code Execution,High,8.4,FIN-PRT-0058,Yes,Closed
VUL07367,CVE-2021-91389,Sensitive Data Exposure,Critical,9.7,HR-IOT-0018,Yes,Closed
VUL07368,CVE-2021-55945,Broken Authentication,Medium,6.3,ENG-RTR-0082,Yes,Patched
VUL07369,CVE-2017-20225,Cross-Site Scripting (XSS),Critical,9.5,ENG-PRT-0009,No,Open
VUL07370,CVE-2025-86656,Insecure Deserialization,Medium,6.2,LEG-PC-0072,Yes,Patched
VUL07371,CVE-2023-85948,Insecure Direct Object Reference,Critical,9.4,FIN-MOB-0028,Yes,Closed
VUL07372,CVE-2017-34172,Path Traversal,Medium,5.8,IT-LAP-0126,Yes,Closed
VUL07373,CVE-2025-21624,Buffer Overflow,High,7.3,MKT-PC-0005,No,Won't Fix
VUL07374,CVE-2016-23055,Insecure Deserialization,High,7.5,FIN-SW-0035,No,Won't Fix
VUL07375,CVE-2019-64943,Server-Side Request Forgery (SSRF),Low,1.8,HR-FW-0131,No,In Progress
VUL07376,CVE-2015-68216,Command Injection,Medium,6.3,ENG-RTR-0048,Yes,In Progress
VUL07377,CVE-2020-6593,Sensitive Data Exposure,Medium,5.1,HR-FW-0030,No,Won't Fix
VUL07378,CVE-2021-58271,Remote Code Execution,Critical,9.0,ENG-SW-0075,No,Won't Fix
VUL07379,CVE-2019-72383,Server-Side Request Forgery (SSRF),High,7.4,IT-IOT-0089,No,In Progress
VUL07380,CVE-2022-86860,Path Traversal,Medium,6.0,SAL-SRV-0114,Yes,In Progress
VUL07381,CVE-2023-96397,XML External Entity (XXE),Medium,4.0,MKT-DB-0112,Yes,Patched
VUL07382,CVE-2024-59086,Privilege Escalation,High,8.1,HR-SW-0105,No,In Progress
VUL07383,CVE-2015-92403,Missing Security Patch,High,7.3,SAL-MOB-0127,Yes,Closed
VUL07384,CVE-2022-90265,Missing Security Patch,High,7.0,SAL-SW-0032,Yes,Patched
VUL07385,CVE-2015-73420,Insecure Direct Object Reference,High,8.4,HR-DB-0041,Yes,Closed
VUL07386,CVE-2019-6287,Outdated SSL/TLS Configuration,Low,3.7,IT-PRT-0062,No,Open
VUL07387,CVE-2017-81145,Missing Security Patch,Medium,6.1,SAL-PC-0077,Yes,Patched
VUL07388,CVE-2025-96136,Cross-Site Scripting (XSS),Medium,4.6,HR-RTR-0012,Yes,Patched
VUL07389,CVE-2023-89686,Privilege Escalation,Low,2.0,OPS-PRT-0054,Yes,Patched
VUL07390,CVE-2022-63640,Unpatched Software,Medium,4.4,FIN-PRT-0023,Yes,Closed
VUL07391,CVE-2018-14519,Buffer Overflow,Medium,4.9,IT-SW-0083,Yes,Closed
VUL07392,CVE-2024-20211,Privilege Escalation,Critical,9.1,SAL-DB-0111,Yes,Closed
VUL07393,CVE-2018-83560,Insecure Deserialization,Medium,5.5,SAL-PRT-0013,Yes,Closed
VUL07394,CVE-2025-6067,Cross-Site Scripting (XSS),High,8.2,SAL-SRV-0134,Yes,Closed
VUL07395,CVE-2020-48672,Sensitive Data Exposure,High,8.7,LEG-MOB-0108,Yes,In Progress
VUL07396,CVE-2018-28245,Broken Authentication,Medium,4.6,MKT-PC-0105,No,In Progress
VUL07397,CVE-2020-12811,Buffer Overflow,Medium,5.4,MKT-PC-0099,No,In Progress
VUL07398,CVE-2017-29811,Insecure Direct Object Reference,Medium,6.0,MKT-FW-0041,Yes,In Progress
VUL07399,CVE-2016-74019,SQL Injection,Medium,4.0,ENG-PC-0048,Yes,Patched
VUL07400,CVE-2024-55524,Server-Side Request Forgery (SSRF),Medium,6.5,SAL-IOT-0076,Yes,Patched
VUL07401,CVE-2025-50130,SQL Injection,Low,0.3,OPS-LAP-0088,No,Won't Fix
VUL07402,CVE-2015-13356,Denial of Service,Medium,6.3,HR-DB-0084,No,Won't Fix
VUL07403,CVE-2026-45321,Outdated SSL/TLS Configuration,High,8.1,FIN-RTR-0052,Yes,Patched
VUL07404,CVE-2019-49281,Insecure Deserialization,High,7.0,OPS-SRV-0054,No,Won't Fix
VUL07405,CVE-2020-49705,Outdated SSL/TLS Configuration,Medium,6.8,ENG-MOB-0017,Yes,Patched
VUL07406,CVE-2015-92394,Path Traversal,Low,3.3,SAL-IOT-0112,No,Won't Fix
VUL07407,CVE-2017-80211,Weak Password Policy,Medium,5.7,MKT-PC-0106,No,Open
VUL07408,CVE-2026-64367,Command Injection,High,7.6,MKT-IOT-0088,No,Won't Fix
VUL07409,CVE-2017-11199,Server-Side Request Forgery (SSRF),High,7.3,IT-PC-0111,Yes,Patched
VUL07410,CVE-2018-24182,XML External Entity (XXE),Medium,5.6,ENG-LAP-0103,No,In Progress
VUL07411,CVE-2026-9086,Missing Security Patch,Critical,9.9,SAL-LAP-0090,Yes,In Progress
VUL07412,CVE-2020-58160,Command Injection,High,8.6,HR-DB-0048,No,In Progress
VUL07413,CVE-2018-17198,Insecure Direct Object Reference,Medium,4.6,LEG-LAP-0034,No,Won't Fix
VUL07414,CVE-2015-63629,Insecure Deserialization,Medium,4.9,LEG-RTR-0071,No,Won't Fix
VUL07415,CVE-2017-3240,Insecure Deserialization,Critical,9.1,ENG-LAP-0114,No,Open
VUL07416,CVE-2018-62584,Remote Code Execution,Medium,5.4,MKT-LAP-0019,No,In Progress
VUL07417,CVE-2017-82373,Cross-Site Scripting (XSS),Low,3.6,SAL-FW-0107,Yes,Closed
VUL07418,CVE-2018-9658,Server-Side Request Forgery (SSRF),Low,3.1,MKT-PRT-0055,No,Won't Fix
VUL07419,CVE-2015-67155,Buffer Overflow,Medium,6.7,OPS-LAP-0012,No,Won't Fix
VUL07420,CVE-2021-17360,Outdated SSL/TLS Configuration,Low,3.0,MKT-SW-0087,No,In Progress
VUL07421,CVE-2018-86180,Security Misconfiguration,High,8.5,OPS-IOT-0096,Yes,In Progress
VUL07422,CVE-2026-83433,Path Traversal,Medium,6.7,IT-FW-0045,Yes,In Progress
VUL07423,CVE-2022-32337,Buffer Overflow,Medium,6.9,ENG-RTR-0024,Yes,In Progress
VUL07424,CVE-2020-83441,SQL Injection,High,8.4,LEG-RTR-0067,Yes,In Progress
VUL07425,CVE-2024-43799,Buffer Overflow,Medium,4.6,HR-PC-0097,No,Open
VUL07426,CVE-2023-20907,XML External Entity (XXE),High,7.8,SAL-RTR-0066,Yes,Patched
VUL07427,CVE-2019-20626,Command Injection,Low,2.0,OPS-FW-0045,Yes,Patched
VUL07428,CVE-2021-28421,Open Redirect,Critical,10.0,HR-MOB-0088,Yes,In Progress
VUL07429,CVE-2023-92940,XML External Entity (XXE),Medium,6.2,IT-FW-0070,Yes,Closed
VUL07430,CVE-2019-54696,Command Injection,High,7.2,FIN-LAP-0006,No,Won't Fix
VUL07431,CVE-2026-62853,Unpatched Software,Medium,5.2,LEG-PRT-0042,Yes,Closed
VUL07432,CVE-2026-31138,Weak Password Policy,High,8.0,MKT-SRV-0014,Yes,Closed
VUL07433,CVE-2026-40841,Missing Security Patch,Medium,4.2,MKT-PC-0088,No,In Progress
VUL07434,CVE-2026-28994,Sensitive Data Exposure,Low,0.1,LEG-SW-0123,Yes,Closed
VUL07435,CVE-2025-68501,SQL Injection,Medium,6.2,SAL-MOB-0033,Yes,Closed
VUL07436,CVE-2025-72876,Security Misconfiguration,Medium,5.3,OPS-PRT-0013,Yes,Patched
VUL07437,CVE-2022-88355,Unpatched Software,Low,0.6,LEG-IOT-0033,Yes,Patched
VUL07438,CVE-2017-99396,Server-Side Request Forgery (SSRF),Low,0.5,MKT-DB-0117,No,Won't Fix
VUL07439,CVE-2021-33501,Privilege Escalation,Low,2.4,SAL-DB-0081,No,In Progress
VUL07440,CVE-2016-53403,Command Injection,Critical,9.1,IT-SW-0134,No,Won't Fix
VUL07441,CVE-2020-95191,Weak Password Policy,Low,2.0,IT-IOT-0063,Yes,Patched
VUL07442,CVE-2015-7917,Broken Authentication,Low,0.4,ENG-IOT-0021,Yes,In Progress
VUL07443,CVE-2022-79615,Security Misconfiguration,High,8.7,FIN-SRV-0065,No,Won't Fix
VUL07444,CVE-2025-7548,Insecure Deserialization,High,7.0,FIN-IOT-0123,Yes,Patched
VUL07445,CVE-2017-66685,Unpatched Software,Low,1.8,SAL-LAP-0112,Yes,Patched
VUL07446,CVE-2026-51852,Insecure Deserialization,High,8.7,HR-RTR-0062,Yes,Closed
VUL07447,CVE-2018-36211,Missing Security Patch,Medium,6.7,SAL-SRV-0137,Yes,In Progress
VUL07448,CVE-2017-56639,Outdated SSL/TLS Configuration,Medium,4.8,FIN-DB-0110,Yes,In Progress
VUL07449,CVE-2015-6954,Weak Password Policy,Medium,5.8,HR-DB-0039,Yes,In Progress
VUL07450,CVE-2023-46855,Open Redirect,Low,1.2,LEG-RTR-0008,No,Won't Fix
VUL07451,CVE-2024-78389,Open Redirect,High,7.6,LEG-LAP-0030,No,Open
VUL07452,CVE-2023-88789,Sensitive Data Exposure,Low,1.9,FIN-LAP-0107,No,In Progress
VUL07453,CVE-2026-66634,Security Misconfiguration,Low,1.0,FIN-FW-0018,Yes,In Progress
VUL07454,CVE-2023-38918,XML External Entity (XXE),Medium,4.6,MKT-RTR-0063,Yes,Closed
VUL07455,CVE-2015-16938,Missing Security Patch,Medium,6.4,MKT-IOT-0072,No,In Progress
VUL07456,CVE-2024-92158,Missing Security Patch,Medium,4.2,ENG-SRV-0100,Yes,Patched
VUL07457,CVE-2025-88308,XML External Entity (XXE),High,8.8,MKT-SW-0064,Yes,In Progress
VUL07458,CVE-2015-50117,Missing Security Patch,Low,2.0,FIN-RTR-0058,Yes,Patched
VUL07459,CVE-2025-68040,Unpatched Software,Low,1.4,OPS-DB-0064,No,Open
VUL07460,CVE-2018-13659,Sensitive Data Exposure,Low,0.9,LEG-PRT-0060,No,Won't Fix
VUL07461,CVE-2021-68084,Server-Side Request Forgery (SSRF),Low,0.9,SAL-MOB-0157,Yes,In Progress
VUL07462,CVE-2019-83384,Broken Authentication,Medium,4.6,FIN-SRV-0006,Yes,Patched
VUL07463,CVE-2021-64154,Sensitive Data Exposure,Low,2.2,FIN-FW-0054,Yes,Patched
VUL07464,CVE-2020-55108,Broken Authentication,Low,2.3,HR-MOB-0032,Yes,In Progress
VUL07465,CVE-2026-14298,XML External Entity (XXE),Medium,6.3,LEG-PRT-0042,No,In Progress
VUL07466,CVE-2021-82928,Command Injection,High,8.9,SAL-PRT-0002,Yes,In Progress
VUL07467,CVE-2020-30819,Open Redirect,Low,1.7,FIN-PRT-0090,No,Open
VUL07468,CVE-2025-28900,Open Redirect,Medium,4.6,FIN-LAP-0011,Yes,In Progress
VUL07469,CVE-2015-30062,Broken Authentication,Critical,9.6,MKT-SRV-0012,Yes,Closed
VUL07470,CVE-2022-41291,Server-Side Request Forgery (SSRF),High,7.4,HR-PC-0133,Yes,In Progress
VUL07471,CVE-2023-60757,Security Misconfiguration,Medium,6.3,ENG-RTR-0103,No,In Progress
VUL07472,CVE-2025-36034,Security Misconfiguration,Medium,5.6,IT-PRT-0051,No,Won't Fix
VUL07473,CVE-2022-19028,Privilege Escalation,Medium,6.7,MKT-DB-0044,Yes,Closed
VUL07474,CVE-2022-64318,Missing Security Patch,Low,3.8,OPS-PRT-0109,Yes,Closed
VUL07475,CVE-2015-47233,Buffer Overflow,Medium,6.1,SAL-PRT-0064,Yes,In Progress
VUL07476,CVE-2023-19945,SQL Injection,Medium,4.4,ENG-PC-0030,Yes,In Progress
VUL07477,CVE-2026-39164,Remote Code Execution,Critical,9.5,MKT-SRV-0089,No,Won't Fix
VUL07478,CVE-2017-25003,Remote Code Execution,Low,3.0,SAL-FW-0076,Yes,In Progress
VUL07479,CVE-2025-94614,Path Traversal,High,7.5,MKT-SW-0016,Yes,In Progress
VUL07480,CVE-2019-30360,Sensitive Data Exposure,High,7.6,MKT-PC-0071,Yes,Closed
VUL07481,CVE-2021-66849,Security Misconfiguration,Medium,4.3,MKT-MOB-0052,Yes,Closed
VUL07482,CVE-2022-6922,Missing Security Patch,Medium,6.7,HR-PRT-0014,No,Open
VUL07483,CVE-2019-36686,Sensitive Data Exposure,Medium,6.1,MKT-MOB-0028,No,Won't Fix
VUL07484,CVE-2018-23870,Remote Code Execution,Critical,9.8,ENG-PC-0041,No,Open
VUL07485,CVE-2022-6268,Remote Code Execution,Medium,5.4,FIN-PC-0037,Yes,Closed
VUL07486,CVE-2019-49508,Remote Code Execution,Low,1.1,SAL-FW-0052,Yes,In Progress
VUL07487,CVE-2016-61354,Sensitive Data Exposure,Critical,9.8,SAL-DB-0098,Yes,In Progress
VUL07488,CVE-2025-76958,Weak Password Policy,Critical,9.1,IT-PC-0062,Yes,In Progress
VUL07489,CVE-2017-45272,Denial of Service,Low,3.8,SAL-MOB-0103,No,Won't Fix
VUL07490,CVE-2021-82224,Cross-Site Scripting (XSS),High,7.2,LEG-DB-0010,Yes,Patched
VUL07491,CVE-2023-66293,Outdated SSL/TLS Configuration,Critical,9.4,OPS-FW-0051,Yes,Patched
VUL07492,CVE-2021-25596,XML External Entity (XXE),Medium,5.6,HR-IOT-0088,Yes,Patched
VUL07493,CVE-2024-60381,Unpatched Software,Low,1.1,OPS-SW-0032,No,In Progress
VUL07494,CVE-2025-17402,Cross-Site Scripting (XSS),Medium,5.3,SAL-SW-0089,Yes,Closed
VUL07495,CVE-2021-63971,Denial of Service,Low,3.6,OPS-FW-0029,Yes,Closed
VUL07496,CVE-2024-69970,Cross-Site Scripting (XSS),High,7.7,HR-FW-0026,Yes,In Progress
VUL07497,CVE-2015-1982,Privilege Escalation,Critical,9.9,ENG-SW-0028,Yes,In Progress
VUL07498,CVE-2015-3366,Privilege Escalation,Low,1.0,OPS-IOT-0081,No,In Progress
VUL07499,CVE-2025-8658,Denial of Service,Medium,4.9,LEG-MOB-0101,Yes,Closed
VUL07500,CVE-2017-69872,Open Redirect,Critical,9.7,SAL-PC-0030,No,Open
VUL07501,CVE-2016-48622,Path Traversal,Medium,6.4,MKT-PRT-0032,Yes,Patched
VUL07502,CVE-2021-74677,Privilege Escalation,Medium,5.9,HR-MOB-0067,No,Open
VUL07503,CVE-2025-83651,Insecure Deserialization,Critical,9.5,OPS-PC-0121,Yes,In Progress
VUL07504,CVE-2017-54211,SQL Injection,Medium,6.0,HR-RTR-0011,Yes,In Progress
VUL07505,CVE-2026-12417,Buffer Overflow,High,8.0,FIN-SW-0013,Yes,Patched
VUL07506,CVE-2025-13721,Insecure Direct Object Reference,Medium,6.4,SAL-MOB-0050,Yes,In Progress
VUL07507,CVE-2023-66254,Unpatched Software,Medium,6.0,FIN-PRT-0032,Yes,In Progress
VUL07508,CVE-2025-58361,Insecure Direct Object Reference,Low,0.1,OPS-SRV-0037,Yes,Closed
VUL07509,CVE-2025-70435,Insecure Direct Object Reference,High,8.2,MKT-PRT-0064,No,Won't Fix
VUL07510,CVE-2020-34684,Sensitive Data Exposure,Medium,5.7,IT-RTR-0019,Yes,Closed
VUL07511,CVE-2018-35469,Denial of Service,High,8.0,IT-MOB-0024,Yes,In Progress
VUL07512,CVE-2021-54494,Open Redirect,Medium,4.3,MKT-PRT-0006,Yes,In Progress
VUL07513,CVE-2024-13571,XML External Entity (XXE),High,8.3,FIN-FW-0093,Yes,In Progress
VUL07514,CVE-2022-77668,XML External Entity (XXE),Critical,9.7,OPS-FW-0034,No,Open
VUL07515,CVE-2026-72793,Command Injection,High,8.7,IT-SW-0143,Yes,Patched
VUL07516,CVE-2026-99028,Security Misconfiguration,Medium,5.8,ENG-PRT-0014,Yes,Closed
VUL07517,CVE-2019-40703,Insecure Deserialization,Medium,5.9,FIN-DB-0104,Yes,In Progress
VUL07518,CVE-2021-38579,Open Redirect,Low,1.0,SAL-IOT-0117,Yes,Patched
VUL07519,CVE-2024-71091,Server-Side Request Forgery (SSRF),Medium,4.8,ENG-MOB-0033,No,Open
VUL07520,CVE-2017-22998,Outdated SSL/TLS Configuration,Low,2.6,IT-IOT-0007,Yes,Patched
VUL07521,CVE-2019-78020,Open Redirect,Critical,9.6,LEG-FW-0075,Yes,Closed
VUL07522,CVE-2018-23942,Security Misconfiguration,Low,3.1,LEG-DB-0052,No,In Progress
VUL07523,CVE-2015-32874,Outdated SSL/TLS Configuration,Critical,9.8,FIN-SW-0091,Yes,Closed
VUL07524,CVE-2017-94230,Outdated SSL/TLS Configuration,Low,0.6,FIN-DB-0046,Yes,In Progress
VUL07525,CVE-2022-49154,Open Redirect,High,7.7,ENG-PRT-0065,Yes,Closed
VUL07526,CVE-2017-87984,Remote Code Execution,Low,3.2,OPS-IOT-0056,Yes,Closed
VUL07527,CVE-2026-48648,Weak Password Policy,Critical,9.0,IT-MOB-0097,Yes,Patched
VUL07528,CVE-2021-70587,Insecure Deserialization,Medium,6.3,LEG-LAP-0035,Yes,In Progress
VUL07529,CVE-2024-4605,Insecure Direct Object Reference,High,8.9,IT-IOT-0069,No,Open
VUL07530,CVE-2024-25027,Buffer Overflow,High,8.4,IT-PRT-0056,Yes,Closed
VUL07531,CVE-2024-6460,Sensitive Data Exposure,High,7.4,FIN-PRT-0035,Yes,In Progress
VUL07532,CVE-2018-68170,Broken Authentication,High,7.1,LEG-FW-0032,Yes,In Progress
VUL07533,CVE-2023-25516,Sensitive Data Exposure,Critical,9.7,SAL-LAP-0017,No,Won't Fix
VUL07534,CVE-2022-7877,Sensitive Data Exposure,Low,0.4,SAL-SRV-0059,Yes,Closed
VUL07535,CVE-2016-68872,Open Redirect,High,7.4,HR-LAP-0018,Yes,Closed
VUL07536,CVE-2018-18524,XML External Entity (XXE),Medium,5.8,FIN-FW-0007,Yes,Closed
VUL07537,CVE-2018-9690,Unpatched Software,Low,2.1,SAL-SW-0034,No,In Progress
VUL07538,CVE-2022-18579,Security Misconfiguration,Medium,5.5,FIN-FW-0087,No,Open
VUL07539,CVE-2021-6882,Weak Password Policy,Critical,9.7,OPS-IOT-0087,Yes,Closed
VUL07540,CVE-2022-60464,Cross-Site Scripting (XSS),High,8.4,LEG-LAP-0039,Yes,In Progress
VUL07541,CVE-2016-23109,Remote Code Execution,Medium,5.2,HR-RTR-0037,Yes,Closed
VUL07542,CVE-2015-43376,Denial of Service,High,8.3,LEG-MOB-0023,Yes,Patched
VUL07543,CVE-2024-62292,Weak Password Policy,Medium,4.8,OPS-PC-0010,Yes,Closed
VUL07544,CVE-2018-70359,Server-Side Request Forgery (SSRF),High,8.8,IT-MOB-0011,Yes,Closed
VUL07545,CVE-2022-69633,Insecure Direct Object Reference,Medium,6.0,OPS-IOT-0026,Yes,Closed
VUL07546,CVE-2023-64488,Server-Side Request Forgery (SSRF),Low,1.9,LEG-DB-0085,Yes,In Progress
VUL07547,CVE-2015-60722,XML External Entity (XXE),Medium,5.0,SAL-MOB-0120,Yes,Patched
VUL07548,CVE-2026-13273,Weak Password Policy,High,7.3,LEG-SRV-0103,Yes,Closed
VUL07549,CVE-2026-20184,Denial of Service,High,8.6,HR-LAP-0088,Yes,Patched
VUL07550,CVE-2015-17571,Broken Authentication,High,8.1,SAL-PC-0057,Yes,Closed
VUL07551,CVE-2017-59334,Insecure Deserialization,Low,1.7,OPS-SRV-0056,Yes,In Progress
VUL07552,CVE-2021-17488,Open Redirect,Low,3.1,SAL-FW-0110,Yes,In Progress
VUL07553,CVE-2018-97513,SQL Injection,Low,2.2,ENG-FW-0058,No,Open
VUL07554,CVE-2018-89886,Missing Security Patch,Medium,6.3,SAL-PC-0063,No,Open
VUL07555,CVE-2015-50674,Server-Side Request Forgery (SSRF),Medium,6.6,SAL-PRT-0113,No,In Progress
VUL07556,CVE-2023-26961,Privilege Escalation,Medium,6.3,MKT-SRV-0047,No,Won't Fix
VUL07557,CVE-2020-36408,Broken Authentication,High,7.8,MKT-PRT-0085,Yes,In Progress
VUL07558,CVE-2015-35706,Outdated SSL/TLS Configuration,Medium,5.2,IT-LAP-0128,Yes,Patched
VUL07559,CVE-2018-87689,Buffer Overflow,Critical,9.8,FIN-LAP-0108,No,Won't Fix
VUL07560,CVE-2026-31533,Outdated SSL/TLS Configuration,Medium,5.6,ENG-FW-0067,Yes,In Progress
VUL07561,CVE-2015-77292,Server-Side Request Forgery (SSRF),Critical,10.0,FIN-DB-0106,Yes,Closed
VUL07562,CVE-2017-84969,Cross-Site Scripting (XSS),High,8.1,ENG-FW-0039,Yes,In Progress
VUL07563,CVE-2025-24999,Command Injection,High,8.6,ENG-MOB-0004,Yes,Patched
VUL07564,CVE-2019-19473,Path Traversal,Medium,6.1,MKT-LAP-0094,No,Open
VUL07565,CVE-2025-79132,Server-Side Request Forgery (SSRF),Low,3.4,SAL-DB-0026,Yes,In Progress
VUL07566,CVE-2023-27840,Weak Password Policy,Low,0.4,FIN-RTR-0072,No,Won't Fix
VUL07567,CVE-2023-19660,Cross-Site Scripting (XSS),High,8.0,SAL-PRT-0040,Yes,In Progress
VUL07568,CVE-2020-81293,Denial of Service,Low,1.2,LEG-SW-0091,Yes,Closed
VUL07569,CVE-2019-28632,SQL Injection,Medium,4.6,OPS-MOB-0106,Yes,Closed
VUL07570,CVE-2024-5962,Open Redirect,High,8.5,MKT-PC-0123,No,Open
VUL07571,CVE-2023-20709,Security Misconfiguration,High,8.7,HR-RTR-0059,No,In Progress
VUL07572,CVE-2017-69088,Buffer Overflow,High,8.2,HR-LAP-0055,Yes,Patched
VUL07573,CVE-2020-16037,Insecure Direct Object Reference,Medium,5.6,SAL-SRV-0045,No,In Progress
VUL07574,CVE-2025-32776,Buffer Overflow,High,7.6,MKT-FW-0065,Yes,Patched
VUL07575,CVE-2026-27868,Weak Password Policy,High,7.2,ENG-PRT-0013,Yes,In Progress
VUL07576,CVE-2020-19698,Weak Password Policy,High,8.9,HR-SRV-0050,Yes,Patched
VUL07577,CVE-2025-95773,Outdated SSL/TLS Configuration,Critical,9.3,OPS-FW-0113,No,Open
VUL07578,CVE-2026-65249,Insecure Deserialization,Low,3.2,OPS-SRV-0059,Yes,Closed
VUL07579,CVE-2025-16705,Privilege Escalation,Critical,9.5,OPS-FW-0033,No,In Progress
VUL07580,CVE-2023-45053,Outdated SSL/TLS Configuration,Medium,4.3,IT-MOB-0049,No,Won't Fix
VUL07581,CVE-2017-65764,Cross-Site Scripting (XSS),Medium,6.7,FIN-DB-0064,No,Open
VUL07582,CVE-2022-16969,Denial of Service,Low,1.6,OPS-PC-0055,Yes,Patched
VUL07583,CVE-2022-54877,Insecure Deserialization,Medium,4.4,IT-PRT-0080,No,Won't Fix
VUL07584,CVE-2024-69694,Buffer Overflow,Low,3.6,MKT-SRV-0112,No,In Progress
VUL07585,CVE-2021-89539,Weak Password Policy,High,7.7,HR-FW-0108,No,Open
VUL07586,CVE-2022-34607,Remote Code Execution,Medium,5.7,IT-SRV-0125,No,Open
VUL07587,CVE-2020-26629,XML External Entity (XXE),High,8.1,SAL-PRT-0133,Yes,In Progress
VUL07588,CVE-2016-93165,Remote Code Execution,Low,0.3,OPS-LAP-0099,Yes,Patched
VUL07589,CVE-2016-17910,Cross-Site Scripting (XSS),High,8.4,SAL-LAP-0047,Yes,Closed
VUL07590,CVE-2020-94500,Path Traversal,Medium,5.4,IT-MOB-0105,No,Won't Fix
VUL07591,CVE-2023-33594,Server-Side Request Forgery (SSRF),High,7.9,SAL-FW-0100,Yes,Patched
VUL07592,CVE-2019-52238,Open Redirect,High,7.5,IT-PC-0078,No,Won't Fix
VUL07593,CVE-2020-46162,SQL Injection,Medium,5.4,ENG-PC-0006,No,In Progress
VUL07594,CVE-2020-49454,Broken Authentication,Medium,5.5,SAL-LAP-0105,Yes,Patched
VUL07595,CVE-2017-39054,Missing Security Patch,High,7.0,IT-LAP-0009,Yes,Patched
VUL07596,CVE-2018-56416,Broken Authentication,Critical,9.6,ENG-PC-0040,Yes,In Progress
VUL07597,CVE-2024-76672,Path Traversal,Medium,5.2,OPS-SW-0108,No,In Progress
VUL07598,CVE-2015-98544,Open Redirect,High,7.1,LEG-DB-0056,Yes,Patched
VUL07599,CVE-2020-66971,Unpatched Software,Critical,9.4,LEG-MOB-0062,Yes,In Progress
VUL07600,CVE-2019-40886,Weak Password Policy,Medium,5.7,HR-SRV-0077,No,Won't Fix
VUL07601,CVE-2017-3187,Sensitive Data Exposure,Medium,5.7,LEG-PC-0017,No,Won't Fix
VUL07602,CVE-2018-57756,Server-Side Request Forgery (SSRF),Medium,6.5,IT-DB-0009,Yes,Patched
VUL07603,CVE-2018-90030,Cross-Site Scripting (XSS),Low,3.8,HR-LAP-0129,Yes,Patched
VUL07604,CVE-2026-79623,Denial of Service,Medium,6.6,LEG-RTR-0025,No,In Progress
VUL07605,CVE-2020-17198,Security Misconfiguration,Critical,9.6,FIN-PRT-0107,No,Open
VUL07606,CVE-2021-20527,Buffer Overflow,Low,3.3,SAL-PRT-0063,Yes,Closed
VUL07607,CVE-2017-96144,Open Redirect,Low,0.6,LEG-FW-0086,Yes,In Progress
VUL07608,CVE-2025-75143,Broken Authentication,Low,1.6,OPS-FW-0082,Yes,Closed
VUL07609,CVE-2022-19953,Insecure Deserialization,Low,2.9,SAL-DB-0045,No,In Progress
VUL07610,CVE-2024-28873,Denial of Service,Medium,5.0,ENG-PRT-0024,Yes,Patched
VUL07611,CVE-2021-73521,Path Traversal,Medium,4.6,SAL-PC-0018,No,Open
VUL07612,CVE-2023-30243,Command Injection,High,7.8,HR-RTR-0088,Yes,In Progress
VUL07613,CVE-2015-36178,Path Traversal,Medium,4.5,SAL-IOT-0073,Yes,Patched
VUL07614,CVE-2026-76817,Insecure Deserialization,Medium,6.8,HR-SW-0051,Yes,Closed
VUL07615,CVE-2019-77849,Weak Password Policy,Medium,6.2,LEG-SRV-0021,No,Won't Fix
VUL07616,CVE-2019-5421,Weak Password Policy,High,7.2,LEG-FW-0046,No,Won't Fix
VUL07617,CVE-2023-5402,Broken Authentication,Medium,6.1,FIN-SRV-0091,Yes,Closed
VUL07618,CVE-2023-13348,Command Injection,Medium,6.3,HR-PC-0111,No,In Progress
VUL07619,CVE-2024-49717,Outdated SSL/TLS Configuration,High,8.3,FIN-PC-0081,Yes,Closed
VUL07620,CVE-2025-54341,Denial of Service,High,7.6,IT-FW-0041,No,In Progress
VUL07621,CVE-2016-27903,Denial of Service,Critical,9.1,ENG-SRV-0093,Yes,Closed
VUL07622,CVE-2023-28576,Cross-Site Scripting (XSS),Critical,9.3,HR-SRV-0076,No,Won't Fix
VUL07623,CVE-2015-56792,Missing Security Patch,Critical,9.8,HR-LAP-0007,Yes,Closed
VUL07624,CVE-2016-99668,Denial of Service,Low,1.4,SAL-MOB-0042,No,Open
VUL07625,CVE-2023-30118,XML External Entity (XXE),Critical,9.1,MKT-SRV-0060,Yes,Patched
VUL07626,CVE-2020-52744,Privilege Escalation,High,8.6,FIN-RTR-0025,Yes,Patched
VUL07627,CVE-2025-85376,Broken Authentication,High,7.2,IT-RTR-0001,No,Won't Fix
VUL07628,CVE-2016-3247,Unpatched Software,High,8.8,SAL-RTR-0019,Yes,Patched
VUL07629,CVE-2015-93027,Broken Authentication,Low,3.2,OPS-LAP-0035,No,In Progress
VUL07630,CVE-2018-26874,XML External Entity (XXE),Medium,4.6,SAL-LAP-0099,No,Open
VUL07631,CVE-2018-57630,Denial of Service,Low,2.5,IT-DB-0082,Yes,Closed
VUL07632,CVE-2023-37170,Insecure Deserialization,Medium,5.7,SAL-RTR-0070,No,Won't Fix
VUL07633,CVE-2024-15594,Broken Authentication,Medium,5.8,HR-LAP-0068,Yes,Closed
VUL07634,CVE-2017-24793,Buffer Overflow,Low,0.7,OPS-LAP-0010,Yes,Patched
VUL07635,CVE-2015-32905,Command Injection,Critical,9.7,OPS-PC-0104,Yes,Closed
VUL07636,CVE-2025-80735,Open Redirect,High,8.4,FIN-SW-0004,No,Open
VUL07637,CVE-2021-28077,Server-Side Request Forgery (SSRF),Medium,6.0,HR-DB-0108,No,Open
VUL07638,CVE-2016-64647,Privilege Escalation,Low,0.3,IT-LAP-0063,Yes,Patched
VUL07639,CVE-2020-55826,Path Traversal,Medium,4.6,LEG-IOT-0019,No,Won't Fix
VUL07640,CVE-2026-55810,Missing Security Patch,Low,1.8,MKT-PRT-0096,Yes,In Progress
VUL07641,CVE-2026-41463,SQL Injection,High,7.4,ENG-IOT-0107,No,In Progress
VUL07642,CVE-2020-39626,Cross-Site Scripting (XSS),Medium,4.9,FIN-IOT-0083,Yes,In Progress
VUL07643,CVE-2025-31127,Broken Authentication,Medium,5.3,ENG-MOB-0094,No,Won't Fix
VUL07644,CVE-2022-15141,Remote Code Execution,High,8.5,LEG-RTR-0122,No,In Progress
VUL07645,CVE-2020-11144,Command Injection,Low,2.5,IT-MOB-0027,No,Open
VUL07646,CVE-2021-41182,Cross-Site Scripting (XSS),Medium,5.5,IT-PRT-0031,Yes,In Progress
VUL07647,CVE-2026-82778,Sensitive Data Exposure,Medium,6.8,FIN-LAP-0073,Yes,Closed
VUL07648,CVE-2018-95623,Denial of Service,Medium,4.2,FIN-PC-0047,Yes,Patched
VUL07649,CVE-2018-77406,Outdated SSL/TLS Configuration,Medium,4.6,ENG-SW-0080,Yes,Patched
VUL07650,CVE-2020-10842,Cross-Site Scripting (XSS),Medium,4.7,MKT-DB-0086,Yes,Patched
VUL07651,CVE-2023-91684,Outdated SSL/TLS Configuration,Medium,6.3,LEG-SW-0032,Yes,Patched
VUL07652,CVE-2017-51468,Privilege Escalation,Medium,5.4,FIN-FW-0121,Yes,In Progress
VUL07653,CVE-2019-93980,Unpatched Software,High,8.6,ENG-RTR-0085,Yes,In Progress
VUL07654,CVE-2024-61970,XML External Entity (XXE),Low,2.3,LEG-SRV-0038,Yes,Closed
VUL07655,CVE-2015-82481,Denial of Service,Medium,5.6,LEG-SW-0018,Yes,Patched
VUL07656,CVE-2023-95836,Broken Authentication,Medium,6.3,FIN-PRT-0105,No,Open
VUL07657,CVE-2024-16353,Privilege Escalation,Medium,5.0,OPS-RTR-0097,No,In Progress
VUL07658,CVE-2024-14084,Missing Security Patch,Medium,5.7,HR-FW-0060,Yes,Patched
VUL07659,CVE-2018-7230,Broken Authentication,Low,3.4,OPS-RTR-0058,No,In Progress
VUL07660,CVE-2024-93664,Server-Side Request Forgery (SSRF),Medium,6.5,IT-FW-0020,Yes,Patched
VUL07661,CVE-2021-14682,Broken Authentication,High,8.4,HR-IOT-0028,Yes,Patched
VUL07662,CVE-2017-6100,XML External Entity (XXE),Critical,9.2,OPS-PC-0096,No,In Progress
VUL07663,CVE-2021-37655,SQL Injection,Medium,6.0,HR-PC-0112,Yes,Closed
VUL07664,CVE-2016-76400,XML External Entity (XXE),Critical,9.7,SAL-LAP-0106,Yes,Closed
VUL07665,CVE-2016-21723,SQL Injection,Low,2.5,IT-IOT-0055,No,In Progress
VUL07666,CVE-2023-16794,Sensitive Data Exposure,Medium,4.3,ENG-PRT-0098,No,Won't Fix
VUL07667,CVE-2022-94647,Broken Authentication,Medium,5.2,SAL-MOB-0012,Yes,In Progress
VUL07668,CVE-2016-3465,Sensitive Data Exposure,Low,2.5,ENG-SW-0114,Yes,Patched
VUL07669,CVE-2016-91883,Sensitive Data Exposure,Low,0.6,HR-SW-0091,Yes,Closed
VUL07670,CVE-2019-60210,Buffer Overflow,Critical,9.6,HR-MOB-0063,No,In Progress
VUL07671,CVE-2019-38240,Broken Authentication,High,7.4,HR-SRV-0036,No,Won't Fix
VUL07672,CVE-2025-87406,Privilege Escalation,Critical,9.1,ENG-LAP-0057,Yes,In Progress
VUL07673,CVE-2017-92396,Remote Code Execution,High,8.6,SAL-PRT-0018,Yes,In Progress
VUL07674,CVE-2021-56771,Command Injection,Critical,10.0,IT-SRV-0082,No,Open
VUL07675,CVE-2020-44385,Security Misconfiguration,Low,0.5,IT-SW-0028,Yes,Closed
VUL07676,CVE-2024-60744,Buffer Overflow,Low,1.1,FIN-RTR-0046,No,Won't Fix
VUL07677,CVE-2020-89554,Denial of Service,Critical,9.2,FIN-MOB-0077,Yes,Closed
VUL07678,CVE-2019-40501,SQL Injection,Low,3.6,SAL-MOB-0037,Yes,In Progress
VUL07679,CVE-2023-87168,Insecure Deserialization,Low,2.6,IT-PRT-0095,No,Won't Fix
VUL07680,CVE-2021-19361,Privilege Escalation,Critical,9.6,HR-IOT-0029,No,Won't Fix
VUL07681,CVE-2016-26393,Security Misconfiguration,Medium,5.3,FIN-PRT-0130,No,Won't Fix
VUL07682,CVE-2018-95080,Insecure Deserialization,Medium,4.9,HR-RTR-0006,No,In Progress
VUL07683,CVE-2021-14797,Cross-Site Scripting (XSS),Low,1.5,HR-LAP-0067,Yes,Patched
VUL07684,CVE-2018-50654,Insecure Direct Object Reference,High,8.1,SAL-MOB-0095,Yes,In Progress
VUL07685,CVE-2024-10331,Outdated SSL/TLS Configuration,Medium,4.1,LEG-PRT-0113,No,Open
VUL07686,CVE-2020-47405,Remote Code Execution,High,8.7,ENG-PC-0008,Yes,In Progress
VUL07687,CVE-2021-40104,Insecure Deserialization,High,7.6,OPS-MOB-0049,No,Won't Fix
VUL07688,CVE-2018-95392,Open Redirect,Low,1.1,MKT-PC-0109,Yes,In Progress
VUL07689,CVE-2016-5942,Broken Authentication,High,8.8,LEG-IOT-0079,No,Open
VUL07690,CVE-2017-43920,Cross-Site Scripting (XSS),Medium,5.2,MKT-SRV-0074,No,In Progress
VUL07691,CVE-2015-68930,Command Injection,Critical,9.6,HR-PC-0044,No,Open
VUL07692,CVE-2018-35278,Cross-Site Scripting (XSS),Low,0.4,ENG-MOB-0012,Yes,Closed
VUL07693,CVE-2026-67068,Remote Code Execution,Low,1.2,OPS-MOB-0114,No,Open
VUL07694,CVE-2022-88331,Insecure Direct Object Reference,Medium,4.6,IT-MOB-0023,No,Won't Fix
VUL07695,CVE-2025-22252,Buffer Overflow,High,7.9,LEG-DB-0117,Yes,Patched
VUL07696,CVE-2019-13897,Buffer Overflow,Medium,6.6,LEG-SW-0060,Yes,In Progress
VUL07697,CVE-2024-35859,Insecure Direct Object Reference,Low,3.4,OPS-FW-0097,Yes,In Progress
VUL07698,CVE-2025-51283,Insecure Deserialization,Low,1.3,LEG-DB-0127,Yes,In Progress
VUL07699,CVE-2019-64248,SQL Injection,Medium,5.5,FIN-IOT-0119,No,In Progress
VUL07700,CVE-2021-49021,Cross-Site Scripting (XSS),High,7.4,FIN-SW-0033,Yes,Patched
VUL07701,CVE-2017-22403,Command Injection,Low,1.7,LEG-RTR-0032,No,Won't Fix
VUL07702,CVE-2024-35073,Path Traversal,Critical,9.4,HR-SW-0120,Yes,Patched
VUL07703,CVE-2024-12027,Insecure Direct Object Reference,Medium,5.3,LEG-RTR-0023,Yes,In Progress
VUL07704,CVE-2023-45696,Server-Side Request Forgery (SSRF),Medium,6.3,SAL-RTR-0058,Yes,Closed
VUL07705,CVE-2019-90552,SQL Injection,Medium,6.6,OPS-DB-0105,No,Open
VUL07706,CVE-2018-49479,Server-Side Request Forgery (SSRF),High,8.3,OPS-PC-0027,No,Won't Fix
VUL07707,CVE-2021-36034,XML External Entity (XXE),Medium,6.3,FIN-MOB-0100,No,Won't Fix
VUL07708,CVE-2018-18460,Denial of Service,Low,1.8,ENG-RTR-0067,No,In Progress
VUL07709,CVE-2023-90770,Cross-Site Scripting (XSS),Low,0.3,SAL-PRT-0070,Yes,Patched
VUL07710,CVE-2021-62874,Outdated SSL/TLS Configuration,Medium,4.4,ENG-FW-0099,Yes,Closed
VUL07711,CVE-2016-74189,Security Misconfiguration,Low,3.3,LEG-RTR-0011,No,Open
VUL07712,CVE-2022-95888,Open Redirect,Medium,6.4,SAL-MOB-0069,Yes,In Progress
VUL07713,CVE-2018-7418,Denial of Service,Low,2.3,IT-LAP-0079,Yes,Patched
VUL07714,CVE-2020-12299,Security Misconfiguration,High,8.2,IT-PC-0021,Yes,Patched
VUL07715,CVE-2026-33893,Cross-Site Scripting (XSS),Low,1.5,OPS-FW-0029,No,In Progress
VUL07716,CVE-2019-47299,Server-Side Request Forgery (SSRF),Low,1.6,FIN-SRV-0041,Yes,Patched
VUL07717,CVE-2023-93650,Command Injection,Medium,5.0,HR-SW-0016,Yes,In Progress
VUL07718,CVE-2025-5651,Broken Authentication,Medium,4.3,OPS-FW-0068,Yes,Closed
VUL07719,CVE-2023-63993,Security Misconfiguration,Critical,9.6,MKT-PRT-0045,Yes,In Progress
VUL07720,CVE-2015-98495,Insecure Deserialization,Critical,9.3,OPS-RTR-0049,Yes,Patched
VUL07721,CVE-2016-61580,Unpatched Software,High,7.6,MKT-RTR-0024,No,In Progress
VUL07722,CVE-2024-88910,Insecure Deserialization,Medium,5.1,HR-LAP-0120,Yes,In Progress
VUL07723,CVE-2015-14722,Open Redirect,Medium,6.9,HR-SRV-0084,No,In Progress
VUL07724,CVE-2025-9623,Denial of Service,Medium,6.6,HR-IOT-0042,Yes,Patched
VUL07725,CVE-2025-38663,Command Injection,Low,0.6,SAL-PC-0036,Yes,In Progress
VUL07726,CVE-2025-7706,Command Injection,High,8.9,LEG-SRV-0080,Yes,Patched
VUL07727,CVE-2019-96350,Sensitive Data Exposure,Low,2.6,SAL-DB-0094,Yes,Closed
VUL07728,CVE-2018-98271,Path Traversal,Low,1.2,SAL-SRV-0126,Yes,Closed
VUL07729,CVE-2021-73918,Insecure Direct Object Reference,Low,1.4,IT-LAP-0042,Yes,Closed
VUL07730,CVE-2017-87330,Insecure Direct Object Reference,High,8.8,FIN-DB-0087,Yes,Patched
VUL07731,CVE-2025-35788,Sensitive Data Exposure,Low,2.7,HR-PC-0008,No,Open
VUL07732,CVE-2020-47861,Buffer Overflow,Medium,5.1,FIN-MOB-0111,No,Open
VUL07733,CVE-2025-86275,Privilege Escalation,Low,1.5,OPS-SRV-0009,Yes,In Progress
VUL07734,CVE-2020-81008,Outdated SSL/TLS Configuration,Medium,4.1,IT-SW-0088,Yes,In Progress
VUL07735,CVE-2016-13097,Weak Password Policy,High,7.1,ENG-FW-0006,Yes,In Progress
VUL07736,CVE-2018-54413,Privilege Escalation,High,7.0,FIN-PC-0043,No,In Progress
VUL07737,CVE-2018-99748,Denial of Service,High,8.8,OPS-SRV-0029,Yes,Closed
VUL07738,CVE-2026-25632,SQL Injection,Low,3.8,IT-PRT-0007,No,Won't Fix
VUL07739,CVE-2024-6801,Security Misconfiguration,Medium,5.1,OPS-FW-0096,Yes,In Progress
VUL07740,CVE-2023-81962,Cross-Site Scripting (XSS),Low,1.8,HR-IOT-0019,Yes,Patched
VUL07741,CVE-2022-28876,Server-Side Request Forgery (SSRF),Critical,9.9,OPS-FW-0049,Yes,Closed
VUL07742,CVE-2025-99367,Buffer Overflow,Critical,9.4,IT-IOT-0095,Yes,In Progress
VUL07743,CVE-2023-1943,Insecure Direct Object Reference,Medium,6.3,IT-DB-0128,Yes,Closed
VUL07744,CVE-2017-61311,Open Redirect,Medium,5.1,IT-LAP-0068,No,Open
VUL07745,CVE-2022-78991,Insecure Deserialization,Low,3.1,OPS-FW-0028,No,Open
VUL07746,CVE-2025-38015,Remote Code Execution,Low,2.3,IT-RTR-0077,Yes,Closed
VUL07747,CVE-2016-34836,Buffer Overflow,Medium,4.4,LEG-MOB-0001,Yes,Closed
VUL07748,CVE-2026-69493,Sensitive Data Exposure,High,8.6,IT-SRV-0061,No,In Progress
VUL07749,CVE-2017-91552,Sensitive Data Exposure,Medium,6.3,MKT-RTR-0054,Yes,In Progress
VUL07750,CVE-2023-33803,Cross-Site Scripting (XSS),Medium,5.0,SAL-SRV-0098,No,Open
VUL07751,CVE-2023-3302,Cross-Site Scripting (XSS),High,8.0,ENG-LAP-0110,No,Open
VUL07752,CVE-2017-13682,Server-Side Request Forgery (SSRF),High,7.3,LEG-RTR-0037,No,Won't Fix
VUL07753,CVE-2025-27851,Command Injection,Medium,4.6,MKT-RTR-0054,Yes,In Progress
VUL07754,CVE-2021-54570,Remote Code Execution,Critical,9.4,HR-SRV-0107,Yes,In Progress
VUL07755,CVE-2016-41015,SQL Injection,Medium,6.1,IT-MOB-0050,Yes,Closed
VUL07756,CVE-2018-26913,Remote Code Execution,Medium,6.8,LEG-DB-0070,No,Won't Fix
VUL07757,CVE-2023-7948,Remote Code Execution,Medium,6.6,ENG-MOB-0064,Yes,Patched
VUL07758,CVE-2018-81085,Open Redirect,High,8.2,ENG-RTR-0069,No,In Progress
VUL07759,CVE-2026-21288,Broken Authentication,High,7.4,HR-DB-0035,Yes,Patched
VUL07760,CVE-2016-8223,Remote Code Execution,Low,1.0,HR-FW-0002,Yes,Closed
VUL07761,CVE-2022-31891,Security Misconfiguration,Medium,4.2,MKT-MOB-0018,Yes,Patched
VUL07762,CVE-2024-27697,Broken Authentication,Medium,6.0,IT-IOT-0006,No,In Progress
VUL07763,CVE-2022-76968,Security Misconfiguration,Medium,6.7,IT-PRT-0012,No,Won't Fix
VUL07764,CVE-2021-73753,Buffer Overflow,Low,0.2,ENG-SW-0121,Yes,In Progress
VUL07765,CVE-2021-54921,Missing Security Patch,Low,0.4,ENG-RTR-0088,No,In Progress
VUL07766,CVE-2015-94034,Unpatched Software,Critical,9.9,SAL-FW-0079,Yes,Patched
VUL07767,CVE-2021-98352,Privilege Escalation,Medium,6.0,ENG-FW-0057,Yes,Closed
VUL07768,CVE-2022-14462,Denial of Service,High,8.5,SAL-FW-0006,Yes,Patched
VUL07769,CVE-2020-89503,Unpatched Software,Medium,5.3,OPS-PRT-0036,Yes,Patched
VUL07770,CVE-2024-77876,Privilege Escalation,Low,1.6,IT-SW-0021,No,Won't Fix
VUL07771,CVE-2021-97796,Open Redirect,Medium,6.5,LEG-PC-0056,Yes,In Progress
VUL07772,CVE-2019-8607,Missing Security Patch,Medium,6.1,MKT-PRT-0096,Yes,Patched
VUL07773,CVE-2023-94619,Broken Authentication,High,8.6,HR-IOT-0015,Yes,Patched
VUL07774,CVE-2015-5961,Server-Side Request Forgery (SSRF),Medium,4.4,FIN-RTR-0100,Yes,Patched
VUL07775,CVE-2026-73454,Outdated SSL/TLS Configuration,High,7.8,HR-LAP-0038,Yes,Closed
VUL07776,CVE-2017-30515,Server-Side Request Forgery (SSRF),Medium,4.8,FIN-MOB-0092,Yes,Patched
VUL07777,CVE-2019-4436,Sensitive Data Exposure,Low,2.3,OPS-SRV-0022,Yes,Patched
VUL07778,CVE-2023-31218,Privilege Escalation,High,7.7,HR-IOT-0030,Yes,Patched
VUL07779,CVE-2016-28189,Insecure Direct Object Reference,Medium,6.1,SAL-SW-0105,Yes,Closed
VUL07780,CVE-2018-23307,Broken Authentication,Medium,4.0,SAL-PRT-0108,Yes,Closed
VUL07781,CVE-2026-1296,Broken Authentication,High,7.0,OPS-PC-0017,Yes,Closed
VUL07782,CVE-2019-87666,Remote Code Execution,Low,0.8,ENG-LAP-0065,No,Won't Fix
VUL07783,CVE-2019-27076,Open Redirect,High,8.0,SAL-MOB-0099,No,In Progress
VUL07784,CVE-2024-29032,Security Misconfiguration,Low,0.7,IT-DB-0011,Yes,In Progress
VUL07785,CVE-2018-62631,Buffer Overflow,Medium,6.0,FIN-MOB-0094,No,In Progress
VUL07786,CVE-2021-66584,Denial of Service,High,7.3,MKT-SW-0070,Yes,In Progress
VUL07787,CVE-2021-5931,Command Injection,Medium,5.3,IT-DB-0078,No,In Progress
VUL07788,CVE-2020-42469,Sensitive Data Exposure,High,8.6,FIN-RTR-0098,Yes,Closed
VUL07789,CVE-2020-8324,Unpatched Software,Medium,5.9,IT-MOB-0122,Yes,Closed
VUL07790,CVE-2026-68264,Command Injection,Medium,6.1,MKT-MOB-0072,Yes,Patched
VUL07791,CVE-2019-22989,Buffer Overflow,Medium,4.2,FIN-SW-0074,No,Open
VUL07792,CVE-2026-30365,Outdated SSL/TLS Configuration,Low,1.5,MKT-LAP-0115,Yes,In Progress
VUL07793,CVE-2019-48396,SQL Injection,Medium,6.1,MKT-SW-0027,Yes,Closed
VUL07794,CVE-2015-6968,Weak Password Policy,High,8.6,IT-MOB-0022,Yes,Patched
VUL07795,CVE-2022-21986,Insecure Deserialization,High,7.2,HR-PC-0103,Yes,In Progress
VUL07796,CVE-2016-94607,Sensitive Data Exposure,Medium,5.2,HR-IOT-0060,No,Won't Fix
VUL07797,CVE-2025-37562,Broken Authentication,Critical,9.3,SAL-SW-0096,Yes,In Progress
VUL07798,CVE-2025-4557,Security Misconfiguration,Medium,5.8,MKT-DB-0058,No,Won't Fix
VUL07799,CVE-2024-5517,Denial of Service,High,7.1,HR-MOB-0082,No,Open
VUL07800,CVE-2018-60711,Cross-Site Scripting (XSS),Critical,9.4,SAL-IOT-0052,Yes,Patched
VUL07801,CVE-2022-53732,Privilege Escalation,High,7.9,SAL-MOB-0123,No,Won't Fix
VUL07802,CVE-2022-16511,SQL Injection,Medium,4.8,IT-SW-0019,Yes,Closed
VUL07803,CVE-2019-6976,Outdated SSL/TLS Configuration,Critical,9.3,IT-MOB-0065,Yes,Closed
VUL07804,CVE-2022-80012,Denial of Service,High,8.3,SAL-DB-0077,Yes,Closed
VUL07805,CVE-2023-88179,XML External Entity (XXE),High,8.1,SAL-RTR-0044,No,In Progress
VUL07806,CVE-2015-1506,Insecure Deserialization,High,8.6,LEG-LAP-0076,Yes,In Progress
VUL07807,CVE-2019-58352,XML External Entity (XXE),High,8.6,IT-RTR-0050,No,Won't Fix
VUL07808,CVE-2019-85670,Unpatched Software,Low,2.3,LEG-LAP-0012,No,Won't Fix
VUL07809,CVE-2019-79745,Server-Side Request Forgery (SSRF),High,7.2,MKT-SRV-0019,Yes,Closed
VUL07810,CVE-2019-51963,Open Redirect,High,8.8,FIN-IOT-0012,Yes,In Progress
VUL07811,CVE-2021-54446,Buffer Overflow,Medium,5.6,FIN-RTR-0071,Yes,Patched
VUL07812,CVE-2021-38689,Open Redirect,High,7.1,SAL-SW-0087,No,Won't Fix
VUL07813,CVE-2021-41122,Outdated SSL/TLS Configuration,Critical,9.1,LEG-SW-0097,No,Open
VUL07814,CVE-2024-85755,Insecure Deserialization,High,7.3,SAL-SW-0027,No,In Progress
VUL07815,CVE-2026-11521,Remote Code Execution,High,7.2,FIN-IOT-0108,Yes,In Progress
VUL07816,CVE-2020-64401,XML External Entity (XXE),Critical,9.5,IT-FW-0113,Yes,In Progress
VUL07817,CVE-2019-79119,Unpatched Software,Medium,6.5,MKT-PRT-0022,Yes,In Progress
VUL07818,CVE-2023-32324,Open Redirect,Critical,9.9,ENG-SW-0065,Yes,Closed
VUL07819,CVE-2016-2907,Insecure Deserialization,Low,0.9,MKT-LAP-0064,No,Won't Fix
VUL07820,CVE-2021-87045,Buffer Overflow,Medium,5.9,HR-LAP-0133,No,Won't Fix
VUL07821,CVE-2019-87917,Outdated SSL/TLS Configuration,Medium,5.4,SAL-SW-0067,No,In Progress
VUL07822,CVE-2019-55436,Command Injection,Medium,4.4,HR-MOB-0102,No,Won't Fix
VUL07823,CVE-2026-23345,Denial of Service,Critical,9.7,LEG-IOT-0006,Yes,In Progress
VUL07824,CVE-2017-27335,Outdated SSL/TLS Configuration,High,7.7,LEG-MOB-0025,Yes,Patched
VUL07825,CVE-2023-16362,Outdated SSL/TLS Configuration,Low,1.1,IT-DB-0033,No,Open
VUL07826,CVE-2016-63059,Insecure Direct Object Reference,Medium,4.8,IT-PRT-0084,No,Open
VUL07827,CVE-2017-82646,Remote Code Execution,Medium,5.0,ENG-RTR-0057,Yes,Closed
VUL07828,CVE-2020-4296,Path Traversal,Medium,4.7,IT-LAP-0069,No,Won't Fix
VUL07829,CVE-2019-99143,Security Misconfiguration,Medium,4.0,FIN-SRV-0073,Yes,Closed
VUL07830,CVE-2026-5752,Missing Security Patch,Critical,10.0,ENG-RTR-0038,Yes,Closed
VUL07831,CVE-2023-39393,SQL Injection,High,7.9,OPS-MOB-0139,Yes,In Progress
VUL07832,CVE-2021-1394,Remote Code Execution,High,7.9,HR-FW-0081,Yes,Patched
VUL07833,CVE-2025-39790,Insecure Direct Object Reference,Low,1.4,SAL-PRT-0017,No,Open
VUL07834,CVE-2019-41275,Insecure Direct Object Reference,High,8.6,ENG-RTR-0067,Yes,In Progress
VUL07835,CVE-2023-84174,Sensitive Data Exposure,High,8.2,SAL-MOB-0014,Yes,In Progress
VUL07836,CVE-2021-3620,Cross-Site Scripting (XSS),Critical,9.5,HR-SRV-0104,Yes,Patched
VUL07837,CVE-2021-78810,Missing Security Patch,High,7.8,OPS-SW-0057,Yes,In Progress
VUL07838,CVE-2023-94553,Outdated SSL/TLS Configuration,High,8.3,MKT-PRT-0083,Yes,Closed
VUL07839,CVE-2022-53982,Weak Password Policy,High,8.0,SAL-SW-0078,Yes,In Progress
VUL07840,CVE-2021-41261,Open Redirect,High,7.7,ENG-SRV-0144,Yes,Patched
VUL07841,CVE-2017-14894,Buffer Overflow,High,7.4,HR-PRT-0074,No,In Progress
VUL07842,CVE-2025-82483,Denial of Service,Low,3.9,FIN-MOB-0002,Yes,Closed
VUL07843,CVE-2021-29416,Privilege Escalation,High,8.5,LEG-PC-0050,Yes,Patched
VUL07844,CVE-2023-58849,Missing Security Patch,Low,3.8,IT-MOB-0034,Yes,In Progress
VUL07845,CVE-2019-46335,Open Redirect,Critical,9.1,OPS-PRT-0084,No,In Progress
VUL07846,CVE-2024-90017,Security Misconfiguration,Medium,5.6,IT-PC-0002,Yes,Closed
VUL07847,CVE-2021-31813,Command Injection,Low,2.7,ENG-DB-0048,Yes,Closed
VUL07848,CVE-2015-3306,Privilege Escalation,Critical,9.7,LEG-LAP-0094,No,Won't Fix
VUL07849,CVE-2016-79114,Sensitive Data Exposure,High,8.4,FIN-SRV-0078,Yes,Closed
VUL07850,CVE-2019-75918,Unpatched Software,Medium,4.4,SAL-SW-0105,No,In Progress
VUL07851,CVE-2020-10297,Insecure Deserialization,Low,3.6,OPS-PRT-0043,No,Open
VUL07852,CVE-2019-96847,Command Injection,Medium,4.7,HR-PC-0009,Yes,Patched
VUL07853,CVE-2018-40747,Security Misconfiguration,Medium,6.7,LEG-DB-0062,Yes,In Progress
VUL07854,CVE-2025-59557,Path Traversal,Medium,5.1,ENG-PC-0116,Yes,Closed
VUL07855,CVE-2018-73074,Unpatched Software,Medium,6.2,OPS-SW-0117,No,Won't Fix
VUL07856,CVE-2026-35576,Denial of Service,High,7.8,MKT-FW-0077,Yes,In Progress
VUL07857,CVE-2015-87772,Outdated SSL/TLS Configuration,Medium,4.6,LEG-SRV-0074,No,Won't Fix
VUL07858,CVE-2016-94916,SQL Injection,Medium,5.3,FIN-SRV-0109,Yes,In Progress
VUL07859,CVE-2024-55552,Server-Side Request Forgery (SSRF),Medium,5.7,HR-PRT-0021,No,In Progress
VUL07860,CVE-2023-68689,Buffer Overflow,Medium,4.7,HR-RTR-0031,No,Open
VUL07861,CVE-2024-50554,Security Misconfiguration,Low,2.2,HR-IOT-0082,Yes,In Progress
VUL07862,CVE-2015-79085,Open Redirect,Medium,5.4,IT-SW-0034,No,Won't Fix
VUL07863,CVE-2026-44773,Cross-Site Scripting (XSS),Medium,5.9,HR-SW-0105,No,Won't Fix
VUL07864,CVE-2020-68856,XML External Entity (XXE),High,7.4,HR-SRV-0042,Yes,Closed
VUL07865,CVE-2022-54226,Sensitive Data Exposure,High,8.3,IT-SRV-0029,No,In Progress
VUL07866,CVE-2017-76303,Privilege Escalation,Low,0.1,IT-RTR-0091,Yes,Closed
VUL07867,CVE-2018-12888,Security Misconfiguration,Critical,9.6,LEG-PC-0106,Yes,In Progress
VUL07868,CVE-2022-12159,Security Misconfiguration,Critical,9.3,HR-RTR-0058,Yes,Patched
VUL07869,CVE-2019-69389,Missing Security Patch,Low,3.6,SAL-SW-0049,No,Won't Fix
VUL07870,CVE-2016-18611,Insecure Deserialization,Low,1.0,IT-IOT-0031,Yes,Patched
VUL07871,CVE-2021-81655,Server-Side Request Forgery (SSRF),Low,3.3,FIN-DB-0009,No,Won't Fix
VUL07872,CVE-2015-43563,Broken Authentication,Low,2.3,HR-SRV-0061,Yes,In Progress
VUL07873,CVE-2017-21061,Unpatched Software,High,8.8,MKT-PC-0128,Yes,In Progress
VUL07874,CVE-2023-29394,Server-Side Request Forgery (SSRF),Critical,9.6,OPS-FW-0091,Yes,Patched
VUL07875,CVE-2021-31111,Buffer Overflow,Medium,4.9,FIN-PC-0068,Yes,In Progress
VUL07876,CVE-2026-13832,Open Redirect,Medium,6.5,SAL-LAP-0068,No,In Progress
VUL07877,CVE-2017-10969,Path Traversal,High,8.7,MKT-RTR-0088,Yes,Closed
VUL07878,CVE-2019-16815,Command Injection,Critical,9.1,HR-RTR-0071,Yes,Closed
VUL07879,CVE-2020-53070,Security Misconfiguration,Low,0.9,IT-IOT-0121,Yes,In Progress
VUL07880,CVE-2024-85508,Insecure Deserialization,High,7.3,SAL-FW-0009,Yes,Patched
VUL07881,CVE-2016-83477,Sensitive Data Exposure,High,7.5,MKT-PC-0020,Yes,Closed
VUL07882,CVE-2017-2305,Server-Side Request Forgery (SSRF),High,8.4,IT-SW-0120,Yes,Closed
VUL07883,CVE-2019-83859,Weak Password Policy,Critical,9.7,IT-SRV-0132,No,In Progress
VUL07884,CVE-2023-97568,Command Injection,Critical,9.0,ENG-PRT-0108,No,Open
VUL07885,CVE-2024-36011,Path Traversal,High,7.9,OPS-SRV-0092,No,Won't Fix
VUL07886,CVE-2023-24013,Server-Side Request Forgery (SSRF),Medium,4.0,FIN-SW-0073,No,Open
VUL07887,CVE-2022-48931,Open Redirect,High,8.8,HR-FW-0089,No,In Progress
VUL07888,CVE-2015-18276,Buffer Overflow,High,7.1,LEG-FW-0071,Yes,In Progress
VUL07889,CVE-2020-38942,Privilege Escalation,Low,0.3,LEG-PRT-0044,No,Won't Fix
VUL07890,CVE-2015-17691,Broken Authentication,High,7.1,ENG-LAP-0092,Yes,Closed
VUL07891,CVE-2017-24540,Outdated SSL/TLS Configuration,Low,3.5,FIN-SW-0140,Yes,Patched
VUL07892,CVE-2016-22781,Command Injection,Medium,6.4,HR-DB-0021,Yes,In Progress
VUL07893,CVE-2019-73301,Path Traversal,Medium,5.2,SAL-FW-0093,Yes,Closed
VUL07894,CVE-2024-16651,Broken Authentication,Low,3.8,IT-MOB-0003,Yes,Patched
VUL07895,CVE-2020-51775,Weak Password Policy,Medium,6.7,OPS-RTR-0122,Yes,In Progress
VUL07896,CVE-2025-41773,Path Traversal,Low,1.4,HR-PC-0087,No,In Progress
VUL07897,CVE-2023-39663,Security Misconfiguration,Low,3.1,FIN-PC-0104,No,In Progress
VUL07898,CVE-2015-13379,Unpatched Software,Critical,9.5,HR-SW-0072,Yes,Closed
VUL07899,CVE-2019-34094,Weak Password Policy,Medium,5.6,HR-SW-0048,Yes,In Progress
VUL07900,CVE-2023-63831,Unpatched Software,Medium,5.5,IT-PRT-0021,No,Won't Fix
VUL07901,CVE-2017-47373,Denial of Service,High,8.0,IT-RTR-0067,No,Won't Fix
VUL07902,CVE-2025-15734,Sensitive Data Exposure,Medium,4.8,HR-PRT-0015,Yes,Closed
VUL07903,CVE-2023-60628,Buffer Overflow,Medium,5.9,SAL-SRV-0009,Yes,In Progress
VUL07904,CVE-2024-95170,Sensitive Data Exposure,High,7.8,HR-FW-0043,Yes,Closed
VUL07905,CVE-2015-81427,Buffer Overflow,High,8.9,ENG-SRV-0095,Yes,In Progress
VUL07906,CVE-2023-3784,Server-Side Request Forgery (SSRF),High,8.6,HR-MOB-0037,Yes,Patched
VUL07907,CVE-2023-99565,Privilege Escalation,Low,1.7,HR-DB-0099,Yes,Closed
VUL07908,CVE-2025-43392,Sensitive Data Exposure,Low,1.6,OPS-LAP-0120,Yes,Closed
VUL07909,CVE-2016-81858,Unpatched Software,Low,0.8,FIN-FW-0004,No,In Progress
VUL07910,CVE-2018-74962,Buffer Overflow,High,8.5,HR-SRV-0079,Yes,In Progress
VUL07911,CVE-2023-39962,Missing Security Patch,Medium,6.1,IT-DB-0060,No,Won't Fix
VUL07912,CVE-2023-71241,Weak Password Policy,Medium,6.9,SAL-MOB-0079,No,In Progress
VUL07913,CVE-2015-83889,Sensitive Data Exposure,Medium,5.3,SAL-IOT-0098,No,Open
VUL07914,CVE-2024-27035,Denial of Service,High,8.4,LEG-PRT-0059,No,In Progress
VUL07915,CVE-2016-57037,Command Injection,Medium,6.1,FIN-DB-0090,No,Open
VUL07916,CVE-2016-38155,Security Misconfiguration,Low,0.2,LEG-PC-0071,No,Won't Fix
VUL07917,CVE-2026-99633,Outdated SSL/TLS Configuration,Medium,5.9,ENG-SW-0103,Yes,In Progress
VUL07918,CVE-2018-95188,Remote Code Execution,High,8.0,ENG-PRT-0017,No,Won't Fix
VUL07919,CVE-2016-4007,Server-Side Request Forgery (SSRF),Medium,6.1,IT-LAP-0100,No,Open
VUL07920,CVE-2020-46066,Unpatched Software,High,8.2,FIN-MOB-0009,Yes,Patched
VUL07921,CVE-2019-61998,Outdated SSL/TLS Configuration,Medium,6.6,LEG-PRT-0069,Yes,Patched
VUL07922,CVE-2015-58667,XML External Entity (XXE),Medium,5.2,ENG-PRT-0081,Yes,In Progress
VUL07923,CVE-2022-94400,Remote Code Execution,Medium,6.3,OPS-PC-0113,No,Open
VUL07924,CVE-2018-49084,Outdated SSL/TLS Configuration,High,8.5,SAL-SRV-0007,No,Won't Fix
VUL07925,CVE-2016-12869,Missing Security Patch,Medium,4.1,LEG-PC-0096,Yes,Patched
VUL07926,CVE-2026-4744,Broken Authentication,Medium,5.8,LEG-PRT-0093,Yes,Closed
VUL07927,CVE-2016-92760,Unpatched Software,High,7.3,ENG-MOB-0069,Yes,Patched
VUL07928,CVE-2022-46365,Buffer Overflow,Medium,6.9,HR-PRT-0008,Yes,Closed
VUL07929,CVE-2021-82926,Missing Security Patch,Low,3.2,OPS-PC-0128,Yes,Patched
VUL07930,CVE-2024-97157,SQL Injection,Medium,5.2,MKT-MOB-0099,Yes,Closed
VUL07931,CVE-2024-90025,Missing Security Patch,Medium,5.8,SAL-PC-0029,Yes,Closed
VUL07932,CVE-2026-19183,Broken Authentication,High,8.4,MKT-MOB-0012,Yes,Patched
VUL07933,CVE-2023-19798,Insecure Deserialization,Medium,5.0,HR-IOT-0002,No,Open
VUL07934,CVE-2022-37367,Insecure Direct Object Reference,High,8.3,MKT-IOT-0043,No,Open
VUL07935,CVE-2022-55298,Outdated SSL/TLS Configuration,High,8.3,FIN-IOT-0009,No,In Progress
VUL07936,CVE-2019-19488,Open Redirect,High,7.1,ENG-SRV-0015,No,Open
VUL07937,CVE-2015-27026,SQL Injection,Medium,6.5,OPS-SW-0049,No,Open
VUL07938,CVE-2018-36399,Sensitive Data Exposure,Low,2.1,SAL-PC-0030,No,In Progress
VUL07939,CVE-2020-23127,Command Injection,Critical,9.3,ENG-PRT-0061,Yes,In Progress
VUL07940,CVE-2020-91667,Denial of Service,Low,1.5,IT-RTR-0121,Yes,In Progress
VUL07941,CVE-2025-11565,Insecure Direct Object Reference,Medium,4.4,HR-DB-0110,Yes,Patched
VUL07942,CVE-2016-26827,Security Misconfiguration,High,8.4,LEG-SW-0034,Yes,Closed
VUL07943,CVE-2024-31137,Unpatched Software,Low,2.5,ENG-MOB-0018,Yes,Closed
VUL07944,CVE-2018-89442,XML External Entity (XXE),Medium,6.6,OPS-DB-0019,Yes,Patched
VUL07945,CVE-2019-72762,Remote Code Execution,Medium,6.4,ENG-DB-0059,Yes,Closed
VUL07946,CVE-2022-44199,Open Redirect,High,7.5,HR-SW-0101,Yes,Patched
VUL07947,CVE-2024-65100,Sensitive Data Exposure,Medium,5.0,MKT-PC-0032,Yes,In Progress
VUL07948,CVE-2022-49213,Outdated SSL/TLS Configuration,Medium,5.4,IT-SRV-0004,Yes,In Progress
VUL07949,CVE-2015-33086,XML External Entity (XXE),Medium,4.0,FIN-FW-0009,No,In Progress
VUL07950,CVE-2019-73983,Insecure Deserialization,Critical,9.3,SAL-RTR-0065,Yes,Closed
VUL07951,CVE-2015-67580,XML External Entity (XXE),Low,2.6,HR-IOT-0096,No,In Progress
VUL07952,CVE-2015-57537,Remote Code Execution,Medium,6.9,IT-DB-0035,Yes,Closed
VUL07953,CVE-2016-51057,Denial of Service,Low,2.0,IT-FW-0030,Yes,Patched
VUL07954,CVE-2025-71790,Open Redirect,High,8.8,ENG-SRV-0068,Yes,Patched
VUL07955,CVE-2025-88608,SQL Injection,Low,0.9,IT-LAP-0017,No,Open
VUL07956,CVE-2020-90334,Insecure Direct Object Reference,Critical,9.2,OPS-DB-0102,No,Won't Fix
VUL07957,CVE-2024-29802,Unpatched Software,Medium,4.1,FIN-RTR-0050,Yes,Closed
VUL07958,CVE-2020-30306,Unpatched Software,High,8.5,SAL-PRT-0043,Yes,Closed
VUL07959,CVE-2025-85725,Weak Password Policy,Critical,9.9,IT-SW-0050,No,Won't Fix
VUL07960,CVE-2018-39752,Insecure Direct Object Reference,Low,3.0,IT-LAP-0003,Yes,Patched
VUL07961,CVE-2018-21803,Cross-Site Scripting (XSS),Low,2.4,MKT-RTR-0053,Yes,Patched
VUL07962,CVE-2023-31975,Remote Code Execution,High,8.6,OPS-IOT-0070,Yes,In Progress
VUL07963,CVE-2022-50452,SQL Injection,High,7.5,MKT-SRV-0035,Yes,Closed
VUL07964,CVE-2024-71558,Security Misconfiguration,High,7.7,HR-PC-0029,Yes,Closed
VUL07965,CVE-2021-94329,Security Misconfiguration,Low,1.1,ENG-MOB-0092,No,Open
VUL07966,CVE-2021-97040,Broken Authentication,Low,2.3,FIN-PRT-0123,Yes,Patched
VUL07967,CVE-2017-24784,Server-Side Request Forgery (SSRF),Medium,4.6,LEG-IOT-0070,Yes,In Progress
VUL07968,CVE-2019-25609,Missing Security Patch,Low,2.4,FIN-PRT-0116,No,Open
VUL07969,CVE-2017-9916,Open Redirect,Medium,6.4,OPS-IOT-0093,No,In Progress
VUL07970,CVE-2015-62551,Command Injection,Medium,4.5,MKT-PC-0115,Yes,In Progress
VUL07971,CVE-2026-55730,Buffer Overflow,High,8.0,IT-MOB-0107,No,Won't Fix
VUL07972,CVE-2021-54652,Insecure Deserialization,High,8.1,OPS-PC-0112,Yes,Patched
VUL07973,CVE-2026-51846,Privilege Escalation,Low,2.7,OPS-FW-0013,Yes,In Progress
VUL07974,CVE-2024-28626,Weak Password Policy,Medium,6.1,LEG-MOB-0045,Yes,Closed
VUL07975,CVE-2021-71028,Server-Side Request Forgery (SSRF),High,8.0,MKT-LAP-0060,Yes,Patched
VUL07976,CVE-2015-1859,Command Injection,Critical,9.6,FIN-IOT-0013,Yes,In Progress
VUL07977,CVE-2016-24129,Open Redirect,Critical,10.0,ENG-SW-0054,Yes,Closed
VUL07978,CVE-2025-57764,Open Redirect,High,8.4,MKT-DB-0042,No,Open
VUL07979,CVE-2021-15702,XML External Entity (XXE),Medium,4.2,HR-SRV-0073,Yes,Patched
VUL07980,CVE-2025-12918,Denial of Service,High,7.2,IT-SW-0131,No,In Progress
VUL07981,CVE-2019-49133,Denial of Service,Medium,6.6,HR-FW-0097,No,Open
VUL07982,CVE-2021-22200,Privilege Escalation,High,7.6,OPS-IOT-0017,Yes,Patched
VUL07983,CVE-2019-94873,Broken Authentication,Medium,5.1,IT-SRV-0084,Yes,Closed
VUL07984,CVE-2019-14330,Outdated SSL/TLS Configuration,Medium,4.3,OPS-DB-0073,Yes,In Progress
VUL07985,CVE-2021-89719,XML External Entity (XXE),Low,2.8,SAL-PC-0034,Yes,Closed
VUL07986,CVE-2022-38977,Buffer Overflow,Medium,6.4,ENG-PRT-0053,Yes,Closed
VUL07987,CVE-2026-90941,Remote Code Execution,Low,3.8,SAL-IOT-0014,Yes,Closed
VUL07988,CVE-2019-32496,Insecure Direct Object Reference,Medium,4.9,SAL-SRV-0024,No,Won't Fix
VUL07989,CVE-2023-81484,Outdated SSL/TLS Configuration,High,7.5,FIN-SW-0052,Yes,Closed
VUL07990,CVE-2019-49168,Insecure Direct Object Reference,Low,3.2,HR-SRV-0050,No,Won't Fix
VUL07991,CVE-2026-63382,Security Misconfiguration,Critical,9.2,IT-SRV-0060,Yes,Closed
VUL07992,CVE-2018-43639,Broken Authentication,Medium,4.2,MKT-RTR-0087,No,Open
VUL07993,CVE-2021-84441,Buffer Overflow,Low,1.0,LEG-SW-0094,Yes,In Progress
VUL07994,CVE-2018-38626,Open Redirect,Low,0.2,IT-LAP-0026,No,Won't Fix
VUL07995,CVE-2025-16053,Command Injection,Medium,4.5,IT-LAP-0061,No,Won't Fix
VUL07996,CVE-2020-35045,XML External Entity (XXE),Low,0.8,LEG-MOB-0016,Yes,Patched
VUL07997,CVE-2018-57660,Buffer Overflow,Low,0.5,IT-FW-0049,Yes,Patched
VUL07998,CVE-2024-82734,Unpatched Software,Medium,6.8,HR-IOT-0027,No,In Progress
VUL07999,CVE-2026-74534,Insecure Deserialization,Medium,4.9,FIN-PRT-0123,Yes,Closed
VUL08000,CVE-2015-17303,Privilege Escalation,High,8.3,HR-SW-0076,Yes,In Progress
VUL08001,CVE-2026-2143,Outdated SSL/TLS Configuration,Medium,4.0,OPS-PC-0059,No,In Progress
VUL08002,CVE-2016-81410,Buffer Overflow,Critical,9.5,HR-IOT-0071,Yes,Closed
VUL08003,CVE-2019-97206,Weak Password Policy,Medium,5.4,SAL-FW-0124,Yes,Patched
VUL08004,CVE-2025-49890,Sensitive Data Exposure,High,8.4,MKT-FW-0058,Yes,Patched
VUL08005,CVE-2026-96813,Privilege Escalation,Medium,5.3,SAL-SRV-0029,Yes,Patched
VUL08006,CVE-2024-1631,Sensitive Data Exposure,Critical,9.9,OPS-LAP-0036,No,In Progress
VUL08007,CVE-2024-1104,Broken Authentication,Medium,5.1,ENG-RTR-0124,Yes,Patched
VUL08008,CVE-2023-24046,Weak Password Policy,Critical,9.3,SAL-MOB-0010,Yes,Patched
VUL08009,CVE-2021-78366,Cross-Site Scripting (XSS),High,7.3,IT-LAP-0023,Yes,In Progress
VUL08010,CVE-2025-40159,Sensitive Data Exposure,High,8.3,FIN-PRT-0049,No,In Progress
VUL08011,CVE-2020-53637,Missing Security Patch,Critical,9.6,IT-SW-0044,No,In Progress
VUL08012,CVE-2024-81102,Cross-Site Scripting (XSS),Critical,9.1,MKT-MOB-0056,No,In Progress
VUL08013,CVE-2022-97838,Cross-Site Scripting (XSS),High,7.2,OPS-PRT-0116,Yes,Patched
VUL08014,CVE-2026-86448,Outdated SSL/TLS Configuration,Low,1.3,OPS-SRV-0098,Yes,In Progress
VUL08015,CVE-2019-65747,XML External Entity (XXE),Medium,6.1,LEG-PC-0108,No,In Progress
VUL08016,CVE-2023-25013,Open Redirect,Medium,6.6,OPS-DB-0069,Yes,Patched
VUL08017,CVE-2020-4087,Denial of Service,High,8.6,HR-PC-0071,Yes,Patched
VUL08018,CVE-2016-33553,Path Traversal,Medium,5.8,FIN-MOB-0135,No,In Progress
VUL08019,CVE-2023-18900,Buffer Overflow,Low,3.7,IT-DB-0031,Yes,In Progress
VUL08020,CVE-2025-86170,SQL Injection,High,8.6,LEG-DB-0070,Yes,Closed
VUL08021,CVE-2018-15321,Insecure Deserialization,Critical,9.5,SAL-PC-0001,No,Open
VUL08022,CVE-2026-7277,Missing Security Patch,Medium,5.9,LEG-PRT-0092,No,Won't Fix
VUL08023,CVE-2021-66058,Cross-Site Scripting (XSS),Low,0.1,ENG-FW-0116,Yes,In Progress
VUL08024,CVE-2020-19085,Weak Password Policy,Low,3.6,FIN-SRV-0049,Yes,In Progress
VUL08025,CVE-2020-85074,Privilege Escalation,Critical,9.6,SAL-SRV-0068,Yes,In Progress
VUL08026,CVE-2024-39240,XML External Entity (XXE),High,7.0,OPS-RTR-0091,No,Open
VUL08027,CVE-2025-60829,XML External Entity (XXE),High,7.2,SAL-DB-0104,Yes,Closed
VUL08028,CVE-2025-83707,Insecure Deserialization,High,8.5,ENG-DB-0104,Yes,Patched
VUL08029,CVE-2015-52563,Missing Security Patch,High,8.3,OPS-PC-0010,Yes,Closed
VUL08030,CVE-2020-50704,Unpatched Software,Medium,5.0,ENG-MOB-0088,Yes,Patched
VUL08031,CVE-2022-78517,Security Misconfiguration,Critical,9.6,MKT-PC-0035,Yes,In Progress
VUL08032,CVE-2015-58025,Denial of Service,Medium,4.7,IT-MOB-0031,Yes,Closed
VUL08033,CVE-2017-43112,Sensitive Data Exposure,Medium,6.2,FIN-IOT-0101,Yes,Closed
VUL08034,CVE-2021-56369,Insecure Deserialization,Medium,6.3,ENG-DB-0016,No,In Progress
VUL08035,CVE-2016-9688,Command Injection,Medium,5.7,OPS-RTR-0074,Yes,Patched
VUL08036,CVE-2026-8881,Cross-Site Scripting (XSS),High,8.2,LEG-MOB-0061,Yes,In Progress
VUL08037,CVE-2016-96411,Unpatched Software,High,7.2,SAL-DB-0020,Yes,Closed
VUL08038,CVE-2017-49752,Buffer Overflow,Low,0.7,OPS-SW-0007,Yes,Closed
VUL08039,CVE-2026-82486,Weak Password Policy,Medium,5.3,LEG-PC-0118,Yes,In Progress
VUL08040,CVE-2024-58359,Command Injection,Critical,9.9,MKT-PC-0014,No,Won't Fix
VUL08041,CVE-2015-17326,Command Injection,High,7.0,ENG-MOB-0042,No,In Progress
VUL08042,CVE-2023-11076,Broken Authentication,Medium,5.1,OPS-SRV-0081,Yes,Closed
VUL08043,CVE-2022-95204,Outdated SSL/TLS Configuration,Low,1.1,HR-FW-0091,No,Open
VUL08044,CVE-2019-10422,Insecure Direct Object Reference,Medium,5.7,FIN-DB-0015,Yes,In Progress
VUL08045,CVE-2023-5755,Buffer Overflow,Low,1.1,ENG-SRV-0118,No,In Progress
VUL08046,CVE-2024-37656,Insecure Deserialization,Critical,9.3,HR-SRV-0048,Yes,Closed
VUL08047,CVE-2025-11109,XML External Entity (XXE),Medium,4.4,MKT-PC-0060,Yes,Closed
VUL08048,CVE-2024-8181,Buffer Overflow,Medium,4.2,LEG-PRT-0012,No,Won't Fix
VUL08049,CVE-2017-26552,Privilege Escalation,Low,0.5,FIN-IOT-0096,No,Open
VUL08050,CVE-2019-20538,Buffer Overflow,High,8.7,LEG-SW-0032,No,Open
VUL08051,CVE-2025-89394,Sensitive Data Exposure,Critical,9.2,SAL-DB-0083,Yes,Patched
VUL08052,CVE-2017-3523,Path Traversal,Medium,5.8,MKT-FW-0058,Yes,In Progress
VUL08053,CVE-2024-34635,Server-Side Request Forgery (SSRF),Low,0.2,ENG-MOB-0040,Yes,Closed
VUL08054,CVE-2024-11579,Security Misconfiguration,High,8.4,MKT-PC-0037,Yes,Closed
VUL08055,CVE-2021-98239,Buffer Overflow,High,7.1,ENG-DB-0042,Yes,Closed
VUL08056,CVE-2023-21580,Privilege Escalation,High,7.0,IT-DB-0108,Yes,In Progress
VUL08057,CVE-2024-54644,Sensitive Data Exposure,High,8.2,SAL-IOT-0043,No,Open
VUL08058,CVE-2026-5972,XML External Entity (XXE),Critical,9.0,FIN-IOT-0113,Yes,Patched
VUL08059,CVE-2022-58427,Sensitive Data Exposure,Medium,6.6,FIN-MOB-0133,Yes,Patched
VUL08060,CVE-2018-95729,Privilege Escalation,Low,1.7,HR-DB-0066,No,Won't Fix
VUL08061,CVE-2020-5963,Privilege Escalation,High,8.5,FIN-MOB-0075,Yes,In Progress
VUL08062,CVE-2018-23726,Missing Security Patch,High,7.2,IT-PRT-0041,Yes,In Progress
VUL08063,CVE-2017-56900,Outdated SSL/TLS Configuration,Medium,5.1,IT-RTR-0108,Yes,Closed
VUL08064,CVE-2019-45484,Remote Code Execution,Medium,6.2,ENG-RTR-0017,No,Won't Fix
VUL08065,CVE-2022-1283,Remote Code Execution,High,7.2,MKT-RTR-0102,No,Open
VUL08066,CVE-2015-92360,Open Redirect,Medium,6.1,SAL-IOT-0001,No,Open
VUL08067,CVE-2025-27075,Cross-Site Scripting (XSS),High,8.0,SAL-PRT-0093,Yes,In Progress
VUL08068,CVE-2022-40234,Security Misconfiguration,Critical,9.7,SAL-SRV-0058,Yes,In Progress
VUL08069,CVE-2016-78591,Remote Code Execution,Medium,5.2,HR-RTR-0020,Yes,In Progress
VUL08070,CVE-2015-9683,Insecure Direct Object Reference,High,7.1,SAL-MOB-0108,No,In Progress
VUL08071,CVE-2024-72668,Remote Code Execution,Medium,6.7,FIN-MOB-0091,Yes,Closed
VUL08072,CVE-2020-97165,SQL Injection,Medium,5.2,LEG-FW-0019,Yes,Patched
VUL08073,CVE-2022-62882,Denial of Service,Critical,9.9,FIN-LAP-0095,No,In Progress
VUL08074,CVE-2023-70599,Sensitive Data Exposure,High,7.7,LEG-PRT-0074,Yes,In Progress
VUL08075,CVE-2026-24476,Buffer Overflow,Medium,4.7,LEG-DB-0115,Yes,Patched
VUL08076,CVE-2015-57086,Outdated SSL/TLS Configuration,Low,3.8,LEG-PRT-0020,Yes,In Progress
VUL08077,CVE-2021-48129,Insecure Direct Object Reference,Medium,5.8,MKT-RTR-0101,Yes,In Progress
VUL08078,CVE-2017-97831,Server-Side Request Forgery (SSRF),High,8.5,SAL-MOB-0033,Yes,Patched
VUL08079,CVE-2018-9780,Insecure Direct Object Reference,Low,2.5,MKT-PRT-0098,No,Won't Fix
VUL08080,CVE-2016-23783,Broken Authentication,Medium,4.1,ENG-RTR-0009,Yes,Patched
VUL08081,CVE-2025-44962,Unpatched Software,Low,2.3,IT-RTR-0011,No,Won't Fix
VUL08082,CVE-2021-79145,SQL Injection,Medium,4.5,ENG-PC-0029,Yes,In Progress
VUL08083,CVE-2016-39646,Buffer Overflow,High,7.4,MKT-PRT-0090,Yes,Closed
VUL08084,CVE-2019-29978,Unpatched Software,High,8.7,LEG-SRV-0008,No,Open
VUL08085,CVE-2023-41373,Outdated SSL/TLS Configuration,High,8.3,MKT-SRV-0090,Yes,Closed
VUL08086,CVE-2020-23855,Sensitive Data Exposure,Critical,9.6,HR-FW-0121,Yes,In Progress
VUL08087,CVE-2023-67177,Open Redirect,Medium,5.7,MKT-SRV-0096,Yes,In Progress
VUL08088,CVE-2022-68346,Insecure Direct Object Reference,Critical,9.4,OPS-LAP-0085,No,Open
VUL08089,CVE-2021-3183,Denial of Service,High,8.5,MKT-MOB-0049,No,Won't Fix
VUL08090,CVE-2021-18778,Command Injection,Medium,4.8,ENG-MOB-0041,Yes,In Progress
VUL08091,CVE-2015-79551,Cross-Site Scripting (XSS),Medium,5.3,FIN-LAP-0017,No,Open
VUL08092,CVE-2018-45081,XML External Entity (XXE),Medium,4.3,HR-FW-0047,Yes,Patched
VUL08093,CVE-2022-7619,Cross-Site Scripting (XSS),Medium,6.1,LEG-FW-0055,No,Open
VUL08094,CVE-2015-34557,Unpatched Software,Low,1.3,ENG-FW-0017,No,Won't Fix
VUL08095,CVE-2019-60369,Broken Authentication,High,7.5,OPS-LAP-0110,No,In Progress
VUL08096,CVE-2020-95405,Insecure Direct Object Reference,Critical,9.0,HR-IOT-0104,No,Won't Fix
VUL08097,CVE-2023-38787,Remote Code Execution,Critical,9.7,IT-RTR-0081,No,Open
VUL08098,CVE-2024-64077,Weak Password Policy,Critical,9.8,HR-PC-0090,No,In Progress
VUL08099,CVE-2022-94840,Missing Security Patch,Low,2.7,IT-LAP-0101,No,In Progress
VUL08100,CVE-2019-58120,Denial of Service,Medium,6.5,IT-SRV-0046,Yes,Closed
VUL08101,CVE-2018-96870,Open Redirect,Low,0.9,HR-SW-0120,Yes,Closed
VUL08102,CVE-2021-25263,Unpatched Software,Low,3.4,OPS-MOB-0036,Yes,Closed
VUL08103,CVE-2022-31032,XML External Entity (XXE),Medium,5.8,HR-RTR-0020,Yes,Patched
VUL08104,CVE-2022-36680,Privilege Escalation,Low,2.6,LEG-LAP-0001,Yes,Closed
VUL08105,CVE-2015-45698,Denial of Service,Medium,5.1,HR-PRT-0039,No,Won't Fix
VUL08106,CVE-2015-2019,Broken Authentication,Medium,5.6,SAL-SRV-0112,Yes,In Progress
VUL08107,CVE-2020-76258,Sensitive Data Exposure,High,7.3,MKT-MOB-0079,Yes,Closed
VUL08108,CVE-2019-43991,Server-Side Request Forgery (SSRF),High,7.6,ENG-IOT-0037,Yes,In Progress
VUL08109,CVE-2019-96841,Security Misconfiguration,Low,1.2,MKT-FW-0105,No,Open
VUL08110,CVE-2021-33951,Remote Code Execution,High,7.6,SAL-SW-0066,No,Won't Fix
VUL08111,CVE-2017-71496,XML External Entity (XXE),Low,0.1,ENG-SRV-0012,Yes,In Progress
VUL08112,CVE-2020-85904,Sensitive Data Exposure,Medium,5.2,HR-DB-0030,Yes,Closed
VUL08113,CVE-2024-36286,XML External Entity (XXE),Medium,4.7,ENG-SW-0023,Yes,In Progress
VUL08114,CVE-2023-41006,Buffer Overflow,Medium,6.3,MKT-FW-0111,Yes,In Progress
VUL08115,CVE-2023-12187,Insecure Direct Object Reference,Critical,9.4,IT-LAP-0099,Yes,In Progress
VUL08116,CVE-2022-38496,Insecure Deserialization,Medium,6.6,SAL-RTR-0071,Yes,Closed
VUL08117,CVE-2023-83290,Open Redirect,Medium,4.5,IT-SRV-0029,Yes,In Progress
VUL08118,CVE-2022-77673,Server-Side Request Forgery (SSRF),Medium,6.2,IT-LAP-0094,Yes,Closed
VUL08119,CVE-2019-52868,Denial of Service,Medium,6.5,MKT-PC-0074,No,Won't Fix
VUL08120,CVE-2019-38069,Cross-Site Scripting (XSS),Critical,9.9,HR-RTR-0089,Yes,Patched
VUL08121,CVE-2025-71458,Privilege Escalation,Medium,6.3,LEG-MOB-0098,Yes,Patched
VUL08122,CVE-2022-82862,XML External Entity (XXE),Low,2.9,ENG-SRV-0115,Yes,In Progress
VUL08123,CVE-2019-15591,Path Traversal,Medium,5.3,ENG-PC-0096,Yes,Closed
VUL08124,CVE-2026-92265,Insecure Deserialization,Medium,5.5,IT-LAP-0002,No,Won't Fix
VUL08125,CVE-2015-84700,Cross-Site Scripting (XSS),Medium,4.1,MKT-DB-0081,No,In Progress
VUL08126,CVE-2022-48019,Command Injection,High,8.9,LEG-FW-0006,No,In Progress
VUL08127,CVE-2025-58548,Privilege Escalation,High,7.1,MKT-LAP-0045,Yes,Closed
VUL08128,CVE-2022-16085,Open Redirect,High,8.4,SAL-PRT-0033,Yes,Closed
VUL08129,CVE-2015-54740,Open Redirect,Medium,5.9,HR-PC-0017,No,Open
VUL08130,CVE-2020-74724,Outdated SSL/TLS Configuration,Low,1.7,LEG-IOT-0071,No,Won't Fix
VUL08131,CVE-2015-74301,Outdated SSL/TLS Configuration,Low,0.2,OPS-SW-0122,No,Open
VUL08132,CVE-2020-16266,Cross-Site Scripting (XSS),Medium,5.0,OPS-FW-0002,Yes,In Progress
VUL08133,CVE-2020-55604,Outdated SSL/TLS Configuration,High,7.5,OPS-RTR-0074,No,Won't Fix
VUL08134,CVE-2019-88438,Open Redirect,High,8.7,LEG-SRV-0066,No,In Progress
VUL08135,CVE-2016-70647,Cross-Site Scripting (XSS),Medium,4.5,HR-PRT-0077,No,Open
VUL08136,CVE-2018-31809,Path Traversal,High,7.9,IT-MOB-0080,Yes,Patched
VUL08137,CVE-2015-38242,Open Redirect,Low,0.6,HR-FW-0107,No,Open
VUL08138,CVE-2025-80285,Privilege Escalation,Medium,4.7,FIN-MOB-0040,No,Won't Fix
VUL08139,CVE-2025-56023,Command Injection,Medium,4.5,MKT-PC-0015,No,In Progress
VUL08140,CVE-2015-43868,Unpatched Software,Medium,5.8,FIN-SRV-0080,No,Won't Fix
VUL08141,CVE-2024-49679,Insecure Direct Object Reference,Critical,9.5,IT-SW-0024,No,Won't Fix
VUL08142,CVE-2019-85845,Remote Code Execution,Low,1.6,MKT-DB-0007,Yes,Patched
VUL08143,CVE-2020-72427,Server-Side Request Forgery (SSRF),Low,0.1,OPS-FW-0119,Yes,Closed
VUL08144,CVE-2023-38606,Insecure Deserialization,Medium,4.8,IT-MOB-0060,No,Won't Fix
VUL08145,CVE-2023-48671,Broken Authentication,Medium,5.1,HR-DB-0065,Yes,Patched
VUL08146,CVE-2026-73708,Weak Password Policy,High,8.5,IT-FW-0123,No,In Progress
VUL08147,CVE-2020-19780,Path Traversal,Medium,5.3,IT-SRV-0063,Yes,In Progress
VUL08148,CVE-2026-99928,Sensitive Data Exposure,Medium,6.8,SAL-PRT-0045,Yes,In Progress
VUL08149,CVE-2023-4991,Insecure Deserialization,Medium,5.4,SAL-IOT-0006,No,Open
VUL08150,CVE-2026-51827,Insecure Deserialization,Medium,6.5,FIN-FW-0067,Yes,Closed
VUL08151,CVE-2026-42001,Command Injection,Low,3.2,MKT-PRT-0101,No,Won't Fix
VUL08152,CVE-2021-94301,Remote Code Execution,Medium,4.5,HR-SRV-0041,No,Won't Fix
VUL08153,CVE-2016-10708,Insecure Deserialization,Medium,4.4,OPS-MOB-0094,Yes,In Progress
VUL08154,CVE-2021-95275,Broken Authentication,Medium,4.5,ENG-SRV-0146,No,In Progress
VUL08155,CVE-2019-46622,Denial of Service,Medium,4.6,LEG-PC-0090,Yes,In Progress
VUL08156,CVE-2026-51704,Security Misconfiguration,Low,2.4,OPS-LAP-0109,Yes,In Progress
VUL08157,CVE-2024-34430,Command Injection,Medium,5.2,MKT-LAP-0037,No,Won't Fix
VUL08158,CVE-2015-18862,Security Misconfiguration,High,7.9,SAL-RTR-0099,Yes,Closed
VUL08159,CVE-2023-66395,Denial of Service,Critical,9.7,SAL-PC-0069,No,Won't Fix
VUL08160,CVE-2025-76982,Remote Code Execution,High,7.2,SAL-PC-0067,Yes,Closed
VUL08161,CVE-2017-74848,Cross-Site Scripting (XSS),High,8.1,FIN-IOT-0080,Yes,In Progress
VUL08162,CVE-2026-19361,Buffer Overflow,High,7.4,FIN-SRV-0073,Yes,Closed
VUL08163,CVE-2020-40643,Command Injection,Critical,9.3,OPS-SRV-0037,No,Open
VUL08164,CVE-2025-72513,XML External Entity (XXE),Low,0.5,IT-SW-0064,Yes,In Progress
VUL08165,CVE-2018-34380,Command Injection,Medium,5.5,ENG-PC-0045,No,Open
VUL08166,CVE-2025-47918,Missing Security Patch,Low,2.0,SAL-PRT-0046,No,Won't Fix
VUL08167,CVE-2025-57430,Missing Security Patch,High,7.6,OPS-FW-0010,Yes,Patched
VUL08168,CVE-2020-49860,Insecure Direct Object Reference,Medium,6.2,OPS-PC-0023,Yes,Closed
VUL08169,CVE-2022-28878,Weak Password Policy,Medium,4.1,SAL-DB-0069,Yes,Patched
VUL08170,CVE-2024-7944,Server-Side Request Forgery (SSRF),Medium,5.3,MKT-RTR-0099,Yes,Patched
VUL08171,CVE-2018-17627,Unpatched Software,Low,2.5,HR-MOB-0024,Yes,Patched
VUL08172,CVE-2019-99764,Outdated SSL/TLS Configuration,Medium,4.8,OPS-PRT-0062,No,Won't Fix
VUL08173,CVE-2015-9184,Denial of Service,High,7.7,FIN-RTR-0051,Yes,Closed
VUL08174,CVE-2016-46473,Open Redirect,Low,3.1,OPS-SRV-0031,Yes,In Progress
VUL08175,CVE-2021-46267,Sensitive Data Exposure,Low,2.2,OPS-MOB-0013,Yes,Patched
VUL08176,CVE-2017-20712,Server-Side Request Forgery (SSRF),Medium,4.7,IT-LAP-0057,No,Won't Fix
VUL08177,CVE-2016-25166,Open Redirect,Critical,9.8,LEG-SRV-0073,Yes,Closed
VUL08178,CVE-2023-84107,XML External Entity (XXE),High,7.5,HR-SW-0047,No,Won't Fix
VUL08179,CVE-2020-15350,Broken Authentication,Low,0.6,IT-SRV-0042,Yes,Closed
VUL08180,CVE-2020-87919,Buffer Overflow,Critical,9.5,FIN-DB-0006,Yes,In Progress
VUL08181,CVE-2022-37757,Sensitive Data Exposure,Low,2.6,HR-SRV-0085,Yes,In Progress
VUL08182,CVE-2026-18700,Unpatched Software,Low,0.9,OPS-PC-0053,No,In Progress
VUL08183,CVE-2025-40213,Broken Authentication,High,8.8,HR-MOB-0082,Yes,Patched
VUL08184,CVE-2021-60910,Weak Password Policy,Low,0.3,IT-RTR-0076,No,In Progress
VUL08185,CVE-2020-27478,Insecure Deserialization,Low,0.8,SAL-DB-0103,No,Won't Fix
VUL08186,CVE-2026-99057,Outdated SSL/TLS Configuration,Critical,10.0,OPS-PRT-0044,Yes,In Progress
VUL08187,CVE-2019-20502,Sensitive Data Exposure,High,7.3,HR-IOT-0072,Yes,Closed
VUL08188,CVE-2019-94920,Insecure Deserialization,Critical,9.7,HR-SW-0065,Yes,Patched
VUL08189,CVE-2020-84009,Cross-Site Scripting (XSS),Medium,5.6,ENG-LAP-0078,Yes,In Progress
VUL08190,CVE-2021-47498,Insecure Direct Object Reference,Medium,4.7,HR-FW-0013,No,Open
VUL08191,CVE-2020-10031,Broken Authentication,High,7.4,FIN-RTR-0043,Yes,Patched
VUL08192,CVE-2017-8483,Sensitive Data Exposure,High,7.9,FIN-PRT-0107,No,Open
VUL08193,CVE-2016-88212,Unpatched Software,High,8.8,IT-RTR-0083,Yes,Closed
VUL08194,CVE-2018-30767,Unpatched Software,Low,0.7,LEG-RTR-0048,Yes,Closed
VUL08195,CVE-2019-2221,Privilege Escalation,Medium,5.4,HR-SRV-0023,Yes,Closed
VUL08196,CVE-2022-45739,SQL Injection,High,8.9,HR-FW-0005,Yes,In Progress
VUL08197,CVE-2020-71216,Security Misconfiguration,Medium,6.9,SAL-DB-0120,Yes,In Progress
VUL08198,CVE-2025-81106,Denial of Service,High,8.6,IT-PRT-0044,Yes,Closed
VUL08199,CVE-2025-27596,Broken Authentication,Medium,4.0,ENG-SRV-0149,Yes,Patched
VUL08200,CVE-2018-93163,Server-Side Request Forgery (SSRF),Low,3.9,OPS-SRV-0011,Yes,Patched
VUL08201,CVE-2023-97171,Open Redirect,Medium,6.1,HR-FW-0108,Yes,In Progress
VUL08202,CVE-2026-8837,Path Traversal,Critical,9.5,ENG-PC-0025,Yes,Patched
VUL08203,CVE-2016-5760,Remote Code Execution,Medium,5.3,MKT-IOT-0050,No,Won't Fix
VUL08204,CVE-2025-13247,Path Traversal,Medium,6.1,HR-DB-0003,Yes,In Progress
VUL08205,CVE-2015-71948,Missing Security Patch,High,7.5,ENG-MOB-0005,Yes,In Progress
VUL08206,CVE-2023-68667,Missing Security Patch,High,8.0,HR-IOT-0047,Yes,Closed
VUL08207,CVE-2025-23627,XML External Entity (XXE),Medium,5.0,ENG-IOT-0059,No,Won't Fix
VUL08208,CVE-2024-93685,Buffer Overflow,Critical,9.5,HR-SW-0008,Yes,Closed
VUL08209,CVE-2023-2658,Insecure Deserialization,High,8.6,MKT-PC-0038,No,In Progress
VUL08210,CVE-2021-20886,Remote Code Execution,Medium,6.3,OPS-RTR-0104,Yes,Patched
VUL08211,CVE-2020-39679,Missing Security Patch,High,7.4,OPS-PC-0014,Yes,Patched
VUL08212,CVE-2023-19537,Outdated SSL/TLS Configuration,High,8.5,OPS-PC-0044,Yes,Patched
VUL08213,CVE-2016-73281,Cross-Site Scripting (XSS),High,7.1,HR-LAP-0110,No,Won't Fix
VUL08214,CVE-2020-46422,Broken Authentication,High,7.2,HR-RTR-0047,Yes,Closed
VUL08215,CVE-2021-86107,Weak Password Policy,High,8.7,ENG-MOB-0032,Yes,In Progress
VUL08216,CVE-2023-97295,Path Traversal,Low,3.4,FIN-MOB-0048,Yes,In Progress
VUL08217,CVE-2015-55224,Buffer Overflow,High,8.3,SAL-RTR-0024,No,In Progress
VUL08218,CVE-2022-79929,Sensitive Data Exposure,High,8.3,MKT-FW-0085,No,In Progress
VUL08219,CVE-2023-86901,Sensitive Data Exposure,High,7.5,OPS-LAP-0093,No,In Progress
VUL08220,CVE-2016-11937,Outdated SSL/TLS Configuration,Medium,4.5,FIN-SW-0010,Yes,Patched
VUL08221,CVE-2019-18512,Unpatched Software,Medium,5.7,HR-SW-0083,No,Won't Fix
VUL08222,CVE-2015-23996,Broken Authentication,High,8.0,FIN-MOB-0005,No,Won't Fix
VUL08223,CVE-2016-62231,Sensitive Data Exposure,Medium,6.3,OPS-SW-0037,Yes,Patched
VUL08224,CVE-2016-41792,Command Injection,High,8.1,MKT-SW-0096,Yes,In Progress
VUL08225,CVE-2021-2907,Insecure Direct Object Reference,Medium,6.8,HR-DB-0064,No,Open
VUL08226,CVE-2018-47236,Buffer Overflow,Medium,5.2,MKT-RTR-0017,Yes,Patched
VUL08227,CVE-2023-1794,Security Misconfiguration,Medium,6.1,MKT-FW-0024,Yes,Patched
VUL08228,CVE-2019-54259,Command Injection,Medium,4.9,ENG-FW-0084,Yes,In Progress
VUL08229,CVE-2018-93661,Server-Side Request Forgery (SSRF),Low,3.1,OPS-DB-0092,No,In Progress
VUL08230,CVE-2025-36075,Broken Authentication,High,7.3,MKT-MOB-0116,No,In Progress
VUL08231,CVE-2021-65432,Open Redirect,Low,0.3,SAL-IOT-0103,Yes,Closed
VUL08232,CVE-2015-32757,Unpatched Software,High,8.6,FIN-FW-0073,Yes,Closed
VUL08233,CVE-2016-15002,Command Injection,Medium,6.1,LEG-SRV-0091,No,In Progress
VUL08234,CVE-2015-71290,Path Traversal,High,8.8,LEG-PRT-0085,No,In Progress
VUL08235,CVE-2018-81283,Privilege Escalation,Medium,4.5,FIN-IOT-0099,No,In Progress
VUL08236,CVE-2024-29148,Unpatched Software,Low,3.6,FIN-PRT-0039,Yes,Patched
VUL08237,CVE-2019-61813,Outdated SSL/TLS Configuration,Medium,5.5,OPS-PC-0093,Yes,Patched
VUL08238,CVE-2015-46227,Buffer Overflow,Low,0.5,FIN-MOB-0053,Yes,Patched
VUL08239,CVE-2025-80569,Missing Security Patch,Critical,9.7,FIN-FW-0041,No,Won't Fix
VUL08240,CVE-2017-10265,Command Injection,Low,2.3,SAL-DB-0068,No,In Progress
VUL08241,CVE-2019-88246,Security Misconfiguration,Medium,4.7,IT-PC-0051,No,Won't Fix
VUL08242,CVE-2016-78956,Path Traversal,Medium,6.7,SAL-IOT-0089,No,Won't Fix
VUL08243,CVE-2015-68255,Remote Code Execution,Low,2.2,LEG-PRT-0132,Yes,Closed
VUL08244,CVE-2016-61577,Unpatched Software,Low,1.6,MKT-DB-0077,No,Won't Fix
VUL08245,CVE-2019-92380,XML External Entity (XXE),Medium,4.4,ENG-IOT-0062,Yes,In Progress
VUL08246,CVE-2022-60894,Unpatched Software,Low,1.4,HR-RTR-0023,No,Open
VUL08247,CVE-2020-64946,Weak Password Policy,High,8.0,HR-DB-0028,No,Open
VUL08248,CVE-2016-6607,Broken Authentication,Medium,5.3,HR-MOB-0059,Yes,In Progress
VUL08249,CVE-2026-58451,Security Misconfiguration,High,8.1,ENG-DB-0110,Yes,Closed
VUL08250,CVE-2023-82696,XML External Entity (XXE),Critical,9.8,FIN-PRT-0034,Yes,Patched
VUL08251,CVE-2015-44735,Missing Security Patch,High,8.5,OPS-FW-0010,No,In Progress
VUL08252,CVE-2022-59148,Server-Side Request Forgery (SSRF),Low,3.9,MKT-PRT-0056,No,Open
VUL08253,CVE-2020-52798,Broken Authentication,Critical,9.7,MKT-FW-0054,Yes,Patched
VUL08254,CVE-2024-26957,Broken Authentication,Low,1.9,OPS-PRT-0033,Yes,Closed
VUL08255,CVE-2016-32505,Privilege Escalation,High,7.6,ENG-FW-0109,No,Open
VUL08256,CVE-2024-65244,Insecure Direct Object Reference,Medium,4.0,SAL-DB-0108,Yes,Patched
VUL08257,CVE-2023-39934,Weak Password Policy,High,8.0,MKT-DB-0061,No,In Progress
VUL08258,CVE-2016-12406,Cross-Site Scripting (XSS),High,8.3,FIN-MOB-0136,Yes,Patched
VUL08259,CVE-2022-72793,Outdated SSL/TLS Configuration,Medium,4.8,OPS-RTR-0021,No,In Progress
VUL08260,CVE-2016-47644,Buffer Overflow,Medium,4.8,IT-SRV-0121,Yes,Closed
VUL08261,CVE-2023-59597,SQL Injection,High,7.7,ENG-PRT-0005,Yes,In Progress
VUL08262,CVE-2022-41298,Insecure Direct Object Reference,High,8.7,LEG-RTR-0092,Yes,Closed
VUL08263,CVE-2023-31163,XML External Entity (XXE),Low,3.2,FIN-RTR-0011,Yes,Patched
VUL08264,CVE-2016-35842,Insecure Direct Object Reference,High,7.2,ENG-FW-0006,Yes,Patched
VUL08265,CVE-2019-73520,Broken Authentication,Critical,9.7,FIN-MOB-0054,Yes,Closed
VUL08266,CVE-2026-65144,Open Redirect,High,8.4,MKT-FW-0052,No,Won't Fix
VUL08267,CVE-2020-34501,Security Misconfiguration,Medium,4.4,LEG-SW-0019,Yes,In Progress
VUL08268,CVE-2018-50343,Sensitive Data Exposure,Medium,6.6,MKT-RTR-0036,Yes,Patched
VUL08269,CVE-2022-74120,Insecure Deserialization,Low,0.7,IT-PRT-0049,Yes,Closed
VUL08270,CVE-2020-61740,Denial of Service,Low,1.6,IT-RTR-0069,Yes,In Progress
VUL08271,CVE-2024-74457,Remote Code Execution,Medium,4.2,OPS-DB-0029,No,Open
VUL08272,CVE-2023-72070,Missing Security Patch,Medium,5.4,FIN-SRV-0064,Yes,Patched
VUL08273,CVE-2024-40618,Cross-Site Scripting (XSS),Low,3.5,FIN-LAP-0068,Yes,In Progress
VUL08274,CVE-2015-22636,Cross-Site Scripting (XSS),High,8.3,SAL-MOB-0140,No,Won't Fix
VUL08275,CVE-2017-1233,Buffer Overflow,Low,1.9,OPS-LAP-0009,No,In Progress
VUL08276,CVE-2025-58897,Broken Authentication,Low,3.1,MKT-RTR-0063,Yes,In Progress
VUL08277,CVE-2019-79003,Outdated SSL/TLS Configuration,High,8.3,FIN-SW-0103,Yes,Closed
VUL08278,CVE-2017-83988,XML External Entity (XXE),Low,0.1,HR-SRV-0085,Yes,In Progress
VUL08279,CVE-2022-82894,Server-Side Request Forgery (SSRF),Low,3.7,IT-RTR-0121,Yes,Closed
VUL08280,CVE-2021-53486,Insecure Deserialization,Critical,9.9,FIN-DB-0081,No,In Progress
VUL08281,CVE-2018-30186,Remote Code Execution,Critical,10.0,LEG-MOB-0006,Yes,Closed
VUL08282,CVE-2022-95324,Open Redirect,Low,2.7,SAL-PC-0062,Yes,In Progress
VUL08283,CVE-2023-41304,Sensitive Data Exposure,Critical,9.5,MKT-LAP-0053,Yes,In Progress
VUL08284,CVE-2026-29856,SQL Injection,High,7.5,OPS-IOT-0064,Yes,Closed
VUL08285,CVE-2017-92704,Open Redirect,Medium,6.2,FIN-PRT-0091,Yes,Closed
VUL08286,CVE-2016-85470,Buffer Overflow,Low,3.8,SAL-DB-0011,Yes,Patched
VUL08287,CVE-2016-28776,Server-Side Request Forgery (SSRF),Medium,6.6,FIN-MOB-0123,Yes,Patched
VUL08288,CVE-2023-52346,Denial of Service,High,8.2,IT-DB-0002,Yes,Closed
VUL08289,CVE-2025-83962,Unpatched Software,High,8.9,MKT-IOT-0054,No,In Progress
VUL08290,CVE-2024-77009,Outdated SSL/TLS Configuration,Medium,5.3,IT-FW-0054,Yes,Closed
VUL08291,CVE-2015-26974,Outdated SSL/TLS Configuration,High,7.2,FIN-LAP-0032,Yes,Patched
VUL08292,CVE-2024-87441,Server-Side Request Forgery (SSRF),Medium,6.1,MKT-LAP-0114,No,Open
VUL08293,CVE-2019-58366,Denial of Service,High,8.8,HR-FW-0003,No,In Progress
VUL08294,CVE-2024-42474,Privilege Escalation,High,7.2,OPS-SW-0102,Yes,In Progress
VUL08295,CVE-2026-71731,Outdated SSL/TLS Configuration,Medium,5.9,SAL-MOB-0045,Yes,Closed
VUL08296,CVE-2025-98814,Server-Side Request Forgery (SSRF),High,8.0,LEG-SW-0097,No,In Progress
VUL08297,CVE-2015-57498,Privilege Escalation,Low,0.4,LEG-RTR-0036,No,In Progress
VUL08298,CVE-2024-93411,Outdated SSL/TLS Configuration,Low,0.7,MKT-MOB-0044,Yes,Patched
VUL08299,CVE-2025-45127,Outdated SSL/TLS Configuration,High,7.1,OPS-MOB-0070,Yes,In Progress
VUL08300,CVE-2023-89614,Unpatched Software,Medium,6.8,ENG-DB-0027,No,In Progress
VUL08301,CVE-2016-38839,Server-Side Request Forgery (SSRF),Critical,9.9,MKT-DB-0116,No,In Progress
VUL08302,CVE-2024-60577,Path Traversal,Low,2.9,HR-FW-0038,Yes,Closed
VUL08303,CVE-2023-45848,Path Traversal,Medium,6.8,IT-LAP-0125,Yes,Patched
VUL08304,CVE-2022-44909,XML External Entity (XXE),Low,2.1,FIN-LAP-0045,Yes,In Progress
VUL08305,CVE-2022-19165,Remote Code Execution,Low,3.0,MKT-LAP-0071,No,Open
VUL08306,CVE-2017-26760,Path Traversal,Medium,4.9,IT-PC-0010,Yes,Closed
VUL08307,CVE-2015-58192,Sensitive Data Exposure,Medium,6.8,IT-SW-0099,No,Won't Fix
VUL08308,CVE-2025-97082,Insecure Deserialization,Medium,6.3,LEG-PRT-0040,Yes,In Progress
VUL08309,CVE-2024-68556,Outdated SSL/TLS Configuration,Critical,9.7,SAL-SRV-0100,No,Open
VUL08310,CVE-2019-91201,Outdated SSL/TLS Configuration,Medium,4.4,OPS-IOT-0048,No,In Progress
VUL08311,CVE-2021-96958,Command Injection,Medium,4.8,SAL-SRV-0094,Yes,In Progress
VUL08312,CVE-2025-29482,Unpatched Software,High,8.8,OPS-MOB-0069,Yes,In Progress
VUL08313,CVE-2023-27844,Privilege Escalation,Low,1.1,MKT-SRV-0080,Yes,Closed
VUL08314,CVE-2025-55802,Broken Authentication,Medium,6.9,MKT-FW-0105,Yes,In Progress
VUL08315,CVE-2026-94699,Insecure Direct Object Reference,Low,2.6,IT-PRT-0076,Yes,Patched
VUL08316,CVE-2026-62247,SQL Injection,High,7.8,OPS-PRT-0021,No,Won't Fix
VUL08317,CVE-2017-54216,Open Redirect,Medium,6.0,FIN-SW-0083,Yes,Closed
VUL08318,CVE-2018-11501,Broken Authentication,Critical,9.9,FIN-PRT-0004,Yes,Closed
VUL08319,CVE-2022-41560,Insecure Direct Object Reference,High,7.3,ENG-PRT-0075,Yes,Patched
VUL08320,CVE-2025-41466,Server-Side Request Forgery (SSRF),Medium,4.6,ENG-DB-0101,No,Open
VUL08321,CVE-2026-4041,Outdated SSL/TLS Configuration,Medium,6.0,FIN-FW-0075,No,Won't Fix
VUL08322,CVE-2016-86784,Privilege Escalation,Medium,5.9,OPS-SRV-0055,Yes,In Progress
VUL08323,CVE-2023-51095,Privilege Escalation,Critical,9.6,HR-PRT-0051,Yes,Closed
VUL08324,CVE-2020-73643,Server-Side Request Forgery (SSRF),Medium,5.0,SAL-SW-0088,No,In Progress
VUL08325,CVE-2023-44611,Command Injection,Low,1.3,LEG-DB-0040,No,Open
VUL08326,CVE-2015-4877,Remote Code Execution,Low,3.1,MKT-SRV-0027,Yes,In Progress
VUL08327,CVE-2017-65046,Path Traversal,High,7.0,MKT-SW-0049,Yes,Patched
VUL08328,CVE-2017-57682,Security Misconfiguration,Critical,9.8,LEG-DB-0003,No,Open
VUL08329,CVE-2023-54382,SQL Injection,High,8.6,LEG-PRT-0046,No,Open
VUL08330,CVE-2021-60963,Missing Security Patch,High,8.5,ENG-PRT-0082,Yes,Patched
VUL08331,CVE-2026-96195,Path Traversal,High,8.2,FIN-SW-0005,Yes,Closed
VUL08332,CVE-2019-38694,Unpatched Software,Low,3.2,FIN-IOT-0037,Yes,Patched
VUL08333,CVE-2015-95409,Command Injection,Medium,5.9,SAL-IOT-0111,Yes,Patched
VUL08334,CVE-2021-20274,Sensitive Data Exposure,Medium,4.1,MKT-LAP-0027,No,Open
VUL08335,CVE-2016-3624,Missing Security Patch,Medium,6.7,MKT-PRT-0055,No,Open
VUL08336,CVE-2024-77834,Cross-Site Scripting (XSS),Low,3.3,IT-DB-0032,No,Won't Fix
VUL08337,CVE-2016-51124,Privilege Escalation,Critical,9.2,ENG-PRT-0112,Yes,Patched
VUL08338,CVE-2017-32448,Buffer Overflow,Low,1.4,FIN-SRV-0062,Yes,Patched
VUL08339,CVE-2019-23745,Buffer Overflow,Low,1.5,SAL-DB-0107,Yes,Closed
VUL08340,CVE-2016-76431,Weak Password Policy,High,7.8,LEG-IOT-0044,No,In Progress
VUL08341,CVE-2019-67774,Privilege Escalation,High,7.9,LEG-LAP-0024,Yes,Closed
VUL08342,CVE-2017-88144,Server-Side Request Forgery (SSRF),High,7.2,FIN-FW-0029,Yes,Closed
VUL08343,CVE-2018-15217,Sensitive Data Exposure,Low,2.2,HR-PC-0018,Yes,In Progress
VUL08344,CVE-2026-25927,Unpatched Software,Medium,6.0,HR-SW-0104,No,Won't Fix
VUL08345,CVE-2022-86775,Path Traversal,High,7.8,FIN-LAP-0019,Yes,Closed
VUL08346,CVE-2019-30999,Outdated SSL/TLS Configuration,High,8.6,FIN-LAP-0049,Yes,Closed
VUL08347,CVE-2016-58774,Broken Authentication,Medium,6.8,OPS-RTR-0019,Yes,Closed
VUL08348,CVE-2024-9350,XML External Entity (XXE),Medium,6.7,OPS-SRV-0001,No,Won't Fix
VUL08349,CVE-2017-67346,Remote Code Execution,Medium,4.9,MKT-RTR-0086,No,Open
VUL08350,CVE-2017-25541,Server-Side Request Forgery (SSRF),Medium,4.6,IT-RTR-0028,Yes,In Progress
VUL08351,CVE-2020-95939,Remote Code Execution,Critical,9.1,IT-SRV-0035,No,In Progress
VUL08352,CVE-2017-43377,Unpatched Software,Medium,5.9,IT-IOT-0053,Yes,Closed
VUL08353,CVE-2024-59880,Denial of Service,High,8.1,IT-PRT-0049,Yes,Patched
VUL08354,CVE-2019-76183,Unpatched Software,Medium,6.4,OPS-PRT-0049,Yes,Closed
VUL08355,CVE-2019-87613,Privilege Escalation,Medium,5.3,LEG-DB-0055,Yes,Closed
VUL08356,CVE-2026-76163,Buffer Overflow,Critical,9.2,LEG-LAP-0009,No,Won't Fix
VUL08357,CVE-2021-69225,Unpatched Software,Medium,4.3,ENG-PC-0001,Yes,Closed
VUL08358,CVE-2021-23787,Broken Authentication,Medium,6.8,FIN-FW-0125,Yes,Closed
VUL08359,CVE-2026-90529,Path Traversal,High,7.7,SAL-RTR-0079,No,Open
VUL08360,CVE-2021-98427,Server-Side Request Forgery (SSRF),High,7.3,LEG-RTR-0052,Yes,In Progress
VUL08361,CVE-2025-77808,Broken Authentication,Low,1.9,ENG-DB-0012,No,Won't Fix
VUL08362,CVE-2026-9347,Unpatched Software,Critical,10.0,ENG-SRV-0121,No,Open
VUL08363,CVE-2025-25521,Insecure Deserialization,Low,1.4,SAL-FW-0106,Yes,In Progress
VUL08364,CVE-2026-12032,Buffer Overflow,High,8.2,OPS-IOT-0078,Yes,Closed
VUL08365,CVE-2022-40610,Missing Security Patch,Critical,9.1,SAL-SRV-0087,No,Open
VUL08366,CVE-2019-94868,Weak Password Policy,High,8.7,LEG-SW-0045,No,Won't Fix
VUL08367,CVE-2017-57449,Sensitive Data Exposure,Medium,5.6,FIN-IOT-0001,Yes,Patched
VUL08368,CVE-2018-39946,Unpatched Software,Critical,9.7,LEG-LAP-0013,Yes,Patched
VUL08369,CVE-2016-45405,Denial of Service,Medium,4.9,HR-SW-0013,No,Won't Fix
VUL08370,CVE-2025-71695,Denial of Service,High,8.8,FIN-LAP-0064,Yes,Closed
VUL08371,CVE-2021-1733,Missing Security Patch,Medium,4.0,ENG-FW-0060,Yes,In Progress
VUL08372,CVE-2025-59520,Server-Side Request Forgery (SSRF),Critical,10.0,IT-SW-0015,Yes,Closed
VUL08373,CVE-2020-55638,XML External Entity (XXE),High,8.5,OPS-RTR-0023,Yes,In Progress
VUL08374,CVE-2015-70598,Path Traversal,Low,0.6,ENG-FW-0083,No,In Progress
VUL08375,CVE-2024-12064,Sensitive Data Exposure,High,8.7,OPS-FW-0065,No,In Progress
VUL08376,CVE-2019-39592,Buffer Overflow,Low,1.6,MKT-DB-0043,Yes,Closed
VUL08377,CVE-2026-54893,Insecure Deserialization,Low,1.2,HR-PRT-0043,Yes,Patched
VUL08378,CVE-2026-74083,Open Redirect,High,7.9,LEG-IOT-0013,Yes,Patched
VUL08379,CVE-2024-49721,Weak Password Policy,Medium,5.0,IT-PRT-0087,Yes,Patched
VUL08380,CVE-2015-41590,Insecure Direct Object Reference,High,7.4,HR-PC-0051,Yes,In Progress
VUL08381,CVE-2025-82143,Command Injection,High,8.3,ENG-IOT-0039,No,Won't Fix
VUL08382,CVE-2025-88085,Privilege Escalation,High,7.1,FIN-RTR-0028,No,Open
VUL08383,CVE-2022-96674,Weak Password Policy,Critical,9.3,FIN-SW-0082,No,Open
VUL08384,CVE-2017-82432,Remote Code Execution,Medium,5.3,OPS-FW-0102,Yes,Patched
VUL08385,CVE-2015-3801,Missing Security Patch,High,7.3,SAL-PRT-0023,Yes,In Progress
VUL08386,CVE-2019-65795,Denial of Service,Low,2.6,IT-SRV-0061,No,Open
VUL08387,CVE-2026-54792,XML External Entity (XXE),Medium,5.9,LEG-FW-0047,Yes,In Progress
VUL08388,CVE-2024-8564,Insecure Direct Object Reference,Medium,5.8,MKT-FW-0002,Yes,Closed
VUL08389,CVE-2022-23943,Weak Password Policy,Low,2.7,LEG-MOB-0047,Yes,In Progress
VUL08390,CVE-2020-61566,Buffer Overflow,Medium,5.6,ENG-RTR-0014,Yes,Closed
VUL08391,CVE-2021-16661,Remote Code Execution,Low,1.6,FIN-PRT-0034,Yes,In Progress
VUL08392,CVE-2022-49540,Insecure Deserialization,Critical,9.4,ENG-SW-0024,Yes,Patched
VUL08393,CVE-2026-39844,Security Misconfiguration,Low,2.7,HR-RTR-0078,Yes,Closed
VUL08394,CVE-2018-43089,Sensitive Data Exposure,High,8.2,FIN-FW-0055,No,Open
VUL08395,CVE-2023-43258,Insecure Deserialization,Medium,4.9,FIN-SW-0037,Yes,In Progress
VUL08396,CVE-2018-4984,Unpatched Software,Critical,9.5,FIN-FW-0123,Yes,In Progress
VUL08397,CVE-2025-19539,SQL Injection,High,7.8,OPS-IOT-0102,Yes,In Progress
VUL08398,CVE-2025-22577,XML External Entity (XXE),Medium,5.7,IT-SW-0049,No,In Progress
VUL08399,CVE-2019-8324,Cross-Site Scripting (XSS),Medium,5.4,OPS-PC-0087,Yes,Closed
VUL08400,CVE-2023-74333,Buffer Overflow,High,8.7,IT-SW-0077,Yes,Patched
VUL08401,CVE-2021-62530,Weak Password Policy,Medium,4.4,FIN-LAP-0005,No,In Progress
VUL08402,CVE-2024-87818,Remote Code Execution,Medium,6.6,LEG-SRV-0043,No,In Progress
VUL08403,CVE-2017-88004,XML External Entity (XXE),Medium,5.2,FIN-DB-0053,No,Won't Fix
VUL08404,CVE-2026-35315,Weak Password Policy,Medium,4.8,MKT-RTR-0031,Yes,Patched
VUL08405,CVE-2022-1408,SQL Injection,Medium,5.4,MKT-PC-0123,Yes,In Progress
VUL08406,CVE-2016-9747,Unpatched Software,Medium,5.7,IT-RTR-0035,Yes,Closed
VUL08407,CVE-2023-1549,Sensitive Data Exposure,Medium,4.3,IT-LAP-0042,No,Open
VUL08408,CVE-2015-86037,Path Traversal,High,8.2,HR-PRT-0096,Yes,Patched
VUL08409,CVE-2025-56685,Open Redirect,Medium,6.1,HR-IOT-0008,No,In Progress
VUL08410,CVE-2017-63089,Server-Side Request Forgery (SSRF),Critical,9.8,ENG-PC-0122,No,In Progress
VUL08411,CVE-2025-37787,Path Traversal,Medium,4.5,FIN-LAP-0033,Yes,Closed
VUL08412,CVE-2019-44324,Broken Authentication,Medium,6.3,HR-PC-0102,No,In Progress
VUL08413,CVE-2015-59384,XML External Entity (XXE),High,8.8,HR-PRT-0102,Yes,In Progress
VUL08414,CVE-2020-33677,Path Traversal,Medium,5.7,IT-PC-0065,Yes,In Progress
VUL08415,CVE-2016-9475,Privilege Escalation,High,8.5,IT-DB-0096,Yes,Patched
VUL08416,CVE-2026-39865,Insecure Direct Object Reference,Medium,6.7,FIN-RTR-0038,Yes,In Progress
VUL08417,CVE-2026-8425,Insecure Deserialization,High,7.9,ENG-SRV-0130,Yes,In Progress
VUL08418,CVE-2025-87481,Cross-Site Scripting (XSS),High,8.1,LEG-DB-0131,Yes,Closed
VUL08419,CVE-2017-45294,Server-Side Request Forgery (SSRF),Critical,9.8,IT-LAP-0110,Yes,Closed
VUL08420,CVE-2026-2276,Buffer Overflow,Low,0.3,OPS-LAP-0079,Yes,Patched
VUL08421,CVE-2025-72329,Open Redirect,Critical,9.8,SAL-SW-0001,Yes,In Progress
VUL08422,CVE-2016-16735,Weak Password Policy,Medium,4.2,FIN-LAP-0043,No,Won't Fix
VUL08423,CVE-2019-29438,Command Injection,Medium,6.3,ENG-LAP-0005,Yes,In Progress
VUL08424,CVE-2023-71952,Weak Password Policy,High,7.8,OPS-MOB-0034,Yes,Patched
VUL08425,CVE-2017-18748,Server-Side Request Forgery (SSRF),Critical,9.8,IT-PRT-0090,No,Open
VUL08426,CVE-2026-64123,Broken Authentication,Critical,9.1,IT-PRT-0038,Yes,In Progress
VUL08427,CVE-2018-79223,Server-Side Request Forgery (SSRF),Low,1.6,SAL-DB-0070,No,Won't Fix
VUL08428,CVE-2019-66535,Sensitive Data Exposure,Low,3.6,OPS-FW-0014,Yes,In Progress
VUL08429,CVE-2018-6953,Buffer Overflow,Medium,6.6,HR-DB-0050,Yes,Patched
VUL08430,CVE-2019-30077,Privilege Escalation,High,8.1,LEG-LAP-0101,Yes,Closed
VUL08431,CVE-2023-60037,Broken Authentication,High,8.6,OPS-SRV-0061,Yes,In Progress
VUL08432,CVE-2018-21814,Remote Code Execution,High,7.4,MKT-SRV-0104,No,In Progress
VUL08433,CVE-2019-40516,Insecure Deserialization,High,8.9,OPS-PRT-0086,Yes,In Progress
VUL08434,CVE-2017-80751,Denial of Service,Medium,5.5,SAL-MOB-0042,Yes,Closed
VUL08435,CVE-2026-60353,SQL Injection,Medium,4.4,ENG-PRT-0080,Yes,Closed
VUL08436,CVE-2026-96200,SQL Injection,Low,2.1,FIN-PC-0098,No,In Progress
VUL08437,CVE-2023-77687,Unpatched Software,High,8.0,ENG-DB-0013,No,Open
VUL08438,CVE-2015-80551,Weak Password Policy,Medium,4.7,IT-MOB-0123,No,In Progress
VUL08439,CVE-2017-73889,Broken Authentication,Medium,6.8,SAL-PRT-0090,Yes,In Progress
VUL08440,CVE-2017-37359,Insecure Deserialization,Medium,5.1,OPS-PC-0015,Yes,Patched
VUL08441,CVE-2018-19365,Sensitive Data Exposure,Low,2.9,IT-SW-0139,No,In Progress
VUL08442,CVE-2022-96804,Security Misconfiguration,Low,1.1,SAL-PC-0018,No,Won't Fix
VUL08443,CVE-2022-84205,XML External Entity (XXE),Low,2.0,HR-RTR-0089,Yes,Patched
VUL08444,CVE-2023-72410,Weak Password Policy,Low,0.9,OPS-PC-0001,Yes,In Progress
VUL08445,CVE-2023-5842,Command Injection,Medium,4.1,SAL-RTR-0063,Yes,Patched
VUL08446,CVE-2016-73279,Privilege Escalation,High,8.6,MKT-PC-0003,Yes,Closed
VUL08447,CVE-2017-49619,Unpatched Software,Critical,9.5,MKT-MOB-0012,Yes,Closed
VUL08448,CVE-2020-65607,Cross-Site Scripting (XSS),High,8.3,LEG-PC-0026,No,In Progress
VUL08449,CVE-2022-74680,Outdated SSL/TLS Configuration,Medium,6.2,IT-SRV-0036,Yes,Patched
VUL08450,CVE-2023-70066,Path Traversal,High,7.0,FIN-IOT-0013,No,Open
VUL08451,CVE-2024-82933,Command Injection,Low,3.8,FIN-SRV-0030,Yes,Closed
VUL08452,CVE-2020-92058,Outdated SSL/TLS Configuration,High,7.3,ENG-SW-0063,Yes,Patched
VUL08453,CVE-2026-44377,XML External Entity (XXE),High,7.2,FIN-DB-0094,No,Won't Fix
VUL08454,CVE-2021-41972,Outdated SSL/TLS Configuration,High,8.4,HR-MOB-0033,No,In Progress
VUL08455,CVE-2018-17595,Outdated SSL/TLS Configuration,Low,3.5,IT-PRT-0071,No,Open
VUL08456,CVE-2022-97102,Outdated SSL/TLS Configuration,Low,2.3,FIN-RTR-0082,Yes,Patched
VUL08457,CVE-2020-66163,XML External Entity (XXE),Critical,9.9,HR-DB-0079,Yes,Closed
VUL08458,CVE-2021-21098,Privilege Escalation,High,8.6,MKT-RTR-0040,No,Won't Fix
VUL08459,CVE-2025-27373,Security Misconfiguration,Critical,9.1,HR-PC-0102,Yes,In Progress
VUL08460,CVE-2016-98460,Missing Security Patch,Medium,5.2,SAL-LAP-0002,No,Open
VUL08461,CVE-2023-25867,Buffer Overflow,Low,2.0,OPS-IOT-0120,No,Won't Fix
VUL08462,CVE-2020-31124,Privilege Escalation,High,8.1,IT-DB-0077,Yes,In Progress
VUL08463,CVE-2020-98669,Server-Side Request Forgery (SSRF),Critical,9.2,ENG-LAP-0102,Yes,Closed
VUL08464,CVE-2020-17971,XML External Entity (XXE),High,8.8,OPS-SRV-0002,Yes,Closed
VUL08465,CVE-2020-49368,Path Traversal,Low,1.7,ENG-SW-0016,Yes,In Progress
VUL08466,CVE-2022-25328,Security Misconfiguration,High,8.1,IT-FW-0011,No,Won't Fix
VUL08467,CVE-2021-91464,Security Misconfiguration,Critical,9.6,ENG-PRT-0114,Yes,Patched
VUL08468,CVE-2021-9707,Missing Security Patch,Medium,5.0,LEG-RTR-0106,Yes,In Progress
VUL08469,CVE-2015-24963,Sensitive Data Exposure,Critical,9.5,SAL-LAP-0087,Yes,In Progress
VUL08470,CVE-2019-76925,Privilege Escalation,High,7.5,OPS-LAP-0053,No,Won't Fix
VUL08471,CVE-2024-60074,Path Traversal,Medium,5.2,ENG-MOB-0103,Yes,In Progress
VUL08472,CVE-2018-70350,Privilege Escalation,High,7.0,FIN-SW-0082,No,Open
VUL08473,CVE-2025-71490,Insecure Direct Object Reference,Low,2.2,HR-SRV-0055,No,In Progress
VUL08474,CVE-2019-86802,Command Injection,Low,2.2,LEG-FW-0022,Yes,In Progress
VUL08475,CVE-2020-24185,Denial of Service,High,7.7,OPS-SRV-0081,No,Open
VUL08476,CVE-2026-75034,Buffer Overflow,Medium,5.5,OPS-FW-0131,Yes,Closed
VUL08477,CVE-2018-79793,Remote Code Execution,Critical,10.0,ENG-DB-0025,Yes,In Progress
VUL08478,CVE-2015-15225,XML External Entity (XXE),High,7.8,OPS-PC-0090,No,Won't Fix
VUL08479,CVE-2026-79399,Cross-Site Scripting (XSS),High,8.0,LEG-PRT-0016,Yes,Patched
VUL08480,CVE-2026-18670,Missing Security Patch,Critical,9.5,FIN-IOT-0118,No,Open
VUL08481,CVE-2015-8412,Open Redirect,Medium,5.3,HR-PC-0069,No,Open
VUL08482,CVE-2015-31188,Buffer Overflow,Medium,6.8,HR-SW-0009,No,In Progress
VUL08483,CVE-2021-56231,Command Injection,Low,3.7,MKT-SRV-0099,Yes,In Progress
VUL08484,CVE-2020-67084,Broken Authentication,Medium,4.4,HR-LAP-0086,Yes,In Progress
VUL08485,CVE-2026-8227,Path Traversal,Medium,4.4,LEG-MOB-0076,No,In Progress
VUL08486,CVE-2024-56498,Unpatched Software,High,7.7,MKT-IOT-0010,Yes,Patched
VUL08487,CVE-2018-96941,Weak Password Policy,Medium,6.5,FIN-FW-0101,Yes,Closed
VUL08488,CVE-2021-10522,Path Traversal,Low,1.0,OPS-PC-0063,Yes,In Progress
VUL08489,CVE-2018-55479,Denial of Service,Medium,5.5,ENG-PRT-0050,Yes,Patched
VUL08490,CVE-2022-91836,Security Misconfiguration,High,7.5,LEG-MOB-0066,Yes,Patched
VUL08491,CVE-2016-6469,Denial of Service,High,7.5,OPS-PC-0083,No,In Progress
VUL08492,CVE-2020-18182,Buffer Overflow,High,8.8,FIN-SRV-0026,Yes,Patched
VUL08493,CVE-2021-15293,SQL Injection,Critical,9.9,LEG-IOT-0001,Yes,In Progress
VUL08494,CVE-2026-86817,Weak Password Policy,Low,1.0,SAL-MOB-0062,Yes,In Progress
VUL08495,CVE-2022-55693,Weak Password Policy,Low,3.3,OPS-MOB-0105,Yes,Patched
VUL08496,CVE-2022-28025,Open Redirect,High,7.9,FIN-PC-0042,Yes,Closed
VUL08497,CVE-2021-80423,Security Misconfiguration,High,7.1,HR-PRT-0012,Yes,In Progress
VUL08498,CVE-2025-98138,Weak Password Policy,Medium,5.8,FIN-PC-0129,Yes,Closed
VUL08499,CVE-2019-22715,XML External Entity (XXE),Low,0.1,ENG-DB-0047,Yes,In Progress
VUL08500,CVE-2019-59582,Insecure Deserialization,High,7.1,HR-PC-0006,No,Open
VUL08501,CVE-2016-65856,Missing Security Patch,Low,2.0,FIN-PC-0114,Yes,Patched
VUL08502,CVE-2019-99283,Missing Security Patch,High,8.0,OPS-PC-0042,No,Won't Fix
VUL08503,CVE-2020-62681,Remote Code Execution,Medium,6.3,OPS-MOB-0138,Yes,Closed
VUL08504,CVE-2021-78249,XML External Entity (XXE),Critical,9.7,FIN-MOB-0081,Yes,In Progress
VUL08505,CVE-2015-5795,Weak Password Policy,Medium,5.7,OPS-IOT-0055,No,In Progress
VUL08506,CVE-2023-24564,Unpatched Software,Low,2.2,MKT-SRV-0102,No,In Progress
VUL08507,CVE-2026-72869,Denial of Service,Medium,4.3,OPS-MOB-0121,No,In Progress
VUL08508,CVE-2017-54356,Privilege Escalation,High,7.3,ENG-LAP-0023,Yes,Patched
VUL08509,CVE-2019-5552,Outdated SSL/TLS Configuration,Medium,6.8,HR-IOT-0078,No,In Progress
VUL08510,CVE-2025-66934,Broken Authentication,Low,0.6,SAL-SW-0027,Yes,Patched
VUL08511,CVE-2017-41546,Broken Authentication,Low,3.0,OPS-FW-0068,Yes,Closed
VUL08512,CVE-2015-97461,Open Redirect,High,7.8,IT-SW-0008,Yes,Patched
VUL08513,CVE-2015-42818,Buffer Overflow,Low,3.2,FIN-IOT-0119,Yes,Closed
VUL08514,CVE-2015-94751,Denial of Service,Low,3.2,MKT-IOT-0053,Yes,In Progress
VUL08515,CVE-2015-49116,Open Redirect,Critical,9.6,SAL-PRT-0056,Yes,In Progress
VUL08516,CVE-2016-34270,Missing Security Patch,Medium,6.6,FIN-FW-0058,Yes,In Progress
VUL08517,CVE-2016-42360,Privilege Escalation,Low,2.1,ENG-SW-0050,No,In Progress
VUL08518,CVE-2018-85291,Missing Security Patch,Medium,5.5,SAL-RTR-0016,Yes,Closed
VUL08519,CVE-2017-88907,Insecure Deserialization,High,7.9,ENG-SW-0126,Yes,In Progress
VUL08520,CVE-2020-66256,Insecure Deserialization,Low,2.8,SAL-MOB-0061,Yes,Closed
VUL08521,CVE-2024-10686,Outdated SSL/TLS Configuration,Medium,6.5,MKT-FW-0081,Yes,Patched
VUL08522,CVE-2024-56061,Path Traversal,High,7.2,IT-PC-0022,No,Open
VUL08523,CVE-2017-75840,Path Traversal,Low,2.7,OPS-SW-0096,No,Open
VUL08524,CVE-2019-41969,Security Misconfiguration,Medium,6.4,ENG-LAP-0072,Yes,Patched
VUL08525,CVE-2026-15146,Sensitive Data Exposure,Low,0.5,OPS-DB-0093,Yes,In Progress
VUL08526,CVE-2020-47689,Insecure Direct Object Reference,High,8.2,IT-PRT-0111,No,Won't Fix
VUL08527,CVE-2025-96032,SQL Injection,Medium,4.4,ENG-SRV-0077,No,Open
VUL08528,CVE-2025-56168,Path Traversal,High,8.6,FIN-RTR-0060,No,Won't Fix
VUL08529,CVE-2023-99189,Open Redirect,Low,3.3,HR-IOT-0039,Yes,Closed
VUL08530,CVE-2023-71142,Outdated SSL/TLS Configuration,Critical,10.0,MKT-RTR-0083,Yes,In Progress
VUL08531,CVE-2024-52950,Insecure Direct Object Reference,High,7.1,FIN-RTR-0037,Yes,Closed
VUL08532,CVE-2017-34985,Security Misconfiguration,High,7.6,ENG-MOB-0009,No,Won't Fix
VUL08533,CVE-2016-82703,Cross-Site Scripting (XSS),Medium,4.8,IT-LAP-0041,No,In Progress
VUL08534,CVE-2021-35522,Outdated SSL/TLS Configuration,Critical,9.7,HR-PRT-0077,No,Won't Fix
VUL08535,CVE-2023-3617,Remote Code Execution,Low,2.3,HR-LAP-0048,Yes,Patched
VUL08536,CVE-2015-6923,Path Traversal,Medium,6.9,SAL-SRV-0064,Yes,Patched
VUL08537,CVE-2016-64224,Insecure Deserialization,Low,0.6,MKT-PC-0029,Yes,Patched
VUL08538,CVE-2019-92872,Security Misconfiguration,High,7.7,SAL-PC-0056,Yes,Closed
VUL08539,CVE-2019-53452,Security Misconfiguration,Medium,4.8,ENG-PRT-0096,Yes,In Progress
VUL08540,CVE-2026-15240,Insecure Deserialization,Critical,9.9,IT-IOT-0001,Yes,Closed
VUL08541,CVE-2018-60779,Remote Code Execution,High,8.5,SAL-SRV-0018,Yes,In Progress
VUL08542,CVE-2025-2145,Privilege Escalation,Critical,9.1,IT-DB-0092,Yes,Patched
VUL08543,CVE-2026-10245,Denial of Service,Medium,6.5,LEG-PRT-0102,Yes,Closed
VUL08544,CVE-2017-15590,Buffer Overflow,Medium,4.4,ENG-SW-0008,Yes,Patched
VUL08545,CVE-2017-27643,Missing Security Patch,High,8.1,HR-SRV-0109,Yes,In Progress
VUL08546,CVE-2019-66661,Sensitive Data Exposure,Medium,5.1,ENG-SW-0034,No,Won't Fix
VUL08547,CVE-2026-1939,Open Redirect,High,8.1,HR-RTR-0027,No,In Progress
VUL08548,CVE-2019-51810,Command Injection,High,7.4,FIN-RTR-0022,Yes,Closed
VUL08549,CVE-2024-14484,SQL Injection,Medium,5.6,IT-MOB-0090,Yes,Closed
VUL08550,CVE-2020-71768,Open Redirect,Low,1.4,MKT-SW-0018,Yes,In Progress
VUL08551,CVE-2020-24932,Sensitive Data Exposure,Medium,4.6,HR-PC-0123,No,In Progress
VUL08552,CVE-2021-23671,Unpatched Software,Medium,6.5,LEG-FW-0030,Yes,Patched
VUL08553,CVE-2015-20839,Unpatched Software,High,7.6,HR-LAP-0110,No,Won't Fix
VUL08554,CVE-2015-3687,Security Misconfiguration,High,8.7,HR-FW-0116,No,In Progress
VUL08555,CVE-2015-94922,Command Injection,Medium,4.7,ENG-SRV-0117,Yes,In Progress
VUL08556,CVE-2015-19490,Missing Security Patch,Medium,5.8,IT-PRT-0043,No,Open
VUL08557,CVE-2022-21420,SQL Injection,High,8.3,FIN-PRT-0035,Yes,Closed
VUL08558,CVE-2021-7538,Privilege Escalation,Low,0.6,ENG-FW-0007,Yes,Patched
VUL08559,CVE-2020-74525,Remote Code Execution,High,7.6,OPS-MOB-0018,No,In Progress
VUL08560,CVE-2017-78273,Outdated SSL/TLS Configuration,High,8.1,HR-MOB-0048,Yes,In Progress
VUL08561,CVE-2026-42304,SQL Injection,Medium,5.0,HR-PC-0124,No,Won't Fix
VUL08562,CVE-2026-85423,Privilege Escalation,Medium,6.0,FIN-FW-0063,No,Open
VUL08563,CVE-2015-67091,Insecure Deserialization,Medium,6.5,FIN-IOT-0120,No,In Progress
VUL08564,CVE-2026-34729,Broken Authentication,Low,0.1,HR-PC-0129,Yes,Closed
VUL08565,CVE-2019-71909,SQL Injection,Critical,9.5,LEG-LAP-0095,Yes,In Progress
VUL08566,CVE-2018-26733,Cross-Site Scripting (XSS),Low,1.4,IT-MOB-0097,Yes,Patched
VUL08567,CVE-2025-61427,Privilege Escalation,Medium,5.3,IT-PC-0036,Yes,In Progress
VUL08568,CVE-2025-80837,Denial of Service,High,8.8,HR-IOT-0074,Yes,In Progress
VUL08569,CVE-2015-75917,Broken Authentication,Low,2.1,FIN-IOT-0090,No,Won't Fix
VUL08570,CVE-2024-89240,Path Traversal,Critical,9.5,IT-FW-0119,Yes,Closed
VUL08571,CVE-2024-24530,Denial of Service,Low,2.5,ENG-FW-0118,Yes,Patched
VUL08572,CVE-2021-93345,Insecure Deserialization,High,8.1,HR-FW-0063,Yes,In Progress
VUL08573,CVE-2021-83988,Insecure Direct Object Reference,Medium,4.2,OPS-SRV-0084,No,Won't Fix
VUL08574,CVE-2016-94943,SQL Injection,Low,3.3,HR-SRV-0025,Yes,Closed
VUL08575,CVE-2026-76012,XML External Entity (XXE),Medium,5.0,SAL-IOT-0075,Yes,Patched
VUL08576,CVE-2026-51021,Missing Security Patch,Low,1.0,IT-PC-0090,Yes,In Progress
VUL08577,CVE-2020-75152,Insecure Direct Object Reference,Critical,9.8,IT-LAP-0044,Yes,Closed
VUL08578,CVE-2021-52540,Remote Code Execution,High,8.6,IT-SRV-0105,No,Open
VUL08579,CVE-2023-76865,Security Misconfiguration,Medium,4.4,SAL-PC-0039,No,In Progress
VUL08580,CVE-2017-26612,Weak Password Policy,Medium,6.8,OPS-PRT-0047,Yes,Patched
VUL08581,CVE-2017-14970,SQL Injection,Low,2.2,ENG-PRT-0081,Yes,Closed
VUL08582,CVE-2025-2895,Sensitive Data Exposure,Critical,9.5,SAL-RTR-0031,Yes,Patched
VUL08583,CVE-2021-93628,Denial of Service,Low,1.9,HR-LAP-0011,No,In Progress
VUL08584,CVE-2015-19435,Command Injection,Medium,6.8,ENG-SW-0105,No,In Progress
VUL08585,CVE-2016-74341,Outdated SSL/TLS Configuration,Medium,5.5,HR-SW-0011,Yes,Patched
VUL08586,CVE-2016-9607,Insecure Direct Object Reference,High,8.3,FIN-MOB-0094,No,In Progress
VUL08587,CVE-2020-27318,Security Misconfiguration,High,7.3,SAL-FW-0058,Yes,Closed
VUL08588,CVE-2015-90506,Unpatched Software,High,7.7,ENG-LAP-0085,Yes,Closed
VUL08589,CVE-2015-39094,XML External Entity (XXE),Low,2.5,IT-DB-0071,Yes,Closed
VUL08590,CVE-2017-96883,Missing Security Patch,High,7.9,ENG-LAP-0034,Yes,Closed
VUL08591,CVE-2023-86644,Open Redirect,Medium,5.8,ENG-IOT-0030,No,Open
VUL08592,CVE-2023-14223,Remote Code Execution,Medium,4.9,HR-SRV-0043,No,Open
VUL08593,CVE-2017-56107,Denial of Service,Medium,6.4,SAL-FW-0118,No,Won't Fix
VUL08594,CVE-2015-5294,Broken Authentication,Critical,10.0,OPS-DB-0024,Yes,In Progress
VUL08595,CVE-2020-48454,Privilege Escalation,Low,2.8,FIN-PC-0124,Yes,In Progress
VUL08596,CVE-2015-88063,Open Redirect,High,8.2,IT-IOT-0066,Yes,Patched
VUL08597,CVE-2017-99146,Insecure Deserialization,Medium,4.9,HR-DB-0002,Yes,In Progress
VUL08598,CVE-2017-85910,Server-Side Request Forgery (SSRF),Medium,5.6,SAL-PRT-0040,Yes,Closed
VUL08599,CVE-2025-6848,Insecure Deserialization,Medium,5.6,SAL-PC-0101,No,Open
VUL08600,CVE-2017-66636,Insecure Deserialization,High,7.2,FIN-PRT-0129,No,In Progress
VUL08601,CVE-2024-59826,Insecure Direct Object Reference,Low,3.6,FIN-SRV-0103,No,Won't Fix
VUL08602,CVE-2023-71036,Privilege Escalation,Medium,5.2,OPS-MOB-0105,No,In Progress
VUL08603,CVE-2015-27157,Unpatched Software,Low,1.4,LEG-SW-0120,Yes,Closed
VUL08604,CVE-2024-36959,Buffer Overflow,Critical,9.5,LEG-SW-0091,No,In Progress
VUL08605,CVE-2015-49436,Outdated SSL/TLS Configuration,Critical,10.0,IT-FW-0087,Yes,Closed
VUL08606,CVE-2026-82995,Privilege Escalation,Critical,9.1,OPS-IOT-0117,No,Open
VUL08607,CVE-2026-23583,Server-Side Request Forgery (SSRF),High,8.8,SAL-PRT-0040,No,Open
VUL08608,CVE-2017-67855,Denial of Service,Critical,9.9,MKT-SRV-0082,Yes,Patched
VUL08609,CVE-2015-86492,XML External Entity (XXE),Medium,4.5,HR-IOT-0071,No,Won't Fix
VUL08610,CVE-2025-46522,Broken Authentication,High,8.7,IT-FW-0063,No,Won't Fix
VUL08611,CVE-2025-29080,Open Redirect,Critical,9.9,SAL-IOT-0116,Yes,Patched
VUL08612,CVE-2020-1752,Sensitive Data Exposure,High,7.2,HR-FW-0036,Yes,In Progress
VUL08613,CVE-2017-50887,SQL Injection,High,8.7,MKT-SRV-0099,No,Open
VUL08614,CVE-2022-77375,Unpatched Software,High,8.8,SAL-PRT-0124,No,Won't Fix
VUL08615,CVE-2020-57236,Outdated SSL/TLS Configuration,Medium,4.2,MKT-RTR-0079,Yes,In Progress
VUL08616,CVE-2020-75396,Command Injection,High,7.4,ENG-SRV-0120,Yes,Closed
VUL08617,CVE-2020-77588,Denial of Service,Medium,4.7,LEG-RTR-0090,Yes,Closed
VUL08618,CVE-2024-71498,Remote Code Execution,Medium,5.1,FIN-FW-0034,No,Open
VUL08619,CVE-2025-87065,Missing Security Patch,Medium,5.5,ENG-IOT-0002,Yes,Closed
VUL08620,CVE-2017-19423,Path Traversal,Medium,6.2,SAL-DB-0059,No,Open
VUL08621,CVE-2018-99123,Cross-Site Scripting (XSS),Low,1.3,SAL-FW-0073,Yes,Patched
VUL08622,CVE-2017-35985,Security Misconfiguration,High,7.3,FIN-LAP-0063,Yes,Patched
VUL08623,CVE-2020-39440,Insecure Direct Object Reference,High,8.5,IT-FW-0091,No,Open
VUL08624,CVE-2021-80507,XML External Entity (XXE),High,8.4,SAL-PRT-0093,Yes,Patched
VUL08625,CVE-2024-92679,Broken Authentication,High,7.1,SAL-PRT-0113,Yes,Closed
VUL08626,CVE-2018-80817,Remote Code Execution,High,8.5,SAL-SRV-0050,No,Won't Fix
VUL08627,CVE-2025-94308,Insecure Direct Object Reference,High,8.2,FIN-PC-0060,No,In Progress
VUL08628,CVE-2017-1416,Security Misconfiguration,Critical,9.9,HR-RTR-0007,Yes,Closed
VUL08629,CVE-2026-68911,Weak Password Policy,High,8.5,IT-LAP-0049,Yes,Closed
VUL08630,CVE-2016-25318,Command Injection,Medium,4.4,LEG-DB-0084,Yes,Patched
VUL08631,CVE-2026-86549,Remote Code Execution,Medium,4.1,HR-FW-0138,Yes,In Progress
VUL08632,CVE-2017-86187,Open Redirect,Medium,5.1,ENG-SW-0123,No,Won't Fix
VUL08633,CVE-2016-32978,Broken Authentication,Medium,5.9,ENG-PRT-0051,Yes,In Progress
VUL08634,CVE-2017-69604,Denial of Service,Medium,5.9,MKT-SW-0062,No,Won't Fix
VUL08635,CVE-2015-62146,Privilege Escalation,Medium,5.4,MKT-SW-0066,No,In Progress
VUL08636,CVE-2019-3962,Command Injection,Medium,6.6,ENG-RTR-0010,Yes,In Progress
VUL08637,CVE-2024-96156,Insecure Direct Object Reference,Low,2.3,HR-RTR-0084,No,Won't Fix
VUL08638,CVE-2022-99819,Open Redirect,Medium,5.4,OPS-SW-0104,Yes,In Progress
VUL08639,CVE-2016-9532,Command Injection,Low,3.0,OPS-SRV-0022,Yes,Closed
VUL08640,CVE-2020-58032,Remote Code Execution,High,8.3,MKT-MOB-0111,No,Won't Fix
VUL08641,CVE-2025-22970,Missing Security Patch,Medium,6.2,IT-DB-0012,No,Won't Fix
VUL08642,CVE-2018-63645,Sensitive Data Exposure,Low,3.0,SAL-MOB-0081,Yes,Patched
VUL08643,CVE-2025-80675,Broken Authentication,Medium,6.0,LEG-RTR-0026,No,Won't Fix
VUL08644,CVE-2018-99962,Missing Security Patch,Low,2.4,IT-PC-0095,Yes,In Progress
VUL08645,CVE-2017-49897,Buffer Overflow,Critical,9.4,IT-MOB-0017,No,Won't Fix
VUL08646,CVE-2015-92556,Insecure Direct Object Reference,Low,1.9,FIN-FW-0081,No,Open
VUL08647,CVE-2018-21225,Buffer Overflow,Critical,9.5,MKT-PRT-0011,Yes,Closed
VUL08648,CVE-2019-17373,Unpatched Software,Low,3.7,MKT-MOB-0028,No,In Progress
VUL08649,CVE-2018-84846,Command Injection,High,8.9,MKT-MOB-0006,No,In Progress
VUL08650,CVE-2019-34446,Broken Authentication,Medium,4.2,OPS-FW-0054,No,Open
VUL08651,CVE-2023-97420,XML External Entity (XXE),Critical,9.8,IT-PC-0054,Yes,In Progress
VUL08652,CVE-2022-60229,Denial of Service,Low,1.6,IT-LAP-0032,Yes,Closed
VUL08653,CVE-2024-32340,Remote Code Execution,High,7.8,FIN-PC-0126,No,Won't Fix
VUL08654,CVE-2019-75799,Buffer Overflow,Low,1.5,LEG-SW-0057,No,Won't Fix
VUL08655,CVE-2020-23796,Path Traversal,Medium,4.2,MKT-RTR-0093,Yes,Closed
VUL08656,CVE-2018-7531,Open Redirect,Medium,5.0,ENG-DB-0111,Yes,In Progress
VUL08657,CVE-2017-43246,Privilege Escalation,Medium,6.8,SAL-FW-0121,No,Open
VUL08658,CVE-2019-59543,Broken Authentication,High,8.5,IT-SW-0055,No,In Progress
VUL08659,CVE-2021-8848,Unpatched Software,Low,0.9,IT-LAP-0119,No,Open
VUL08660,CVE-2015-44705,XML External Entity (XXE),High,7.5,HR-LAP-0134,Yes,Patched
VUL08661,CVE-2025-21380,Buffer Overflow,Low,3.6,MKT-SW-0021,Yes,In Progress
VUL08662,CVE-2023-84513,Cross-Site Scripting (XSS),High,7.5,HR-PC-0061,Yes,Closed
VUL08663,CVE-2019-51520,Weak Password Policy,Medium,5.0,IT-PC-0095,No,Won't Fix
VUL08664,CVE-2020-46304,Unpatched Software,Low,2.6,MKT-RTR-0019,Yes,Closed
VUL08665,CVE-2020-68723,XML External Entity (XXE),Medium,6.6,LEG-MOB-0093,No,Open
VUL08666,CVE-2019-21268,Insecure Deserialization,Low,1.2,ENG-FW-0061,No,Open
VUL08667,CVE-2023-95931,Remote Code Execution,Critical,9.6,OPS-IOT-0089,Yes,In Progress
VUL08668,CVE-2016-89755,Missing Security Patch,Low,1.7,IT-MOB-0023,No,In Progress
VUL08669,CVE-2019-32595,Remote Code Execution,Medium,6.1,ENG-IOT-0011,Yes,Closed
VUL08670,CVE-2024-2456,Cross-Site Scripting (XSS),Low,3.1,ENG-PC-0067,Yes,In Progress
VUL08671,CVE-2024-29257,Sensitive Data Exposure,Critical,9.3,OPS-FW-0032,Yes,In Progress
VUL08672,CVE-2018-79351,Denial of Service,Medium,6.2,SAL-SW-0039,Yes,Closed
VUL08673,CVE-2020-17331,Insecure Direct Object Reference,High,8.1,FIN-PC-0066,Yes,Closed
VUL08674,CVE-2017-24524,Insecure Deserialization,Critical,9.3,OPS-RTR-0053,Yes,Closed
VUL08675,CVE-2021-81471,Broken Authentication,Medium,6.4,IT-RTR-0064,Yes,Patched
VUL08676,CVE-2021-46942,Open Redirect,Low,2.2,ENG-RTR-0088,No,Open
VUL08677,CVE-2026-35830,Missing Security Patch,Medium,4.2,OPS-DB-0054,Yes,Closed
VUL08678,CVE-2024-82759,Open Redirect,High,8.7,SAL-SRV-0030,Yes,Closed
VUL08679,CVE-2015-4339,Missing Security Patch,High,7.4,LEG-IOT-0012,No,Open
VUL08680,CVE-2018-30095,XML External Entity (XXE),Medium,4.8,IT-PC-0071,Yes,Patched
VUL08681,CVE-2020-93191,Broken Authentication,Low,3.4,ENG-SW-0063,No,Won't Fix
VUL08682,CVE-2021-83420,Privilege Escalation,Medium,5.2,MKT-PC-0024,Yes,In Progress
VUL08683,CVE-2018-29913,Server-Side Request Forgery (SSRF),Critical,9.2,HR-MOB-0087,Yes,Closed
VUL08684,CVE-2018-68909,Open Redirect,Medium,5.4,FIN-SW-0130,Yes,Closed
VUL08685,CVE-2025-29294,Sensitive Data Exposure,Critical,10.0,OPS-MOB-0042,No,Won't Fix
VUL08686,CVE-2016-65568,Broken Authentication,High,7.2,OPS-PC-0029,No,Open
VUL08687,CVE-2023-3013,SQL Injection,Medium,5.7,IT-FW-0082,Yes,Closed
VUL08688,CVE-2026-68846,Sensitive Data Exposure,Medium,5.6,SAL-FW-0120,Yes,Closed
VUL08689,CVE-2022-70081,Insecure Direct Object Reference,Medium,4.2,FIN-LAP-0094,Yes,Closed
VUL08690,CVE-2023-58646,Security Misconfiguration,High,8.0,ENG-IOT-0038,Yes,Closed
VUL08691,CVE-2026-60180,Outdated SSL/TLS Configuration,Critical,9.6,FIN-IOT-0062,No,Won't Fix
VUL08692,CVE-2026-63277,Path Traversal,Medium,5.0,ENG-PRT-0021,Yes,In Progress
VUL08693,CVE-2017-74677,Sensitive Data Exposure,Critical,9.2,LEG-PC-0089,Yes,Closed
VUL08694,CVE-2023-90654,Command Injection,Medium,6.6,MKT-DB-0079,Yes,Closed
VUL08695,CVE-2024-99408,Missing Security Patch,Low,2.0,SAL-LAP-0041,Yes,In Progress
VUL08696,CVE-2026-83191,Remote Code Execution,High,8.5,ENG-PRT-0032,No,In Progress
VUL08697,CVE-2025-47980,Remote Code Execution,Low,1.8,SAL-SW-0064,No,Open
VUL08698,CVE-2015-14452,Server-Side Request Forgery (SSRF),Medium,4.7,HR-PC-0106,No,In Progress
VUL08699,CVE-2021-36074,Broken Authentication,Medium,6.4,IT-FW-0071,Yes,Closed
VUL08700,CVE-2023-67628,Cross-Site Scripting (XSS),High,8.1,HR-MOB-0072,No,Open
VUL08701,CVE-2021-62407,Insecure Direct Object Reference,Medium,4.1,FIN-PRT-0031,Yes,Patched
VUL08702,CVE-2024-78573,Buffer Overflow,Low,3.8,LEG-SW-0014,Yes,In Progress
VUL08703,CVE-2018-87983,Open Redirect,Low,1.3,IT-MOB-0096,No,In Progress
VUL08704,CVE-2018-11892,Cross-Site Scripting (XSS),High,7.3,OPS-RTR-0001,Yes,Patched
VUL08705,CVE-2016-46769,Missing Security Patch,High,8.0,MKT-PRT-0094,Yes,Closed
VUL08706,CVE-2023-6788,Unpatched Software,Medium,5.2,LEG-PRT-0041,Yes,Patched
VUL08707,CVE-2017-50746,Unpatched Software,Medium,4.7,OPS-LAP-0078,Yes,In Progress
VUL08708,CVE-2026-47835,Outdated SSL/TLS Configuration,High,7.7,OPS-PRT-0117,Yes,Closed
VUL08709,CVE-2025-97210,Denial of Service,Critical,9.4,IT-LAP-0073,Yes,In Progress
VUL08710,CVE-2023-25056,Weak Password Policy,High,7.5,FIN-RTR-0085,No,Won't Fix
VUL08711,CVE-2023-73113,Weak Password Policy,High,7.2,HR-PC-0039,No,Open
VUL08712,CVE-2020-51385,XML External Entity (XXE),Critical,9.9,IT-FW-0012,No,Open
VUL08713,CVE-2020-63655,Buffer Overflow,Critical,9.8,IT-IOT-0072,No,Open
VUL08714,CVE-2026-28764,Missing Security Patch,Low,0.7,ENG-LAP-0044,Yes,In Progress
VUL08715,CVE-2025-46552,Sensitive Data Exposure,High,7.7,SAL-SRV-0062,Yes,Patched
VUL08716,CVE-2020-83749,Missing Security Patch,High,7.1,OPS-MOB-0126,Yes,In Progress
VUL08717,CVE-2016-36663,Buffer Overflow,High,8.5,MKT-PC-0050,Yes,Patched
VUL08718,CVE-2021-36694,Weak Password Policy,Medium,4.3,ENG-PRT-0048,No,Open
VUL08719,CVE-2025-3010,Outdated SSL/TLS Configuration,Low,0.8,MKT-PRT-0042,No,Open
VUL08720,CVE-2021-53323,Security Misconfiguration,Medium,5.0,FIN-PRT-0062,No,Open
VUL08721,CVE-2015-91245,Privilege Escalation,Low,0.7,MKT-FW-0105,No,Won't Fix
VUL08722,CVE-2021-39177,Insecure Direct Object Reference,Medium,6.9,OPS-DB-0066,Yes,In Progress
VUL08723,CVE-2021-64412,SQL Injection,Medium,5.6,HR-PRT-0046,No,Won't Fix
VUL08724,CVE-2016-98305,Command Injection,Critical,9.3,MKT-SRV-0049,Yes,Closed
VUL08725,CVE-2026-86214,Weak Password Policy,High,8.9,OPS-SRV-0019,Yes,In Progress
VUL08726,CVE-2026-92240,Path Traversal,High,7.6,MKT-PC-0052,Yes,Closed
VUL08727,CVE-2018-24573,Buffer Overflow,Critical,9.2,LEG-SRV-0070,No,In Progress
VUL08728,CVE-2023-76546,Missing Security Patch,Medium,6.0,OPS-LAP-0094,Yes,Patched
VUL08729,CVE-2022-27104,Buffer Overflow,Critical,9.1,SAL-FW-0124,Yes,In Progress
VUL08730,CVE-2026-22746,Security Misconfiguration,High,7.7,SAL-PC-0021,Yes,Patched
VUL08731,CVE-2019-82646,Insecure Direct Object Reference,High,7.9,LEG-DB-0052,Yes,Patched
VUL08732,CVE-2022-37324,Cross-Site Scripting (XSS),Medium,5.5,OPS-MOB-0056,No,Won't Fix
VUL08733,CVE-2018-90853,Insecure Deserialization,High,8.8,OPS-PC-0086,No,Open
VUL08734,CVE-2021-32487,Unpatched Software,Low,3.6,ENG-SRV-0006,No,Won't Fix
VUL08735,CVE-2016-27341,Open Redirect,High,7.8,HR-LAP-0111,No,In Progress
VUL08736,CVE-2023-21498,Server-Side Request Forgery (SSRF),Critical,9.8,FIN-SW-0066,Yes,In Progress
VUL08737,CVE-2020-91541,Missing Security Patch,Low,2.4,IT-IOT-0037,No,Open
VUL08738,CVE-2022-90677,Sensitive Data Exposure,High,7.9,LEG-IOT-0006,Yes,Closed
VUL08739,CVE-2015-10824,SQL Injection,Low,2.0,HR-RTR-0059,No,Open
VUL08740,CVE-2016-58630,Security Misconfiguration,Medium,6.9,OPS-FW-0076,Yes,In Progress
VUL08741,CVE-2022-42056,Security Misconfiguration,Medium,5.3,OPS-DB-0076,Yes,Patched
VUL08742,CVE-2021-98377,Command Injection,High,7.7,FIN-DB-0010,No,In Progress
VUL08743,CVE-2023-79881,SQL Injection,Medium,4.7,ENG-SRV-0003,Yes,Patched
VUL08744,CVE-2022-14101,Broken Authentication,Critical,9.0,ENG-DB-0057,Yes,Closed
VUL08745,CVE-2021-48484,Remote Code Execution,Medium,6.0,MKT-PC-0013,Yes,Patched
VUL08746,CVE-2017-40386,Buffer Overflow,Low,3.4,OPS-LAP-0079,Yes,Patched
VUL08747,CVE-2018-82908,Remote Code Execution,Low,2.5,SAL-DB-0052,Yes,In Progress
VUL08748,CVE-2016-9498,Open Redirect,Critical,9.1,MKT-IOT-0021,Yes,In Progress
VUL08749,CVE-2022-86298,Insecure Deserialization,High,7.7,IT-IOT-0057,Yes,Patched
VUL08750,CVE-2018-29819,Insecure Deserialization,High,7.4,MKT-RTR-0099,Yes,Patched
VUL08751,CVE-2022-43793,Insecure Deserialization,Critical,9.9,OPS-IOT-0086,Yes,Closed
VUL08752,CVE-2022-86294,Server-Side Request Forgery (SSRF),Medium,4.7,MKT-RTR-0119,Yes,Closed
VUL08753,CVE-2020-29637,Insecure Direct Object Reference,Medium,6.7,ENG-IOT-0057,No,Won't Fix
VUL08754,CVE-2019-20935,Sensitive Data Exposure,High,8.2,OPS-LAP-0040,Yes,Closed
VUL08755,CVE-2016-68481,Open Redirect,Low,0.5,MKT-DB-0100,Yes,Closed
VUL08756,CVE-2017-6732,Security Misconfiguration,High,8.6,IT-IOT-0080,Yes,Closed
VUL08757,CVE-2017-55343,Path Traversal,Critical,9.0,MKT-MOB-0090,Yes,Patched
VUL08758,CVE-2026-51389,Outdated SSL/TLS Configuration,Medium,5.3,OPS-SRV-0015,No,In Progress
VUL08759,CVE-2020-74252,Insecure Direct Object Reference,Medium,6.7,IT-IOT-0035,No,Won't Fix
VUL08760,CVE-2019-79824,Remote Code Execution,Medium,4.6,IT-IOT-0013,Yes,Patched
VUL08761,CVE-2025-63420,Security Misconfiguration,High,8.8,MKT-SW-0097,No,In Progress
VUL08762,CVE-2019-6862,Unpatched Software,Low,0.7,OPS-SW-0063,Yes,Patched
VUL08763,CVE-2015-69087,SQL Injection,High,7.3,OPS-LAP-0067,Yes,In Progress
VUL08764,CVE-2026-18294,Broken Authentication,Medium,5.1,IT-FW-0104,No,Won't Fix
VUL08765,CVE-2019-65535,Remote Code Execution,Low,3.0,IT-MOB-0077,Yes,Closed
VUL08766,CVE-2020-95709,Sensitive Data Exposure,Critical,9.6,MKT-MOB-0011,Yes,In Progress
VUL08767,CVE-2019-65057,Buffer Overflow,Medium,5.9,HR-LAP-0131,No,Won't Fix
VUL08768,CVE-2016-78921,Unpatched Software,Medium,4.4,FIN-DB-0076,No,In Progress
VUL08769,CVE-2021-72414,Open Redirect,High,7.9,ENG-LAP-0073,Yes,Closed
VUL08770,CVE-2021-49279,Buffer Overflow,High,7.1,ENG-RTR-0112,Yes,Patched
VUL08771,CVE-2022-1826,Outdated SSL/TLS Configuration,Critical,9.6,OPS-IOT-0004,No,In Progress
VUL08772,CVE-2026-48412,Buffer Overflow,Medium,6.1,HR-FW-0012,No,Open
VUL08773,CVE-2017-84778,Unpatched Software,High,7.0,LEG-SRV-0052,No,Won't Fix
VUL08774,CVE-2020-72580,Cross-Site Scripting (XSS),Low,0.8,MKT-SW-0074,Yes,Closed
VUL08775,CVE-2016-54466,Buffer Overflow,Low,1.0,LEG-PC-0030,Yes,Closed
VUL08776,CVE-2023-80217,Cross-Site Scripting (XSS),Low,0.4,LEG-PC-0105,Yes,Closed
VUL08777,CVE-2026-59909,Cross-Site Scripting (XSS),Medium,5.2,ENG-PC-0031,Yes,Closed
VUL08778,CVE-2025-52768,XML External Entity (XXE),High,8.7,FIN-LAP-0048,No,Won't Fix
VUL08779,CVE-2016-87055,Path Traversal,High,8.3,HR-SRV-0024,Yes,Closed
VUL08780,CVE-2021-18251,Open Redirect,Low,1.9,ENG-MOB-0035,Yes,Closed
VUL08781,CVE-2022-22947,XML External Entity (XXE),Medium,4.0,MKT-DB-0070,Yes,Closed
VUL08782,CVE-2023-28702,Denial of Service,High,7.4,OPS-MOB-0010,Yes,In Progress
VUL08783,CVE-2015-8445,Weak Password Policy,High,7.1,HR-LAP-0017,Yes,In Progress
VUL08784,CVE-2020-21500,Privilege Escalation,Medium,5.7,ENG-DB-0070,No,Won't Fix
VUL08785,CVE-2024-76122,Security Misconfiguration,High,7.7,HR-LAP-0078,Yes,Closed
VUL08786,CVE-2020-65584,Insecure Direct Object Reference,Medium,4.7,IT-DB-0106,Yes,Patched
VUL08787,CVE-2022-54638,Remote Code Execution,Low,0.5,IT-FW-0091,Yes,Patched
VUL08788,CVE-2016-54701,SQL Injection,Medium,5.0,HR-MOB-0085,No,Open
VUL08789,CVE-2018-82602,Security Misconfiguration,Critical,9.9,IT-RTR-0103,Yes,Patched
VUL08790,CVE-2018-27540,Missing Security Patch,High,7.3,OPS-FW-0115,No,Open
VUL08791,CVE-2016-36809,Cross-Site Scripting (XSS),Low,2.6,IT-RTR-0122,Yes,In Progress
VUL08792,CVE-2023-68453,Open Redirect,Low,1.8,FIN-FW-0016,Yes,In Progress
VUL08793,CVE-2025-53422,Open Redirect,Low,2.5,OPS-SRV-0066,No,Won't Fix
VUL08794,CVE-2016-91431,Outdated SSL/TLS Configuration,Low,3.3,ENG-RTR-0053,Yes,In Progress
VUL08795,CVE-2024-8775,Command Injection,Low,1.5,FIN-FW-0021,Yes,Closed
VUL08796,CVE-2023-73823,Missing Security Patch,Low,1.6,SAL-LAP-0076,Yes,Closed
VUL08797,CVE-2023-9558,Broken Authentication,Critical,9.3,HR-SRV-0042,No,Won't Fix
VUL08798,CVE-2023-97494,Broken Authentication,Low,3.5,MKT-RTR-0037,No,In Progress
VUL08799,CVE-2024-7062,Insecure Direct Object Reference,Critical,9.8,IT-IOT-0004,Yes,Patched
VUL08800,CVE-2018-69616,Open Redirect,Medium,4.7,ENG-SW-0009,Yes,Patched
VUL08801,CVE-2023-53208,Weak Password Policy,Medium,6.7,OPS-SRV-0034,Yes,In Progress
VUL08802,CVE-2016-62568,Privilege Escalation,Low,2.7,MKT-SRV-0013,No,In Progress
VUL08803,CVE-2024-94154,Insecure Direct Object Reference,Low,0.3,FIN-FW-0002,Yes,Closed
VUL08804,CVE-2018-65955,Denial of Service,Low,1.9,MKT-IOT-0049,No,Open
VUL08805,CVE-2016-21546,Open Redirect,High,7.0,LEG-LAP-0067,No,Won't Fix
VUL08806,CVE-2016-99112,Weak Password Policy,High,8.9,FIN-FW-0037,No,Won't Fix
VUL08807,CVE-2020-69682,Weak Password Policy,High,7.7,SAL-SRV-0051,Yes,Patched
VUL08808,CVE-2018-31639,Weak Password Policy,High,8.7,HR-MOB-0062,Yes,Closed
VUL08809,CVE-2016-8100,Security Misconfiguration,High,7.1,OPS-RTR-0040,Yes,In Progress
VUL08810,CVE-2026-57300,Open Redirect,Critical,9.2,MKT-LAP-0009,No,Open
VUL08811,CVE-2020-6875,Open Redirect,Medium,6.8,HR-PRT-0080,No,Open
VUL08812,CVE-2022-74830,Denial of Service,Low,2.7,OPS-IOT-0044,Yes,Closed
VUL08813,CVE-2017-22268,Unpatched Software,Low,0.7,OPS-RTR-0041,No,In Progress
VUL08814,CVE-2015-74310,Outdated SSL/TLS Configuration,Critical,9.9,FIN-PC-0086,Yes,In Progress
VUL08815,CVE-2022-41517,Broken Authentication,High,7.0,IT-FW-0079,Yes,Closed
VUL08816,CVE-2020-40940,Weak Password Policy,Low,0.1,MKT-PRT-0076,Yes,Closed
VUL08817,CVE-2024-30500,Insecure Direct Object Reference,High,8.8,LEG-FW-0050,Yes,Closed
VUL08818,CVE-2018-23165,Open Redirect,Low,0.7,HR-SRV-0101,No,In Progress
VUL08819,CVE-2022-27683,Insecure Deserialization,Medium,6.2,SAL-SRV-0082,Yes,Patched
VUL08820,CVE-2021-19036,Privilege Escalation,Medium,5.9,ENG-PC-0119,Yes,Closed
VUL08821,CVE-2019-64079,Broken Authentication,Low,3.7,IT-RTR-0033,No,Won't Fix
VUL08822,CVE-2024-70661,Sensitive Data Exposure,Medium,5.3,IT-FW-0095,Yes,Closed
VUL08823,CVE-2020-66238,Outdated SSL/TLS Configuration,Low,0.5,FIN-PRT-0078,No,Open
VUL08824,CVE-2019-54068,Security Misconfiguration,Critical,9.6,FIN-FW-0083,Yes,In Progress
VUL08825,CVE-2018-32688,Broken Authentication,High,7.2,FIN-FW-0099,No,In Progress
VUL08826,CVE-2016-20844,Open Redirect,Medium,5.1,SAL-PRT-0083,Yes,In Progress
VUL08827,CVE-2020-93712,Buffer Overflow,High,7.9,OPS-SW-0036,Yes,Closed
VUL08828,CVE-2020-5588,SQL Injection,Medium,4.0,SAL-LAP-0031,No,Open
VUL08829,CVE-2019-67545,Command Injection,High,8.2,MKT-RTR-0080,Yes,Patched
VUL08830,CVE-2026-78358,Command Injection,Critical,9.2,OPS-FW-0046,Yes,Patched
VUL08831,CVE-2025-16168,Insecure Deserialization,High,7.3,FIN-DB-0092,Yes,In Progress
VUL08832,CVE-2025-84192,Path Traversal,Low,2.1,ENG-FW-0057,Yes,In Progress
VUL08833,CVE-2021-86635,Open Redirect,Critical,9.4,OPS-LAP-0112,Yes,Closed
VUL08834,CVE-2025-48507,Missing Security Patch,Medium,6.3,ENG-FW-0023,No,Won't Fix
VUL08835,CVE-2015-89896,Outdated SSL/TLS Configuration,Medium,4.6,OPS-IOT-0033,Yes,Patched
VUL08836,CVE-2018-7102,Unpatched Software,Low,3.1,IT-SRV-0050,No,Open
VUL08837,CVE-2019-48713,Missing Security Patch,Medium,4.1,LEG-PRT-0033,Yes,In Progress
VUL08838,CVE-2024-29747,Buffer Overflow,High,8.3,FIN-IOT-0031,No,Won't Fix
VUL08839,CVE-2016-20435,Outdated SSL/TLS Configuration,High,7.8,LEG-FW-0051,Yes,Patched
VUL08840,CVE-2020-73905,Open Redirect,Medium,5.4,ENG-FW-0095,Yes,Patched
VUL08841,CVE-2017-25625,Open Redirect,Low,1.8,HR-DB-0086,Yes,In Progress
VUL08842,CVE-2025-74805,Security Misconfiguration,Critical,9.3,MKT-DB-0066,Yes,In Progress
VUL08843,CVE-2024-18776,XML External Entity (XXE),Medium,5.9,HR-SW-0092,No,Open
VUL08844,CVE-2015-56589,Command Injection,High,8.1,OPS-IOT-0074,Yes,Closed
VUL08845,CVE-2020-30295,Path Traversal,Medium,6.8,LEG-RTR-0107,No,Won't Fix
VUL08846,CVE-2015-81143,Open Redirect,Medium,5.5,SAL-PC-0002,Yes,Closed
VUL08847,CVE-2018-73985,Command Injection,Critical,9.4,ENG-SW-0084,Yes,Closed
VUL08848,CVE-2021-32781,Open Redirect,Low,3.3,LEG-SRV-0059,Yes,Patched
VUL08849,CVE-2025-5784,Server-Side Request Forgery (SSRF),Low,2.6,LEG-RTR-0060,Yes,Closed
VUL08850,CVE-2024-59916,Open Redirect,Low,3.0,SAL-RTR-0090,Yes,Closed
VUL08851,CVE-2025-45949,SQL Injection,Medium,4.7,IT-PRT-0029,No,Won't Fix
VUL08852,CVE-2023-50229,Denial of Service,High,8.4,IT-SW-0070,No,In Progress
VUL08853,CVE-2020-23742,SQL Injection,Low,3.4,IT-IOT-0050,Yes,Patched
VUL08854,CVE-2024-26441,Path Traversal,Low,1.6,HR-SW-0122,No,Won't Fix
VUL08855,CVE-2020-93386,Command Injection,Low,0.9,FIN-DB-0058,Yes,In Progress
VUL08856,CVE-2020-28402,Remote Code Execution,Low,3.6,OPS-SRV-0035,Yes,In Progress
VUL08857,CVE-2021-43885,Outdated SSL/TLS Configuration,Critical,9.0,HR-RTR-0072,Yes,In Progress
VUL08858,CVE-2024-97322,Buffer Overflow,Critical,9.6,HR-DB-0048,Yes,In Progress
VUL08859,CVE-2019-25906,Buffer Overflow,Medium,6.8,FIN-IOT-0037,Yes,Closed
VUL08860,CVE-2023-82198,Unpatched Software,Medium,4.1,MKT-LAP-0037,Yes,Patched
VUL08861,CVE-2020-67958,Server-Side Request Forgery (SSRF),Low,1.7,OPS-LAP-0042,Yes,In Progress
VUL08862,CVE-2019-47436,Privilege Escalation,Medium,4.7,OPS-FW-0095,Yes,Patched
VUL08863,CVE-2025-16076,Cross-Site Scripting (XSS),Medium,4.6,OPS-LAP-0124,Yes,Patched
VUL08864,CVE-2019-1496,Denial of Service,Low,0.7,LEG-IOT-0077,Yes,Closed
VUL08865,CVE-2020-94782,Outdated SSL/TLS Configuration,Medium,4.5,OPS-PC-0021,Yes,Patched
VUL08866,CVE-2025-41887,Open Redirect,Medium,5.9,FIN-MOB-0043,Yes,In Progress
VUL08867,CVE-2021-45860,Open Redirect,Medium,6.6,FIN-DB-0038,No,Won't Fix
VUL08868,CVE-2018-85331,SQL Injection,Low,0.2,SAL-MOB-0149,Yes,Closed
VUL08869,CVE-2022-99138,Open Redirect,Low,0.7,IT-RTR-0068,No,Won't Fix
VUL08870,CVE-2023-95151,Cross-Site Scripting (XSS),Low,2.3,IT-LAP-0021,No,Won't Fix
VUL08871,CVE-2019-93108,Weak Password Policy,Low,1.6,FIN-MOB-0091,No,Open
VUL08872,CVE-2022-84319,Remote Code Execution,Medium,6.5,IT-RTR-0001,Yes,Closed
VUL08873,CVE-2021-19545,Outdated SSL/TLS Configuration,Low,3.9,IT-RTR-0087,Yes,In Progress
VUL08874,CVE-2022-40202,Open Redirect,Medium,4.7,IT-MOB-0055,Yes,Closed
VUL08875,CVE-2019-24952,Privilege Escalation,High,8.5,LEG-SRV-0030,No,Won't Fix
VUL08876,CVE-2022-7556,Denial of Service,Low,3.3,FIN-FW-0008,No,Won't Fix
VUL08877,CVE-2019-46601,Insecure Direct Object Reference,High,8.4,LEG-IOT-0033,Yes,In Progress
VUL08878,CVE-2024-75699,Sensitive Data Exposure,Medium,4.7,LEG-FW-0061,Yes,Closed
VUL08879,CVE-2016-21139,Missing Security Patch,Medium,6.3,FIN-SRV-0036,No,Won't Fix
VUL08880,CVE-2023-22943,Missing Security Patch,Medium,5.2,ENG-SW-0065,Yes,Closed
VUL08881,CVE-2023-89960,Outdated SSL/TLS Configuration,Low,3.8,FIN-FW-0061,No,In Progress
VUL08882,CVE-2016-95296,Insecure Direct Object Reference,Critical,9.7,OPS-SRV-0047,Yes,In Progress
VUL08883,CVE-2017-38163,Missing Security Patch,High,7.7,ENG-SRV-0065,No,In Progress
VUL08884,CVE-2016-59028,Command Injection,Medium,4.1,ENG-SRV-0125,Yes,Closed
VUL08885,CVE-2018-90120,Insecure Deserialization,Medium,6.5,OPS-RTR-0009,Yes,Closed
VUL08886,CVE-2021-63177,Security Misconfiguration,Low,0.2,IT-DB-0037,Yes,In Progress
VUL08887,CVE-2015-1148,Insecure Deserialization,Low,0.7,IT-SW-0087,No,In Progress
VUL08888,CVE-2025-60810,XML External Entity (XXE),Low,2.9,SAL-IOT-0089,Yes,Patched
VUL08889,CVE-2018-13523,XML External Entity (XXE),Medium,6.7,OPS-DB-0030,No,Open
VUL08890,CVE-2018-27137,Insecure Direct Object Reference,Medium,4.1,FIN-MOB-0049,No,In Progress
VUL08891,CVE-2021-1257,Denial of Service,High,8.7,LEG-SW-0051,No,Won't Fix
VUL08892,CVE-2022-85734,Path Traversal,Low,0.4,LEG-SW-0038,Yes,Patched
VUL08893,CVE-2022-72381,Weak Password Policy,Critical,9.1,LEG-DB-0059,Yes,Closed
VUL08894,CVE-2016-75398,Broken Authentication,Critical,9.3,MKT-SW-0040,Yes,Patched
VUL08895,CVE-2020-76886,Open Redirect,Medium,5.3,OPS-PC-0029,Yes,In Progress
VUL08896,CVE-2024-58945,Unpatched Software,High,7.3,IT-RTR-0033,No,Won't Fix
VUL08897,CVE-2025-32532,Unpatched Software,High,8.0,LEG-RTR-0029,Yes,Patched
VUL08898,CVE-2023-74311,Sensitive Data Exposure,Medium,5.3,SAL-SRV-0098,Yes,Closed
VUL08899,CVE-2019-97191,Command Injection,Low,1.1,ENG-FW-0132,No,Open
VUL08900,CVE-2025-4546,Sensitive Data Exposure,Medium,4.5,ENG-MOB-0117,Yes,Patched
VUL08901,CVE-2015-76882,Insecure Direct Object Reference,Medium,5.2,FIN-LAP-0070,No,In Progress
VUL08902,CVE-2021-27340,Path Traversal,High,7.5,LEG-RTR-0105,Yes,Patched
VUL08903,CVE-2025-81753,Unpatched Software,Low,0.9,LEG-LAP-0105,Yes,Patched
VUL08904,CVE-2018-47851,Command Injection,Medium,5.6,HR-PC-0009,No,In Progress
VUL08905,CVE-2018-48268,Open Redirect,Critical,9.7,FIN-IOT-0077,Yes,In Progress
VUL08906,CVE-2018-79171,Security Misconfiguration,High,7.3,HR-RTR-0101,Yes,Closed
VUL08907,CVE-2020-16471,Outdated SSL/TLS Configuration,Medium,6.5,MKT-DB-0009,Yes,In Progress
VUL08908,CVE-2016-16805,Denial of Service,High,7.4,SAL-MOB-0100,Yes,In Progress
VUL08909,CVE-2017-15490,XML External Entity (XXE),High,7.2,ENG-SRV-0016,No,Open
VUL08910,CVE-2019-96612,Server-Side Request Forgery (SSRF),Low,2.9,SAL-PC-0027,Yes,In Progress
VUL08911,CVE-2020-73533,XML External Entity (XXE),Critical,9.2,SAL-SRV-0052,Yes,Closed
VUL08912,CVE-2021-79748,Insecure Direct Object Reference,Low,2.9,ENG-LAP-0012,Yes,Closed
VUL08913,CVE-2025-52445,Command Injection,High,8.8,FIN-MOB-0088,Yes,In Progress
VUL08914,CVE-2021-59889,Buffer Overflow,Medium,5.2,IT-SRV-0102,No,In Progress
VUL08915,CVE-2015-44847,Path Traversal,Critical,9.8,SAL-SW-0108,Yes,In Progress
VUL08916,CVE-2015-31240,Sensitive Data Exposure,Low,3.4,ENG-PRT-0124,Yes,Closed
VUL08917,CVE-2016-33012,Privilege Escalation,Medium,5.0,LEG-SW-0081,Yes,Closed
VUL08918,CVE-2017-43732,Server-Side Request Forgery (SSRF),Medium,6.3,SAL-SRV-0076,Yes,Patched
VUL08919,CVE-2024-98070,XML External Entity (XXE),Low,1.7,OPS-DB-0007,Yes,Patched
VUL08920,CVE-2017-83298,Remote Code Execution,Low,2.3,OPS-FW-0098,Yes,In Progress
VUL08921,CVE-2020-71161,Denial of Service,Medium,5.1,LEG-MOB-0037,Yes,Closed
VUL08922,CVE-2017-83536,SQL Injection,Medium,5.3,OPS-PC-0090,Yes,Closed
VUL08923,CVE-2018-24111,Broken Authentication,Low,1.7,LEG-LAP-0086,No,Won't Fix
VUL08924,CVE-2018-48364,Insecure Direct Object Reference,Medium,4.7,SAL-FW-0121,Yes,Closed
VUL08925,CVE-2019-20264,SQL Injection,Low,0.3,LEG-PC-0046,Yes,Patched
VUL08926,CVE-2015-69660,Path Traversal,High,8.2,IT-PRT-0066,Yes,Closed
VUL08927,CVE-2016-95676,Server-Side Request Forgery (SSRF),Low,2.4,SAL-SRV-0016,No,Won't Fix
VUL08928,CVE-2018-25306,Broken Authentication,Critical,9.2,ENG-DB-0037,No,Won't Fix
VUL08929,CVE-2017-38375,Broken Authentication,High,8.5,HR-FW-0083,Yes,Closed
VUL08930,CVE-2023-39669,Command Injection,High,8.6,FIN-PC-0105,No,In Progress
VUL08931,CVE-2016-66916,Insecure Deserialization,Medium,6.6,IT-SRV-0082,No,In Progress
VUL08932,CVE-2021-58185,Open Redirect,Medium,4.7,LEG-MOB-0018,Yes,Patched
VUL08933,CVE-2026-54643,Sensitive Data Exposure,Medium,5.7,SAL-DB-0003,No,Won't Fix
VUL08934,CVE-2018-53445,Command Injection,Medium,6.2,ENG-IOT-0105,No,In Progress
VUL08935,CVE-2022-12294,Insecure Direct Object Reference,Medium,4.6,ENG-MOB-0026,Yes,Closed
VUL08936,CVE-2015-26716,Insecure Direct Object Reference,Low,1.4,FIN-PRT-0032,Yes,Patched
VUL08937,CVE-2016-94528,Path Traversal,Medium,5.0,FIN-SRV-0060,Yes,Patched
VUL08938,CVE-2018-25456,Remote Code Execution,Low,1.3,ENG-SW-0050,No,In Progress
VUL08939,CVE-2023-27474,Broken Authentication,High,8.4,IT-PRT-0028,No,In Progress
VUL08940,CVE-2016-54070,Insecure Direct Object Reference,High,8.4,SAL-PRT-0133,Yes,In Progress
VUL08941,CVE-2019-79438,Sensitive Data Exposure,High,8.2,SAL-FW-0058,Yes,Patched
VUL08942,CVE-2024-59297,Insecure Direct Object Reference,Medium,6.5,MKT-FW-0051,Yes,Closed
VUL08943,CVE-2016-74141,Weak Password Policy,Medium,5.8,LEG-PC-0019,Yes,Closed
VUL08944,CVE-2022-58377,Open Redirect,Medium,5.4,LEG-IOT-0068,Yes,Patched
VUL08945,CVE-2024-66803,Missing Security Patch,High,8.1,ENG-LAP-0067,No,In Progress
VUL08946,CVE-2026-94595,Sensitive Data Exposure,High,7.9,MKT-PC-0075,No,Won't Fix
VUL08947,CVE-2022-45094,Command Injection,Low,2.4,IT-MOB-0015,No,Open
VUL08948,CVE-2018-42508,Security Misconfiguration,Low,1.9,FIN-RTR-0001,Yes,Patched
VUL08949,CVE-2026-29272,Remote Code Execution,Medium,4.1,OPS-MOB-0075,Yes,Patched
VUL08950,CVE-2024-90780,Weak Password Policy,High,8.6,SAL-RTR-0078,No,Won't Fix
VUL08951,CVE-2025-67660,XML External Entity (XXE),High,7.0,MKT-FW-0025,Yes,Patched
VUL08952,CVE-2016-17788,Privilege Escalation,Medium,5.1,HR-PC-0043,No,Open
VUL08953,CVE-2017-45701,Missing Security Patch,High,8.6,OPS-LAP-0031,No,In Progress
VUL08954,CVE-2017-12992,Denial of Service,High,7.6,FIN-PC-0106,No,Open
VUL08955,CVE-2022-73148,Insecure Direct Object Reference,Medium,6.6,ENG-SRV-0040,Yes,Patched
VUL08956,CVE-2021-23811,XML External Entity (XXE),Low,3.3,SAL-SW-0079,Yes,Closed
VUL08957,CVE-2022-18187,Unpatched Software,Low,2.0,IT-SW-0051,Yes,Patched
VUL08958,CVE-2024-21645,Open Redirect,Medium,4.7,OPS-PC-0137,Yes,Closed
VUL08959,CVE-2025-64849,Insecure Direct Object Reference,Medium,5.1,IT-PRT-0104,Yes,In Progress
VUL08960,CVE-2019-84904,Path Traversal,Medium,6.2,ENG-PC-0048,Yes,Patched
VUL08961,CVE-2015-74179,Buffer Overflow,Critical,9.6,MKT-MOB-0016,Yes,Patched
VUL08962,CVE-2021-66371,Denial of Service,Medium,6.1,SAL-LAP-0109,Yes,In Progress
VUL08963,CVE-2017-64484,Denial of Service,Medium,5.2,ENG-MOB-0011,No,Open
VUL08964,CVE-2016-65569,Privilege Escalation,Low,2.7,HR-PC-0008,Yes,In Progress
VUL08965,CVE-2021-9265,Security Misconfiguration,High,8.2,LEG-SW-0093,No,Won't Fix
VUL08966,CVE-2021-90588,Server-Side Request Forgery (SSRF),Medium,4.6,OPS-LAP-0003,No,In Progress
VUL08967,CVE-2026-27022,Security Misconfiguration,Medium,4.2,LEG-LAP-0112,Yes,Closed
VUL08968,CVE-2024-21205,Privilege Escalation,Low,2.9,ENG-PC-0060,No,Won't Fix
VUL08969,CVE-2018-41925,Cross-Site Scripting (XSS),High,7.6,ENG-DB-0085,No,In Progress
VUL08970,CVE-2020-46087,Weak Password Policy,Medium,5.2,FIN-PC-0087,Yes,In Progress
VUL08971,CVE-2025-44948,Outdated SSL/TLS Configuration,High,8.2,MKT-DB-0109,Yes,In Progress
VUL08972,CVE-2023-72000,Buffer Overflow,Medium,6.3,MKT-PC-0110,Yes,Closed
VUL08973,CVE-2016-23455,Path Traversal,Medium,6.6,FIN-SRV-0033,Yes,Closed
VUL08974,CVE-2026-42039,XML External Entity (XXE),Low,2.2,MKT-MOB-0109,Yes,Closed
VUL08975,CVE-2025-18798,Remote Code Execution,Low,1.8,MKT-LAP-0061,Yes,Patched
VUL08976,CVE-2015-58378,SQL Injection,Low,1.5,ENG-LAP-0010,Yes,Closed
VUL08977,CVE-2017-56127,Weak Password Policy,Medium,4.3,SAL-RTR-0023,Yes,Patched
VUL08978,CVE-2016-31440,XML External Entity (XXE),Medium,6.5,LEG-PC-0088,Yes,Closed
VUL08979,CVE-2020-79887,Weak Password Policy,Critical,9.7,MKT-DB-0115,Yes,In Progress
VUL08980,CVE-2019-93410,Privilege Escalation,Medium,4.7,SAL-RTR-0115,Yes,Patched
VUL08981,CVE-2023-85041,Insecure Direct Object Reference,Medium,5.6,ENG-FW-0133,Yes,Closed
VUL08982,CVE-2019-89182,Weak Password Policy,Low,0.9,ENG-DB-0039,Yes,In Progress
VUL08983,CVE-2023-31469,Cross-Site Scripting (XSS),Medium,6.2,MKT-SW-0083,Yes,Patched
VUL08984,CVE-2020-34043,Privilege Escalation,Low,1.1,IT-FW-0086,Yes,Closed
VUL08985,CVE-2019-73889,Command Injection,High,8.3,LEG-LAP-0084,Yes,Patched
VUL08986,CVE-2016-56706,Path Traversal,Critical,9.7,OPS-LAP-0106,Yes,Patched
VUL08987,CVE-2016-64627,Insecure Deserialization,High,7.3,OPS-RTR-0057,Yes,Patched
VUL08988,CVE-2024-9550,XML External Entity (XXE),Medium,6.9,HR-PRT-0041,No,In Progress
VUL08989,CVE-2024-47623,Weak Password Policy,Medium,4.7,IT-RTR-0060,No,In Progress
VUL08990,CVE-2018-64607,Weak Password Policy,Low,2.6,MKT-DB-0032,Yes,In Progress
VUL08991,CVE-2017-50074,Open Redirect,Medium,4.5,ENG-SW-0040,Yes,Closed
VUL08992,CVE-2015-2384,SQL Injection,High,8.4,IT-LAP-0021,No,Won't Fix
VUL08993,CVE-2026-30601,Cross-Site Scripting (XSS),Medium,6.7,SAL-FW-0109,Yes,Closed
VUL08994,CVE-2024-88726,Buffer Overflow,Medium,5.0,FIN-MOB-0082,Yes,Patched
VUL08995,CVE-2022-70584,Denial of Service,Medium,5.7,OPS-PRT-0082,Yes,Patched
VUL08996,CVE-2023-18259,Remote Code Execution,Medium,6.1,HR-PRT-0070,Yes,Closed
VUL08997,CVE-2023-27801,Weak Password Policy,Low,2.4,OPS-PC-0073,No,Won't Fix
VUL08998,CVE-2019-74749,Security Misconfiguration,High,8.1,OPS-FW-0020,Yes,Patched
VUL08999,CVE-2022-16383,Weak Password Policy,Medium,6.5,FIN-SW-0015,No,In Progress
VUL09000,CVE-2022-13418,Unpatched Software,Medium,4.1,LEG-RTR-0117,No,Open
VUL09001,CVE-2015-28773,Command Injection,High,7.7,ENG-LAP-0013,No,Open
VUL09002,CVE-2017-49407,Insecure Direct Object Reference,Low,3.7,IT-IOT-0100,Yes,Patched
VUL09003,CVE-2020-29616,Buffer Overflow,Low,1.2,OPS-LAP-0120,Yes,Patched
VUL09004,CVE-2016-97225,XML External Entity (XXE),Critical,9.5,HR-FW-0126,No,Won't Fix
VUL09005,CVE-2022-88915,Missing Security Patch,Medium,6.6,FIN-SW-0066,Yes,Closed
VUL09006,CVE-2018-35231,Buffer Overflow,High,8.2,OPS-LAP-0027,No,Open
VUL09007,CVE-2019-13702,Weak Password Policy,Medium,5.7,OPS-IOT-0110,Yes,In Progress
VUL09008,CVE-2026-61177,Insecure Deserialization,High,8.8,OPS-MOB-0105,No,Open
VUL09009,CVE-2018-93685,Insecure Deserialization,High,7.2,SAL-SRV-0059,No,In Progress
VUL09010,CVE-2022-44996,Remote Code Execution,Medium,5.1,FIN-SRV-0073,No,Open
VUL09011,CVE-2025-16783,Path Traversal,High,7.7,IT-SW-0067,Yes,In Progress
VUL09012,CVE-2016-23136,Insecure Direct Object Reference,High,7.3,HR-FW-0022,No,Open
VUL09013,CVE-2023-16016,Server-Side Request Forgery (SSRF),High,8.6,LEG-IOT-0019,No,Open
VUL09014,CVE-2026-94824,Unpatched Software,Low,2.5,OPS-PRT-0077,Yes,In Progress
VUL09015,CVE-2024-2342,SQL Injection,Low,3.0,HR-FW-0059,No,In Progress
VUL09016,CVE-2020-5501,Security Misconfiguration,High,8.3,OPS-RTR-0029,Yes,Patched
VUL09017,CVE-2018-63209,Security Misconfiguration,Medium,6.1,HR-PC-0049,Yes,In Progress
VUL09018,CVE-2022-28157,Outdated SSL/TLS Configuration,Low,3.3,FIN-SW-0039,Yes,In Progress
VUL09019,CVE-2026-91334,Open Redirect,Medium,4.1,LEG-IOT-0045,Yes,Closed
VUL09020,CVE-2021-10026,Weak Password Policy,Medium,6.1,HR-PC-0020,Yes,Patched
VUL09021,CVE-2018-98291,Insecure Direct Object Reference,High,7.6,FIN-DB-0059,Yes,Patched
VUL09022,CVE-2020-23331,Path Traversal,Medium,4.9,ENG-RTR-0081,No,Open
VUL09023,CVE-2017-14123,Security Misconfiguration,High,8.0,FIN-PRT-0121,Yes,Patched
VUL09024,CVE-2026-88019,Security Misconfiguration,Medium,6.0,SAL-RTR-0058,Yes,Patched
VUL09025,CVE-2016-31968,Unpatched Software,Medium,4.6,LEG-FW-0015,Yes,In Progress
VUL09026,CVE-2025-34053,Buffer Overflow,Medium,5.8,MKT-MOB-0021,Yes,Patched
VUL09027,CVE-2020-45239,Denial of Service,Low,2.5,LEG-PRT-0119,No,In Progress
VUL09028,CVE-2026-49182,Security Misconfiguration,Critical,9.4,LEG-DB-0065,No,In Progress
VUL09029,CVE-2016-78668,Path Traversal,Low,3.6,ENG-RTR-0033,Yes,Closed
VUL09030,CVE-2017-86174,Command Injection,High,7.0,LEG-SRV-0005,Yes,Closed
VUL09031,CVE-2018-67916,Buffer Overflow,Low,1.7,FIN-PC-0052,Yes,Closed
VUL09032,CVE-2023-79012,Remote Code Execution,Low,3.0,IT-FW-0064,No,Won't Fix
VUL09033,CVE-2018-43126,SQL Injection,Critical,9.1,IT-SRV-0048,No,Won't Fix
VUL09034,CVE-2024-19484,Buffer Overflow,Low,0.8,FIN-RTR-0028,Yes,Closed
VUL09035,CVE-2022-93525,Remote Code Execution,Critical,9.9,HR-MOB-0003,Yes,In Progress
VUL09036,CVE-2022-61220,Remote Code Execution,High,8.7,LEG-RTR-0114,Yes,In Progress
VUL09037,CVE-2015-53051,Insecure Deserialization,Medium,4.2,IT-MOB-0102,Yes,In Progress
VUL09038,CVE-2017-61441,Privilege Escalation,High,8.8,IT-LAP-0069,No,In Progress
VUL09039,CVE-2019-14414,Server-Side Request Forgery (SSRF),High,8.4,FIN-MOB-0100,Yes,Patched
VUL09040,CVE-2025-82109,Remote Code Execution,Low,3.4,FIN-PRT-0061,Yes,Closed
VUL09041,CVE-2015-48098,Broken Authentication,Low,1.1,MKT-MOB-0096,Yes,Patched
VUL09042,CVE-2021-45753,Weak Password Policy,Low,3.9,ENG-RTR-0047,No,Open
VUL09043,CVE-2025-66791,Privilege Escalation,High,8.0,MKT-PRT-0017,No,Won't Fix
VUL09044,CVE-2016-54302,Insecure Direct Object Reference,Low,1.7,FIN-LAP-0090,No,Open
VUL09045,CVE-2020-7504,Missing Security Patch,Low,0.4,FIN-LAP-0036,Yes,Closed
VUL09046,CVE-2024-37315,Cross-Site Scripting (XSS),Low,2.3,IT-SRV-0038,No,Won't Fix
VUL09047,CVE-2020-41331,Sensitive Data Exposure,High,7.3,SAL-MOB-0037,Yes,In Progress
VUL09048,CVE-2018-49297,Broken Authentication,High,8.7,LEG-RTR-0067,Yes,In Progress
VUL09049,CVE-2020-41629,Remote Code Execution,Low,1.2,OPS-SW-0083,Yes,Closed
VUL09050,CVE-2018-95406,Missing Security Patch,Medium,6.3,OPS-IOT-0118,Yes,Patched
VUL09051,CVE-2016-86422,Denial of Service,Low,2.5,LEG-MOB-0117,No,Won't Fix
VUL09052,CVE-2026-10120,Broken Authentication,High,8.0,OPS-SRV-0070,No,Won't Fix
VUL09053,CVE-2022-19378,Privilege Escalation,High,8.0,HR-MOB-0071,No,Open
VUL09054,CVE-2021-99630,Open Redirect,Medium,4.5,MKT-FW-0035,Yes,Closed
VUL09055,CVE-2015-80044,XML External Entity (XXE),High,8.7,LEG-SRV-0030,No,Open
VUL09056,CVE-2015-17690,Command Injection,Low,3.1,LEG-FW-0071,Yes,In Progress
VUL09057,CVE-2017-42124,Denial of Service,High,8.0,ENG-PC-0003,No,In Progress
VUL09058,CVE-2025-23978,Outdated SSL/TLS Configuration,High,7.7,LEG-PRT-0029,Yes,In Progress
VUL09059,CVE-2023-64466,Insecure Direct Object Reference,Medium,5.4,ENG-RTR-0116,Yes,Patched
VUL09060,CVE-2020-93447,Denial of Service,Medium,4.2,OPS-DB-0030,Yes,Patched
VUL09061,CVE-2022-88563,Server-Side Request Forgery (SSRF),Medium,5.3,FIN-SW-0037,No,In Progress
VUL09062,CVE-2026-48443,Outdated SSL/TLS Configuration,Medium,4.9,ENG-IOT-0033,Yes,In Progress
VUL09063,CVE-2020-65449,Server-Side Request Forgery (SSRF),High,7.1,LEG-SW-0040,Yes,Patched
VUL09064,CVE-2017-34280,Open Redirect,Low,1.5,FIN-PC-0073,Yes,Patched
VUL09065,CVE-2021-53700,Unpatched Software,High,7.8,MKT-DB-0014,No,Open
VUL09066,CVE-2026-56287,Buffer Overflow,Critical,9.4,SAL-SRV-0121,No,Won't Fix
VUL09067,CVE-2020-77491,Sensitive Data Exposure,High,7.1,ENG-LAP-0007,Yes,Closed
VUL09068,CVE-2015-62921,Security Misconfiguration,Low,2.6,LEG-PC-0038,No,Won't Fix
VUL09069,CVE-2022-12289,Server-Side Request Forgery (SSRF),High,7.3,SAL-LAP-0073,No,In Progress
VUL09070,CVE-2016-14313,Denial of Service,High,8.3,OPS-FW-0099,No,Open
VUL09071,CVE-2017-21512,Cross-Site Scripting (XSS),Medium,6.7,OPS-IOT-0021,Yes,Closed
VUL09072,CVE-2015-55801,Buffer Overflow,Medium,5.0,FIN-PC-0075,Yes,Patched
VUL09073,CVE-2020-95434,Remote Code Execution,Medium,4.9,LEG-SRV-0010,Yes,In Progress
VUL09074,CVE-2017-88400,Path Traversal,High,8.3,SAL-FW-0045,Yes,Patched
VUL09075,CVE-2023-85643,Outdated SSL/TLS Configuration,Medium,6.0,OPS-PC-0010,Yes,Patched
VUL09076,CVE-2025-81489,Insecure Deserialization,High,8.2,LEG-RTR-0077,Yes,Patched
VUL09077,CVE-2024-4340,SQL Injection,High,7.5,FIN-DB-0100,No,In Progress
VUL09078,CVE-2016-78684,Broken Authentication,Medium,4.1,HR-PRT-0069,No,Won't Fix
VUL09079,CVE-2020-30245,Privilege Escalation,Medium,4.2,SAL-RTR-0019,No,Won't Fix
VUL09080,CVE-2024-55929,Insecure Direct Object Reference,Low,2.9,LEG-SW-0044,Yes,Closed
VUL09081,CVE-2022-59405,Denial of Service,Medium,6.4,FIN-SRV-0018,No,Won't Fix
VUL09082,CVE-2024-12917,Buffer Overflow,Low,1.1,ENG-PRT-0122,Yes,In Progress
VUL09083,CVE-2017-84705,Weak Password Policy,High,7.7,IT-FW-0013,Yes,In Progress
VUL09084,CVE-2019-87335,Missing Security Patch,Medium,6.8,OPS-RTR-0073,Yes,In Progress
VUL09085,CVE-2020-55629,Missing Security Patch,Medium,6.1,SAL-SW-0020,Yes,Patched
VUL09086,CVE-2017-65947,Privilege Escalation,Medium,4.7,MKT-SW-0110,Yes,Closed
VUL09087,CVE-2024-36129,Server-Side Request Forgery (SSRF),Medium,5.1,IT-LAP-0026,Yes,Patched
VUL09088,CVE-2026-60591,Denial of Service,Low,0.5,SAL-LAP-0076,Yes,In Progress
VUL09089,CVE-2015-53259,Security Misconfiguration,High,8.8,FIN-MOB-0133,Yes,In Progress
VUL09090,CVE-2016-89408,Sensitive Data Exposure,Critical,9.3,MKT-PC-0004,Yes,Closed
VUL09091,CVE-2022-45053,Unpatched Software,High,8.2,MKT-PRT-0013,Yes,Closed
VUL09092,CVE-2022-8898,Cross-Site Scripting (XSS),Medium,6.7,LEG-MOB-0025,No,In Progress
VUL09093,CVE-2024-82491,Path Traversal,Critical,9.5,LEG-PRT-0070,No,In Progress
VUL09094,CVE-2026-34215,Insecure Direct Object Reference,Medium,6.3,IT-LAP-0030,No,Open
VUL09095,CVE-2020-4964,Privilege Escalation,Low,1.9,FIN-IOT-0002,Yes,Closed
VUL09096,CVE-2026-41348,Remote Code Execution,Medium,4.9,OPS-FW-0030,Yes,Closed
VUL09097,CVE-2025-96409,Missing Security Patch,Low,1.1,HR-DB-0020,No,Won't Fix
VUL09098,CVE-2015-93316,Server-Side Request Forgery (SSRF),Medium,5.2,OPS-RTR-0119,No,In Progress
VUL09099,CVE-2016-4658,Path Traversal,High,7.9,OPS-MOB-0132,Yes,Patched
VUL09100,CVE-2017-7684,Weak Password Policy,Medium,4.4,MKT-PC-0034,Yes,In Progress
VUL09101,CVE-2015-5480,Broken Authentication,Medium,4.4,LEG-LAP-0083,Yes,In Progress
VUL09102,CVE-2023-21208,Denial of Service,Medium,4.2,ENG-SRV-0008,Yes,Closed
VUL09103,CVE-2023-19157,Buffer Overflow,Medium,6.4,SAL-FW-0079,Yes,In Progress
VUL09104,CVE-2019-56101,Remote Code Execution,Critical,9.7,ENG-SRV-0035,No,Open
VUL09105,CVE-2019-34840,Outdated SSL/TLS Configuration,High,8.3,SAL-PRT-0014,No,Won't Fix
VUL09106,CVE-2023-3873,Outdated SSL/TLS Configuration,Medium,4.1,FIN-DB-0085,Yes,In Progress
VUL09107,CVE-2024-47811,Buffer Overflow,Medium,4.9,LEG-SRV-0083,No,In Progress
VUL09108,CVE-2015-47573,Missing Security Patch,Low,1.2,LEG-PRT-0120,Yes,Closed
VUL09109,CVE-2020-46526,SQL Injection,Medium,4.4,OPS-RTR-0105,Yes,Patched
VUL09110,CVE-2019-42720,Privilege Escalation,High,8.0,HR-IOT-0047,Yes,In Progress
VUL09111,CVE-2022-79999,Buffer Overflow,Medium,4.8,SAL-RTR-0031,Yes,Closed
VUL09112,CVE-2016-52835,Missing Security Patch,Critical,9.5,ENG-SW-0087,No,Won't Fix
VUL09113,CVE-2022-44708,Command Injection,Critical,9.1,MKT-PRT-0051,No,Won't Fix
VUL09114,CVE-2023-45464,Buffer Overflow,Medium,6.1,ENG-SW-0092,No,Open
VUL09115,CVE-2023-81262,Open Redirect,Medium,6.4,SAL-SRV-0117,Yes,Closed
VUL09116,CVE-2025-18776,Broken Authentication,Medium,6.2,FIN-SW-0045,Yes,In Progress
VUL09117,CVE-2026-97149,Outdated SSL/TLS Configuration,Low,3.1,SAL-PRT-0100,No,In Progress
VUL09118,CVE-2016-30634,Remote Code Execution,High,7.0,FIN-LAP-0123,Yes,Patched
VUL09119,CVE-2015-31072,XML External Entity (XXE),High,8.8,OPS-DB-0099,Yes,Patched
VUL09120,CVE-2023-24770,SQL Injection,Medium,5.0,SAL-SW-0094,Yes,Closed
VUL09121,CVE-2026-86372,Denial of Service,Critical,9.3,IT-MOB-0082,Yes,Closed
VUL09122,CVE-2021-56652,Security Misconfiguration,Medium,4.7,OPS-MOB-0023,No,Won't Fix
VUL09123,CVE-2026-10711,Insecure Deserialization,Medium,6.7,IT-RTR-0120,No,In Progress
VUL09124,CVE-2023-35494,Buffer Overflow,Low,3.3,FIN-PRT-0004,No,Won't Fix
VUL09125,CVE-2015-79531,Privilege Escalation,High,8.2,MKT-LAP-0057,No,In Progress
VUL09126,CVE-2017-14645,Server-Side Request Forgery (SSRF),Medium,5.8,HR-PC-0058,Yes,Patched
VUL09127,CVE-2019-53175,Security Misconfiguration,High,7.1,ENG-RTR-0033,No,In Progress
VUL09128,CVE-2026-36433,Sensitive Data Exposure,Medium,6.0,LEG-DB-0003,Yes,In Progress
VUL09129,CVE-2016-52037,Privilege Escalation,Critical,9.4,SAL-PC-0068,Yes,Patched
VUL09130,CVE-2025-24822,Open Redirect,Medium,4.2,SAL-LAP-0067,No,Won't Fix
VUL09131,CVE-2020-21228,Missing Security Patch,Medium,5.9,IT-SRV-0019,No,Won't Fix
VUL09132,CVE-2021-25367,Unpatched Software,Medium,5.4,SAL-SRV-0139,No,In Progress
VUL09133,CVE-2022-12690,XML External Entity (XXE),High,7.1,OPS-PRT-0055,Yes,Closed
VUL09134,CVE-2016-27375,Server-Side Request Forgery (SSRF),Low,3.1,IT-RTR-0128,Yes,Patched
VUL09135,CVE-2026-95312,Denial of Service,High,7.3,MKT-IOT-0032,No,Won't Fix
VUL09136,CVE-2017-10311,Remote Code Execution,Low,0.6,HR-LAP-0116,Yes,Patched
VUL09137,CVE-2026-63417,Open Redirect,Medium,5.1,LEG-PRT-0070,No,Won't Fix
VUL09138,CVE-2026-37729,Outdated SSL/TLS Configuration,High,7.3,MKT-PRT-0019,Yes,In Progress
VUL09139,CVE-2018-90276,Path Traversal,High,7.6,ENG-MOB-0019,Yes,In Progress
VUL09140,CVE-2024-54152,Buffer Overflow,Low,3.9,OPS-SW-0099,No,Won't Fix
VUL09141,CVE-2022-55548,Unpatched Software,Medium,6.8,MKT-FW-0003,Yes,In Progress
VUL09142,CVE-2017-62297,Path Traversal,Medium,6.5,LEG-LAP-0010,Yes,Patched
VUL09143,CVE-2017-1017,Missing Security Patch,High,8.6,LEG-PRT-0035,Yes,Closed
VUL09144,CVE-2026-3936,Unpatched Software,Medium,4.5,SAL-PRT-0064,Yes,Closed
VUL09145,CVE-2023-86765,Denial of Service,Medium,5.4,FIN-SW-0116,No,Won't Fix
VUL09146,CVE-2021-70089,Cross-Site Scripting (XSS),High,8.8,FIN-SW-0055,No,Won't Fix
VUL09147,CVE-2015-74683,Server-Side Request Forgery (SSRF),Medium,4.7,OPS-PC-0001,Yes,Patched
VUL09148,CVE-2017-66820,Open Redirect,Critical,9.7,OPS-PRT-0100,Yes,In Progress
VUL09149,CVE-2026-19044,Path Traversal,Medium,5.2,ENG-SRV-0109,Yes,Patched
VUL09150,CVE-2016-35670,XML External Entity (XXE),Medium,4.6,MKT-PRT-0022,Yes,Patched
VUL09151,CVE-2026-87949,Open Redirect,Critical,9.8,IT-PC-0070,No,Open
VUL09152,CVE-2025-54690,Path Traversal,High,8.1,OPS-IOT-0019,Yes,Closed
VUL09153,CVE-2026-15715,Buffer Overflow,Critical,9.1,MKT-DB-0105,Yes,In Progress
VUL09154,CVE-2021-68095,Server-Side Request Forgery (SSRF),High,8.7,MKT-SRV-0106,No,Open
VUL09155,CVE-2019-42485,Missing Security Patch,Medium,6.5,FIN-MOB-0015,Yes,In Progress
VUL09156,CVE-2026-7942,Open Redirect,Medium,6.4,FIN-LAP-0011,No,Won't Fix
VUL09157,CVE-2025-23725,Insecure Deserialization,Critical,9.4,IT-IOT-0052,No,In Progress
VUL09158,CVE-2017-32585,Privilege Escalation,High,8.8,LEG-SW-0062,Yes,Patched
VUL09159,CVE-2019-50572,Buffer Overflow,High,7.2,LEG-RTR-0104,Yes,Patched
VUL09160,CVE-2019-15500,Weak Password Policy,High,8.1,ENG-FW-0132,Yes,In Progress
VUL09161,CVE-2025-53708,Outdated SSL/TLS Configuration,Low,2.4,HR-PC-0047,Yes,Closed
VUL09162,CVE-2025-17272,Broken Authentication,Medium,5.1,SAL-RTR-0092,No,Open
VUL09163,CVE-2025-15549,Missing Security Patch,Medium,5.9,HR-SW-0070,No,Won't Fix
VUL09164,CVE-2023-85800,SQL Injection,Medium,5.0,ENG-DB-0110,Yes,In Progress
VUL09165,CVE-2022-1233,Remote Code Execution,Low,2.5,LEG-PRT-0039,No,Won't Fix
VUL09166,CVE-2021-38243,Security Misconfiguration,Critical,9.5,IT-SRV-0052,Yes,Patched
VUL09167,CVE-2024-12114,Command Injection,Medium,6.3,LEG-FW-0069,Yes,Patched
VUL09168,CVE-2021-79997,Insecure Direct Object Reference,High,7.6,IT-LAP-0047,Yes,In Progress
VUL09169,CVE-2018-97385,Security Misconfiguration,High,7.3,FIN-LAP-0079,Yes,Patched
VUL09170,CVE-2025-51645,Privilege Escalation,Medium,5.4,SAL-FW-0029,Yes,Closed
VUL09171,CVE-2017-39689,Insecure Deserialization,Low,1.4,MKT-LAP-0088,Yes,In Progress
VUL09172,CVE-2019-18003,Privilege Escalation,Critical,9.4,FIN-IOT-0106,No,Open
VUL09173,CVE-2022-89957,Weak Password Policy,Medium,4.8,LEG-SW-0057,Yes,Closed
VUL09174,CVE-2022-41342,Cross-Site Scripting (XSS),Medium,5.2,LEG-SRV-0006,Yes,Closed
VUL09175,CVE-2018-56074,Cross-Site Scripting (XSS),Low,3.6,HR-FW-0069,Yes,Closed
VUL09176,CVE-2024-14390,Weak Password Policy,High,7.3,MKT-IOT-0070,No,Won't Fix
VUL09177,CVE-2021-55761,Missing Security Patch,High,8.9,OPS-IOT-0031,Yes,Closed
VUL09178,CVE-2022-66251,Insecure Direct Object Reference,Medium,4.5,OPS-PRT-0029,Yes,Closed
VUL09179,CVE-2023-16027,SQL Injection,Low,0.8,LEG-LAP-0045,No,Open
VUL09180,CVE-2018-97827,Missing Security Patch,Medium,4.0,FIN-RTR-0014,No,In Progress
VUL09181,CVE-2020-30750,Buffer Overflow,High,7.3,FIN-PRT-0018,Yes,Patched
VUL09182,CVE-2022-41750,Missing Security Patch,Low,3.5,MKT-LAP-0107,Yes,In Progress
VUL09183,CVE-2015-7597,Buffer Overflow,Medium,6.5,HR-IOT-0008,No,Open
VUL09184,CVE-2022-36240,Insecure Direct Object Reference,Medium,5.4,MKT-LAP-0084,Yes,Closed
VUL09185,CVE-2021-46032,Open Redirect,High,7.6,OPS-MOB-0125,No,Open
VUL09186,CVE-2018-81630,Denial of Service,Medium,4.8,HR-SRV-0047,Yes,Closed
VUL09187,CVE-2019-94838,Server-Side Request Forgery (SSRF),Critical,9.9,OPS-PRT-0030,Yes,Patched
VUL09188,CVE-2025-94700,Weak Password Policy,Medium,4.3,OPS-FW-0126,No,In Progress
VUL09189,CVE-2017-35027,Server-Side Request Forgery (SSRF),Critical,9.4,LEG-MOB-0061,No,In Progress
VUL09190,CVE-2026-78702,Insecure Direct Object Reference,Medium,4.6,ENG-SRV-0096,No,Open
VUL09191,CVE-2021-28926,Command Injection,Critical,9.1,OPS-IOT-0117,No,Open
VUL09192,CVE-2026-92421,Command Injection,High,7.0,FIN-PRT-0055,Yes,In Progress
VUL09193,CVE-2017-91710,Open Redirect,Low,3.7,ENG-SRV-0142,Yes,Closed
VUL09194,CVE-2016-33202,Denial of Service,Low,0.8,IT-LAP-0080,No,In Progress
VUL09195,CVE-2018-41247,Outdated SSL/TLS Configuration,Low,2.5,FIN-LAP-0049,Yes,Patched
VUL09196,CVE-2016-45403,Buffer Overflow,High,8.3,ENG-DB-0009,Yes,Closed
VUL09197,CVE-2016-79124,Weak Password Policy,High,8.0,LEG-PC-0041,Yes,Patched
VUL09198,CVE-2022-89290,Buffer Overflow,Low,0.4,LEG-SRV-0015,No,Open
VUL09199,CVE-2017-41535,Privilege Escalation,Medium,5.2,LEG-LAP-0025,Yes,Patched
VUL09200,CVE-2021-92405,Sensitive Data Exposure,High,8.2,HR-LAP-0033,Yes,In Progress
VUL09201,CVE-2015-18469,Cross-Site Scripting (XSS),High,7.0,FIN-FW-0101,Yes,Closed
VUL09202,CVE-2022-74783,Buffer Overflow,High,7.0,MKT-RTR-0105,No,Open
VUL09203,CVE-2018-3745,Open Redirect,Low,0.6,OPS-IOT-0076,Yes,Closed
VUL09204,CVE-2025-25389,Outdated SSL/TLS Configuration,Critical,9.1,IT-MOB-0016,Yes,In Progress
VUL09205,CVE-2017-87854,Outdated SSL/TLS Configuration,Medium,6.2,HR-LAP-0050,Yes,Closed
VUL09206,CVE-2022-15930,Broken Authentication,High,8.8,MKT-MOB-0007,Yes,In Progress
VUL09207,CVE-2018-65747,Outdated SSL/TLS Configuration,Medium,4.4,MKT-RTR-0011,No,In Progress
VUL09208,CVE-2016-8573,XML External Entity (XXE),Low,0.4,SAL-FW-0010,No,Won't Fix
VUL09209,CVE-2023-21670,Command Injection,Medium,4.8,SAL-FW-0049,Yes,Patched
VUL09210,CVE-2019-77037,Outdated SSL/TLS Configuration,Low,2.5,OPS-DB-0073,Yes,Closed
VUL09211,CVE-2022-66019,Buffer Overflow,Medium,6.5,HR-LAP-0068,No,Won't Fix
VUL09212,CVE-2025-47771,Remote Code Execution,Medium,4.2,MKT-SRV-0095,Yes,In Progress
VUL09213,CVE-2022-78430,Command Injection,Low,1.8,SAL-PRT-0030,Yes,Closed
VUL09214,CVE-2023-67524,Cross-Site Scripting (XSS),Medium,4.4,IT-LAP-0131,No,Won't Fix
VUL09215,CVE-2017-50453,Missing Security Patch,High,8.1,IT-DB-0011,Yes,Patched
VUL09216,CVE-2017-28183,Weak Password Policy,Critical,9.7,FIN-DB-0048,Yes,In Progress
VUL09217,CVE-2021-14274,SQL Injection,Medium,6.2,ENG-MOB-0070,No,Open
VUL09218,CVE-2015-21929,Insecure Direct Object Reference,Medium,4.2,OPS-PRT-0052,No,In Progress
VUL09219,CVE-2021-92682,Buffer Overflow,Medium,5.0,OPS-PRT-0031,No,Open
VUL09220,CVE-2022-37660,Insecure Direct Object Reference,Medium,4.0,LEG-MOB-0112,No,Open
VUL09221,CVE-2026-87567,Remote Code Execution,High,7.7,IT-SW-0006,Yes,In Progress
VUL09222,CVE-2020-17015,Server-Side Request Forgery (SSRF),Medium,4.9,LEG-SW-0023,Yes,Patched
VUL09223,CVE-2018-69073,Outdated SSL/TLS Configuration,Medium,6.8,HR-SRV-0096,Yes,In Progress
VUL09224,CVE-2020-1497,Command Injection,High,8.3,FIN-MOB-0088,Yes,Closed
VUL09225,CVE-2020-24182,XML External Entity (XXE),Medium,5.3,MKT-LAP-0079,Yes,Closed
VUL09226,CVE-2018-83004,Privilege Escalation,Low,1.7,SAL-SW-0026,No,In Progress
VUL09227,CVE-2024-72065,SQL Injection,Medium,6.7,IT-DB-0003,No,In Progress
VUL09228,CVE-2022-52865,Denial of Service,Medium,6.8,FIN-DB-0018,No,Open
VUL09229,CVE-2022-87035,SQL Injection,Low,2.6,IT-IOT-0114,Yes,In Progress
VUL09230,CVE-2024-75591,Privilege Escalation,Medium,4.1,SAL-FW-0109,Yes,In Progress
VUL09231,CVE-2021-11228,Insecure Deserialization,Critical,9.5,LEG-PC-0090,Yes,In Progress
VUL09232,CVE-2016-54581,Cross-Site Scripting (XSS),High,8.5,LEG-PRT-0134,Yes,In Progress
VUL09233,CVE-2018-58096,Privilege Escalation,High,8.8,MKT-RTR-0095,Yes,Patched
VUL09234,CVE-2021-27024,Security Misconfiguration,Critical,9.3,SAL-SRV-0031,Yes,Closed
VUL09235,CVE-2017-31711,Broken Authentication,High,7.2,LEG-PRT-0121,Yes,Closed
VUL09236,CVE-2025-74297,Server-Side Request Forgery (SSRF),Medium,5.1,OPS-PC-0074,Yes,Closed
VUL09237,CVE-2023-38146,SQL Injection,Critical,9.5,ENG-SRV-0141,Yes,Closed
VUL09238,CVE-2019-66606,Outdated SSL/TLS Configuration,High,8.0,OPS-PC-0035,No,In Progress
VUL09239,CVE-2023-67570,Cross-Site Scripting (XSS),High,7.4,OPS-PC-0007,Yes,Patched
VUL09240,CVE-2017-14856,Weak Password Policy,Low,3.1,FIN-DB-0083,Yes,In Progress
VUL09241,CVE-2023-89336,Missing Security Patch,Medium,5.2,IT-RTR-0061,No,Open
VUL09242,CVE-2018-69156,Path Traversal,Critical,9.5,HR-SW-0026,Yes,In Progress
VUL09243,CVE-2021-43935,Weak Password Policy,Low,1.8,LEG-DB-0049,Yes,Closed
VUL09244,CVE-2022-14200,SQL Injection,Critical,9.9,MKT-IOT-0099,No,In Progress
VUL09245,CVE-2025-97529,Remote Code Execution,Medium,4.6,FIN-IOT-0124,No,In Progress
VUL09246,CVE-2025-86308,Security Misconfiguration,Medium,4.7,LEG-LAP-0117,No,Open
VUL09247,CVE-2022-64877,Cross-Site Scripting (XSS),Low,0.4,MKT-SW-0047,Yes,Patched
VUL09248,CVE-2022-9390,Denial of Service,Low,2.8,ENG-DB-0056,Yes,Patched
VUL09249,CVE-2015-36320,Buffer Overflow,Medium,4.5,FIN-FW-0036,Yes,In Progress
VUL09250,CVE-2017-43772,Outdated SSL/TLS Configuration,Low,2.5,OPS-DB-0087,Yes,In Progress
VUL09251,CVE-2016-92644,SQL Injection,High,7.2,FIN-LAP-0037,No,Won't Fix
VUL09252,CVE-2023-52760,Privilege Escalation,Medium,4.1,FIN-MOB-0117,Yes,Patched
VUL09253,CVE-2017-36463,XML External Entity (XXE),High,8.0,HR-DB-0100,Yes,Closed
VUL09254,CVE-2024-8858,Command Injection,Low,0.2,HR-SRV-0051,Yes,Patched
VUL09255,CVE-2018-88037,Weak Password Policy,Critical,9.8,MKT-SW-0044,Yes,Closed
VUL09256,CVE-2026-46932,Privilege Escalation,High,7.2,FIN-PRT-0010,No,Open
VUL09257,CVE-2024-88741,Sensitive Data Exposure,Medium,6.2,MKT-IOT-0084,Yes,Patched
VUL09258,CVE-2018-95949,SQL Injection,Low,2.5,SAL-IOT-0117,No,Open
VUL09259,CVE-2019-22958,SQL Injection,Low,2.5,HR-RTR-0005,No,Won't Fix
VUL09260,CVE-2018-65715,XML External Entity (XXE),High,8.6,MKT-IOT-0001,Yes,In Progress
VUL09261,CVE-2024-25496,Broken Authentication,Medium,4.8,IT-PC-0097,Yes,Closed
VUL09262,CVE-2020-94472,Privilege Escalation,Medium,4.0,MKT-PC-0076,Yes,Closed
VUL09263,CVE-2026-7977,SQL Injection,Low,1.0,MKT-MOB-0076,Yes,In Progress
VUL09264,CVE-2018-84076,Weak Password Policy,Medium,4.2,MKT-FW-0030,Yes,In Progress
VUL09265,CVE-2023-91941,XML External Entity (XXE),Low,1.5,OPS-RTR-0043,Yes,Patched
VUL09266,CVE-2016-51034,Security Misconfiguration,Medium,5.3,SAL-FW-0124,Yes,Patched
VUL09267,CVE-2026-69075,Broken Authentication,High,7.4,LEG-DB-0043,Yes,In Progress
VUL09268,CVE-2015-5459,Cross-Site Scripting (XSS),Low,0.3,IT-RTR-0074,Yes,In Progress
VUL09269,CVE-2016-59620,Unpatched Software,Medium,4.7,IT-PC-0033,Yes,In Progress
VUL09270,CVE-2025-17898,Sensitive Data Exposure,High,7.3,HR-LAP-0009,Yes,Closed
VUL09271,CVE-2022-87306,Broken Authentication,Medium,4.5,IT-LAP-0022,No,Open
VUL09272,CVE-2017-86339,Weak Password Policy,Medium,5.8,LEG-IOT-0100,Yes,Patched
VUL09273,CVE-2023-46088,Broken Authentication,High,8.5,OPS-LAP-0111,Yes,Patched
VUL09274,CVE-2023-7347,XML External Entity (XXE),Low,2.1,FIN-LAP-0113,No,Won't Fix
VUL09275,CVE-2020-94793,Privilege Escalation,Low,2.7,MKT-SRV-0084,No,In Progress
VUL09276,CVE-2025-90259,Weak Password Policy,Medium,6.6,HR-PRT-0051,Yes,Closed
VUL09277,CVE-2021-4050,Command Injection,Low,2.3,OPS-PC-0127,Yes,Patched
VUL09278,CVE-2018-40305,Outdated SSL/TLS Configuration,Medium,4.7,SAL-PRT-0081,Yes,In Progress
VUL09279,CVE-2017-80235,Server-Side Request Forgery (SSRF),Medium,6.3,FIN-FW-0126,Yes,In Progress
VUL09280,CVE-2026-81580,Buffer Overflow,Low,2.9,FIN-PC-0092,Yes,In Progress
VUL09281,CVE-2020-6840,Cross-Site Scripting (XSS),Critical,9.8,ENG-LAP-0049,No,Won't Fix
VUL09282,CVE-2021-2341,Remote Code Execution,Medium,5.6,FIN-SRV-0014,No,Won't Fix
VUL09283,CVE-2015-59073,Broken Authentication,Medium,4.6,SAL-PRT-0124,No,Won't Fix
VUL09284,CVE-2019-41277,Security Misconfiguration,Low,3.5,IT-SW-0060,Yes,Closed
VUL09285,CVE-2015-51931,Insecure Deserialization,Medium,4.0,ENG-FW-0053,No,Won't Fix
VUL09286,CVE-2019-34524,Command Injection,Critical,9.0,SAL-LAP-0099,Yes,Patched
VUL09287,CVE-2017-53854,Command Injection,Medium,4.1,ENG-RTR-0070,Yes,Patched
VUL09288,CVE-2016-6502,Open Redirect,High,7.6,ENG-PRT-0071,Yes,Patched
VUL09289,CVE-2017-63259,Weak Password Policy,Low,3.5,SAL-RTR-0053,No,Open
VUL09290,CVE-2026-31353,Remote Code Execution,Medium,4.1,OPS-DB-0026,Yes,Patched
VUL09291,CVE-2018-60246,Buffer Overflow,Low,0.1,ENG-SRV-0123,No,Won't Fix
VUL09292,CVE-2019-95285,Cross-Site Scripting (XSS),Medium,5.0,MKT-SW-0028,No,Open
VUL09293,CVE-2015-70073,Path Traversal,Medium,4.5,SAL-DB-0013,Yes,Patched
VUL09294,CVE-2025-5012,Broken Authentication,Medium,6.8,ENG-PRT-0119,No,Won't Fix
VUL09295,CVE-2020-44075,Security Misconfiguration,Low,2.9,FIN-RTR-0061,No,In Progress
VUL09296,CVE-2023-75034,Command Injection,Medium,6.7,SAL-SRV-0100,No,In Progress
VUL09297,CVE-2020-25075,Missing Security Patch,High,8.1,ENG-MOB-0112,Yes,Patched
VUL09298,CVE-2021-22482,Outdated SSL/TLS Configuration,Low,2.3,SAL-MOB-0038,Yes,Patched
VUL09299,CVE-2023-26847,Server-Side Request Forgery (SSRF),Low,1.2,IT-PRT-0037,Yes,Patched
VUL09300,CVE-2023-88938,SQL Injection,Medium,6.6,SAL-PC-0088,Yes,In Progress
VUL09301,CVE-2022-70849,Insecure Deserialization,Medium,5.5,IT-DB-0023,No,Won't Fix
VUL09302,CVE-2025-72004,Security Misconfiguration,High,8.2,IT-RTR-0108,No,In Progress
VUL09303,CVE-2016-56522,Remote Code Execution,Medium,4.5,MKT-PC-0095,No,Won't Fix
VUL09304,CVE-2017-18012,Denial of Service,High,7.1,LEG-LAP-0004,Yes,Closed
VUL09305,CVE-2024-41248,Command Injection,High,7.7,FIN-FW-0067,Yes,Patched
VUL09306,CVE-2023-83934,XML External Entity (XXE),Low,1.8,MKT-PRT-0039,No,In Progress
VUL09307,CVE-2015-93476,XML External Entity (XXE),Low,2.6,OPS-SW-0046,No,In Progress
VUL09308,CVE-2025-92137,Privilege Escalation,High,7.1,HR-FW-0029,No,In Progress
VUL09309,CVE-2026-16562,Insecure Direct Object Reference,High,7.3,MKT-MOB-0052,Yes,Closed
VUL09310,CVE-2018-72659,Insecure Deserialization,High,8.3,ENG-SW-0017,Yes,Closed
VUL09311,CVE-2022-59839,Insecure Deserialization,Low,2.0,SAL-LAP-0099,Yes,Patched
VUL09312,CVE-2019-84741,Outdated SSL/TLS Configuration,Low,3.1,FIN-DB-0059,No,Open
VUL09313,CVE-2024-7047,Broken Authentication,Medium,5.6,FIN-LAP-0101,Yes,In Progress
VUL09314,CVE-2019-92341,Insecure Direct Object Reference,Low,1.9,MKT-DB-0103,Yes,Patched
VUL09315,CVE-2021-37861,Cross-Site Scripting (XSS),High,8.1,IT-IOT-0048,Yes,Closed
VUL09316,CVE-2022-72808,Open Redirect,Medium,4.6,OPS-DB-0089,Yes,In Progress
VUL09317,CVE-2017-60750,Missing Security Patch,Critical,9.6,IT-DB-0107,Yes,Closed
VUL09318,CVE-2016-42950,Missing Security Patch,High,8.1,ENG-FW-0106,Yes,Patched
VUL09319,CVE-2015-93176,Sensitive Data Exposure,Medium,6.7,LEG-SRV-0066,No,In Progress
VUL09320,CVE-2017-95549,Remote Code Execution,High,7.9,HR-MOB-0064,No,Open
VUL09321,CVE-2021-6079,SQL Injection,High,7.7,IT-RTR-0001,Yes,In Progress
VUL09322,CVE-2017-49529,Insecure Deserialization,Critical,9.9,FIN-SW-0050,Yes,In Progress
VUL09323,CVE-2024-99934,Cross-Site Scripting (XSS),Critical,9.4,FIN-PC-0047,No,Open
VUL09324,CVE-2015-50491,Command Injection,Medium,4.6,IT-MOB-0064,No,Won't Fix
VUL09325,CVE-2018-66331,Security Misconfiguration,Medium,5.2,FIN-LAP-0081,Yes,In Progress
VUL09326,CVE-2018-28516,Missing Security Patch,High,8.0,MKT-RTR-0066,Yes,In Progress
VUL09327,CVE-2017-8487,Outdated SSL/TLS Configuration,Low,2.2,HR-LAP-0035,No,Open
VUL09328,CVE-2023-2622,Sensitive Data Exposure,High,8.3,ENG-SRV-0118,Yes,In Progress
VUL09329,CVE-2021-78719,Server-Side Request Forgery (SSRF),High,8.5,FIN-FW-0005,Yes,In Progress
VUL09330,CVE-2017-9860,Unpatched Software,Low,3.0,LEG-SW-0054,Yes,In Progress
VUL09331,CVE-2023-23379,Security Misconfiguration,Medium,4.6,MKT-SRV-0061,Yes,Closed
VUL09332,CVE-2024-78397,Path Traversal,Medium,5.7,OPS-FW-0089,Yes,Closed
VUL09333,CVE-2023-63739,Missing Security Patch,High,8.8,HR-LAP-0136,Yes,Closed
VUL09334,CVE-2015-46273,Weak Password Policy,High,7.1,SAL-PC-0029,No,Open
VUL09335,CVE-2021-68017,Insecure Direct Object Reference,Medium,6.6,OPS-IOT-0043,Yes,In Progress
VUL09336,CVE-2026-37251,Remote Code Execution,High,8.3,SAL-PRT-0109,Yes,Closed
VUL09337,CVE-2018-29081,Server-Side Request Forgery (SSRF),Medium,5.9,MKT-MOB-0095,No,Open
VUL09338,CVE-2019-96154,XML External Entity (XXE),Low,0.1,OPS-PRT-0120,No,Open
VUL09339,CVE-2023-7743,Remote Code Execution,Medium,6.4,HR-LAP-0066,No,Open
VUL09340,CVE-2024-49294,Denial of Service,Medium,5.7,SAL-PRT-0099,Yes,Closed
VUL09341,CVE-2017-54933,Weak Password Policy,Critical,9.8,LEG-IOT-0048,No,Open
VUL09342,CVE-2022-71257,Path Traversal,Low,2.0,SAL-FW-0068,No,Open
VUL09343,CVE-2020-18236,XML External Entity (XXE),Critical,9.0,MKT-RTR-0011,Yes,Closed
VUL09344,CVE-2025-48564,Security Misconfiguration,Medium,6.3,HR-LAP-0036,Yes,Patched
VUL09345,CVE-2026-2056,Unpatched Software,Low,2.4,HR-SW-0066,No,Open
VUL09346,CVE-2021-92653,Cross-Site Scripting (XSS),Low,3.1,OPS-SRV-0059,No,Open
VUL09347,CVE-2023-11172,Denial of Service,Medium,5.7,MKT-LAP-0007,Yes,Patched
VUL09348,CVE-2019-41914,Sensitive Data Exposure,Low,1.5,LEG-RTR-0077,Yes,Closed
VUL09349,CVE-2015-74728,Denial of Service,High,8.3,HR-MOB-0066,No,Won't Fix
VUL09350,CVE-2019-29617,Open Redirect,Critical,9.6,MKT-IOT-0076,Yes,In Progress
VUL09351,CVE-2025-58911,Buffer Overflow,Medium,4.2,OPS-PRT-0065,Yes,In Progress
VUL09352,CVE-2017-35315,SQL Injection,Critical,9.9,SAL-SW-0104,Yes,In Progress
VUL09353,CVE-2026-24741,Buffer Overflow,Low,1.0,IT-DB-0022,No,Open
VUL09354,CVE-2016-91507,Weak Password Policy,High,8.8,LEG-LAP-0031,No,In Progress
VUL09355,CVE-2016-34476,Remote Code Execution,Medium,5.7,ENG-IOT-0036,No,Open
VUL09356,CVE-2018-42998,Open Redirect,Low,0.5,ENG-DB-0108,Yes,Closed
VUL09357,CVE-2022-80419,Open Redirect,Low,2.7,ENG-PC-0013,Yes,Patched
VUL09358,CVE-2026-9352,Cross-Site Scripting (XSS),Medium,6.2,SAL-PRT-0025,Yes,Closed
VUL09359,CVE-2015-15741,Command Injection,Medium,4.9,ENG-PC-0115,Yes,Patched
VUL09360,CVE-2025-54959,Path Traversal,Critical,9.4,LEG-DB-0021,No,Open
VUL09361,CVE-2018-98327,Server-Side Request Forgery (SSRF),Low,1.1,LEG-RTR-0069,Yes,Patched
VUL09362,CVE-2022-3452,Unpatched Software,Medium,4.3,OPS-FW-0116,Yes,Patched
VUL09363,CVE-2023-14098,Open Redirect,Critical,9.1,LEG-FW-0033,Yes,Patched
VUL09364,CVE-2024-38918,Denial of Service,Medium,5.5,HR-IOT-0063,No,Open
VUL09365,CVE-2020-23835,Command Injection,Critical,9.4,IT-SW-0053,Yes,Closed
VUL09366,CVE-2019-59396,Cross-Site Scripting (XSS),High,7.6,LEG-MOB-0039,Yes,In Progress
VUL09367,CVE-2026-3269,Open Redirect,Medium,5.7,IT-DB-0001,Yes,In Progress
VUL09368,CVE-2025-57827,Weak Password Policy,Medium,4.7,IT-SRV-0082,No,Won't Fix
VUL09369,CVE-2015-81821,XML External Entity (XXE),High,8.2,MKT-PC-0002,Yes,Closed
VUL09370,CVE-2022-53139,Denial of Service,High,8.3,OPS-LAP-0120,No,Open
VUL09371,CVE-2024-90821,Open Redirect,High,7.6,HR-IOT-0058,No,Open
VUL09372,CVE-2017-13662,Open Redirect,Low,3.5,FIN-FW-0087,No,Won't Fix
VUL09373,CVE-2016-88509,Security Misconfiguration,Low,0.9,IT-SW-0117,No,Open
VUL09374,CVE-2018-11643,Unpatched Software,Low,2.2,LEG-DB-0112,Yes,Patched
VUL09375,CVE-2020-64449,Server-Side Request Forgery (SSRF),High,7.7,FIN-PC-0116,No,In Progress
VUL09376,CVE-2018-28451,Security Misconfiguration,Critical,9.9,LEG-MOB-0072,Yes,Patched
VUL09377,CVE-2024-61310,Broken Authentication,High,8.0,LEG-MOB-0108,Yes,Patched
VUL09378,CVE-2018-67045,Path Traversal,High,7.7,HR-IOT-0087,No,In Progress
VUL09379,CVE-2025-89435,Weak Password Policy,Critical,9.7,SAL-SW-0001,Yes,Closed
VUL09380,CVE-2020-83465,Insecure Direct Object Reference,Medium,6.0,OPS-FW-0104,No,Open
VUL09381,CVE-2018-43156,Command Injection,Low,3.7,MKT-IOT-0059,Yes,In Progress
VUL09382,CVE-2026-53034,Sensitive Data Exposure,Critical,9.3,IT-FW-0130,No,In Progress
VUL09383,CVE-2018-23512,Denial of Service,High,7.9,HR-MOB-0019,No,In Progress
VUL09384,CVE-2018-12017,Denial of Service,Medium,5.3,IT-PRT-0071,No,Won't Fix
VUL09385,CVE-2017-63102,Unpatched Software,Medium,5.6,LEG-PRT-0034,No,In Progress
VUL09386,CVE-2019-67137,Remote Code Execution,Critical,9.3,IT-IOT-0093,Yes,Closed
VUL09387,CVE-2015-35631,Insecure Deserialization,High,8.9,IT-FW-0020,No,In Progress
VUL09388,CVE-2021-83779,Sensitive Data Exposure,Critical,9.6,SAL-FW-0096,No,In Progress
VUL09389,CVE-2017-57932,Remote Code Execution,Critical,9.1,IT-MOB-0099,Yes,In Progress
VUL09390,CVE-2025-98600,Path Traversal,High,7.7,FIN-SW-0017,No,Won't Fix
VUL09391,CVE-2015-1229,Privilege Escalation,Low,2.5,LEG-IOT-0074,Yes,Closed
VUL09392,CVE-2022-71904,SQL Injection,High,8.7,HR-SRV-0109,Yes,Patched
VUL09393,CVE-2023-27582,Command Injection,High,7.9,FIN-PC-0038,Yes,Closed
VUL09394,CVE-2017-1713,Security Misconfiguration,Medium,6.1,SAL-DB-0113,Yes,Closed
VUL09395,CVE-2026-81320,Sensitive Data Exposure,Critical,9.8,LEG-PRT-0001,Yes,Closed
VUL09396,CVE-2022-48436,Missing Security Patch,High,8.4,SAL-DB-0048,Yes,In Progress
VUL09397,CVE-2019-11212,SQL Injection,Medium,6.6,MKT-PC-0054,No,In Progress
VUL09398,CVE-2019-26408,Sensitive Data Exposure,High,7.1,SAL-DB-0114,No,In Progress
VUL09399,CVE-2016-97027,Cross-Site Scripting (XSS),Medium,4.1,OPS-PRT-0048,Yes,Patched
VUL09400,CVE-2026-27500,Insecure Direct Object Reference,Critical,9.6,IT-SW-0095,Yes,Closed
VUL09401,CVE-2018-15266,Sensitive Data Exposure,Medium,4.0,MKT-MOB-0037,Yes,In Progress
VUL09402,CVE-2021-7334,Open Redirect,Medium,6.7,LEG-PC-0020,No,Won't Fix
VUL09403,CVE-2022-71608,Privilege Escalation,High,8.1,OPS-PC-0017,Yes,Closed
VUL09404,CVE-2023-23408,XML External Entity (XXE),Medium,5.8,IT-DB-0118,Yes,Patched
VUL09405,CVE-2021-83524,SQL Injection,High,7.2,HR-MOB-0088,No,In Progress
VUL09406,CVE-2025-84625,Broken Authentication,Medium,5.9,SAL-MOB-0088,Yes,Patched
VUL09407,CVE-2025-66719,Buffer Overflow,High,8.9,ENG-MOB-0053,No,In Progress
VUL09408,CVE-2023-30107,Weak Password Policy,Low,3.2,FIN-SRV-0048,Yes,Patched
VUL09409,CVE-2016-63277,Outdated SSL/TLS Configuration,Medium,4.4,HR-DB-0080,No,In Progress
VUL09410,CVE-2023-37416,Privilege Escalation,Medium,6.9,OPS-SW-0044,Yes,Patched
VUL09411,CVE-2015-34421,Sensitive Data Exposure,High,8.2,FIN-MOB-0110,Yes,In Progress
VUL09412,CVE-2018-99447,Server-Side Request Forgery (SSRF),Medium,5.0,FIN-RTR-0078,Yes,Patched
VUL09413,CVE-2018-33987,Privilege Escalation,Medium,4.1,IT-LAP-0016,Yes,Closed
VUL09414,CVE-2026-46433,XML External Entity (XXE),High,7.8,LEG-MOB-0110,No,Open
VUL09415,CVE-2016-29352,Unpatched Software,Critical,9.8,ENG-DB-0093,Yes,Closed
VUL09416,CVE-2017-44104,Security Misconfiguration,Medium,5.3,MKT-LAP-0074,No,In Progress
VUL09417,CVE-2018-65215,Path Traversal,Low,3.0,IT-MOB-0033,Yes,Patched
VUL09418,CVE-2022-61113,Path Traversal,Medium,6.8,SAL-SRV-0129,Yes,Patched
VUL09419,CVE-2022-72402,Unpatched Software,High,8.4,IT-LAP-0129,No,In Progress
VUL09420,CVE-2019-17616,Remote Code Execution,Medium,6.0,ENG-RTR-0029,Yes,In Progress
VUL09421,CVE-2015-77016,SQL Injection,High,7.4,FIN-DB-0014,Yes,Closed
VUL09422,CVE-2023-43694,SQL Injection,Medium,5.5,OPS-DB-0001,No,In Progress
VUL09423,CVE-2020-45057,Security Misconfiguration,Low,2.8,OPS-MOB-0142,Yes,Closed
VUL09424,CVE-2020-15098,Buffer Overflow,Critical,9.2,IT-IOT-0019,Yes,Patched
VUL09425,CVE-2021-86202,Denial of Service,Medium,5.4,FIN-PC-0001,No,Open
VUL09426,CVE-2016-88517,Denial of Service,High,8.8,FIN-PRT-0104,Yes,Patched
VUL09427,CVE-2021-90524,Server-Side Request Forgery (SSRF),High,8.1,ENG-MOB-0089,Yes,Closed
VUL09428,CVE-2020-50595,Path Traversal,Critical,9.2,MKT-RTR-0104,Yes,In Progress
VUL09429,CVE-2021-20474,SQL Injection,High,7.2,IT-SW-0095,No,Open
VUL09430,CVE-2016-15571,Remote Code Execution,Low,1.4,HR-SRV-0060,No,Won't Fix
VUL09431,CVE-2017-37741,Security Misconfiguration,High,8.5,FIN-MOB-0063,Yes,Closed
VUL09432,CVE-2025-34626,Denial of Service,Low,0.6,LEG-DB-0109,No,Won't Fix
VUL09433,CVE-2015-80792,Security Misconfiguration,Medium,5.3,SAL-SRV-0050,No,In Progress
VUL09434,CVE-2015-26609,Unpatched Software,Medium,5.7,ENG-SRV-0149,Yes,In Progress
VUL09435,CVE-2026-37248,Unpatched Software,High,8.2,FIN-SRV-0099,Yes,Closed
VUL09436,CVE-2016-97932,Weak Password Policy,Medium,5.7,MKT-MOB-0006,No,Won't Fix
VUL09437,CVE-2023-63546,Outdated SSL/TLS Configuration,High,8.3,ENG-FW-0108,Yes,Patched
VUL09438,CVE-2025-8694,Path Traversal,Medium,5.5,IT-PRT-0072,Yes,Closed
VUL09439,CVE-2026-27099,Server-Side Request Forgery (SSRF),High,8.5,SAL-MOB-0072,Yes,Patched
VUL09440,CVE-2020-83966,Cross-Site Scripting (XSS),High,8.8,HR-LAP-0049,No,Won't Fix
VUL09441,CVE-2020-92972,XML External Entity (XXE),Medium,6.0,OPS-DB-0049,Yes,Patched
VUL09442,CVE-2024-33054,Unpatched Software,Medium,4.4,IT-IOT-0020,Yes,Patched
VUL09443,CVE-2025-90605,Denial of Service,Medium,6.4,OPS-IOT-0087,No,In Progress
VUL09444,CVE-2018-80682,Path Traversal,Medium,5.4,OPS-SRV-0040,Yes,In Progress
VUL09445,CVE-2015-21099,Privilege Escalation,Medium,4.6,HR-MOB-0068,No,Won't Fix
VUL09446,CVE-2022-14831,Broken Authentication,Low,1.9,IT-MOB-0030,Yes,Closed
VUL09447,CVE-2023-75276,Command Injection,Critical,9.6,FIN-SRV-0026,No,In Progress
VUL09448,CVE-2018-15994,Open Redirect,High,7.2,SAL-DB-0105,No,Open
VUL09449,CVE-2019-15618,Broken Authentication,Medium,4.7,FIN-PRT-0040,Yes,Patched
VUL09450,CVE-2026-80607,SQL Injection,Medium,4.6,IT-LAP-0018,Yes,Patched
VUL09451,CVE-2018-41106,Path Traversal,Medium,5.9,LEG-MOB-0019,No,Won't Fix
VUL09452,CVE-2022-2220,Weak Password Policy,Medium,5.9,FIN-DB-0053,No,Open
VUL09453,CVE-2015-46247,Weak Password Policy,Low,3.9,ENG-PC-0082,Yes,Patched
VUL09454,CVE-2026-16846,Sensitive Data Exposure,High,8.7,FIN-PC-0114,Yes,Patched
VUL09455,CVE-2018-80457,Server-Side Request Forgery (SSRF),Critical,9.3,HR-FW-0028,No,In Progress
VUL09456,CVE-2019-52113,Cross-Site Scripting (XSS),High,7.3,FIN-RTR-0031,Yes,Closed
VUL09457,CVE-2021-65792,Remote Code Execution,Critical,9.1,IT-PRT-0016,Yes,Closed
VUL09458,CVE-2022-68556,Privilege Escalation,Medium,6.4,MKT-SW-0011,No,Won't Fix
VUL09459,CVE-2018-66242,Sensitive Data Exposure,Medium,6.3,ENG-LAP-0014,No,Open
VUL09460,CVE-2017-73800,Missing Security Patch,Medium,5.0,FIN-FW-0015,No,Won't Fix
VUL09461,CVE-2016-15807,Server-Side Request Forgery (SSRF),Medium,6.0,OPS-FW-0033,No,In Progress
VUL09462,CVE-2024-83632,XML External Entity (XXE),Critical,9.7,IT-LAP-0122,No,Open
VUL09463,CVE-2022-66400,Broken Authentication,Medium,6.3,ENG-IOT-0020,No,Open
VUL09464,CVE-2015-50078,Sensitive Data Exposure,High,8.4,ENG-SRV-0092,Yes,Patched
VUL09465,CVE-2016-63312,Denial of Service,Low,1.9,LEG-DB-0104,Yes,In Progress
VUL09466,CVE-2022-28948,Path Traversal,High,7.7,HR-LAP-0085,No,Won't Fix
VUL09467,CVE-2025-72165,Server-Side Request Forgery (SSRF),Medium,6.5,ENG-PRT-0069,Yes,In Progress
VUL09468,CVE-2015-83072,Insecure Direct Object Reference,Critical,9.6,ENG-FW-0122,Yes,Patched
VUL09469,CVE-2015-54417,Command Injection,Medium,6.5,MKT-SW-0023,Yes,In Progress
VUL09470,CVE-2019-8564,Buffer Overflow,Low,3.5,OPS-PRT-0056,Yes,Patched
VUL09471,CVE-2017-4917,Weak Password Policy,Medium,5.1,FIN-SW-0061,Yes,Closed
VUL09472,CVE-2015-17991,Buffer Overflow,High,7.1,HR-PC-0103,Yes,Closed
VUL09473,CVE-2023-36111,Outdated SSL/TLS Configuration,Low,1.9,SAL-MOB-0127,Yes,Closed
VUL09474,CVE-2026-98973,Outdated SSL/TLS Configuration,High,8.6,OPS-RTR-0009,Yes,Closed
VUL09475,CVE-2022-62676,Security Misconfiguration,Low,3.6,OPS-IOT-0064,No,In Progress
VUL09476,CVE-2016-36267,Security Misconfiguration,Medium,6.6,ENG-DB-0095,Yes,In Progress
VUL09477,CVE-2017-91493,Open Redirect,High,8.9,IT-SW-0117,Yes,Patched
VUL09478,CVE-2017-80081,Command Injection,Low,3.2,LEG-MOB-0096,No,In Progress
VUL09479,CVE-2016-47990,Weak Password Policy,Critical,9.8,ENG-FW-0056,Yes,Patched
VUL09480,CVE-2024-20717,Buffer Overflow,High,7.4,HR-SRV-0048,No,In Progress
VUL09481,CVE-2022-95995,XML External Entity (XXE),Low,1.8,HR-LAP-0075,Yes,Closed
VUL09482,CVE-2015-28604,Path Traversal,Medium,5.4,HR-PC-0039,Yes,Closed
VUL09483,CVE-2020-44706,Broken Authentication,Low,2.4,ENG-LAP-0097,Yes,In Progress
VUL09484,CVE-2016-70664,Insecure Deserialization,Medium,5.3,IT-MOB-0114,Yes,Patched
VUL09485,CVE-2025-50643,Missing Security Patch,Medium,5.3,SAL-SW-0011,No,In Progress
VUL09486,CVE-2021-10421,Weak Password Policy,Medium,6.9,OPS-RTR-0032,No,Open
VUL09487,CVE-2025-63234,SQL Injection,Low,3.5,IT-PRT-0030,Yes,In Progress
VUL09488,CVE-2015-8080,Buffer Overflow,High,7.1,OPS-MOB-0104,No,In Progress
VUL09489,CVE-2020-85834,Command Injection,Medium,6.4,OPS-SW-0052,No,In Progress
VUL09490,CVE-2016-34198,Remote Code Execution,Medium,6.7,HR-FW-0132,Yes,Patched
VUL09491,CVE-2017-84994,Weak Password Policy,Medium,5.5,IT-PRT-0040,Yes,In Progress
VUL09492,CVE-2015-23586,XML External Entity (XXE),Medium,6.6,SAL-MOB-0049,Yes,Patched
VUL09493,CVE-2023-47038,XML External Entity (XXE),Critical,9.4,SAL-DB-0071,No,Open
VUL09494,CVE-2024-28727,Weak Password Policy,Critical,10.0,ENG-MOB-0131,No,Open
VUL09495,CVE-2026-37273,Security Misconfiguration,Medium,5.9,FIN-FW-0062,Yes,Closed
VUL09496,CVE-2018-63116,Privilege Escalation,Low,2.3,FIN-PC-0013,Yes,In Progress
VUL09497,CVE-2023-36939,Path Traversal,Medium,4.5,ENG-DB-0075,Yes,Closed
VUL09498,CVE-2020-2827,Broken Authentication,Low,3.4,LEG-DB-0084,Yes,Closed
VUL09499,CVE-2026-96621,Outdated SSL/TLS Configuration,Critical,9.5,OPS-SRV-0062,Yes,Closed
VUL09500,CVE-2016-54337,Privilege Escalation,Medium,4.4,LEG-PC-0116,No,Won't Fix
VUL09501,CVE-2016-24381,Security Misconfiguration,Medium,4.0,OPS-SW-0084,Yes,Closed
VUL09502,CVE-2019-95862,Weak Password Policy,Critical,9.4,LEG-FW-0082,Yes,Closed
VUL09503,CVE-2020-6782,Missing Security Patch,Medium,4.4,MKT-RTR-0068,Yes,Closed
VUL09504,CVE-2023-97653,Server-Side Request Forgery (SSRF),High,7.7,ENG-SW-0086,No,Won't Fix
VUL09505,CVE-2022-22824,Remote Code Execution,Medium,4.2,HR-FW-0001,No,In Progress
VUL09506,CVE-2026-33452,XML External Entity (XXE),High,8.3,LEG-LAP-0045,No,In Progress
VUL09507,CVE-2025-20057,Insecure Deserialization,Critical,9.1,IT-LAP-0006,Yes,In Progress
VUL09508,CVE-2021-78965,Insecure Deserialization,High,8.6,IT-MOB-0002,Yes,In Progress
VUL09509,CVE-2026-1320,Insecure Direct Object Reference,Low,0.7,IT-PRT-0105,No,Won't Fix
VUL09510,CVE-2017-45178,Unpatched Software,Medium,5.2,SAL-IOT-0071,Yes,In Progress
VUL09511,CVE-2023-13367,Denial of Service,Critical,9.6,HR-SW-0081,Yes,Closed
VUL09512,CVE-2019-32011,Security Misconfiguration,High,8.0,ENG-IOT-0063,Yes,Patched
VUL09513,CVE-2022-7794,Broken Authentication,Low,3.8,IT-DB-0010,No,Won't Fix
VUL09514,CVE-2025-49574,Missing Security Patch,Medium,5.1,OPS-IOT-0091,Yes,In Progress
VUL09515,CVE-2025-83864,Outdated SSL/TLS Configuration,High,7.9,SAL-SRV-0061,Yes,In Progress
VUL09516,CVE-2017-17400,SQL Injection,Low,2.5,HR-IOT-0012,Yes,Closed
VUL09517,CVE-2026-2360,Unpatched Software,Medium,6.0,LEG-DB-0102,No,Open
VUL09518,CVE-2018-52019,Outdated SSL/TLS Configuration,High,7.7,LEG-FW-0056,Yes,Patched
VUL09519,CVE-2023-83023,Insecure Deserialization,High,8.2,SAL-SW-0007,No,Open
VUL09520,CVE-2026-33619,Privilege Escalation,Medium,5.1,MKT-PC-0017,Yes,In Progress
VUL09521,CVE-2016-13422,Cross-Site Scripting (XSS),Medium,5.4,OPS-MOB-0081,No,Won't Fix
VUL09522,CVE-2022-51106,Command Injection,High,7.7,SAL-PRT-0073,Yes,In Progress
VUL09523,CVE-2023-11576,Security Misconfiguration,High,7.3,SAL-PRT-0062,Yes,In Progress
VUL09524,CVE-2022-55453,Buffer Overflow,Medium,5.3,FIN-SW-0125,Yes,Closed
VUL09525,CVE-2019-38187,Sensitive Data Exposure,High,7.8,IT-FW-0105,Yes,Patched
VUL09526,CVE-2017-44096,Broken Authentication,Low,1.8,FIN-FW-0066,No,Won't Fix
VUL09527,CVE-2025-21262,Broken Authentication,Medium,6.8,ENG-FW-0131,Yes,In Progress
VUL09528,CVE-2021-58485,Privilege Escalation,Medium,6.8,MKT-SRV-0115,Yes,Patched
VUL09529,CVE-2019-20858,Security Misconfiguration,Medium,4.3,IT-DB-0019,No,Won't Fix
VUL09530,CVE-2022-4030,Server-Side Request Forgery (SSRF),Medium,6.1,SAL-SRV-0074,Yes,In Progress
VUL09531,CVE-2019-90980,XML External Entity (XXE),Low,1.2,ENG-PRT-0078,Yes,In Progress
VUL09532,CVE-2025-27248,Security Misconfiguration,High,7.5,OPS-SRV-0054,No,In Progress
VUL09533,CVE-2017-15307,Cross-Site Scripting (XSS),Critical,9.9,LEG-IOT-0025,Yes,Patched
VUL09534,CVE-2018-27494,XML External Entity (XXE),High,8.6,SAL-FW-0112,No,Won't Fix
VUL09535,CVE-2019-62541,Security Misconfiguration,Low,1.5,ENG-PC-0058,Yes,Patched
VUL09536,CVE-2015-88102,XML External Entity (XXE),Medium,5.7,IT-RTR-0066,No,Open
VUL09537,CVE-2021-84106,Broken Authentication,Low,2.9,SAL-RTR-0053,No,In Progress
VUL09538,CVE-2024-62993,Weak Password Policy,High,8.3,IT-PC-0090,No,Open
VUL09539,CVE-2019-97292,Privilege Escalation,Low,0.4,SAL-SW-0028,No,Open
VUL09540,CVE-2016-43984,Missing Security Patch,Medium,5.4,SAL-MOB-0007,No,Open
VUL09541,CVE-2024-90260,Server-Side Request Forgery (SSRF),Medium,6.7,MKT-LAP-0007,Yes,Closed
VUL09542,CVE-2019-96082,XML External Entity (XXE),Medium,5.0,SAL-FW-0099,No,Open
VUL09543,CVE-2021-56862,Insecure Deserialization,Medium,6.8,LEG-SW-0018,Yes,Closed
VUL09544,CVE-2022-71329,Outdated SSL/TLS Configuration,Medium,5.0,HR-MOB-0015,Yes,Closed
VUL09545,CVE-2025-34228,Denial of Service,Critical,9.5,HR-DB-0109,Yes,In Progress
VUL09546,CVE-2022-86630,Insecure Deserialization,High,7.8,IT-RTR-0085,No,Open
VUL09547,CVE-2021-7663,Sensitive Data Exposure,High,8.6,IT-FW-0084,No,Open
VUL09548,CVE-2018-70963,Insecure Direct Object Reference,High,8.1,MKT-PC-0007,No,Open
VUL09549,CVE-2022-48338,Remote Code Execution,Critical,9.9,SAL-FW-0119,Yes,In Progress
VUL09550,CVE-2026-30814,Unpatched Software,Low,0.5,HR-DB-0060,No,In Progress
VUL09551,CVE-2020-27590,Outdated SSL/TLS Configuration,Medium,4.2,OPS-PRT-0093,No,In Progress
VUL09552,CVE-2019-3290,Sensitive Data Exposure,High,8.1,FIN-PC-0030,Yes,Closed
VUL09553,CVE-2022-65328,Open Redirect,Medium,6.5,HR-DB-0023,No,Won't Fix
VUL09554,CVE-2025-58946,XML External Entity (XXE),High,8.1,IT-LAP-0053,Yes,Patched
VUL09555,CVE-2020-21969,Cross-Site Scripting (XSS),Medium,6.2,MKT-DB-0114,No,Open
VUL09556,CVE-2025-3802,Missing Security Patch,Medium,5.3,LEG-IOT-0085,No,In Progress
VUL09557,CVE-2021-39298,Server-Side Request Forgery (SSRF),Medium,5.8,HR-SRV-0063,Yes,Patched
VUL09558,CVE-2026-78048,Security Misconfiguration,Medium,6.5,SAL-RTR-0049,No,Open
VUL09559,CVE-2016-25885,Insecure Direct Object Reference,Critical,9.7,ENG-SRV-0052,Yes,Closed
VUL09560,CVE-2019-8349,Server-Side Request Forgery (SSRF),High,7.8,HR-PC-0122,Yes,Closed
VUL09561,CVE-2022-98316,Missing Security Patch,Low,3.2,IT-DB-0011,Yes,Closed
VUL09562,CVE-2026-75528,Sensitive Data Exposure,High,8.8,HR-PRT-0006,Yes,Patched
VUL09563,CVE-2019-4126,XML External Entity (XXE),High,8.1,FIN-SW-0054,No,Open
VUL09564,CVE-2018-40665,Denial of Service,High,7.4,LEG-LAP-0066,Yes,In Progress
VUL09565,CVE-2026-48763,Security Misconfiguration,Low,0.7,LEG-IOT-0055,No,In Progress
VUL09566,CVE-2015-14508,Unpatched Software,High,7.0,SAL-RTR-0113,No,Won't Fix
VUL09567,CVE-2024-1982,Privilege Escalation,High,8.5,MKT-FW-0065,Yes,Closed
VUL09568,CVE-2017-62564,Remote Code Execution,Medium,5.9,FIN-PC-0018,No,Open
VUL09569,CVE-2022-78660,Path Traversal,Medium,4.9,ENG-FW-0062,No,Open
VUL09570,CVE-2017-91955,Command Injection,Medium,6.4,OPS-SRV-0086,Yes,In Progress
VUL09571,CVE-2021-95178,Unpatched Software,Critical,9.5,LEG-RTR-0098,No,Won't Fix
VUL09572,CVE-2022-32480,Weak Password Policy,High,7.8,FIN-PRT-0098,Yes,In Progress
VUL09573,CVE-2023-43196,Outdated SSL/TLS Configuration,Medium,6.6,SAL-DB-0016,No,Open
VUL09574,CVE-2015-78961,Cross-Site Scripting (XSS),High,7.2,HR-MOB-0040,Yes,Patched
VUL09575,CVE-2025-29835,Cross-Site Scripting (XSS),Medium,4.4,OPS-SRV-0044,No,Won't Fix
VUL09576,CVE-2021-88912,Server-Side Request Forgery (SSRF),Medium,5.3,HR-LAP-0004,Yes,Patched
VUL09577,CVE-2026-62185,SQL Injection,Medium,6.6,MKT-IOT-0038,No,Open
VUL09578,CVE-2026-57748,Denial of Service,Low,1.3,FIN-SRV-0066,No,Won't Fix
VUL09579,CVE-2024-27517,Unpatched Software,High,8.7,SAL-SW-0087,No,Won't Fix
VUL09580,CVE-2021-77305,Missing Security Patch,Medium,5.8,IT-MOB-0090,No,Open
VUL09581,CVE-2017-51145,Security Misconfiguration,High,8.8,FIN-DB-0061,Yes,In Progress
VUL09582,CVE-2023-3174,Denial of Service,Medium,5.0,MKT-PC-0125,No,In Progress
VUL09583,CVE-2023-60601,Insecure Deserialization,Low,3.3,ENG-DB-0029,Yes,Patched
VUL09584,CVE-2023-3457,Denial of Service,High,8.7,ENG-FW-0131,Yes,Closed
VUL09585,CVE-2023-1083,Open Redirect,Medium,5.1,ENG-RTR-0062,Yes,In Progress
VUL09586,CVE-2023-45487,Denial of Service,High,7.4,HR-DB-0044,Yes,In Progress
VUL09587,CVE-2020-34855,Missing Security Patch,Low,2.5,ENG-RTR-0087,No,Won't Fix
VUL09588,CVE-2023-62658,Remote Code Execution,High,7.4,LEG-LAP-0090,Yes,Patched
VUL09589,CVE-2021-62817,Remote Code Execution,Medium,4.5,SAL-SW-0060,Yes,Closed
VUL09590,CVE-2024-44997,Cross-Site Scripting (XSS),High,7.3,SAL-PRT-0019,No,In Progress
VUL09591,CVE-2022-94675,Open Redirect,Medium,4.1,OPS-SRV-0096,Yes,In Progress
VUL09592,CVE-2021-6149,Cross-Site Scripting (XSS),Critical,9.6,SAL-FW-0028,No,Open
VUL09593,CVE-2018-92113,Path Traversal,Low,1.2,ENG-RTR-0002,Yes,Closed
VUL09594,CVE-2021-26037,Weak Password Policy,Medium,5.5,OPS-SW-0002,Yes,Closed
VUL09595,CVE-2017-33474,Cross-Site Scripting (XSS),Low,3.0,ENG-PRT-0058,Yes,Closed
VUL09596,CVE-2018-25072,Remote Code Execution,Low,2.6,MKT-FW-0002,No,In Progress
VUL09597,CVE-2023-15361,Open Redirect,Medium,6.8,IT-RTR-0115,Yes,Closed
VUL09598,CVE-2025-28579,Open Redirect,Low,0.9,FIN-RTR-0004,No,Won't Fix
VUL09599,CVE-2015-3291,Path Traversal,High,7.7,IT-PRT-0067,Yes,Patched
VUL09600,CVE-2016-39175,Denial of Service,Low,0.4,MKT-MOB-0047,Yes,Patched
VUL09601,CVE-2016-47992,Missing Security Patch,High,8.7,SAL-DB-0019,Yes,In Progress
VUL09602,CVE-2019-98750,Path Traversal,Medium,6.4,OPS-SRV-0073,Yes,Patched
VUL09603,CVE-2019-56111,Path Traversal,Medium,6.5,ENG-LAP-0040,Yes,Closed
VUL09604,CVE-2022-96369,Broken Authentication,Medium,4.9,LEG-FW-0057,Yes,Closed
VUL09605,CVE-2018-76155,Server-Side Request Forgery (SSRF),High,8.6,HR-MOB-0082,Yes,Patched
VUL09606,CVE-2021-47911,Path Traversal,Medium,5.1,HR-PC-0047,Yes,Patched
VUL09607,CVE-2022-85627,Sensitive Data Exposure,Low,2.3,IT-LAP-0099,Yes,Patched
VUL09608,CVE-2017-59576,Command Injection,High,7.9,IT-SW-0095,Yes,In Progress
VUL09609,CVE-2024-80303,Weak Password Policy,High,8.2,ENG-PC-0071,Yes,In Progress
VUL09610,CVE-2026-39464,Denial of Service,High,7.4,MKT-FW-0113,Yes,Patched
VUL09611,CVE-2016-23051,Cross-Site Scripting (XSS),Medium,4.1,MKT-LAP-0008,No,In Progress
VUL09612,CVE-2022-82653,Path Traversal,Medium,5.6,OPS-SRV-0016,No,Won't Fix
VUL09613,CVE-2018-10020,XML External Entity (XXE),Critical,9.6,LEG-SW-0090,Yes,Patched
VUL09614,CVE-2018-45843,Insecure Direct Object Reference,Critical,9.8,OPS-RTR-0078,No,Open
VUL09615,CVE-2016-9678,Insecure Direct Object Reference,Low,0.9,HR-FW-0057,Yes,Patched
VUL09616,CVE-2025-97083,XML External Entity (XXE),Medium,4.5,MKT-FW-0078,Yes,In Progress
VUL09617,CVE-2021-87445,Server-Side Request Forgery (SSRF),Medium,6.6,SAL-DB-0057,Yes,In Progress
VUL09618,CVE-2026-28189,Security Misconfiguration,Medium,4.5,ENG-SRV-0057,No,In Progress
VUL09619,CVE-2021-84965,Open Redirect,High,7.6,SAL-IOT-0029,Yes,Patched
VUL09620,CVE-2018-35369,Unpatched Software,Medium,6.2,FIN-FW-0025,No,Won't Fix
VUL09621,CVE-2021-53892,Denial of Service,Low,0.5,MKT-MOB-0018,Yes,In Progress
VUL09622,CVE-2026-46817,Open Redirect,High,7.7,ENG-PRT-0085,Yes,Closed
VUL09623,CVE-2017-33669,Unpatched Software,Low,2.5,ENG-RTR-0047,Yes,Patched
VUL09624,CVE-2016-41188,Unpatched Software,Low,1.2,ENG-MOB-0025,Yes,Patched
VUL09625,CVE-2020-74413,Command Injection,Low,3.3,MKT-PRT-0070,Yes,Closed
VUL09626,CVE-2019-34699,SQL Injection,High,8.6,ENG-RTR-0033,No,In Progress
VUL09627,CVE-2017-41324,Cross-Site Scripting (XSS),Medium,5.3,LEG-DB-0034,Yes,Closed
VUL09628,CVE-2026-30058,XML External Entity (XXE),Medium,4.3,OPS-PRT-0052,Yes,In Progress
VUL09629,CVE-2017-12060,Security Misconfiguration,Medium,5.9,SAL-SRV-0138,No,Won't Fix
VUL09630,CVE-2025-80917,Broken Authentication,High,8.8,FIN-MOB-0134,Yes,Patched
VUL09631,CVE-2021-79631,Outdated SSL/TLS Configuration,Medium,4.9,IT-DB-0048,Yes,In Progress
VUL09632,CVE-2022-82396,Buffer Overflow,Low,3.4,ENG-PC-0091,Yes,Closed
VUL09633,CVE-2015-4655,Server-Side Request Forgery (SSRF),Low,3.8,LEG-IOT-0059,Yes,Patched
VUL09634,CVE-2018-83001,Privilege Escalation,Medium,4.3,ENG-LAP-0102,No,Won't Fix
VUL09635,CVE-2017-77306,Insecure Deserialization,High,8.7,IT-RTR-0110,Yes,Closed
VUL09636,CVE-2016-7696,Weak Password Policy,Medium,4.1,OPS-SW-0092,Yes,Patched
VUL09637,CVE-2024-57832,Weak Password Policy,Medium,4.9,SAL-MOB-0112,No,Won't Fix
VUL09638,CVE-2018-4613,Server-Side Request Forgery (SSRF),Medium,5.4,ENG-PC-0037,Yes,Patched
VUL09639,CVE-2020-44939,Insecure Deserialization,Medium,6.2,MKT-FW-0088,Yes,Patched
VUL09640,CVE-2019-45123,XML External Entity (XXE),Medium,4.8,LEG-IOT-0035,Yes,In Progress
VUL09641,CVE-2015-51182,Outdated SSL/TLS Configuration,Medium,4.9,HR-LAP-0086,Yes,Closed
VUL09642,CVE-2015-41718,Insecure Deserialization,Medium,5.8,FIN-SW-0005,Yes,In Progress
VUL09643,CVE-2018-68203,Path Traversal,High,8.5,OPS-IOT-0045,No,Open
VUL09644,CVE-2019-44682,Sensitive Data Exposure,Low,0.6,OPS-SW-0127,Yes,Patched
VUL09645,CVE-2025-74401,SQL Injection,Medium,6.7,OPS-FW-0071,Yes,Patched
VUL09646,CVE-2026-57311,SQL Injection,Medium,6.4,ENG-PRT-0077,Yes,Closed
VUL09647,CVE-2017-19660,Broken Authentication,Critical,9.1,LEG-PC-0010,Yes,In Progress
VUL09648,CVE-2026-44095,Buffer Overflow,High,8.9,ENG-MOB-0014,Yes,Closed
VUL09649,CVE-2017-67317,Missing Security Patch,Critical,9.2,MKT-RTR-0006,Yes,Closed
VUL09650,CVE-2017-87011,Buffer Overflow,High,8.0,LEG-FW-0092,No,In Progress
VUL09651,CVE-2015-7894,Unpatched Software,High,7.9,MKT-RTR-0012,Yes,Patched
VUL09652,CVE-2024-35096,Path Traversal,Critical,9.5,HR-PC-0074,Yes,Closed
VUL09653,CVE-2025-56418,Command Injection,Low,1.9,ENG-FW-0019,No,In Progress
VUL09654,CVE-2026-53017,Buffer Overflow,Medium,5.7,ENG-SW-0016,No,Won't Fix
VUL09655,CVE-2016-9090,Open Redirect,Medium,5.7,ENG-DB-0042,Yes,Patched
VUL09656,CVE-2023-43900,Sensitive Data Exposure,Medium,5.6,FIN-SW-0006,Yes,Closed
VUL09657,CVE-2018-21193,Sensitive Data Exposure,Medium,5.7,MKT-PRT-0084,Yes,Patched
VUL09658,CVE-2021-87830,Denial of Service,High,8.1,FIN-DB-0083,No,Won't Fix
VUL09659,CVE-2015-88635,Command Injection,Medium,5.5,ENG-PRT-0062,Yes,Closed
VUL09660,CVE-2023-73348,Open Redirect,High,8.3,HR-FW-0142,Yes,In Progress
VUL09661,CVE-2017-49536,Path Traversal,High,8.9,OPS-DB-0066,No,In Progress
VUL09662,CVE-2023-72324,Insecure Deserialization,Low,0.3,OPS-LAP-0114,Yes,Closed
VUL09663,CVE-2015-10711,Weak Password Policy,High,7.2,ENG-MOB-0106,Yes,Patched
VUL09664,CVE-2019-75188,Remote Code Execution,Medium,4.2,OPS-LAP-0015,No,Open
VUL09665,CVE-2022-56270,Server-Side Request Forgery (SSRF),High,8.7,OPS-IOT-0067,No,Won't Fix
VUL09666,CVE-2026-40506,Unpatched Software,Medium,6.2,OPS-FW-0040,Yes,In Progress
VUL09667,CVE-2017-85655,Unpatched Software,High,7.1,MKT-SW-0013,Yes,Patched
VUL09668,CVE-2016-94040,Sensitive Data Exposure,Low,2.7,LEG-FW-0091,Yes,Closed
VUL09669,CVE-2019-54545,XML External Entity (XXE),High,7.8,MKT-MOB-0083,Yes,Closed
VUL09670,CVE-2026-27510,Sensitive Data Exposure,High,7.6,IT-SRV-0095,No,Open
VUL09671,CVE-2026-60497,Privilege Escalation,Medium,6.1,HR-SRV-0060,No,Open
VUL09672,CVE-2022-90195,Insecure Deserialization,Low,3.7,LEG-SW-0088,No,Open
VUL09673,CVE-2019-58984,Weak Password Policy,High,7.6,LEG-RTR-0102,No,Open
VUL09674,CVE-2022-37039,Command Injection,Medium,4.3,IT-IOT-0006,Yes,Closed
VUL09675,CVE-2020-95234,Broken Authentication,High,8.8,MKT-SW-0102,Yes,Patched
VUL09676,CVE-2023-81000,Open Redirect,High,7.2,OPS-IOT-0112,Yes,Closed
VUL09677,CVE-2023-20135,Sensitive Data Exposure,Medium,5.4,IT-LAP-0034,Yes,Patched
VUL09678,CVE-2025-43926,Server-Side Request Forgery (SSRF),Low,0.6,FIN-PRT-0067,Yes,In Progress
VUL09679,CVE-2015-12789,Outdated SSL/TLS Configuration,Medium,4.4,HR-MOB-0089,Yes,In Progress
VUL09680,CVE-2020-4261,Buffer Overflow,Medium,5.4,MKT-DB-0008,Yes,In Progress
VUL09681,CVE-2018-65369,Weak Password Policy,Critical,9.2,LEG-FW-0061,Yes,Closed
VUL09682,CVE-2021-37091,Server-Side Request Forgery (SSRF),High,7.0,MKT-LAP-0057,Yes,Closed
VUL09683,CVE-2023-98755,XML External Entity (XXE),Medium,4.2,IT-SRV-0130,Yes,Patched
VUL09684,CVE-2020-48873,Outdated SSL/TLS Configuration,High,7.4,HR-SW-0124,Yes,In Progress
VUL09685,CVE-2025-59263,Cross-Site Scripting (XSS),Low,1.0,OPS-SRV-0089,Yes,In Progress
VUL09686,CVE-2017-6398,Insecure Deserialization,Low,1.7,OPS-DB-0004,Yes,Closed
VUL09687,CVE-2023-30987,Buffer Overflow,High,7.8,SAL-MOB-0084,Yes,In Progress
VUL09688,CVE-2019-82960,Weak Password Policy,Medium,5.8,LEG-SW-0033,Yes,Patched
VUL09689,CVE-2019-5490,Unpatched Software,Medium,4.4,ENG-MOB-0098,No,Won't Fix
VUL09690,CVE-2021-95342,Insecure Direct Object Reference,High,7.8,IT-MOB-0008,No,In Progress
VUL09691,CVE-2020-21734,Open Redirect,Low,1.5,OPS-SW-0098,Yes,Closed
VUL09692,CVE-2016-38160,Path Traversal,Critical,9.5,SAL-LAP-0070,Yes,Patched
VUL09693,CVE-2024-68344,XML External Entity (XXE),Medium,4.1,FIN-FW-0036,Yes,In Progress
VUL09694,CVE-2025-30015,Path Traversal,High,7.8,HR-MOB-0082,Yes,Closed
VUL09695,CVE-2015-48780,XML External Entity (XXE),Low,2.2,MKT-MOB-0004,Yes,Patched
VUL09696,CVE-2023-22286,Insecure Deserialization,High,7.4,SAL-LAP-0033,No,Won't Fix
VUL09697,CVE-2024-95755,Outdated SSL/TLS Configuration,High,8.5,SAL-LAP-0030,Yes,Patched
VUL09698,CVE-2019-14606,SQL Injection,Low,3.6,MKT-SW-0031,No,Open
VUL09699,CVE-2020-45040,Command Injection,High,7.4,ENG-RTR-0078,No,In Progress
VUL09700,CVE-2020-72696,Security Misconfiguration,Medium,5.0,OPS-IOT-0028,Yes,In Progress
VUL09701,CVE-2022-95940,Unpatched Software,High,7.7,MKT-SRV-0061,No,Open
VUL09702,CVE-2019-27092,Server-Side Request Forgery (SSRF),Low,1.2,IT-SW-0110,No,In Progress
VUL09703,CVE-2022-86517,Outdated SSL/TLS Configuration,Low,0.4,IT-PRT-0009,Yes,Patched
VUL09704,CVE-2019-88736,Missing Security Patch,High,8.8,OPS-PC-0070,Yes,Patched
VUL09705,CVE-2016-89850,SQL Injection,Critical,9.8,LEG-FW-0115,No,Open
VUL09706,CVE-2022-27349,Privilege Escalation,Low,2.9,FIN-DB-0096,No,Won't Fix
VUL09707,CVE-2021-97976,Buffer Overflow,Critical,9.2,SAL-RTR-0111,Yes,Closed
VUL09708,CVE-2023-9971,Server-Side Request Forgery (SSRF),Low,1.2,OPS-SRV-0095,No,Open
VUL09709,CVE-2015-3043,Broken Authentication,Medium,6.0,LEG-MOB-0026,Yes,Closed
VUL09710,CVE-2019-92390,Unpatched Software,Medium,5.5,ENG-DB-0021,Yes,Patched
VUL09711,CVE-2017-6649,Weak Password Policy,Medium,6.2,IT-FW-0014,Yes,Closed
VUL09712,CVE-2020-22646,Missing Security Patch,Medium,5.3,OPS-FW-0025,No,Won't Fix
VUL09713,CVE-2021-60796,Path Traversal,Medium,4.7,SAL-PRT-0127,Yes,In Progress
VUL09714,CVE-2023-27632,Sensitive Data Exposure,Low,0.8,FIN-PRT-0082,No,Won't Fix
VUL09715,CVE-2023-34561,Sensitive Data Exposure,Low,1.3,IT-MOB-0122,No,In Progress
VUL09716,CVE-2024-92194,Security Misconfiguration,Medium,6.7,MKT-DB-0106,Yes,Closed
VUL09717,CVE-2019-59160,Command Injection,Medium,4.9,OPS-LAP-0060,Yes,In Progress
VUL09718,CVE-2022-41478,Privilege Escalation,Low,0.5,LEG-RTR-0104,Yes,Patched
VUL09719,CVE-2019-15699,Privilege Escalation,Critical,9.8,LEG-FW-0065,No,Won't Fix
VUL09720,CVE-2015-30184,Insecure Deserialization,Low,2.9,OPS-PRT-0008,No,In Progress
VUL09721,CVE-2015-30829,Command Injection,High,8.1,ENG-PRT-0057,Yes,In Progress
VUL09722,CVE-2015-81332,Privilege Escalation,High,7.3,MKT-DB-0046,No,In Progress
VUL09723,CVE-2019-14861,Cross-Site Scripting (XSS),High,7.8,SAL-RTR-0100,Yes,Patched
VUL09724,CVE-2015-91902,Broken Authentication,High,7.8,SAL-IOT-0050,Yes,In Progress
VUL09725,CVE-2024-50201,Open Redirect,Low,3.6,MKT-IOT-0096,No,In Progress
VUL09726,CVE-2018-5819,Path Traversal,Low,1.4,FIN-RTR-0002,Yes,In Progress
VUL09727,CVE-2016-45922,Broken Authentication,Medium,6.0,ENG-SW-0078,No,Open
VUL09728,CVE-2016-64727,Security Misconfiguration,Medium,5.3,ENG-SW-0099,No,Won't Fix
VUL09729,CVE-2026-91119,Sensitive Data Exposure,Critical,9.1,IT-SW-0134,Yes,Closed
VUL09730,CVE-2024-84966,Insecure Direct Object Reference,Medium,4.5,SAL-SRV-0047,No,In Progress
VUL09731,CVE-2019-70787,Buffer Overflow,Medium,6.5,ENG-MOB-0103,No,Won't Fix
VUL09732,CVE-2019-96336,Open Redirect,Medium,6.2,FIN-SRV-0045,Yes,Closed
VUL09733,CVE-2020-24029,Outdated SSL/TLS Configuration,Critical,9.9,ENG-FW-0029,Yes,Patched
VUL09734,CVE-2022-31701,Insecure Deserialization,High,7.6,OPS-PC-0028,Yes,Closed
VUL09735,CVE-2020-48358,Remote Code Execution,Medium,5.6,OPS-MOB-0049,No,In Progress
VUL09736,CVE-2024-63311,Command Injection,Low,3.2,LEG-SW-0052,No,Open
VUL09737,CVE-2017-46756,Outdated SSL/TLS Configuration,Critical,9.9,HR-RTR-0014,No,Won't Fix
VUL09738,CVE-2021-68049,Security Misconfiguration,High,7.9,OPS-PC-0138,No,In Progress
VUL09739,CVE-2019-36421,Command Injection,Low,0.3,HR-LAP-0079,Yes,Patched
VUL09740,CVE-2022-4960,Insecure Deserialization,Medium,6.0,HR-DB-0096,No,Open
VUL09741,CVE-2016-32049,SQL Injection,Medium,6.8,ENG-RTR-0056,Yes,In Progress
VUL09742,CVE-2015-33266,Missing Security Patch,Medium,4.5,MKT-FW-0065,Yes,In Progress
VUL09743,CVE-2025-23347,Security Misconfiguration,Medium,4.2,ENG-MOB-0027,No,In Progress
VUL09744,CVE-2021-13952,Cross-Site Scripting (XSS),High,7.6,MKT-FW-0090,No,Open
VUL09745,CVE-2018-26449,Security Misconfiguration,Medium,6.5,HR-PRT-0066,No,Won't Fix
VUL09746,CVE-2019-28340,Unpatched Software,High,8.4,ENG-PC-0022,Yes,In Progress
VUL09747,CVE-2026-58367,Buffer Overflow,Critical,10.0,OPS-FW-0072,Yes,Closed
VUL09748,CVE-2023-33642,Remote Code Execution,Low,0.9,LEG-SW-0102,No,Open
VUL09749,CVE-2026-36752,Privilege Escalation,Critical,9.0,SAL-SW-0076,Yes,In Progress
VUL09750,CVE-2026-69602,Denial of Service,Low,1.8,OPS-PRT-0038,Yes,Closed
VUL09751,CVE-2025-68492,Path Traversal,Low,3.6,FIN-SRV-0112,No,Won't Fix
VUL09752,CVE-2026-90098,Outdated SSL/TLS Configuration,High,7.8,FIN-LAP-0053,No,Won't Fix
VUL09753,CVE-2020-4496,Command Injection,Low,2.5,ENG-MOB-0060,No,Open
VUL09754,CVE-2020-79044,Security Misconfiguration,Low,3.1,MKT-LAP-0086,No,In Progress
VUL09755,CVE-2026-14631,XML External Entity (XXE),Medium,4.5,FIN-PRT-0007,Yes,Closed
VUL09756,CVE-2019-39679,Privilege Escalation,Medium,5.3,ENG-LAP-0052,No,In Progress
VUL09757,CVE-2025-51238,Missing Security Patch,Low,0.8,ENG-PC-0025,Yes,In Progress
VUL09758,CVE-2021-7721,Buffer Overflow,Low,0.5,FIN-LAP-0098,Yes,In Progress
VUL09759,CVE-2020-71938,Outdated SSL/TLS Configuration,Medium,6.8,OPS-RTR-0114,No,In Progress
VUL09760,CVE-2015-3962,Insecure Direct Object Reference,Critical,9.6,SAL-MOB-0043,Yes,Patched
VUL09761,CVE-2022-27485,Remote Code Execution,High,7.8,HR-LAP-0045,No,In Progress
VUL09762,CVE-2023-46896,Missing Security Patch,Medium,6.8,FIN-IOT-0125,No,In Progress
VUL09763,CVE-2025-80367,Insecure Deserialization,High,7.1,MKT-PC-0070,Yes,In Progress
VUL09764,CVE-2018-88349,Broken Authentication,High,8.0,ENG-IOT-0084,Yes,Closed
VUL09765,CVE-2016-98857,Privilege Escalation,Medium,6.8,FIN-PC-0050,Yes,In Progress
VUL09766,CVE-2018-7285,Server-Side Request Forgery (SSRF),Medium,5.9,IT-PC-0075,Yes,Patched
VUL09767,CVE-2020-49376,Missing Security Patch,Medium,5.1,MKT-SRV-0021,No,Open
VUL09768,CVE-2021-88394,Open Redirect,Medium,6.8,SAL-LAP-0091,Yes,In Progress
VUL09769,CVE-2025-9690,Buffer Overflow,Medium,5.6,MKT-SW-0019,Yes,In Progress
VUL09770,CVE-2020-79630,Buffer Overflow,Medium,4.0,IT-LAP-0070,No,In Progress
VUL09771,CVE-2022-35309,Buffer Overflow,Critical,9.6,LEG-PRT-0055,No,In Progress
VUL09772,CVE-2017-21618,Unpatched Software,Medium,5.9,MKT-DB-0125,Yes,In Progress
VUL09773,CVE-2020-48846,Path Traversal,High,8.1,HR-SW-0025,Yes,Closed
VUL09774,CVE-2023-69565,SQL Injection,Critical,9.3,OPS-PC-0115,Yes,Patched
VUL09775,CVE-2024-18474,Remote Code Execution,Medium,5.0,SAL-DB-0060,No,Open
VUL09776,CVE-2017-46771,Buffer Overflow,High,8.0,MKT-RTR-0069,Yes,In Progress
VUL09777,CVE-2026-83947,Remote Code Execution,High,8.5,OPS-FW-0058,No,Won't Fix
VUL09778,CVE-2020-18355,Path Traversal,High,8.2,FIN-SRV-0028,Yes,Patched
VUL09779,CVE-2025-4020,Sensitive Data Exposure,High,7.3,OPS-IOT-0010,Yes,Closed
VUL09780,CVE-2023-49755,Security Misconfiguration,Medium,5.4,LEG-RTR-0095,Yes,Closed
VUL09781,CVE-2017-61489,Path Traversal,Medium,5.3,IT-MOB-0116,No,In Progress
VUL09782,CVE-2017-31781,Server-Side Request Forgery (SSRF),Medium,4.1,LEG-PC-0097,No,Won't Fix
VUL09783,CVE-2015-62871,Broken Authentication,Low,0.1,MKT-MOB-0029,No,In Progress
VUL09784,CVE-2018-72686,Privilege Escalation,High,8.6,OPS-SRV-0065,Yes,In Progress
VUL09785,CVE-2020-89737,Unpatched Software,Medium,4.7,FIN-SRV-0096,No,Open
VUL09786,CVE-2025-48832,Command Injection,High,7.4,HR-FW-0015,No,In Progress
VUL09787,CVE-2018-94308,Path Traversal,High,8.3,MKT-FW-0118,No,Won't Fix
VUL09788,CVE-2017-81368,Weak Password Policy,Medium,6.8,FIN-MOB-0122,No,Won't Fix
VUL09789,CVE-2016-37125,Cross-Site Scripting (XSS),Low,2.6,ENG-FW-0046,No,Won't Fix
VUL09790,CVE-2018-20827,Server-Side Request Forgery (SSRF),Low,0.2,OPS-LAP-0063,Yes,In Progress
VUL09791,CVE-2017-45717,Insecure Direct Object Reference,High,7.8,FIN-PRT-0111,Yes,Closed
VUL09792,CVE-2024-64434,Insecure Deserialization,Medium,6.8,IT-SRV-0058,No,Won't Fix
VUL09793,CVE-2016-85153,Security Misconfiguration,Critical,9.7,FIN-SW-0063,Yes,In Progress
VUL09794,CVE-2021-55985,Insecure Direct Object Reference,Low,2.3,OPS-DB-0088,No,Open
VUL09795,CVE-2023-88409,Buffer Overflow,Medium,5.3,HR-FW-0095,Yes,In Progress
VUL09796,CVE-2025-45272,Broken Authentication,High,8.9,ENG-MOB-0030,No,Won't Fix
VUL09797,CVE-2026-14167,Privilege Escalation,Low,1.6,SAL-PC-0078,No,Open
VUL09798,CVE-2019-69919,SQL Injection,Medium,5.8,SAL-FW-0108,Yes,In Progress
VUL09799,CVE-2025-81327,Privilege Escalation,Medium,4.3,LEG-LAP-0091,No,In Progress
VUL09800,CVE-2026-61042,Server-Side Request Forgery (SSRF),High,8.5,OPS-PRT-0013,Yes,Closed
VUL09801,CVE-2022-11699,Privilege Escalation,High,8.1,OPS-SW-0049,No,Open
VUL09802,CVE-2017-95473,Weak Password Policy,Medium,5.2,FIN-IOT-0019,No,In Progress
VUL09803,CVE-2023-52177,Denial of Service,High,7.2,HR-LAP-0087,No,Won't Fix
VUL09804,CVE-2024-98663,Security Misconfiguration,Low,3.6,LEG-FW-0074,No,In Progress
VUL09805,CVE-2022-15289,Outdated SSL/TLS Configuration,Low,2.9,SAL-RTR-0127,Yes,Patched
VUL09806,CVE-2021-68119,Broken Authentication,Medium,6.3,FIN-PC-0115,Yes,In Progress
VUL09807,CVE-2022-48134,Sensitive Data Exposure,High,7.9,ENG-PC-0028,No,Won't Fix
VUL09808,CVE-2024-79017,Weak Password Policy,Low,3.3,HR-SRV-0061,Yes,Patched
VUL09809,CVE-2020-69587,Buffer Overflow,High,8.1,IT-DB-0065,No,In Progress
VUL09810,CVE-2026-92166,Weak Password Policy,Low,0.7,OPS-PC-0129,No,In Progress
VUL09811,CVE-2017-7214,Sensitive Data Exposure,Medium,6.2,SAL-SW-0018,No,In Progress
VUL09812,CVE-2016-3838,Missing Security Patch,Medium,6.1,MKT-SRV-0023,Yes,Closed
VUL09813,CVE-2022-80477,XML External Entity (XXE),High,7.1,ENG-MOB-0139,Yes,Closed
VUL09814,CVE-2022-11089,Outdated SSL/TLS Configuration,Medium,4.6,OPS-IOT-0101,Yes,In Progress
VUL09815,CVE-2015-51053,Command Injection,Critical,9.1,HR-MOB-0024,No,Won't Fix
VUL09816,CVE-2015-92969,Denial of Service,Medium,6.1,LEG-PC-0114,Yes,Closed
VUL09817,CVE-2020-96290,Buffer Overflow,High,7.8,HR-MOB-0063,No,Open
VUL09818,CVE-2021-13457,Cross-Site Scripting (XSS),High,8.0,IT-FW-0046,No,In Progress
VUL09819,CVE-2015-93934,Open Redirect,Medium,6.7,LEG-PRT-0112,Yes,Patched
VUL09820,CVE-2026-70191,Path Traversal,Critical,9.7,FIN-LAP-0120,Yes,Patched
VUL09821,CVE-2016-91823,Sensitive Data Exposure,High,7.4,SAL-MOB-0003,Yes,In Progress
VUL09822,CVE-2026-39175,Broken Authentication,High,7.7,LEG-SRV-0039,Yes,Closed
VUL09823,CVE-2024-25623,Buffer Overflow,Medium,5.3,HR-DB-0102,No,Won't Fix
VUL09824,CVE-2022-2893,Security Misconfiguration,High,7.7,ENG-IOT-0030,Yes,In Progress
VUL09825,CVE-2025-25744,Insecure Deserialization,Low,2.7,FIN-DB-0023,Yes,In Progress
VUL09826,CVE-2025-94792,SQL Injection,Low,3.4,SAL-SRV-0071,No,In Progress
VUL09827,CVE-2016-53244,Security Misconfiguration,High,8.4,SAL-FW-0091,No,In Progress
VUL09828,CVE-2021-96283,Remote Code Execution,High,7.4,ENG-IOT-0020,No,Won't Fix
VUL09829,CVE-2021-31599,Insecure Direct Object Reference,Low,2.2,HR-FW-0008,Yes,Patched
VUL09830,CVE-2018-61359,Missing Security Patch,Critical,9.2,MKT-LAP-0068,No,Won't Fix
VUL09831,CVE-2025-3589,Buffer Overflow,Medium,5.4,OPS-FW-0060,Yes,In Progress
VUL09832,CVE-2018-1552,Privilege Escalation,Medium,6.5,FIN-PC-0129,Yes,Closed
VUL09833,CVE-2024-29981,Cross-Site Scripting (XSS),Medium,5.2,IT-SRV-0039,Yes,Closed
VUL09834,CVE-2020-86265,Insecure Deserialization,Medium,4.2,FIN-IOT-0029,No,Open
VUL09835,CVE-2018-94412,SQL Injection,Low,1.9,SAL-PRT-0010,No,Won't Fix
VUL09836,CVE-2021-29746,Server-Side Request Forgery (SSRF),Medium,6.6,OPS-MOB-0058,Yes,In Progress
VUL09837,CVE-2019-41934,Security Misconfiguration,Critical,9.3,IT-IOT-0051,No,In Progress
VUL09838,CVE-2018-14312,Cross-Site Scripting (XSS),Medium,4.6,IT-SW-0116,Yes,Closed
VUL09839,CVE-2025-97761,Security Misconfiguration,Critical,9.8,HR-SW-0053,No,Open
VUL09840,CVE-2020-69762,Privilege Escalation,High,7.5,HR-DB-0067,Yes,In Progress
VUL09841,CVE-2024-62984,XML External Entity (XXE),Medium,5.0,ENG-SRV-0027,Yes,In Progress
VUL09842,CVE-2026-94460,Weak Password Policy,High,8.3,HR-IOT-0025,No,Open
VUL09843,CVE-2021-60632,XML External Entity (XXE),High,7.8,ENG-SW-0111,No,Won't Fix
VUL09844,CVE-2024-37141,Outdated SSL/TLS Configuration,High,8.6,IT-LAP-0002,No,Open
VUL09845,CVE-2017-93579,SQL Injection,Medium,6.6,IT-RTR-0104,Yes,In Progress
VUL09846,CVE-2021-87815,Insecure Direct Object Reference,High,7.9,HR-PC-0044,Yes,In Progress
VUL09847,CVE-2018-17423,Security Misconfiguration,High,7.4,FIN-DB-0096,No,Won't Fix
VUL09848,CVE-2020-32278,XML External Entity (XXE),Low,3.1,FIN-DB-0067,Yes,Patched
VUL09849,CVE-2023-94462,XML External Entity (XXE),Medium,4.9,FIN-PRT-0039,Yes,Closed
VUL09850,CVE-2019-40080,SQL Injection,Low,2.4,IT-SRV-0082,Yes,In Progress
VUL09851,CVE-2018-47864,Security Misconfiguration,High,7.6,ENG-LAP-0079,Yes,Closed
VUL09852,CVE-2026-65643,Buffer Overflow,Critical,9.0,OPS-FW-0020,No,In Progress
VUL09853,CVE-2023-94839,Outdated SSL/TLS Configuration,High,8.2,ENG-PC-0015,No,In Progress
VUL09854,CVE-2023-44652,Path Traversal,Medium,6.7,LEG-IOT-0071,No,Won't Fix
VUL09855,CVE-2015-47719,Privilege Escalation,Low,3.0,ENG-PC-0028,Yes,In Progress
VUL09856,CVE-2015-42437,Command Injection,Critical,9.9,OPS-PC-0114,No,Open
VUL09857,CVE-2020-23731,Broken Authentication,High,8.9,SAL-MOB-0018,Yes,Patched
VUL09858,CVE-2021-99271,Missing Security Patch,Medium,4.5,MKT-SW-0076,No,Open
VUL09859,CVE-2019-19296,Security Misconfiguration,High,8.2,HR-DB-0103,Yes,Patched
VUL09860,CVE-2026-62393,Outdated SSL/TLS Configuration,Low,3.1,ENG-FW-0138,No,In Progress
VUL09861,CVE-2017-40880,Server-Side Request Forgery (SSRF),High,7.4,LEG-PC-0065,No,Open
VUL09862,CVE-2019-90950,XML External Entity (XXE),High,7.5,LEG-RTR-0013,Yes,Patched
VUL09863,CVE-2020-81689,Buffer Overflow,High,7.9,SAL-LAP-0011,Yes,Closed
VUL09864,CVE-2022-43441,Unpatched Software,Medium,4.1,IT-PRT-0071,No,In Progress
VUL09865,CVE-2017-67064,Command Injection,Low,3.9,IT-SRV-0104,No,In Progress
VUL09866,CVE-2022-69284,Insecure Deserialization,Medium,4.9,SAL-SRV-0057,Yes,In Progress
VUL09867,CVE-2017-88528,Privilege Escalation,High,8.2,FIN-IOT-0002,No,Open
VUL09868,CVE-2020-44119,Privilege Escalation,High,7.2,LEG-IOT-0092,No,Won't Fix
VUL09869,CVE-2017-26448,Buffer Overflow,Medium,4.2,LEG-FW-0065,Yes,In Progress
VUL09870,CVE-2017-24899,SQL Injection,Medium,5.3,HR-PRT-0083,Yes,Closed
VUL09871,CVE-2017-19256,Server-Side Request Forgery (SSRF),Low,2.2,ENG-PC-0017,No,In Progress
VUL09872,CVE-2020-76295,XML External Entity (XXE),High,7.8,HR-MOB-0078,Yes,Closed
VUL09873,CVE-2022-67076,XML External Entity (XXE),Medium,4.3,HR-MOB-0070,Yes,Patched
VUL09874,CVE-2025-71272,Insecure Direct Object Reference,Medium,4.0,SAL-SW-0048,Yes,In Progress
VUL09875,CVE-2023-38993,Missing Security Patch,Low,1.2,HR-MOB-0104,Yes,In Progress
VUL09876,CVE-2016-52047,XML External Entity (XXE),Low,1.6,FIN-DB-0079,Yes,Patched
VUL09877,CVE-2022-26655,Weak Password Policy,High,7.5,HR-DB-0025,Yes,In Progress
VUL09878,CVE-2017-84790,Broken Authentication,Critical,9.3,HR-DB-0068,Yes,In Progress
VUL09879,CVE-2023-37560,Unpatched Software,High,8.9,HR-FW-0002,Yes,Closed
VUL09880,CVE-2015-47082,XML External Entity (XXE),Low,1.5,OPS-RTR-0044,No,In Progress
VUL09881,CVE-2022-74691,Unpatched Software,High,8.9,SAL-PRT-0056,No,Open
VUL09882,CVE-2021-63672,Privilege Escalation,High,8.7,LEG-RTR-0071,Yes,In Progress
VUL09883,CVE-2022-13136,Server-Side Request Forgery (SSRF),Low,0.8,OPS-DB-0004,Yes,Patched
VUL09884,CVE-2022-82446,Sensitive Data Exposure,Medium,5.0,IT-MOB-0098,No,In Progress
VUL09885,CVE-2015-26601,Path Traversal,Low,2.1,IT-PRT-0004,Yes,In Progress
VUL09886,CVE-2021-93891,Missing Security Patch,Medium,4.8,LEG-SW-0112,Yes,Patched
VUL09887,CVE-2024-81133,Outdated SSL/TLS Configuration,High,8.6,FIN-RTR-0065,Yes,In Progress
VUL09888,CVE-2022-37924,Outdated SSL/TLS Configuration,Low,1.7,ENG-IOT-0063,Yes,Closed
VUL09889,CVE-2017-62402,Denial of Service,Medium,5.3,ENG-DB-0081,Yes,In Progress
VUL09890,CVE-2026-82793,Outdated SSL/TLS Configuration,Medium,6.7,MKT-RTR-0002,Yes,In Progress
VUL09891,CVE-2020-79452,XML External Entity (XXE),High,7.3,IT-LAP-0129,No,In Progress
VUL09892,CVE-2019-74095,Cross-Site Scripting (XSS),Medium,4.6,ENG-FW-0088,Yes,In Progress
VUL09893,CVE-2024-3335,XML External Entity (XXE),Critical,9.6,IT-SRV-0091,No,Open
VUL09894,CVE-2017-43252,XML External Entity (XXE),High,7.6,IT-MOB-0120,Yes,In Progress
VUL09895,CVE-2020-20269,Open Redirect,High,8.1,HR-LAP-0001,Yes,Closed
VUL09896,CVE-2019-36785,Denial of Service,Medium,5.2,MKT-DB-0023,Yes,In Progress
VUL09897,CVE-2026-7278,Insecure Direct Object Reference,Low,1.2,HR-LAP-0044,Yes,Closed
VUL09898,CVE-2019-32978,Denial of Service,High,7.5,MKT-PRT-0029,No,Won't Fix
VUL09899,CVE-2017-11338,Missing Security Patch,Medium,4.8,HR-SRV-0052,No,Open
VUL09900,CVE-2015-33042,Server-Side Request Forgery (SSRF),High,8.8,OPS-FW-0130,Yes,In Progress
VUL09901,CVE-2025-24442,Unpatched Software,Medium,6.1,SAL-IOT-0012,Yes,Patched
VUL09902,CVE-2025-50591,Sensitive Data Exposure,Critical,9.4,OPS-SRV-0100,No,In Progress
VUL09903,CVE-2025-22255,Remote Code Execution,Medium,5.6,SAL-LAP-0049,Yes,Closed
VUL09904,CVE-2020-1471,Insecure Direct Object Reference,Medium,4.6,ENG-SRV-0028,Yes,In Progress
VUL09905,CVE-2025-35702,Remote Code Execution,High,7.7,OPS-PRT-0013,No,Won't Fix
VUL09906,CVE-2025-69530,Cross-Site Scripting (XSS),Low,3.1,HR-LAP-0073,No,In Progress
VUL09907,CVE-2017-1838,SQL Injection,High,8.6,MKT-LAP-0085,Yes,In Progress
VUL09908,CVE-2020-79615,Security Misconfiguration,Medium,5.4,IT-FW-0047,No,Open
VUL09909,CVE-2023-48042,Remote Code Execution,Medium,4.4,MKT-DB-0039,Yes,Patched
VUL09910,CVE-2018-81325,Unpatched Software,High,7.2,FIN-LAP-0055,No,In Progress
VUL09911,CVE-2022-2946,Open Redirect,High,8.6,SAL-PRT-0039,Yes,Patched
VUL09912,CVE-2016-46338,Denial of Service,Medium,4.1,SAL-RTR-0043,No,Won't Fix
VUL09913,CVE-2021-42201,Weak Password Policy,Low,3.0,ENG-FW-0048,Yes,In Progress
VUL09914,CVE-2021-64162,Cross-Site Scripting (XSS),Medium,6.8,SAL-LAP-0061,No,Open
VUL09915,CVE-2023-93716,Open Redirect,Low,3.3,IT-RTR-0111,No,In Progress
VUL09916,CVE-2015-58647,Denial of Service,Low,1.8,MKT-SRV-0052,Yes,Patched
VUL09917,CVE-2022-37097,Server-Side Request Forgery (SSRF),Medium,6.7,LEG-IOT-0041,No,Won't Fix
VUL09918,CVE-2023-72323,Path Traversal,Medium,4.7,FIN-LAP-0051,Yes,Patched
VUL09919,CVE-2019-77642,Cross-Site Scripting (XSS),Medium,4.5,LEG-SRV-0027,No,Open
VUL09920,CVE-2024-96164,Server-Side Request Forgery (SSRF),High,7.7,MKT-MOB-0030,Yes,Closed
VUL09921,CVE-2024-44133,Path Traversal,Medium,6.5,ENG-PRT-0084,No,In Progress
VUL09922,CVE-2015-51468,Security Misconfiguration,Low,3.8,FIN-LAP-0014,No,Won't Fix
VUL09923,CVE-2024-21957,Sensitive Data Exposure,Low,2.8,OPS-MOB-0121,Yes,Closed
VUL09924,CVE-2023-28873,Outdated SSL/TLS Configuration,Medium,6.6,LEG-IOT-0015,Yes,Patched
VUL09925,CVE-2023-97145,Insecure Deserialization,High,8.8,ENG-FW-0050,Yes,Closed
VUL09926,CVE-2015-84093,Open Redirect,Medium,5.8,FIN-SRV-0090,Yes,Closed
VUL09927,CVE-2019-58954,Remote Code Execution,Low,1.8,HR-SRV-0028,Yes,Patched
VUL09928,CVE-2019-14596,Security Misconfiguration,Critical,9.8,ENG-SW-0020,No,Won't Fix
VUL09929,CVE-2016-1067,Remote Code Execution,Low,1.3,MKT-LAP-0105,Yes,Patched
VUL09930,CVE-2019-79038,Unpatched Software,Critical,9.4,HR-IOT-0087,Yes,Closed
VUL09931,CVE-2022-87225,Path Traversal,Medium,6.3,ENG-RTR-0110,Yes,In Progress
VUL09932,CVE-2024-30340,Command Injection,Critical,9.8,MKT-LAP-0035,Yes,Patched
VUL09933,CVE-2020-41268,Path Traversal,High,7.8,ENG-SW-0123,No,Open
VUL09934,CVE-2015-53366,Privilege Escalation,High,8.4,IT-IOT-0075,Yes,Patched
VUL09935,CVE-2016-23636,Missing Security Patch,Medium,5.7,FIN-RTR-0012,Yes,Closed
VUL09936,CVE-2019-45760,Server-Side Request Forgery (SSRF),Medium,5.8,FIN-IOT-0087,Yes,Closed
VUL09937,CVE-2026-91348,Sensitive Data Exposure,High,8.5,MKT-DB-0102,Yes,Closed
VUL09938,CVE-2017-7914,Privilege Escalation,Low,2.6,IT-FW-0018,Yes,In Progress
VUL09939,CVE-2018-15614,SQL Injection,Medium,6.0,MKT-SW-0090,Yes,Closed
VUL09940,CVE-2026-11148,Server-Side Request Forgery (SSRF),Low,0.5,MKT-PC-0077,Yes,Closed
VUL09941,CVE-2015-48770,Broken Authentication,Low,3.2,HR-PC-0012,Yes,In Progress
VUL09942,CVE-2021-12632,Sensitive Data Exposure,Medium,5.3,OPS-LAP-0020,Yes,In Progress
VUL09943,CVE-2024-42024,Buffer Overflow,Critical,9.4,IT-SW-0020,Yes,In Progress
VUL09944,CVE-2021-15317,Path Traversal,Low,3.7,SAL-MOB-0056,No,Won't Fix
VUL09945,CVE-2024-31873,Sensitive Data Exposure,Critical,9.9,MKT-PC-0128,Yes,In Progress
VUL09946,CVE-2024-57934,Denial of Service,Medium,5.1,ENG-IOT-0044,Yes,Patched
VUL09947,CVE-2016-98172,XML External Entity (XXE),High,7.8,SAL-SRV-0090,Yes,In Progress
VUL09948,CVE-2018-24623,Remote Code Execution,Medium,4.7,HR-SRV-0035,No,Open
VUL09949,CVE-2025-26829,Broken Authentication,Medium,6.3,HR-FW-0123,Yes,In Progress
VUL09950,CVE-2025-32444,Remote Code Execution,Medium,5.7,OPS-RTR-0029,Yes,Closed
VUL09951,CVE-2016-13025,Remote Code Execution,Medium,4.2,OPS-PRT-0020,No,Won't Fix
VUL09952,CVE-2025-99199,Open Redirect,High,8.5,HR-SRV-0086,Yes,Patched
VUL09953,CVE-2016-63122,Privilege Escalation,Critical,9.0,MKT-PRT-0051,Yes,Patched
VUL09954,CVE-2024-55801,XML External Entity (XXE),Medium,6.1,OPS-FW-0011,No,In Progress
VUL09955,CVE-2023-59638,Remote Code Execution,High,8.6,IT-SW-0039,Yes,In Progress
VUL09956,CVE-2026-8899,Unpatched Software,Medium,4.2,LEG-RTR-0122,Yes,Closed
VUL09957,CVE-2023-5912,Server-Side Request Forgery (SSRF),Medium,5.6,LEG-DB-0092,No,Open
VUL09958,CVE-2016-27226,Command Injection,Low,2.7,MKT-FW-0013,No,Won't Fix
VUL09959,CVE-2023-60509,Outdated SSL/TLS Configuration,Medium,6.5,MKT-PC-0104,No,Open
VUL09960,CVE-2017-95238,Open Redirect,Medium,6.2,OPS-MOB-0049,Yes,Closed
VUL09961,CVE-2018-52918,Remote Code Execution,High,8.6,IT-SRV-0005,Yes,In Progress
VUL09962,CVE-2024-75694,Command Injection,Medium,6.2,FIN-SW-0130,Yes,Closed
VUL09963,CVE-2024-53885,Weak Password Policy,High,8.4,FIN-MOB-0060,Yes,Closed
VUL09964,CVE-2017-43605,Insecure Direct Object Reference,High,7.2,IT-FW-0029,No,In Progress
VUL09965,CVE-2024-58638,Command Injection,Low,0.3,ENG-DB-0051,No,Won't Fix
VUL09966,CVE-2023-47052,Unpatched Software,Low,1.0,SAL-SRV-0021,Yes,In Progress
VUL09967,CVE-2026-19504,Unpatched Software,Medium,6.0,FIN-MOB-0057,Yes,Patched
VUL09968,CVE-2024-12492,Missing Security Patch,Medium,4.4,ENG-IOT-0106,Yes,Patched
VUL09969,CVE-2025-45745,Unpatched Software,High,7.9,LEG-MOB-0054,Yes,Patched
VUL09970,CVE-2026-18062,Cross-Site Scripting (XSS),Medium,5.4,ENG-SRV-0025,No,In Progress
VUL09971,CVE-2024-47161,Unpatched Software,Low,1.9,IT-FW-0018,No,Won't Fix
VUL09972,CVE-2020-45034,Sensitive Data Exposure,High,8.0,IT-FW-0024,Yes,Closed
VUL09973,CVE-2019-12303,Unpatched Software,High,7.9,OPS-SW-0058,Yes,In Progress
VUL09974,CVE-2015-22696,Remote Code Execution,Medium,6.1,IT-SRV-0095,Yes,Patched
VUL09975,CVE-2025-68983,Open Redirect,Medium,6.7,MKT-PRT-0003,Yes,Closed
VUL09976,CVE-2019-13407,Broken Authentication,Low,1.8,ENG-PRT-0069,No,Open
VUL09977,CVE-2018-13533,Unpatched Software,Low,2.6,LEG-LAP-0096,No,Won't Fix
VUL09978,CVE-2021-89508,Cross-Site Scripting (XSS),Low,0.9,OPS-FW-0048,No,Open
VUL09979,CVE-2021-2009,Weak Password Policy,Critical,9.2,MKT-LAP-0003,Yes,In Progress
VUL09980,CVE-2018-18822,Privilege Escalation,High,8.2,SAL-DB-0090,No,Won't Fix
VUL09981,CVE-2026-46399,Privilege Escalation,High,8.6,SAL-IOT-0017,Yes,Closed
VUL09982,CVE-2025-70172,Denial of Service,Critical,9.4,OPS-DB-0028,No,In Progress
VUL09983,CVE-2026-9093,Insecure Direct Object Reference,Critical,9.2,ENG-PC-0118,Yes,Patched
VUL09984,CVE-2020-6138,Outdated SSL/TLS Configuration,High,8.2,ENG-MOB-0037,No,Won't Fix
VUL09985,CVE-2022-38891,Security Misconfiguration,Medium,6.3,HR-LAP-0121,Yes,Patched
VUL09986,CVE-2025-60739,SQL Injection,Medium,4.2,SAL-MOB-0149,Yes,Patched
VUL09987,CVE-2018-23169,Insecure Direct Object Reference,Low,0.6,IT-SRV-0053,Yes,Closed
VUL09988,CVE-2023-7334,Sensitive Data Exposure,Low,1.9,ENG-PRT-0108,No,In Progress
VUL09989,CVE-2019-28398,Denial of Service,Medium,6.4,SAL-RTR-0012,Yes,Patched
VUL09990,CVE-2018-77214,Unpatched Software,Medium,6.4,MKT-PC-0003,Yes,Closed
VUL09991,CVE-2017-87718,Broken Authentication,Low,3.4,ENG-MOB-0013,Yes,Patched
VUL09992,CVE-2016-37888,Insecure Deserialization,Medium,4.3,FIN-PRT-0118,Yes,Closed
VUL09993,CVE-2024-62949,Cross-Site Scripting (XSS),Low,1.2,SAL-DB-0026,Yes,Patched
VUL09994,CVE-2024-8710,Buffer Overflow,Medium,4.6,SAL-RTR-0013,No,Won't Fix
VUL09995,CVE-2026-29868,Open Redirect,Low,3.8,ENG-PRT-0072,No,Won't Fix
VUL09996,CVE-2020-13063,Insecure Direct Object Reference,Medium,6.4,OPS-DB-0113,Yes,Closed
VUL09997,CVE-2017-21520,Open Redirect,Critical,9.5,LEG-MOB-0090,No,In Progress
VUL09998,CVE-2020-79803,Buffer Overflow,High,8.6,FIN-FW-0087,Yes,Closed
VUL09999,CVE-2021-73506,XML External Entity (XXE),Low,0.4,HR-IOT-0097,Yes,Closed
VUL10000,CVE-2023-96870,Unpatched Software,Critical,9.5,MKT-LAP-0026,Yes,In Progress
